Player,Player ID,Team,Positions,Injury,Game,Roster Status,GP*,Bye,Fantasy Fan Pts,Rankings Pre-Season,Rankings Actual,Trends % Ros,Passing Yds,Passing TD,Passing Int,Rushing Att*,Rushing Yds,Rushing TD,Receiving Tgt*,Receiving Rec,Receiving Yds,Receiving TD,Ret TD,Misc 2PT,Fum Lost
Jahmyr Gibbs,40059,Det,RB,,Sun 1:00 pm vs NYJ,Locked In Michelle,1,6,21.28,1,3,100%,-,-,-,20.3,96.3,0.7,5.5,4.4,35.1,0.3,-,0.1,0.1
Christian McCaffrey,30121,SF,RB,,Sun 4:05 pm vs Ari,Jason's Jazzy Team,1,8,18.71,9,12,100%,-,-,-,16.3,69.2,0.6,5.5,4.7,41.4,0.3,-,0.0,0.1
Bijan Robinson,40055,Atl,RB,,Thu 8:15 pm @ GB,Dave’s Bone Crushers,1,11,17.87,2,16,100%,-,-,-,18.5,80.2,0.4,5.9,4.5,37.9,0.2,-,0.0,0.1
Kenneth Walker III,33996,KC,RB,,Sun 1:00 pm @ Mia,Max’s TD Bombers,1,5,17.65,6,17,100%,-,-,-,17.4,82.2,0.7,4.1,3.3,27.2,0.2,-,0.0,0.1
Jaxon Smith-Njigba,40041,Sea,WR,,Sun 1:00 pm @ Was,Maybe Mitchell,1,11,17.25,4,21,100%,-,-,-,0.5,2.5,0.0,9.5,6.5,99.3,0.6,-,0.0,0.0
Derrick Henry,29279,Bal,RB,,Sun 4:25 pm @ Dal,JGrahnasaurs,1,13,16.99,8,22,100%,-,-,-,18.2,96.4,0.8,1.7,1.4,13.5,0.1,-,0.1,0.1
Amon-Ra St. Brown,33500,Det,WR,,Sun 1:00 pm vs NYJ,Sunday Kevin,1,6,16.86,5,23,100%,-,-,-,0.2,1.0,0.0,10.3,7.1,88.3,0.7,-,0.0,0.0
Jonathan Taylor,32711,Ind,RB,,Sun 1:00 pm vs Hou,Max’s TD Bombers,1,13,16.34,3,27,100%,-,-,-,19.9,83.8,0.6,3.7,2.8,21.8,0.1,-,0.1,0.1
Ja'Marr Chase,33393,Cin,WR,,Sun 1:00 pm @ Pit,Steel City,1,6,16.34,11,28,100%,-,-,-,0.2,1.1,0.0,10.4,7.5,90.7,0.6,-,0.0,0.0
De'Von Achane,40118,Mia,RB,,Sun 1:00 pm vs KC,Jason's Jazzy Team,1,6,15.57,23,36,100%,-,-,-,15.2,70.8,0.4,5.2,4.3,29.8,0.2,-,0.0,0.1
CeeDee Lamb,32687,Dal,WR,,Sun 4:25 pm vs Bal,Owl Out Blitz,1,14,15.51,14,37,100%,-,-,-,0.3,1.2,0.0,9.3,6.5,90.7,0.5,-,0.0,0.0
James Cook III,34019,Buf,RB,,Sun 1:00 pm vs LAC,Sunday Kevin,1,7,15.24,7,39,100%,-,-,-,17.2,80.5,0.6,3.1,2.2,17.9,0.1,-,0.0,0.1
Chris Olave,33966,NO,WR,,Sun 4:25 pm vs LV,Sunday Kevin,1,8,14.60,17,41,100%,-,-,-,0.0,0.2,0.0,9.5,6.2,82.0,0.6,-,0.0,0.0
Puka Nacua,40168,LAR,WR,Q,Sun 8:20 pm @ Den,Owl Out Blitz,1,11,14.60,12,42,100%,-,-,-,0.6,4.3,0.0,9.6,6.1,81.4,0.5,-,0.0,0.0
Zay Flowers,40039,Bal,WR,Q,Sun 4:25 pm @ Dal,Jason's Jazzy Team,1,13,14.54,27,44,99%,-,-,-,0.3,1.8,0.0,7.8,5.5,84.7,0.5,-,0.0,0.0
Chase Brown,40196,Cin,RB,,Sun 1:00 pm @ Pit,Steel City,1,6,14.50,10,45,100%,-,-,-,15.3,60.9,0.4,5.0,4.1,25.6,0.2,-,0.0,0.1
Breece Hall,33991,NYJ,RB,,Sun 1:00 pm @ Det,Maybe Mitchell,1,13,14.26,32,46,99%,-,-,-,15.3,66.5,0.4,3.8,3.2,27.6,0.2,-,0.0,0.1
Ashton Jeanty,41791,LV,RB,,Sun 4:25 pm @ NO,Max’s TD Bombers,1,13,13.99,13,48,100%,-,-,-,17.2,61.3,0.4,5.5,3.9,23.7,0.2,-,0.0,0.1
Chuba Hubbard,33514,Car,RB,,Sun 1:00 pm @ Cle,Jason's Jazzy Team,1,5,13.70,63,50,93%,-,-,-,18.6,75.6,0.4,3.0,2.4,16.1,0.1,-,0.0,0.1
Saquon Barkley,30972,Phi,RB,Q,Mon 8:15 pm @ Chi,Monday Night Madison,1,10,13.64,16,51,100%,-,-,-,16.9,75.5,0.4,3.0,2.2,18.0,0.1,-,0.0,0.1
Justin Jefferson,32692,Min,WR,,Sun 4:05 pm @ TB,Maybe Mitchell,1,6,13.42,15,52,100%,-,-,-,0.2,0.7,0.0,9.0,5.7,74.4,0.5,-,0.0,0.0
George Pickens,34007,Dal,WR,,Sun 4:25 pm vs Bal,Locked In Michelle,1,14,13.37,24,53,100%,-,-,-,0.0,0.2,0.0,7.8,5.4,79.9,0.4,-,0.0,0.0
Omarion Hampton,41807,LAC,RB,,Sun 1:00 pm @ Buf,Monday Night Madison,1,7,13.37,20,54,100%,-,-,-,15.9,72.6,0.5,2.6,2.5,15.0,0.1,-,0.0,0.1
Javonte Williams,33423,Dal,RB,,Sun 4:25 pm vs Bal,JGrahnasaurs,1,14,13.32,19,55,100%,-,-,-,15.7,62.7,0.6,3.1,2.4,13.3,0.1,-,0.1,0.1
Nico Collins,33477,Hou,WR,Q,Sun 1:00 pm @ Ind,Steel City,1,8,13.29,26,56,100%,-,-,-,0.2,0.9,0.0,7.5,4.9,78.5,0.5,-,0.0,0.0
Christian Watson,33989,GB,WR,,Thu 8:15 pm vs Atl,Sunday Kevin,1,11,13.12,31,57,97%,-,-,-,0.1,0.7,0.0,8.0,4.4,74.3,0.6,-,0.0,0.0
Cam Skattebo,41922,NYG,RB,,Sun 1:00 pm vs Ten,Locked In Michelle,1,8,12.91,45,58,98%,-,-,-,15.8,65.4,0.5,2.6,2.3,19.6,0.1,-,0.0,0.1
Trey McBride,34010,Ari,TE,,Sun 4:05 pm @ SF,Maybe Mitchell,1,14,12.79,40,59,100%,-,-,-,0.0,0.2,0.0,9.6,6.7,65.2,0.5,-,0.0,0.0
Garrett Wilson,33965,NYJ,WR,,Sun 1:00 pm @ Det,Steel City,1,13,12.62,34,60,98%,-,-,-,0.1,0.6,0.0,9.0,5.8,72.5,0.4,-,0.0,0.0
Tee Higgins,32703,Cin,WR,,Sun 1:00 pm @ Pit,Jason's Jazzy Team,1,6,12.62,43,61,99%,-,-,-,0.0,0.2,0.0,7.2,4.9,75.1,0.4,-,0.0,0.0
DeVonta Smith,33398,Phi,WR,,Mon 8:15 pm @ Chi,Max’s TD Bombers,1,10,12.60,18,62,100%,-,-,-,0.0,0.1,-,8.4,5.4,74.0,0.4,-,0.0,0.0
Bucky Irving,40993,TB,RB,,Sun 4:05 pm vs Min,Sunday Kevin,1,10,12.35,35,63,98%,-,-,-,15.4,57.4,0.4,3.9,2.8,21.8,0.1,-,0.0,0.1
Quinshon Judkins,41821,Cle,RB,,Sun 1:00 pm vs Car,Owl Out Blitz,1,11,12.30,76,64,96%,-,-,-,16.6,64.3,0.5,2.7,2.5,15.7,0.1,-,0.0,0.1
David Montgomery,31905,Hou,RB,,Sun 1:00 pm @ Ind,Maybe Mitchell,1,8,12.29,42,65,98%,-,-,-,14.6,54.9,0.6,2.6,2.0,16.1,0.1,-,0.0,0.1
Parker Washington,40234,Jax,WR,,Sun 1:00 pm vs NE,Max’s TD Bombers,1,7,12.13,30,66,96%,-,-,-,0.4,1.7,0.0,8.4,4.8,67.7,0.4,0.0,0.0,0.0
Kyren Williams,34120,LAR,RB,,Sun 8:20 pm @ Den,Locked In Michelle,1,11,11.97,22,67,100%,-,-,-,13.7,61.2,0.5,2.7,1.8,12.2,0.1,-,0.0,0.1
Drake London,33963,Atl,WR,,Thu 8:15 pm @ GB,Dave’s Bone Crushers,1,11,11.96,39,68,100%,-,-,-,0.1,0.9,0.0,8.4,5.1,67.2,0.4,-,0.0,0.0
D'Andre Swift,32705,Chi,RB,,Mon 8:15 pm vs Phi,Owl Out Blitz,1,10,11.92,21,69,98%,-,-,-,14.4,64.2,0.4,3.0,2.0,15.5,0.1,-,0.0,0.1
Jaylen Waddle,33394,Den,WR,,Sun 8:20 pm vs LAR,Owl Out Blitz,1,10,11.71,33,70,99%,-,-,-,0.1,0.9,0.0,8.1,5.0,68.2,0.4,-,0.0,0.0
Jeremiyah Love,42625,Ari,RB,,Sun 4:05 pm @ SF,Monday Night Madison,1,14,11.68,36,71,99%,-,-,-,11.3,44.9,0.4,4.2,3.3,25.1,0.2,-,0.0,0.1
Jaylen Warren,34447,Pit,RB,Q,Sun 1:00 pm vs Cin,Dave’s Bone Crushers,1,9,11.65,80,72,94%,-,-,-,11.9,55.1,0.3,3.4,2.9,22.7,0.1,-,0.0,0.1
Rashee Rice,40084,KC,WR,,Sun 1:00 pm @ Mia,Locked In Michelle,1,5,11.63,48,73,99%,-,-,-,0.4,2.3,0.0,6.3,4.8,57.8,0.5,-,0.0,0.0
Tetairoa McMillan,41793,Car,WR,,Sun 1:00 pm @ Cle,Dave’s Bone Crushers,1,5,11.58,44,74,99%,-,-,-,0.0,0.2,0.0,8.3,4.5,69.0,0.4,-,0.0,0.0
Aaron Jones Sr.,30295,Min,RB,Q,Sun 4:05 pm @ TB,Locked In Michelle,1,6,11.44,82,75,85%,-,-,-,16.1,61.8,0.3,2.9,2.3,16.3,0.1,-,0.0,0.1
Jadarian Price,42654,Sea,RB,Q,Sun 1:00 pm @ Was,Dave’s Bone Crushers,1,11,11.37,81,76,96%,-,-,-,13.5,60.3,0.5,1.8,1.4,13.0,0.1,0.0,0.0,0.1
Mike Evans,27535,SF,WR,Q,Sun 4:05 pm vs Ari,Owl Out Blitz,1,8,11.30,54,77,96%,-,-,-,-,-,-,6.9,4.6,63.0,0.4,-,0.0,0.0
Brock Bowers,40878,LV,TE,Q,Sun 4:25 pm @ NO,Owl Out Blitz,1,13,11.24,47,78,100%,-,-,-,0.1,0.4,0.0,8.0,5.9,58.2,0.4,-,0.0,0.0
Malik Nabers,40899,NYG,WR,Q,Sun 1:00 pm vs Ten,Sunday Kevin,1,8,10.92,37,79,99%,-,-,-,0.1,0.4,0.0,8.0,4.7,62.7,0.4,-,0.0,0.0
Jameson Williams,33967,Det,WR,,Sun 1:00 pm vs NYJ,Jason's Jazzy Team,1,6,10.82,58,80,96%,-,-,-,0.5,2.6,0.0,6.3,3.8,62.1,0.4,-,0.0,0.0
Jalen Coker,41293,Car,WR,Q,Sun 1:00 pm @ Cle,Dave’s Bone Crushers,1,5,10.54,66,81,88%,-,-,-,0.0,0.1,0.0,7.0,4.7,58.6,0.4,-,0.0,0.0
TreVeyon Henderson,41823,NE,RB,,Sun 1:00 pm @ Jax,Steel City,1,11,10.42,49,82,93%,-,-,-,11.9,52.3,0.4,2.6,2.1,13.3,0.1,-,0.0,0.1
DK Metcalf,31896,Pit,WR,,Sun 1:00 pm vs Cin,Jason's Jazzy Team,1,9,10.30,84,83,93%,-,-,-,0.0,0.3,0.0,7.5,4.1,59.4,0.4,-,0.0,0.0
DJ Moore,30994,Buf,WR,Q,Sun 1:00 pm vs LAC,Dave’s Bone Crushers,1,7,10.16,55,84,97%,-,-,-,0.4,2.0,0.0,6.1,3.6,54.2,0.4,-,0.0,0.0
Josh Downs,40126,Ind,WR,,Sun 1:00 pm vs Hou,Dave’s Bone Crushers,1,13,9.96,64,86,85%,-,-,-,0.1,0.6,0.0,7.6,4.8,56.2,0.3,0.0,0.0,0.0
Dalton Kincaid,40048,Buf,TE,,Sun 1:00 pm vs LAC,Jason's Jazzy Team,1,7,9.94,53,87,96%,-,-,-,-,-,-,6.5,4.2,58.0,0.3,-,0.0,0.0
Davante Adams,27581,LAR,WR,,Sun 8:20 pm @ Den,JGrahnasaurs,1,11,9.91,56,88,97%,-,-,-,-,-,-,8.6,3.9,52.9,0.4,-,0.0,0.0
Ladd McConkey,40908,LAC,WR,,Sun 1:00 pm @ Buf,Dave’s Bone Crushers,1,7,9.85,52,89,98%,-,-,-,0.1,0.3,0.0,6.8,4.4,55.8,0.3,-,0.0,0.0
Bhayshul Tuten,41900,Jax,RB,,Sun 1:00 pm vs NE,Steel City,1,7,9.79,46,90,95%,-,-,-,12.4,49.0,0.4,2.3,1.7,12.4,0.1,-,0.0,0.1
George Kittle,30259,SF,TE,,Sun 4:05 pm vs Ari,Owl Out Blitz,1,8,9.70,88,91,96%,-,-,-,0.0,0.0,-,5.4,4.3,53.3,0.4,-,0.0,0.0
Travis Etienne Jr.,33413,NO,RB,Q,Sun 4:25 pm vs LV,JGrahnasaurs,1,8,9.70,57,92,98%,-,-,-,11.7,44.2,0.3,2.7,2.3,16.5,0.2,-,0.0,0.1
Tony Pollard,31960,Ten,RB,Q,Sun 1:00 pm @ NYG,Maybe Mitchell,1,9,9.66,129,93,89%,-,-,-,12.4,58.7,0.3,2.1,1.4,9.0,0.0,-,0.0,0.1
Matthew Golden,41808,GB,WR,,Thu 8:15 pm vs Atl,Owl Out Blitz,1,11,9.49,70,94,83%,-,-,-,0.4,1.9,0.0,7.5,4.0,53.5,0.3,-,0.0,0.0
Tucker Kraft,40102,GB,TE,,Thu 8:15 pm vs Atl,Max’s TD Bombers,1,11,9.49,102,95,98%,-,-,-,0.1,0.3,0.0,5.8,3.9,53.3,0.4,-,0.0,0.0
Rico Dowdle,33100,Pit,RB,Q,Sun 1:00 pm vs Cin,W (Sep 26),1,9,9.41,106,96,88%,-,-,-,10.4,45.3,0.3,2.8,2.0,14.6,0.1,-,0.0,0.0
Sam LaPorta,40064,Det,TE,,Sun 1:00 pm vs NYJ,Maybe Mitchell,1,6,9.41,94,97,99%,-,-,-,0.0,0.1,0.0,6.0,4.6,49.9,0.4,-,0.0,0.0
Travis Kelce,26686,KC,TE,,Sun 1:00 pm @ Mia,Sunday Kevin,1,5,9.38,98,98,95%,-,-,-,0.0,0.0,-,5.9,4.6,51.3,0.3,-,0.0,0.0
Emeka Egbuka,41804,TB,WR,,Sun 4:05 pm vs Min,Monday Night Madison,1,10,9.37,41,99,98%,-,-,-,0.2,0.9,0.0,6.9,3.7,54.0,0.3,-,0.0,0.0
Deebo Samuel Sr.,31868,SF,WR,,Sun 4:05 pm vs Ari,Max’s TD Bombers,1,8,9.36,74,100,81%,-,-,-,1.3,5.2,0.1,5.7,4.1,47.7,0.3,0.0,0.0,0.0
Xavier Worthy,40877,KC,WR,,Sun 1:00 pm @ Mia,FA,1,5,9.31,77,101,59%,-,-,-,0.9,5.4,0.1,5.8,3.7,45.9,0.3,-,0.0,0.0
Tyler Warren,41799,Ind,TE,,Sun 1:00 pm vs Hou,Sunday Kevin,1,13,9.24,85,102,99%,-,-,-,0.4,1.3,0.0,7.0,4.8,47.3,0.3,-,0.0,0.0
Michael Wilson,40121,Ari,WR,,Sun 4:05 pm @ SF,Maybe Mitchell,1,14,9.18,71,103,84%,-,-,-,0.0,0.1,-,6.7,3.9,52.8,0.3,-,0.0,0.0
Mark Andrews,31056,Bal,TE,,Sun 4:25 pm @ Dal,Dave’s Bone Crushers,1,13,9.17,139,104,88%,-,-,-,0.3,1.3,0.0,5.6,4.3,44.2,0.4,-,0.0,0.0
Luther Burden III,41824,Chi,WR,,Mon 8:15 pm vs Phi,Max’s TD Bombers,1,10,9.10,59,105,96%,-,-,-,0.6,2.6,0.0,6.3,4.0,51.3,0.3,-,0.0,0.0
Rhamondre Stevenson,33508,NE,RB,,Sun 1:00 pm @ Jax,Jason's Jazzy Team,1,11,9.04,51,107,94%,-,-,-,8.7,36.9,0.3,2.9,2.4,19.5,0.1,-,0.0,0.0
Romeo Doubs,34088,NE,WR,,Sun 1:00 pm @ Jax,Maybe Mitchell,1,11,8.97,83,108,61%,-,-,-,-,-,-,5.7,3.8,52.9,0.3,-,0.0,0.0
Courtland Sutton,31010,Den,WR,,Sun 8:20 pm vs LAR,JGrahnasaurs,1,10,8.82,72,111,81%,-,-,-,-,-,-,6.4,3.6,48.9,0.4,-,0.0,0.0
Denzel Boston,42661,Cle,WR,,Sun 1:00 pm vs Car,FA,1,11,8.82,87,112,48%,-,-,-,0.0,0.2,0.0,5.6,3.6,50.8,0.3,-,0.0,0.0
Hunter Henry,29269,NE,TE,,Sun 1:00 pm @ Jax,Monday Night Madison,1,11,8.62,157,116,56%,-,-,-,-,-,-,5.6,4.1,47.6,0.3,-,0.0,0.0
Dalton Schultz,31107,Hou,TE,,Sun 1:00 pm @ Ind,Jason's Jazzy Team,1,8,8.60,144,118,65%,-,-,-,-,-,-,7.2,4.6,47.7,0.3,-,0.0,0.0
Quentin Johnston,40051,LAC,WR,,Sun 1:00 pm @ Buf,Sunday Kevin,1,7,8.52,111,119,77%,-,-,-,0.2,1.3,0.0,5.7,3.4,48.3,0.3,-,0.0,0.0
Khalil Shakir,34104,Buf,WR,,Sun 1:00 pm vs LAC,FA,1,7,8.49,109,121,47%,-,-,-,0.1,0.5,0.0,6.4,4.2,47.1,0.3,-,0.0,0.0
Jacory Croskey-Merritt,42010,Was,RB,,Sun 1:00 pm vs Sea,Owl Out Blitz,1,7,8.46,110,122,86%,-,-,-,13.2,52.3,0.4,1.1,0.8,5.0,0.0,-,0.0,0.1
Terry McLaurin,31908,Was,WR,,Sun 1:00 pm vs Sea,Monday Night Madison,1,7,8.44,60,124,96%,-,-,-,0.0,0.1,-,6.2,3.7,49.8,0.3,-,0.0,0.0
Adonai Mitchell,40915,NYJ,WR,,Sun 1:00 pm @ Det,FA,1,13,8.43,89,125,28%,-,-,-,0.1,0.2,0.0,7.1,3.5,50.7,0.3,-,0.0,0.0
KC Concepcion Jr.,42646,Cle,WR,,Sun 1:00 pm vs Car,Steel City,1,11,8.42,99,126,67%,-,-,-,0.7,3.1,0.0,5.3,3.9,41.1,0.3,0.0,0.0,0.0
Harold Fannin Jr.,41877,Cle,TE,,Sun 1:00 pm vs Car,Locked In Michelle,1,11,8.42,117,127,93%,-,-,-,0.3,1.0,0.0,5.6,4.3,44.0,0.3,-,0.0,0.0
RJ Harvey,41845,Den,RB,Q,Sun 8:20 pm vs LAR,Max’s TD Bombers,1,10,8.39,137,129,77%,-,-,-,7.7,30.6,0.2,3.4,2.8,20.0,0.1,-,0.0,0.0
Devaughn Vele,41097,NO,WR,,Sun 4:25 pm vs LV,FA,1,8,8.35,92,131,54%,-,-,-,0.0,0.1,0.0,6.0,3.9,47.7,0.3,-,0.0,0.0
MarShawn Lloyd,40971,GB,RB,,Thu 8:15 pm vs Atl,Steel City,1,11,8.27,123,134,82%,-,-,-,9.4,36.8,0.3,2.1,1.8,13.4,0.1,-,0.0,0.0
Isaiah Likely,34095,NYG,TE,,Sun 1:00 pm vs Ten,Max’s TD Bombers,1,8,8.16,112,136,94%,-,-,-,-,-,-,5.7,4.3,44.8,0.3,-,0.0,0.0
Colston Loveland,41795,Chi,TE,,Mon 8:15 pm vs Phi,Steel City,1,10,8.07,116,137,98%,-,-,-,0.0,0.1,0.0,5.6,3.8,42.7,0.3,-,0.0,0.0
Blake Corum,40962,LAR,RB,,Sun 8:20 pm @ Den,Maybe Mitchell,1,11,8.01,95,139,87%,-,-,-,11.0,50.2,0.3,0.9,0.7,4.1,0.0,-,0.0,0.0
Juwan Johnson,33113,NO,TE,,Sun 4:25 pm vs LV,Steel City,1,8,8.01,131,140,75%,-,-,-,-,-,-,5.4,3.9,46.3,0.2,-,0.0,0.0
Chris Godwin Jr.,30197,TB,WR,,Sun 4:05 pm vs Min,Steel City,1,10,7.95,65,141,86%,-,-,-,0.3,1.1,0.0,5.5,3.7,43.2,0.3,-,0.0,0.0
Michael Pittman Jr.,32704,Pit,WR,Q,Sun 1:00 pm vs Cin,Sunday Kevin,1,9,7.93,121,142,73%,-,-,-,0.0,0.1,-,5.9,4.0,43.8,0.3,-,0.0,0.0
Carnell Tate,42626,Ten,WR,,Sun 1:00 pm @ NYG,FA,1,9,7.88,103,144,83%,-,-,-,0.0,0.2,0.0,6.7,3.7,42.6,0.3,-,0.0,0.0
Jordan Addison,40042,Min,WR,,Sun 4:05 pm @ TB,W (Sep 26),1,6,7.80,97,146,76%,-,-,-,0.2,1.9,0.0,5.3,3.0,41.9,0.3,-,0.0,0.0
Brian Thomas Jr.,40883,Jax,WR,,Sun 1:00 pm vs NE,Owl Out Blitz,1,7,7.70,75,152,85%,-,-,-,0.2,1.0,0.0,5.7,3.2,44.0,0.3,-,0.0,0.0
Rome Odunze,40901,Chi,WR,,Mon 8:15 pm vs Phi,JGrahnasaurs,1,10,7.69,62,154,94%,-,-,-,0.0,0.2,-,5.9,3.0,43.0,0.3,-,0.0,0.0
Kyle Monangai,42025,Chi,RB,Q,Mon 8:15 pm vs Phi,Jason's Jazzy Team,1,10,7.63,114,156,82%,-,-,-,9.7,44.3,0.2,1.5,1.2,9.6,0.0,-,0.0,0.0
Jake Ferguson,34085,Dal,TE,,Sun 4:25 pm vs Bal,JGrahnasaurs,1,14,7.57,133,159,76%,-,-,-,0.0,0.1,0.0,5.3,4.2,35.5,0.3,-,0.0,0.0
Stefon Diggs,28534,Was,WR,,Sun 1:00 pm vs Sea,Monday Night Madison,1,7,7.55,68,160,90%,-,-,-,0.0,0.2,-,5.8,3.8,41.5,0.3,-,0.0,0.0
Marvin Harrison Jr.,40893,Ari,WR,,Sun 4:05 pm @ SF,Locked In Michelle,1,14,7.37,130,164,86%,-,-,-,0.0,0.1,-,4.9,2.8,42.8,0.3,-,0.0,0.0
Dontayvion Wicks,40201,Phi,WR,,Mon 8:15 pm @ Chi,Monday Night Madison,1,10,7.37,91,165,36%,-,-,-,0.0,0.1,-,5.0,3.1,42.6,0.3,-,0.0,0.0
Ryan Flournoy,41087,Dal,WR,,Sun 4:25 pm vs Bal,FA,1,14,7.37,221,166,7%,-,-,-,0.2,0.8,0.0,5.3,3.5,40.6,0.2,-,0.0,0.0
Rashod Bateman,33415,Bal,WR,,Sun 4:25 pm @ Dal,FA,1,13,7.31,141,168,22%,-,-,-,0.0,0.1,0.0,5.1,2.9,40.5,0.3,-,0.0,0.0
Kayshon Boutte,40224,Hou,WR,,Sun 1:00 pm @ Ind,FA,1,8,7.28,127,169,26%,-,-,-,-,-,-,5.0,2.7,42.5,0.3,-,0.0,0.0
Wan'Dale Robinson,33998,Ten,WR,,Sun 1:00 pm @ NYG,JGrahnasaurs,1,9,7.28,105,170,53%,-,-,-,0.2,1.1,0.0,5.8,3.8,40.7,0.2,-,0.0,0.0
Kyle Pitts Sr.,33392,Atl,TE,,Thu 8:15 pm @ GB,Dave’s Bone Crushers,1,11,7.26,126,172,91%,-,-,-,-,-,-,5.2,3.8,39.2,0.2,-,0.0,0.0
Jakobi Meyers,32231,Jax,WR,Q,Sun 1:00 pm vs NE,Locked In Michelle,1,7,7.21,93,174,47%,-,-,-,0.3,1.1,0.0,5.3,3.5,39.3,0.2,-,0.0,0.0
Tre Tucker,40114,LV,WR,,Sun 4:25 pm @ NO,FA,1,13,7.17,96,175,35%,-,-,-,0.4,2.0,0.0,5.9,3.1,40.4,0.2,-,0.0,0.0
Woody Marks,41902,Hou,RB,,Sun 1:00 pm @ Ind,JGrahnasaurs,1,8,7.16,143,177,50%,-,-,-,8.8,32.5,0.2,2.4,1.6,13.1,0.1,-,0.0,0.0
Keenan Allen,26699,Ind,WR,,Sun 1:00 pm vs Hou,FA,1,13,7.12,204,179,23%,-,-,-,-,-,-,6.0,3.7,39.8,0.2,-,0.0,0.0
Alvin Kamara,30180,NO,RB,,Sun 4:25 pm vs LV,FA,1,8,6.97,203,182,33%,-,-,-,8.1,28.2,0.2,2.9,2.3,14.0,0.1,-,0.0,0.1
Rashid Shaheed,34659,Sea,WR,,Sun 1:00 pm @ Was,Maybe Mitchell,1,11,6.89,122,186,39%,-,-,-,0.7,4.3,0.0,4.3,2.5,34.2,0.2,0.0,0.0,0.0
Tyjae Spears,40119,Ten,RB,Q,Sun 1:00 pm @ NYG,FA,1,9,6.88,178,187,34%,-,-,-,6.1,27.1,0.2,2.8,2.2,14.4,0.1,-,0.0,0.0
Brenton Strange,40078,Jax,TE,,Sun 1:00 pm vs NE,FA,1,7,6.81,142,190,30%,-,-,-,-,-,-,4.9,3.5,36.1,0.2,-,0.0,0.0
Kenny Gainwell,33538,TB,RB,,Sun 4:05 pm vs Min,JGrahnasaurs,1,10,6.74,147,194,70%,-,-,-,6.3,25.1,0.2,2.5,2.2,15.1,0.1,-,0.0,0.0
Pat Freiermuth,33443,Pit,TE,,Sun 1:00 pm vs Cin,FA,1,9,6.72,168,195,15%,-,-,-,0.1,0.3,0.0,4.7,3.3,36.4,0.2,-,0.0,0.0
Oronde Gadsden,41951,LAC,TE,,Sun 1:00 pm @ Buf,FA,1,7,6.69,158,197,13%,-,-,-,-,-,-,5.0,3.1,38.2,0.2,-,0.0,0.0
Malik Washington,41058,Mia,WR,,Sun 1:00 pm vs KC,FA,1,6,6.47,164,200,15%,-,-,-,0.7,3.4,0.0,5.9,3.1,30.6,0.2,0.0,0.0,0.0
Tyler Allgeier,34107,Ari,RB,,Sun 4:05 pm @ SF,FA,1,14,6.41,159,201,47%,-,-,-,8.7,32.2,0.2,1.9,1.5,9.9,0.1,-,0.0,0.0
Tyquan Thornton,34005,KC,WR,,Sun 1:00 pm @ Mia,FA,1,5,6.30,195,202,2%,-,-,-,-,-,-,3.2,2.2,39.1,0.2,-,0.0,0.0
Jonah Coleman,42730,Den,RB,Q,Sun 8:20 pm vs LAR,FA,1,10,6.28,135,204,39%,-,-,-,7.7,32.9,0.2,1.6,1.0,7.5,0.1,-,0.0,0.0
T.J. Hockenson,31840,Min,TE,,Sun 4:05 pm @ TB,FA,1,6,6.18,161,206,29%,-,-,-,-,-,-,4.7,3.4,31.6,0.2,-,0.0,0.0
Caleb Douglas,42697,Mia,WR,Q,Sun 1:00 pm vs KC,FA,1,6,6.17,119,207,32%,-,-,-,0.0,0.1,0.0,4.1,2.7,35.3,0.2,-,0.0,0.0
Rachaad White,34047,Was,RB,,Sun 1:00 pm vs Sea,FA,1,7,6.16,136,208,56%,-,-,-,6.8,26.6,0.1,2.6,2.1,11.8,0.1,-,0.0,0.0
Kenyon Sadiq,42638,NYJ,TE,,Sun 1:00 pm @ Det,FA,1,13,6.15,169,209,17%,-,-,-,0.0,0.2,0.0,4.5,3.3,33.0,0.2,-,0.0,0.0
DeMario Douglas,40222,NE,WR,,Sun 1:00 pm @ Jax,FA,1,11,6.08,227,210,4%,-,-,-,0.4,1.8,0.0,4.9,3.0,34.5,0.2,-,0.0,0.0
Tre' Harris,41840,LAC,WR,,Sun 1:00 pm @ Buf,FA,1,7,6.07,149,211,4%,-,-,-,0.0,0.2,0.0,5.0,2.9,35.0,0.2,-,0.0,0.0
Pat Bryant,41860,Den,WR,,Sun 8:20 pm vs LAR,FA,1,10,6.02,154,213,9%,-,-,-,0.1,0.4,0.0,4.9,2.9,33.6,0.2,-,0.0,0.0
Greg Dulcich,34036,Mia,TE,,Sun 1:00 pm vs KC,FA,1,6,6.02,175,214,8%,-,-,-,-,-,-,3.7,3.1,33.5,0.2,-,0.0,0.0
Mack Hollins,30231,NE,WR,,Sun 1:00 pm @ Jax,FA,1,11,5.93,261,215,3%,-,-,-,0.0,0.1,0.0,5.2,2.9,34.8,0.2,-,0.0,0.0
Malachi Fields,42696,NYG,WR,,Sun 1:00 pm vs Ten,FA,1,8,5.88,174,216,14%,-,-,-,0.0,0.1,0.0,3.9,2.6,35.5,0.2,-,0.0,0.0
AJ Barner,41001,Sea,TE,,Sun 1:00 pm @ Was,FA,1,11,5.87,166,217,13%,-,-,-,0.5,1.9,0.0,3.5,2.6,27.6,0.2,-,0.0,0.0
Keon Coleman,40911,Buf,WR,Q,Sun 1:00 pm vs LAC,FA,1,7,5.75,155,222,4%,-,-,-,0.0,0.2,-,4.3,2.5,31.5,0.2,-,0.0,0.0
Keaton Mitchell,40641,LAC,RB,,Sun 1:00 pm @ Buf,FA,1,7,5.75,163,223,33%,-,-,-,5.2,26.3,0.2,1.9,1.4,10.5,0.1,-,0.0,0.0
Xavier Hutchinson,40232,Hou,WR,,Sun 1:00 pm @ Ind,FA,1,8,5.74,"2,059",224,4%,-,-,-,0.1,0.5,0.0,4.6,2.7,34.6,0.2,-,0.0,0.0
Makai Lemon,42642,Phi,WR,,Mon 8:15 pm @ Chi,FA,1,10,5.67,120,225,55%,-,-,-,0.2,1.0,0.0,3.9,2.8,28.4,0.2,-,0.0,0.0
Jalen Nailor,34147,LV,WR,,Sun 4:25 pm @ NO,FA,1,13,5.65,181,226,12%,-,-,-,0.1,0.3,0.0,4.2,2.3,32.1,0.2,-,0.0,0.0
Darren Waller,28592,Car,TE,,Sun 1:00 pm @ Cle,FA,1,5,5.63,156,227,7%,-,-,-,-,-,-,3.7,2.6,28.2,0.3,-,0.0,0.0
J.K. Dobbins,32725,Den,RB,Q,Sun 8:20 pm vs LAR,W (Sep 26),1,10,5.59,118,228,84%,-,-,-,6.7,32.0,0.2,1.2,1.0,4.1,0.0,-,0.0,0.0
Cade Otton,34062,TB,TE,,Sun 4:05 pm vs Min,FA,1,10,5.54,194,232,3%,-,-,-,-,-,-,4.6,3.1,29.9,0.2,-,0.0,0.0
Chris Brooks,40625,GB,RB,,Thu 8:15 pm vs Atl,FA,1,11,5.47,280,233,4%,-,-,-,6.0,24.3,0.1,2.0,1.6,10.8,0.1,-,0.0,0.0
Gunnar Helm,41905,Ten,TE,,Sun 1:00 pm @ NYG,FA,1,9,5.30,198,235,2%,-,-,-,-,-,-,4.4,3.0,25.7,0.2,-,0.0,0.0
Braelon Allen,40981,NYJ,RB,,Sun 1:00 pm @ Det,FA,1,13,5.27,223,237,16%,-,-,-,6.0,24.7,0.2,1.2,1.0,7.1,0.1,-,0.0,0.0
Mike Gesicki,31012,Cin,TE,,Sun 1:00 pm @ Pit,FA,1,6,5.25,183,238,8%,-,-,-,-,-,-,3.8,2.5,29.2,0.2,-,0.0,0.0
Chris Rodriguez Jr.,40231,Jax,RB,,Sun 1:00 pm vs NE,FA,1,7,5.13,209,240,46%,-,-,-,7.1,29.4,0.2,0.5,0.5,3.9,0.0,-,0.0,0.0
Emmett Johnson,42796,KC,RB,,Sun 1:00 pm @ Mia,FA,1,5,5.10,188,241,30%,-,-,-,4.4,19.1,0.1,1.5,1.4,12.5,0.1,-,0.0,0.0
Justice Hill,31945,Bal,RB,,Sun 4:25 pm @ Dal,FA,1,13,5.05,267,243,3%,-,-,-,2.8,13.2,0.1,2.8,2.0,17.0,0.1,-,0.0,0.0
Jaylin Noel,41885,Hou,WR,,Sun 1:00 pm @ Ind,FA,1,8,5.00,217,245,3%,-,-,-,0.3,1.3,0.0,3.0,2.0,27.3,0.2,0.0,0.0,0.0
Kalif Raymond,29631,Chi,WR,,Mon 8:15 pm vs Phi,JGrahnasaurs,1,10,4.94,125,246,9%,-,-,-,0.1,0.9,0.0,4.4,2.5,27.7,0.1,0.0,0.0,0.0
Kendrick Bourne,30551,Ari,WR,,Sun 4:05 pm @ SF,FA,1,14,4.91,252,247,3%,-,-,-,0.0,0.1,-,4.1,2.4,29.5,0.1,-,0.0,0.0
Jauan Jennings,32887,Min,WR,,Sun 4:05 pm @ TB,FA,1,6,4.87,219,248,6%,-,-,-,-,-,-,3.1,2.0,25.1,0.2,-,0.0,0.0
Kaelon Black,42712,SF,RB,,Sun 4:05 pm vs Ari,FA,1,8,4.87,153,249,53%,-,-,-,5.9,25.7,0.1,0.9,0.9,7.9,0.0,-,0.0,0.0
Jerry Jeudy,32685,Cle,WR,,Sun 1:00 pm vs Car,FA,1,11,4.84,218,250,7%,-,-,-,0.1,0.3,0.0,4.6,2.2,26.8,0.2,-,0.0,0.0
Cooper Kupp,30182,Sea,WR,,Sun 1:00 pm @ Was,FA,1,11,4.84,225,251,10%,-,-,-,0.0,0.2,0.0,3.3,2.0,27.8,0.2,-,0.0,0.0
George Holani,41344,Sea,RB,,Sun 1:00 pm @ Was,FA,1,11,4.76,246,253,7%,-,-,-,5.3,21.4,0.1,1.5,1.2,9.2,0.1,-,0.0,0.0
Brian Robinson,34054,Atl,RB,,Thu 8:15 pm @ GB,FA,1,11,4.70,222,254,23%,-,-,-,7.1,27.1,0.2,0.9,0.6,4.0,0.0,0.0,0.0,0.0
Terrance Ferguson,41831,LAR,TE,Q,Sun 8:20 pm @ Den,FA,1,11,4.68,132,255,21%,-,-,-,-,-,-,3.3,1.9,25.8,0.2,-,0.0,0.0
Kaleb Johnson,41881,GB,RB,,Thu 8:15 pm vs Atl,FA,1,11,4.67,196,256,6%,-,-,-,7.5,28.3,0.2,0.7,0.4,3.1,0.0,-,0.0,0.0
Calvin Ridley,30996,Ten,WR,,Sun 1:00 pm @ NYG,FA,1,9,4.62,238,257,2%,-,-,-,0.1,0.3,0.0,3.3,1.7,27.4,0.2,-,0.0,0.0
Evan Engram,30136,Den,TE,,Sun 8:20 pm vs LAR,FA,1,10,4.59,207,258,3%,-,-,-,0.0,0.1,-,3.9,2.7,24.4,0.1,-,0.0,0.0
Ted Hurst III,42706,TB,WR,,Sun 4:05 pm vs Min,FA,1,10,4.52,145,259,1%,-,-,-,0.0,0.1,0.0,3.8,2.0,26.2,0.2,-,0.0,0.0
Chig Okonkwo,34099,Was,TE,Q,Sun 1:00 pm vs Sea,FA,1,7,4.52,173,260,23%,-,-,-,-,-,-,3.8,2.7,23.8,0.1,-,0.0,0.0
Darnell Mooney,32843,NYG,WR,,Sun 1:00 pm vs Ten,FA,1,8,4.29,244,262,2%,-,-,-,0.1,0.3,0.0,3.0,1.8,26.9,0.1,-,0.0,0.0
Isaac TeSlaa,41865,Det,WR,,Sun 1:00 pm vs NYJ,FA,1,6,4.23,232,264,3%,-,-,-,0.0,0.1,0.0,2.5,1.5,22.8,0.2,-,0.0,0.0
Samaje Perine,30227,Cin,RB,,Sun 1:00 pm @ Pit,FA,1,6,4.10,254,265,4%,-,-,-,4.0,15.4,0.1,1.7,1.3,9.5,0.0,-,0.0,0.0
Xavier Legette,40890,Car,WR,,Sun 1:00 pm @ Cle,FA,1,5,4.08,282,266,0%,-,-,-,0.1,0.3,0.0,3.1,1.9,21.9,0.2,-,0.0,0.0
Jack Bech,41843,LV,WR,,Sun 4:25 pm @ NO,FA,1,13,4.03,260,267,1%,-,-,-,0.0,0.1,-,3.4,1.9,22.4,0.1,-,0.0,0.0
Emanuel Wilson,40707,Sea,RB,,Sun 1:00 pm @ Was,FA,1,11,3.96,200,268,12%,-,-,-,5.8,25.1,0.2,0.4,0.4,2.4,0.0,-,0.0,0.0
Chris Bell,42716,Mia,WR,Q,Sun 1:00 pm vs KC,FA,1,6,3.92,202,269,5%,-,-,-,0.0,0.1,-,2.4,1.8,22.4,0.1,-,0.0,0.0
Jalen McMillan,40954,TB,WR,,Sun 4:05 pm vs Min,FA,1,10,3.90,215,270,10%,-,-,-,0.1,0.7,0.0,1.8,1.6,22.1,0.1,-,0.0,0.0
Jahan Dotson,33971,Atl,WR,,Thu 8:15 pm @ GB,FA,1,11,3.90,269,271,1%,-,-,-,0.0,0.0,-,3.5,1.8,21.7,0.1,-,0.0,0.0
Raheim Sanders,42139,Cle,RB,,Sun 1:00 pm vs Car,FA,1,11,3.90,296,272,1%,-,-,-,4.0,16.0,0.1,1.8,1.3,9.0,0.0,-,0.0,0.0
Devin Singletary,31906,NYG,RB,,Sun 1:00 pm vs Ten,FA,1,8,3.87,268,274,10%,-,-,-,4.8,18.4,0.1,1.3,0.9,7.2,0.0,-,0.0,0.0
Elic Ayomanor,41904,Ten,WR,,Sun 1:00 pm @ NYG,FA,1,9,3.83,276,275,0%,-,-,-,-,-,-,3.0,1.5,22.1,0.1,-,0.0,0.0
Colby Parkinson,32803,LAR,TE,Q,Sun 8:20 pm @ Den,FA,1,11,3.73,236,277,1%,-,-,-,-,-,-,2.8,1.8,17.6,0.2,-,0.0,0.0
Roman Wilson,40952,Pit,WR,,Sun 1:00 pm vs Cin,FA,1,9,3.68,288,278,0%,-,-,-,0.0,0.0,-,3.4,1.7,20.5,0.1,-,0.0,0.0
Germie Bernard,42669,Pit,WR,,Sun 1:00 pm vs Cin,FA,1,9,3.68,230,279,1%,-,-,-,0.1,0.2,0.0,2.7,1.6,20.0,0.1,-,0.0,0.0
Joshua Palmer,33465,Buf,WR,,Sun 1:00 pm vs LAC,FA,1,7,3.61,361,280,2%,-,-,-,-,-,-,2.1,1.5,22.2,0.1,-,0.0,0.0
Bryce Lance,42758,NO,WR,,Sun 4:25 pm vs LV,FA,1,8,3.60,256,281,0%,-,-,-,-,-,-,2.6,1.7,20.1,0.1,-,0.0,0.0
Dawson Knox,31928,Buf,TE,,Sun 1:00 pm vs LAC,FA,1,7,3.60,331,282,1%,-,-,-,-,-,-,2.3,1.6,17.7,0.2,-,0.0,0.0
Michael Mayer,40065,LV,TE,,Sun 4:25 pm @ NO,FA,1,13,3.57,237,283,15%,-,-,-,-,-,-,3.3,2.2,19.0,0.1,-,0.0,0.0
Isaiah Williams,41421,NYJ,WR,,Sun 1:00 pm @ Det,FA,1,13,3.54,"2,285",284,0%,-,-,-,0.2,1.0,0.0,3.4,1.9,17.6,0.1,0.0,0.0,0.0
Mike Washington Jr.,42744,LV,RB,,Sun 4:25 pm @ NO,FA,1,13,3.53,162,285,40%,-,-,-,4.2,17.0,0.1,0.9,0.7,6.2,0.0,-,0.0,0.0
Antonio Williams,42693,Was,WR,,Sun 1:00 pm vs Sea,FA,1,7,3.52,170,286,11%,0.1,-,-,0.1,0.3,0.0,2.8,1.7,19.2,0.1,-,0.0,0.0
Kyle Williams,41864,NE,WR,,Sun 1:00 pm @ Jax,FA,1,11,3.51,249,287,0%,-,-,-,0.1,0.4,0.0,2.0,1.3,21.4,0.1,0.0,0.0,0.0
Tank Bigsby,40095,Phi,RB,,Mon 8:15 pm @ Chi,Monday Night Madison,1,10,3.33,180,288,34%,-,-,-,3.6,17.1,0.1,0.7,0.5,4.4,0.0,-,0.0,0.0
Emari Demercado,40430,Dal,RB,,Sun 4:25 pm vs Bal,FA,1,14,3.25,262,289,2%,-,-,-,3.5,16.7,0.1,0.7,0.8,6.3,0.0,-,0.0,0.0
Laquon Treadwell,29257,Ind,WR,,Sun 1:00 pm vs Hou,FA,1,13,3.22,"2,733",290,0%,-,-,-,-,-,-,2.8,1.3,21.4,0.1,-,0.0,0.0
Darnell Washington,40094,Pit,TE,,Sun 1:00 pm vs Cin,FA,1,9,3.13,"2,068",291,1%,-,-,-,-,-,-,2.3,1.5,17.3,0.1,-,0.0,0.0
Najee Harris,33412,NYG,RB,,Sun 1:00 pm vs Ten,FA,1,8,3.06,229,292,5%,-,-,-,4.2,16.4,0.1,0.5,0.4,3.2,0.0,-,0.0,0.0
Elijah Arroyo,41835,Sea,TE,,Sun 1:00 pm @ Was,FA,1,11,2.96,"2,243",293,0%,-,-,-,-,-,-,1.5,1.3,16.8,0.1,-,0.0,0.0
Skyy Moore,34009,GB,WR,,Thu 8:15 pm vs Atl,FA,1,11,2.91,"2,738",294,0%,-,-,-,0.1,0.8,0.0,2.6,1.3,16.1,0.1,0.0,0.0,0.0
KaVontae Turpin,34709,Dal,WR,,Sun 4:25 pm vs Bal,FA,1,14,2.86,"2,079",295,4%,-,-,-,0.9,5.5,0.0,1.0,0.8,11.4,0.1,0.0,0.0,0.0
Troy Franklin,41009,Den,WR,,Sun 8:20 pm vs LAR,FA,1,10,2.84,259,296,1%,-,-,-,0.2,0.8,0.0,1.6,1.3,14.7,0.1,-,0.0,0.0
Zachariah Branch,42701,Atl,WR,,Thu 8:15 pm @ GB,FA,1,11,2.83,255,297,2%,-,-,-,0.2,0.7,0.0,1.5,1.4,12.2,0.1,0.0,0.0,0.0
Zach Ertz,26658,Phi,TE,NA,Mon 8:15 pm @ Chi,FA,1,10,2.77,321,298,1%,-,-,-,-,-,-,2.1,1.5,15.0,0.1,-,0.0,0.0
Devontez Walker,40991,Bal,WR,,Sun 4:25 pm @ Dal,FA,1,13,2.71,"2,052",299,0%,-,-,-,0.0,0.2,0.0,1.4,1.0,16.7,0.1,-,0.0,0.0
LaJohntay Wester,42000,Bal,WR,,Sun 4:25 pm @ Dal,FA,1,13,2.69,"2,760",300,0%,-,-,-,0.0,0.1,0.0,1.6,1.1,14.7,0.1,0.0,0.0,0.0
Theo Johnson,41003,NYG,TE,,Sun 1:00 pm vs Ten,FA,1,8,2.68,325,301,0%,-,-,-,-,-,-,1.8,1.3,15.5,0.1,-,0.0,0.0
Johnny Mundt,30373,Phi,TE,,Mon 8:15 pm @ Chi,FA,1,10,2.65,"2,503",302,0%,-,-,-,-,-,-,1.8,1.5,16.0,0.1,-,0.0,0.0
Cole Kmet,32713,Chi,TE,,Mon 8:15 pm vs Phi,FA,1,10,2.64,340,303,1%,-,-,-,-,-,-,2.1,1.4,14.0,0.1,-,0.0,0.0
DeeJay Dallas,32814,Min,RB,Q,Sun 4:05 pm @ TB,FA,1,6,2.64,"2,794",304,1%,-,-,-,2.8,11.1,0.1,1.2,0.9,5.5,0.0,-,0.0,0.0
AJ Dillon,32732,Car,RB,,Sun 1:00 pm @ Cle,FA,1,5,2.63,"2,768",305,1%,-,-,-,4.1,16.1,0.1,0.7,0.4,2.5,0.0,-,0.0,0.0
Erick All Jr.,40989,Cin,TE,,Sun 1:00 pm @ Pit,FA,1,6,2.63,"2,125",306,0%,-,-,-,-,-,-,1.7,1.6,13.9,0.1,-,0.0,0.0
Sione Vaki,41006,Det,RB,,Sun 1:00 pm vs NYJ,FA,1,6,2.58,266,307,0%,-,-,-,2.7,11.5,0.1,0.4,0.6,6.1,0.0,-,0.0,0.0
Noah Gray,33550,KC,TE,,Sun 1:00 pm @ Mia,FA,1,5,2.44,"2,115",308,0%,-,-,-,-,-,-,1.7,1.3,12.5,0.1,-,0.0,0.0
Ray Davis,40980,Buf,RB,,Sun 1:00 pm vs LAC,FA,1,7,2.44,228,309,12%,-,-,-,3.0,13.3,0.1,0.5,0.3,2.9,0.0,0.0,0.0,0.0
Noah Fant,31852,NO,TE,,Sun 4:25 pm vs LV,FA,1,8,2.41,323,310,0%,-,-,-,-,-,-,2.1,1.3,12.3,0.1,-,0.0,0.0
Tory Horton,41952,Sea,WR,,Sun 1:00 pm @ Was,FA,1,11,2.41,332,311,0%,-,-,-,0.0,0.1,0.0,1.2,1.0,13.0,0.1,-,0.0,0.0
Dyami Brown,33470,Was,WR,,Sun 1:00 pm vs Sea,FA,1,7,2.36,"2,281",312,0%,0.1,0.0,-,0.1,0.4,0.0,2.1,1.2,13.0,0.1,-,0.0,0.0
Ty Johnson,32018,Buf,RB,,Sun 1:00 pm vs LAC,FA,1,7,2.32,297,313,0%,-,-,-,1.7,6.7,0.1,1.1,0.7,7.0,0.0,-,0.0,0.0
Nicholas Singleton,42763,Ten,RB,,Sun 1:00 pm @ NYG,FA,1,9,2.31,281,314,2%,-,-,-,2.3,11.0,0.1,0.1,0.4,4.1,0.0,-,0.0,0.0
Dohnte Meyers,42616,Cin,WR,,Sun 1:00 pm @ Pit,FA,1,6,2.29,"2,505",315,0%,-,-,-,0.2,1.1,0.0,1.3,1.0,11.8,0.1,0.0,0.0,0.0
Tommy Tremble,33471,Car,TE,,Sun 1:00 pm @ Cle,FA,1,5,2.28,"2,071",316,0%,-,-,-,-,-,-,2.1,1.3,10.9,0.1,-,0.0,0.0
Olamide Zaccheaus,32123,Atl,WR,,Thu 8:15 pm @ GB,FA,1,11,2.26,"2,080",317,0%,-,-,-,0.1,0.5,0.0,2.3,1.1,11.4,0.1,-,0.0,0.0
Brenen Thompson,42727,LAC,WR,Q,Sun 1:00 pm @ Buf,FA,1,7,2.26,"2,501",318,0%,-,-,-,0.0,0.1,-,1.5,1.1,12.6,0.1,-,0.0,0.0
Will Shipley,41002,Phi,RB,,Mon 8:15 pm @ Chi,FA,1,10,2.26,310,319,1%,-,-,-,1.8,7.1,0.0,1.0,1.0,6.8,0.0,0.0,0.0,0.0
Travis Hunter,41787,Jax,WR,,Sun 1:00 pm vs NE,FA,1,7,2.24,243,320,11%,-,-,-,0.2,0.8,0.0,1.0,1.1,10.9,0.1,-,0.0,0.0
Will Kacmarek,42709,Mia,TE,,Sun 1:00 pm vs KC,FA,1,6,2.22,"2,278",321,0%,-,-,-,-,-,-,1.8,1.3,11.9,0.1,-,0.0,0.0
Jonnu Smith,30213,GB,TE,,Thu 8:15 pm vs Atl,FA,1,11,2.20,326,322,0%,-,-,-,0.0,0.2,0.0,1.6,1.3,10.9,0.1,-,0.0,0.0
Jared Wayne,40288,Hou,WR,,Sun 1:00 pm @ Ind,FA,1,8,2.19,"2,280",323,0%,-,-,-,-,-,-,1.6,1.0,12.3,0.1,-,0.0,0.0
Eli Raridon,42717,NE,TE,Q,Sun 1:00 pm @ Jax,FA,1,11,2.18,"2,093",324,0%,-,-,-,-,-,-,1.1,1.0,11.5,0.1,-,0.0,0.0
Josh Oliver,31901,Min,TE,,Sun 4:05 pm @ TB,FA,1,6,2.16,"2,046",325,0%,-,-,-,-,-,-,1.4,1.1,11.5,0.1,-,0.0,0.0
Foster Moreau,31969,Hou,TE,,Sun 1:00 pm @ Ind,FA,1,8,2.16,"2,121",326,0%,-,-,-,-,-,-,1.8,1.1,11.7,0.1,-,0.0,0.0
Marvin Mims Jr.,40090,Den,WR,Q,Sun 8:20 pm vs LAR,FA,1,10,2.12,274,327,1%,-,-,-,0.4,1.8,0.0,1.0,0.8,7.8,0.1,0.1,0.0,0.0
Colbie Young,42762,Cin,WR,,Sun 1:00 pm @ Pit,FA,1,6,2.08,"2,520",328,0%,-,-,-,-,-,-,1.2,1.0,12.3,0.1,-,0.0,0.0
Jacob Cowing,40996,SF,WR,,Sun 4:05 pm vs Ari,FA,1,8,2.07,"2,677",329,0%,-,-,-,0.0,0.1,0.0,1.5,0.8,11.8,0.1,0.0,0.0,0.0
Chimere Dike,41903,Ten,WR,,Sun 1:00 pm @ NYG,FA,1,9,2.03,264,330,2%,-,-,-,0.3,1.3,0.0,0.9,0.7,6.8,0.1,0.0,0.0,0.0
Austin Hooper,29315,Atl,TE,,Thu 8:15 pm @ GB,FA,1,11,2.02,"2,050",331,0%,-,-,-,-,-,-,1.7,1.1,11.1,0.1,-,0.0,0.0
Jeremy Ruckert,34057,NYJ,TE,,Sun 1:00 pm @ Det,FA,1,13,2.01,"2,265",332,0%,-,-,-,-,-,-,1.6,1.2,10.1,0.1,-,0.0,0.0
Kevin Coleman Jr.,42768,Mia,WR,,Sun 1:00 pm vs KC,FA,1,6,2.00,283,333,0%,-,-,-,-,-,-,1.6,1.0,12.5,0.0,-,0.0,0.0
Demond Claiborne,42820,Min,RB,,Sun 4:05 pm @ TB,FA,1,6,2.00,286,334,3%,-,-,-,1.8,6.7,0.1,0.6,0.6,5.2,0.0,-,0.0,0.0
Ashton Dulin,32292,Ind,WR,Q,Sun 1:00 pm vs Hou,FA,1,13,1.98,"2,737",335,0%,-,-,-,0.1,0.6,0.0,1.3,0.7,12.0,0.1,0.0,0.0,0.0
Seth McGowan,42859,Ind,RB,,Sun 1:00 pm vs Hou,FA,1,13,1.96,287,336,1%,-,-,-,2.4,9.0,0.0,0.5,0.6,3.9,0.0,-,0.0,0.0
Kyle Juszczyk,26753,SF,RB,,Sun 4:05 pm vs Ari,FA,1,8,1.93,"2,240",337,0%,-,-,-,0.1,0.4,0.0,1.2,0.9,9.1,0.1,-,0.0,0.0
Durham Smythe,31093,Bal,TE,,Sun 4:25 pm @ Dal,FA,1,13,1.93,"2,695",338,0%,-,-,-,-,-,-,1.3,1.0,10.2,0.1,-,0.0,0.0
Drew Sample,31884,Cin,TE,,Sun 1:00 pm @ Pit,FA,1,6,1.91,"2,124",339,0%,-,-,-,0.0,0.1,0.0,1.4,1.1,9.8,0.1,-,0.0,0.0
Daniel Bellinger,34068,Ten,TE,,Sun 1:00 pm @ NYG,FA,1,9,1.87,"2,089",340,0%,-,-,-,-,-,-,1.2,0.9,10.7,0.1,-,0.0,0.0
Jaylen Wright,41010,Mia,RB,Q,Sun 1:00 pm vs KC,FA,1,6,1.82,277,341,1%,-,-,-,2.2,8.1,0.1,0.5,0.4,3.4,0.0,-,0.0,0.0
Tez Johnson,42030,TB,WR,,Sun 4:05 pm vs Min,FA,1,10,1.81,"2,072",342,0%,-,-,-,0.3,1.0,0.0,1.2,0.7,9.4,0.1,-,0.0,0.0
Darius Cooper,42464,Phi,WR,,Mon 8:15 pm @ Chi,FA,1,10,1.78,"2,279",343,0%,-,-,-,-,-,-,1.3,0.8,9.8,0.1,-,0.0,0.0
Luke Farrell,33533,SF,TE,,Sun 4:05 pm vs Ari,FA,1,8,1.78,"2,515",344,0%,-,-,-,-,-,-,1.2,1.0,8.7,0.1,-,0.0,0.0
Isaiah Bond,42598,Cle,WR,,Sun 1:00 pm vs Car,FA,1,11,1.77,"2,508",345,0%,-,-,-,0.1,0.7,0.0,0.9,0.6,10.5,0.1,-,0.0,0.0
Kaytron Allen,42809,Was,RB,,Sun 1:00 pm vs Sea,FA,1,7,1.73,265,346,2%,-,-,-,2.6,9.7,0.0,0.3,0.4,2.3,0.0,-,0.0,0.0
Matt Hibner,42755,Bal,TE,,Sun 4:25 pm @ Dal,FA,1,13,1.73,"2,246",347,0%,-,-,-,-,-,-,0.9,0.8,9.4,0.1,-,0.0,0.0
Darius Slayton,32003,Ind,WR,,Sun 1:00 pm vs Hou,FA,1,13,1.70,360,348,0%,-,-,-,-,-,-,1.5,0.8,11.3,0.0,-,0.0,0.0
Marlin Klein,42681,Hou,TE,,Sun 1:00 pm @ Ind,FA,1,8,1.63,"2,238",349,0%,-,-,-,-,-,-,0.8,0.8,9.4,0.1,-,0.0,0.0
Isaiah Davis,41031,NYJ,RB,,Sun 1:00 pm @ Det,FA,1,13,1.63,291,350,0%,-,-,-,1.0,4.7,0.0,0.6,0.6,5.1,0.0,-,0.0,0.0
Adam Trautman,32775,Den,TE,,Sun 8:20 pm vs LAR,FA,1,10,1.63,"2,091",351,0%,-,-,-,-,-,-,1.3,0.9,8.8,0.0,-,0.0,0.0
Chris Moore,29341,Bal,WR,Q,Sun 4:25 pm @ Dal,FA,1,13,1.63,"2,256",352,0%,-,-,-,-,-,-,1.1,0.6,10.1,0.1,-,0.0,0.0
Nate Adkins,40702,Den,TE,,Sun 8:20 pm vs LAR,FA,1,10,1.62,"2,096",353,0%,-,-,-,0.1,0.4,0.0,1.2,0.8,7.7,0.1,-,0.0,0.0
Malik Benson,42817,LV,WR,,Sun 4:25 pm @ NO,FA,1,13,1.61,"2,624",354,0%,-,-,-,0.1,0.6,0.0,0.7,0.7,8.2,0.0,0.0,0.0,0.0
Ameer Abdullah,28442,Jax,RB,,Sun 1:00 pm vs NE,FA,1,7,1.57,"2,666",355,0%,-,-,-,1.7,6.9,0.0,0.6,0.5,3.1,0.0,0.0,0.0,0.0
Mitchell Evans,41949,Car,TE,,Sun 1:00 pm @ Cle,FA,1,5,1.56,"2,103",356,0%,-,-,-,0.0,0.1,0.0,1.2,0.8,7.8,0.1,-,0.0,0.0
Barion Brown,42812,NO,WR,Q,Sun 4:25 pm vs LV,FA,1,8,1.55,"2,623",357,1%,-,-,-,0.1,0.8,0.0,0.6,0.6,6.6,0.0,0.0,0.0,0.0
Hollywood Brown,31857,Phi,WR,,Mon 8:15 pm @ Chi,FA,1,10,1.53,347,358,0%,-,-,-,0.2,1.5,0.0,0.5,0.6,7.8,0.0,-,0.0,0.0
Tyler Higbee,29344,LAR,TE,,Sun 8:20 pm @ Den,FA,1,11,1.50,336,359,0%,-,-,-,-,-,-,1.0,0.8,8.0,0.1,-,0.0,0.0
Bo Melton,34185,GB,WR,,Thu 8:15 pm vs Atl,FA,1,11,1.47,"2,720",360,0%,-,-,-,0.2,1.0,0.0,0.7,0.5,9.1,0.0,0.0,0.0,0.0
Oscar Delp,42695,NO,TE,,Sun 4:25 pm vs LV,FA,1,8,1.47,"2,262",361,0%,-,-,-,-,-,-,0.8,0.8,7.5,0.1,-,0.0,0.0
Jaleel McLaughlin,40696,Cle,RB,,Sun 1:00 pm vs Car,FA,1,11,1.47,"2,639",362,0%,-,-,-,1.2,5.5,0.0,0.7,0.5,3.2,0.0,-,0.0,0.0
Ben Sinnott,40931,Was,TE,,Sun 1:00 pm vs Sea,FA,1,7,1.44,"2,116",363,0%,-,-,-,0.0,0.1,-,1.1,0.9,7.3,0.0,-,0.0,0.0
Josh Cameron,42813,Jax,WR,,Sun 1:00 pm vs NE,FA,1,7,1.43,"2,248",364,0%,-,-,-,0.1,0.3,0.0,1.1,0.6,7.4,0.1,-,0.0,0.0
Blake Whiteheart,40433,Cle,TE,,Sun 1:00 pm vs Car,FA,1,11,1.42,"2,636",365,0%,-,-,-,-,-,-,1.0,0.7,6.9,0.1,-,0.0,0.0
Hunter Luepke,40780,Dal,RB,,Sun 4:25 pm vs Bal,FA,1,14,1.41,"2,766",366,0%,-,-,-,0.8,3.1,0.0,0.8,0.6,5.0,0.0,-,0.0,0.0
Elijah Higgins,40226,Ari,TE,,Sun 4:05 pm @ SF,FA,1,14,1.41,"2,257",367,0%,-,-,-,-,-,-,0.9,0.8,7.5,0.0,-,0.0,0.0
Ollie Gordon II,41969,Mia,RB,,Sun 1:00 pm vs KC,FA,1,6,1.40,295,368,1%,-,-,-,1.9,5.4,0.1,0.4,0.4,2.2,0.0,-,0.0,0.0
KhaDarel Hodge,31769,SF,WR,,Sun 4:05 pm vs Ari,FA,1,8,1.39,"2,758",369,0%,-,-,-,-,-,-,0.9,0.7,8.7,0.0,-,0.0,0.0
Derius Davis,40133,LAC,WR,,Sun 1:00 pm @ Buf,FA,1,7,1.38,"2,778",370,0%,-,-,-,0.1,0.3,0.0,0.8,0.5,5.5,0.0,0.1,0.0,0.0
LeQuint Allen Jr.,42007,Jax,RB,Q,Sun 1:00 pm vs NE,FA,1,7,1.37,303,371,0%,-,-,-,0.7,2.9,0.0,0.8,0.7,4.3,0.0,-,0.0,0.0
Tutu Atwell,33445,LAR,WR,,Sun 8:20 pm @ Den,FA,1,11,1.34,"2,123",372,1%,-,-,-,0.0,0.1,-,0.4,0.4,10.2,0.0,-,0.0,0.0
Brandin Cooks,27548,SF,WR,NA,Sun 4:05 pm vs Ari,FA,1,8,1.34,"2,237",373,0%,-,-,-,-,-,-,0.9,0.5,7.7,0.1,-,0.0,0.0
Jordan Whittington,41083,LAR,WR,Q,Sun 8:20 pm @ Den,FA,1,11,1.31,"2,680",374,0%,-,-,-,0.1,0.5,0.0,1.1,0.7,6.8,0.0,0.0,0.0,0.0
Sam Roush,42691,Chi,TE,,Mon 8:15 pm vs Phi,FA,1,10,1.30,"2,258",375,0%,-,-,-,-,-,-,0.9,0.7,7.3,0.0,-,0.0,0.0
Konata Mumpfield,42035,LAR,WR,,Sun 8:20 pm @ Den,FA,1,11,1.30,"2,694",376,2%,-,-,-,-,-,-,1.4,0.7,6.9,0.0,-,0.0,0.0
Luke Schoonmaker,40061,Dal,TE,,Sun 4:25 pm vs Bal,FA,1,14,1.27,"2,494",377,0%,-,-,-,-,-,-,1.0,0.7,7.2,0.0,-,0.0,0.0
CJ Donaldson,42940,NO,RB,,Sun 4:25 pm vs LV,FA,1,8,1.25,"2,681",378,0%,-,-,-,1.2,4.5,0.0,0.5,0.4,2.9,0.0,-,0.0,0.0
John Bates,33512,Was,TE,,Sun 1:00 pm vs Sea,FA,1,7,1.24,"2,275",379,0%,-,-,-,-,-,-,1.0,0.8,6.3,0.0,-,0.0,0.0
Jackson Hawes,41959,Buf,TE,,Sun 1:00 pm vs LAC,FA,1,7,1.22,"2,084",380,0%,-,-,-,-,-,-,0.8,0.6,6.5,0.0,-,0.0,0.0
Brevyn Spann-Ford,41371,Dal,TE,,Sun 4:25 pm vs Bal,FA,1,14,1.20,"2,645",381,0%,-,-,-,-,-,-,0.9,0.6,6.7,0.0,-,0.0,0.0
Elijah Sarratt,42737,Bal,WR,,Sun 4:25 pm @ Dal,FA,1,13,1.20,263,382,0%,-,-,-,0.0,0.0,-,0.0,0.6,6.0,0.1,-,-,-
Nate Boerkircher,42678,Jax,TE,,Sun 1:00 pm vs NE,FA,1,7,1.19,"2,274",383,0%,-,-,-,-,-,-,0.9,0.6,6.2,0.0,-,0.0,0.0
Sean Tucker,40742,TB,RB,,Sun 4:05 pm vs Min,FA,1,10,1.17,258,384,1%,-,-,-,1.5,5.4,0.1,0.1,0.2,0.9,0.0,-,0.0,0.0
Brock Wright,33774,Det,TE,,Sun 1:00 pm vs NYJ,FA,1,6,1.17,"2,066",385,0%,-,-,-,-,-,-,0.8,0.7,5.5,0.0,-,0.0,0.0
Cedric Tillman,40093,NO,WR,NA,Sun 4:25 pm vs LV,FA,-,8,1.15,"2,062",386,0%,-,-,-,-,-,-,-,0.5,7,0.0,-,-,-
Jahdae Walker,42400,Chi,WR,,Mon 8:15 pm vs Phi,FA,1,10,1.14,"2,064",387,0%,-,-,-,-,-,-,0.9,0.5,6.0,0.1,-,0.0,0.0
Jalen Royals,41891,KC,WR,,Sun 1:00 pm @ Mia,FA,1,5,1.12,"2,266",388,0%,-,-,-,0.0,0.1,0.0,0.9,0.5,5.4,0.1,-,0.0,0.0
Jordan James,41933,SF,RB,,Sun 4:05 pm vs Ari,FA,1,8,1.11,289,389,1%,-,-,-,1.3,5.5,0.0,0.0,0.2,2.4,0.0,-,0.0,0.0
M. Valdes-Scantling,31144,LAC,WR,,Sun 1:00 pm @ Buf,FA,1,7,1.08,"2,241",390,0%,-,-,-,-,-,-,1.1,0.5,6.3,0.0,-,0.0,0.0
Cody White,32948,LV,WR,NA,Sun 4:25 pm @ NO,FA,1,13,1.03,"2,122",391,0%,-,-,-,-,-,-,0.6,0.4,5.2,0.1,-,0.0,0.0
Tyler Badie,34152,Den,RB,,Sun 8:20 pm vs LAR,FA,1,10,1.02,"2,726",392,0%,-,-,-,0.6,2.7,0.0,0.5,0.4,3.1,0.0,-,0.0,0.0
Tyrone Tracy Jr.,41048,NYG,RB,,Sun 1:00 pm vs Ten,FA,1,8,1.01,285,393,7%,-,-,-,1.4,5.7,0.0,0.1,0.2,1.3,0.0,-,0.0,0.0
Davis Allen,40164,LAR,TE,,Sun 8:20 pm @ Den,FA,1,11,0.98,"2,106",394,0%,-,-,-,-,-,-,0.8,0.6,5.1,0.0,-,0.0,0.0
Kimani Vidal,41052,LAC,RB,,Sun 1:00 pm @ Buf,FA,1,7,0.96,241,395,2%,-,-,-,0.7,3.2,0.0,0.4,0.2,1.7,0.0,-,0.0,0.0
Jelani Woods,34029,NYJ,TE,,Sun 1:00 pm @ Det,FA,1,13,0.95,"2,211",396,0%,-,-,-,-,-,-,0.5,0.5,5.1,0.0,-,0.0,0.0
Mo Alie-Cox,30112,Ind,TE,,Sun 1:00 pm vs Hou,FA,1,13,0.93,"2,253",397,0%,-,-,-,-,-,-,0.7,0.5,4.8,0.0,-,0.0,0.0
Xavier Smith,40399,LAR,WR,,Sun 8:20 pm @ Den,FA,1,11,0.91,"2,714",398,0%,-,-,-,0.0,0.2,0.0,0.6,0.4,4.8,0.0,0.0,0.0,0.0
Jaylin Lane,41920,Was,WR,,Sun 1:00 pm vs Sea,FA,1,7,0.90,"2,621",399,0%,-,-,-,0.1,0.3,0.0,0.4,0.3,3.3,0.0,0.0,0.0,0.0
Odell Beckham Jr.,27540,NYG,WR,,Sun 1:00 pm vs Ten,FA,1,8,0.88,"2,522",400,2%,-,-,-,-,-,-,0.9,0.4,5.0,0.0,-,0.0,0.0
Efton Chism III,42296,NE,WR,,Sun 1:00 pm @ Jax,FA,1,11,0.87,"2,691",401,0%,-,-,-,-,-,-,0.6,0.4,4.9,0.0,-,0.0,0.0
Tai Felton,41859,Min,WR,,Sun 4:05 pm @ TB,FA,1,6,0.87,"2,732",402,0%,-,-,-,0.0,0.1,-,0.5,0.5,5.0,0.0,-,0.0,0.0
Connor Heyward,34163,LV,RB,,Sun 4:25 pm @ NO,FA,1,13,0.85,"2,772",403,0%,-,-,-,0.7,2.8,0.0,0.3,0.3,1.9,0.0,-,0.0,0.0
Quintin Morris,33819,Jax,TE,,Sun 1:00 pm vs NE,FA,1,7,0.84,"2,646",404,0%,-,-,-,-,-,-,0.6,0.4,4.2,0.0,-,0.0,0.0
Jaydon Blue,41935,Phi,RB,NA,Mon 8:15 pm @ Chi,FA,-,10,0.83,315,405,1%,-,-,-,0.8,3.5,0.1,-,-,-,0.0,-,-,-
E.J. Jenkins,40550,Phi,TE,,Mon 8:15 pm @ Chi,FA,1,10,0.82,"2,153",406,0%,-,-,-,-,-,-,0.6,0.4,4.3,0.0,-,0.0,0.0
Lil'Jordan Humphrey,32494,Den,WR,,Sun 8:20 pm vs LAR,FA,1,10,0.80,"2,252",407,0%,-,-,-,-,-,-,0.6,0.4,4.2,0.0,-,0.0,0.0
Michael Carter,33495,Ten,RB,NA,Sun 1:00 pm @ NYG,FA,-,9,0.80,"2,044",408,0%,-,-,-,0.5,2.1,0.0,-,0.4,2.9,0.0,-,-,-
Max Klare,42683,LAR,TE,,Sun 8:20 pm @ Den,FA,1,11,0.78,"2,178",409,0%,-,-,-,-,-,-,0.3,0.5,3.9,0.0,-,0.0,0.0
Jordan Watkins,41917,SF,WR,,Sun 4:05 pm vs Ari,FA,1,8,0.76,"2,465",410,0%,-,-,-,-,-,-,0.4,0.4,4.7,0.0,-,-,-
Bam Knight,34357,Ari,RB,,Sun 4:05 pm @ SF,FA,-,14,0.74,311,411,0%,-,-,-,-,-,0.0,-,0.5,3.3,0.0,-,-,-
Jalen Tolbert,34044,Mia,WR,,Sun 1:00 pm vs KC,FA,1,6,0.74,"2,090",412,0%,-,-,-,-,-,-,0.6,0.3,3.9,0.0,-,0.0,0.0
Tanner Koziol,42797,Jax,TE,,Sun 1:00 pm vs NE,FA,1,7,0.73,"2,155",413,0%,-,-,-,-,-,-,0.4,0.4,3.9,0.0,-,0.0,0.0
Brashard Smith,42012,KC,RB,,Sun 1:00 pm @ Mia,FA,1,5,0.73,304,414,0%,-,-,-,0.6,2.4,0.0,0.2,0.2,1.5,0.0,-,0.0,0.0
Charlie Woerner,32860,Atl,TE,,Thu 8:15 pm @ GB,FA,1,11,0.72,"2,683",415,0%,-,-,-,-,-,-,0.6,0.4,3.6,0.0,-,0.0,0.0
Treylon Burks,33973,Was,WR,,Sun 1:00 pm vs Sea,FA,1,7,0.71,"2,658",416,0%,-,-,-,0.1,0.3,0.0,0.4,0.3,3.9,0.0,-,0.0,0.0
Zavion Thomas,42711,Chi,WR,,Mon 8:15 pm vs Phi,FA,1,10,0.71,"2,628",417,1%,-,-,-,0.1,0.6,0.0,0.1,0.2,3.8,0.0,-,-,-
Skyler Bell,42747,Buf,WR,,Sun 1:00 pm vs LAC,FA,1,7,0.71,284,418,0%,-,-,-,0.0,0.0,-,0.5,0.3,3.6,0.0,-,0.0,0.0
Tahj Brooks,41983,Cin,RB,,Sun 1:00 pm @ Pit,FA,1,6,0.68,305,419,0%,-,-,-,1.0,3.3,0.0,0.1,0.1,1.0,0.0,-,0.0,0.0
Hunter Long,33469,Ari,TE,,Sun 4:05 pm @ SF,FA,-,14,0.68,"2,102",420,0%,-,-,-,-,-,-,0.5,0.3,3.1,0.0,-,0.0,0.0
Jonathan Mingo,40073,Dal,WR,,Sun 4:25 pm vs Bal,FA,1,14,0.68,"2,754",421,0%,-,-,-,-,-,-,0.6,0.3,4.1,0.0,-,0.0,0.0
Brycen Tremayne,40407,Car,WR,,Sun 1:00 pm @ Cle,FA,1,5,0.68,"2,721",422,0%,-,-,-,0.0,0.1,0.0,0.5,0.4,3.6,0.0,-,-,0.0
Jacob Saylors,40474,Det,RB,,Sun 1:00 pm vs NYJ,FA,1,6,0.68,316,423,1%,-,-,-,0.5,2.3,0.0,0.2,0.2,1.5,0.0,-,0.0,0.0
Myles Price,42389,Min,WR,,Sun 4:05 pm @ TB,FA,1,6,0.63,"2,784",424,1%,-,-,-,-,-,-,0.2,0.1,1.8,0.0,0.0,0.0,0.0
Tylan Wallace,33519,Cle,WR,,Sun 1:00 pm vs Car,FA,1,11,0.63,"2,711",425,0%,-,-,-,-,-,-,0.4,0.3,3.4,0.0,-,0.0,0.0
Cade Stover,40987,Hou,TE,,Sun 1:00 pm @ Ind,FA,1,8,0.60,"2,512",426,0%,-,-,-,0.2,0.6,0.0,0.3,0.2,2.3,0.0,-,0.0,0.0
Cyrus Allen,42773,KC,WR,,Sun 1:00 pm @ Mia,FA,1,5,0.60,242,427,3%,-,-,-,0.0,0.2,-,0.3,0.2,2.3,0.0,-,0.0,0.0
Josh Cuevas,42782,Bal,TE,,Sun 4:25 pm @ Dal,FA,1,13,0.59,"2,136",428,0%,-,-,-,-,-,-,0.4,0.3,3.2,0.0,-,0.0,0.0
Deion Burks,42876,Ind,WR,,Sun 1:00 pm vs Hou,FA,1,13,0.57,"2,516",429,0%,-,-,-,0.1,0.5,0.0,0.3,0.3,2.8,0.0,-,0.0,0.0
Dylan Laube,41054,LV,RB,,Sun 4:25 pm @ NO,FA,1,13,0.57,"2,864",430,1%,-,-,-,0.5,1.4,0.0,0.2,0.2,1.8,0.0,0.0,0.0,0.0
Rasheen Ali,41033,Bal,RB,,Sun 4:25 pm @ Dal,FA,1,13,0.56,"2,790",431,0%,-,-,-,0.6,2.5,0.0,0.1,0.1,0.9,0.0,0.0,0.0,0.0
Drew Ogletree,34148,Ind,TE,,Sun 1:00 pm vs Hou,FA,1,13,0.55,"2,679",432,0%,-,-,-,-,-,-,0.4,0.3,3.0,0.0,-,0.0,0.0
John Metchie III,33999,Car,WR,,Sun 1:00 pm @ Cle,FA,1,5,0.52,"2,109",433,0%,-,-,-,0.0,0.0,-,0.3,0.2,2.3,0.0,0.0,-,0.0
Eric Saubert,30287,Sea,TE,,Sun 1:00 pm @ Was,FA,1,11,0.49,"2,715",434,0%,-,-,-,-,-,-,0.3,0.2,2.1,0.0,-,0.0,0.0
Corey Kiner,42386,NE,RB,,Sun 1:00 pm @ Jax,FA,1,11,0.47,"2,746",435,0%,-,-,-,0.4,1.6,0.0,0.0,0.2,1.0,0.0,-,-,0.0
Travis Homer,32036,Pit,RB,NA,Sun 1:00 pm vs Cin,FA,1,9,0.46,"2,799",436,0%,-,-,-,0.2,0.9,0.0,0.3,0.2,1.6,0.0,-,-,-
Jake Briningstool,42117,KC,TE,,Sun 1:00 pm @ Mia,FA,1,5,0.44,"2,259",437,0%,-,-,-,-,-,-,0.3,0.2,2.3,0.0,-,-,0.0
Ben Skowronek,33637,Pit,WR,,Sun 1:00 pm vs Cin,FA,1,9,0.44,"2,757",438,0%,-,-,-,-,-,-,0.3,0.2,2.4,0.0,-,0.0,0.0
CJ Daniels,42819,LAR,WR,,Sun 8:20 pm @ Den,FA,1,11,0.43,"2,304",439,0%,-,-,-,-,-,-,-,0.2,2.3,0.0,-,-,-
Ryan Miller,40676,Mia,WR,Q,Sun 1:00 pm vs KC,FA,-,6,0.43,"2,082",440,0%,-,-,-,-,-,-,0.3,0.2,2.6,0.0,-,0.0,0.0
Devin Duvernay,32762,Ari,WR,,Sun 4:05 pm @ SF,FA,1,14,0.41,"2,783",441,0%,-,-,-,0.0,0.1,0.0,0.1,0.0,0.4,0.0,0.1,-,-
Luke McCaffrey,40964,Was,WR,,Sun 1:00 pm vs Sea,FA,1,7,0.37,"2,074",442,0%,-,-,-,-,-,-,-,0.2,2.5,0.0,-,-,-
Josh Whyle,40182,GB,TE,,Thu 8:15 pm vs Atl,FA,1,11,0.34,"2,251",443,0%,-,-,-,-,-,-,0.2,0.2,1.6,0.0,-,0.0,0.0
Alec Ingold,32344,LAC,RB,,Sun 1:00 pm @ Buf,FA,1,7,0.34,"2,787",444,0%,-,-,-,0.4,1.6,0.0,0.1,0.0,0.4,0.0,-,0.0,0.0
Eli Heidenreich,42852,Pit,RB,,Sun 1:00 pm vs Cin,FA,1,9,0.34,309,445,1%,-,-,-,0.2,1.0,0.0,0.0,0.1,1.2,0.0,-,0.0,0.0
Tay Martin,34319,Det,WR,,Sun 1:00 pm vs NYJ,FA,1,6,0.33,"2,625",446,0%,-,-,-,-,-,-,0.2,0.1,1.8,0.0,-,0.0,0.0
Tom Kennedy,32561,Det,WR,,Sun 1:00 pm vs NYJ,FA,1,6,0.32,"2,740",447,0%,-,-,-,-,-,-,0.2,0.1,1.2,0.0,0.0,0.0,0.0
Pierre Strong Jr.,34083,GB,RB,NA,Thu 8:15 pm vs Atl,FA,-,11,0.32,"2,644",448,0%,-,-,-,-,-,0.0,-,0.2,1.6,-,-,-,-
Reggie Gilliam,33357,NE,RB,Q,Sun 1:00 pm @ Jax,FA,1,11,0.32,"2,798",449,0%,-,-,-,0.1,0.3,0.0,0.2,0.2,1.4,0.0,-,0.0,0.0
Ian Thomas,31071,LV,TE,,Sun 4:25 pm @ NO,FA,1,13,0.32,"2,264",450,0%,-,-,-,-,-,-,0.3,0.2,1.6,0.0,-,0.0,0.0
Roschon Johnson,40162,Chi,RB,,Mon 8:15 pm vs Phi,FA,1,10,0.32,"2,789",451,0%,-,-,-,0.5,1.9,0.0,-,0.0,0.1,0.0,-,0.0,0.0
Kameron Johnson,41300,TB,WR,,Sun 4:05 pm vs Min,FA,1,10,0.31,"2,769",452,0%,-,-,-,0.1,0.2,0.0,0.1,0.1,1.0,0.0,0.0,0.0,0.0
Tyler Goodson,34261,Dal,RB,,Sun 4:25 pm vs Bal,FA,1,14,0.30,"2,795",453,0%,-,-,-,0.2,0.7,0.0,0.2,0.1,0.9,0.0,-,0.0,0.0
DJ Giddens,41937,Ind,RB,,Sun 1:00 pm vs Hou,FA,1,13,0.26,298,454,0%,-,-,-,0.3,1.1,0.0,0.2,0.1,0.5,0.0,-,0.0,0.0
Kendre Miller,40108,NO,RB,,Sun 4:25 pm vs LV,FA,1,8,0.25,271,455,1%,-,-,-,0.4,1.4,0.0,-,0.0,0.1,0.0,-,-,-
Dareke Young,34189,LV,WR,Q,Sun 4:25 pm @ NO,FA,1,13,0.25,"2,743",456,0%,-,-,-,-,-,-,0.2,0.1,1.4,0.0,-,0.0,0.0
Chris Manhertz,28365,NYG,TE,,Sun 1:00 pm vs Ten,FA,1,8,0.23,"2,250",457,0%,-,-,-,-,-,-,0.2,0.1,1.2,0.0,-,0.0,0.0
Jalen Brooks,40257,Ari,WR,,Sun 4:05 pm @ SF,FA,1,14,0.23,"2,752",458,0%,-,-,-,-,-,-,0.2,0.1,1.2,0.0,-,0.0,0.0
Justin Joly,42764,Mia,TE,,Sun 1:00 pm vs KC,FA,1,6,0.20,"2,145",459,0%,-,-,-,-,-,-,0.1,0.1,1.1,0.0,-,0.0,0.0
Tyler Conklin,31127,Det,TE,,Sun 1:00 pm vs NYJ,FA,1,6,0.20,"2,094",460,0%,-,-,-,-,-,-,0.1,0.1,1.1,0.0,-,0.0,0.0
Julius Chestnut,34451,Ten,RB,,Sun 1:00 pm @ NYG,FA,1,9,0.19,"2,862",461,0%,-,-,-,0.2,1.0,0.0,0.1,0.0,0.3,0.0,-,0.0,0.0
Seydou Traore,42790,Mia,TE,,Sun 1:00 pm vs KC,FA,1,6,0.19,"2,228",462,0%,-,-,-,-,-,-,0.1,0.1,1.0,0.0,-,0.0,0.0
Nikko Remigio,40571,KC,WR,,Sun 1:00 pm @ Mia,FA,1,5,0.18,"2,780",463,0%,-,-,-,0.0,0.1,0.0,0.0,0.0,0.4,0.0,0.0,-,-
Brevin Jordan,33535,Hou,TE,,Sun 1:00 pm @ Ind,FA,1,8,0.18,"2,292",464,0%,-,-,-,-,-,-,0.1,0.1,0.9,0.0,-,0.0,0.0
Malachi Corley,40944,Cle,WR,,Sun 1:00 pm vs Car,FA,1,11,0.18,"2,723",465,0%,-,-,-,0.1,0.6,0.0,0.0,0.0,0.2,0.0,0.0,-,-
Kaden Wetjen,42743,Pit,WR,,Sun 1:00 pm vs Cin,FA,1,9,0.17,"2,629",466,0%,-,-,-,0.0,0.1,0.0,0.0,0.0,0.2,0.0,0.0,-,-
Payne Durham,40193,TB,TE,,Sun 4:05 pm vs Min,FA,1,10,0.15,"2,650",467,0%,-,-,-,-,-,-,0.1,0.1,0.7,0.0,-,-,-
Camden Brown,43059,Dal,WR,,Sun 4:25 pm vs Bal,FA,-,14,0.15,"2,319",468,0%,-,-,-,-,-,-,-,0.1,1.1,-,-,-,-
Cameron Latu,40101,NE,TE,,Sun 1:00 pm @ Jax,FA,1,11,0.14,"2,727",469,0%,-,-,-,-,-,-,0.1,0.1,0.8,0.0,-,-,-
Carsen Ryan,42870,Cle,TE,,Sun 1:00 pm vs Car,FA,1,11,0.13,"2,287",470,0%,-,-,-,-,-,-,0.1,0.1,0.7,0.0,-,-,-
Reggie Virgil,42791,Ari,WR,,Sun 4:05 pm @ SF,FA,1,14,0.12,"2,409",471,0%,-,-,-,-,-,-,0.1,0.1,0.7,0.0,-,0.0,0.0
Elijah Moore,33422,Phi,WR,,Mon 8:15 pm @ Chi,FA,1,10,0.12,"2,263",472,0%,-,-,-,0.0,0.2,0.0,0.1,0.0,0.5,0.0,-,-,-
Britain Covey,34378,Phi,WR,,Mon 8:15 pm @ Chi,FA,1,10,0.11,"2,773",473,0%,-,-,-,-,-,-,0.0,0.0,0.2,0.0,0.0,-,-
Patrick Ricard,30592,NYG,RB,,Sun 1:00 pm vs Ten,FA,1,8,0.11,"2,796",474,0%,-,-,-,0.0,0.1,0.0,0.1,0.1,0.5,0.0,-,-,0.0
Kene Nwangwu,33507,NYJ,RB,Q,Sun 1:00 pm @ Det,FA,1,13,0.10,"2,755",475,0%,-,-,-,0.2,0.6,0.0,0.0,0.0,0.1,0.0,-,-,0.0
Dallen Bentley,42878,Den,TE,,Sun 8:20 pm vs LAR,FA,1,10,0.10,"2,158",476,0%,-,-,-,-,-,-,0.1,0.1,0.5,0.0,-,-,-
British Brooks,41480,Hou,RB,,Sun 1:00 pm @ Ind,FA,1,8,0.09,"2,785",477,0%,-,-,-,0.1,0.4,0.0,0.0,0.0,0.2,0.0,-,-,-
Bauer Sharp,42807,TB,TE,,Sun 4:05 pm vs Min,FA,1,10,0.09,"2,288",478,0%,-,-,-,-,-,-,0.1,0.1,0.5,0.0,-,-,-
Max Bredeson,42799,Min,RB,,Sun 4:05 pm @ TB,FA,1,6,0.09,"2,597",479,0%,-,-,-,0.0,0.0,-,0.1,0.1,0.4,0.0,-,-,-
Robert Tonyan,30777,Pit,TE,,Sun 1:00 pm vs Cin,FA,1,9,0.09,"2,149",480,0%,-,-,-,-,-,-,0.1,0.0,0.5,0.0,-,-,-
Riley Nowakowski,42803,Pit,"RB,TE",,Sun 1:00 pm vs Cin,FA,1,9,0.09,"2,635",481,0%,-,-,-,-,-,-,0.1,0.0,0.4,0.0,-,-,-
Thomas Fidone II,42004,NYG,TE,,Sun 1:00 pm vs Ten,FA,-,8,0.08,"2,130",482,0%,-,-,-,-,-,-,-,0.1,0.5,-,-,-,-
Feleipe Franks,33729,Car,TE,,Sun 1:00 pm @ Cle,FA,1,5,0.07,"2,749",483,0%,-,-,-,0.1,0.3,0.0,0.0,0.0,0.1,0.0,-,-,0.0
Kylen Granson,33515,Ten,TE,,Sun 1:00 pm @ NYG,FA,1,9,0.07,"2,668",484,0%,-,-,-,-,-,-,0.1,0.0,0.4,0.0,-,-,-
Ja'Tavion Sanders,40995,Car,TE,,Sun 1:00 pm @ Cle,FA,1,5,0.06,"2,065",485,0%,-,-,-,-,-,-,0.1,0.0,0.3,0.0,-,-,-
Jack Endries,42843,Cin,TE,,Sun 1:00 pm @ Pit,FA,1,6,0.04,"2,197",486,0%,-,-,-,-,-,-,0.0,0.0,0.2,0.0,-,-,-
Ko Kieft,34174,TB,TE,,Sun 4:05 pm vs Min,FA,1,10,0.02,"2,293",487,0%,-,-,-,-,-,-,0.0,0.0,0.1,0.0,-,-,-
Deion Hankins,42403,Chi,RB,NA,Mon 8:15 pm vs Phi,FA,-,10,0.00,"2,554",980,0%,-,-,-,-,-,-,-,-,-,-,-,-,-
Bryson Nesbit,42266,Min,TE,NA,Sun 4:05 pm @ TB,FA,-,6,0.00,"2,154",915,0%,-,-,-,-,-,-,-,-,-,-,-,-,-
Jordyn Tyson,42630,NO,WR,IR-R,Sun 4:25 pm vs LV,FA,-,8,0.00,140,"1,053",53%,-,-,-,-,-,-,-,-,-,-,-,-,-
Kye Robichaux,42245,Det,RB,NA,Sun 1:00 pm vs NYJ,FA,-,6,0.00,"2,552",905,0%,-,-,-,-,-,-,-,-,-,-,-,-,-
Jakobie Keeney-James,42246,Pit,WR,NA,Sun 1:00 pm vs Cin,FA,-,9,0.00,"2,312",906,0%,-,-,-,-,-,-,-,-,-,-,-,-,-
Damien Alford,42622,NO,WR,NA,Sun 4:25 pm vs LV,FA,-,8,0.00,"2,411","1,049",0%,-,-,-,-,-,-,-,-,-,-,-,-,-
Dontae Fleming,42255,Min,WR,NA,Sun 4:05 pm @ TB,FA,-,6,0.00,"2,369",911,0%,-,-,-,-,-,-,-,-,-,-,-,-,-
Carson Towt,42620,Ind,TE,IR,Sun 1:00 pm vs Hou,FA,-,13,0.00,"2,128","1,048",0%,-,-,-,-,-,-,-,-,-,-,-,-,-
Amar Johnson,42240,LAC,RB,NA,Sun 1:00 pm @ Buf,FA,-,7,0.00,"2,551",903,0%,-,-,-,-,-,-,-,-,-,-,-,-,-
Tre Stewart,42271,Ari,RB,NA,Sun 4:05 pm @ SF,FA,-,14,0.00,"2,581",918,0%,-,-,-,-,-,-,-,-,-,-,-,-,-
Bryce Pierre,42274,Car,TE,NA,Sun 1:00 pm @ Cle,FA,-,5,0.00,"2,230",923,0%,-,-,-,-,-,-,-,-,-,-,-,-,-
Layne Pryor,42612,Hou,TE,NA,Sun 1:00 pm @ Ind,FA,-,8,0.00,"2,201","1,046",0%,-,-,-,-,-,-,-,-,-,-,-,-,-
JJ Galbreath,42275,Ind,TE,NA,Sun 1:00 pm vs Hou,FA,-,13,0.00,"2,204",924,0%,-,-,-,-,-,-,-,-,-,-,-,-,-
Ke'Shawn Williams,42278,Cin,WR,,Sun 1:00 pm @ Pit,FA,-,6,0.00,"2,748",926,0%,-,-,-,-,-,-,-,-,-,-,-,-,-
Thomas Gordon,42571,Det,TE,NA,Sun 1:00 pm vs NYJ,FA,-,6,0.00,"2,189","1,037",0%,-,-,-,-,-,-,-,-,-,-,-,-,-
Jaden Smith,42568,Dal,WR,NA,Sun 4:25 pm vs Bal,FA,-,14,0.00,"2,395","1,036",0%,-,-,-,-,-,-,-,-,-,-,-,-,-
Caden Prieskorn,42243,Car,TE,NA,Sun 1:00 pm @ Cle,FA,-,5,0.00,"2,163",904,0%,-,-,-,-,-,-,-,-,-,-,-,-,-
Anthony Tyus III,42235,Car,RB,NA,Sun 1:00 pm @ Cle,FA,-,5,0.00,"2,537",899,0%,-,-,-,-,-,-,-,-,-,-,-,-,-
Jackson Meeks,42238,Det,"WR,TE",,Sun 1:00 pm vs NYJ,FA,-,6,0.00,"2,268",901,0%,-,-,-,-,-,-,-,-,-,-,-,-,-
Patrick Herbert,42204,LAC,TE,NA,Sun 1:00 pm @ Buf,FA,-,7,0.00,"2,195",879,0%,-,-,-,-,-,-,-,-,-,-,-,-,-
Eli Stowers,42676,Phi,TE,IR,Mon 8:15 pm @ Chi,FA,-,10,0.00,"2,227","1,061",1%,-,-,-,-,-,-,-,-,-,-,-,-,-
De'Zhaun Stribling,42655,SF,WR,IR,Sun 4:05 pm vs Ari,Maybe Mitchell,-,8,0.00,257,"1,057",40%,-,-,-,-,-,-,-,-,-,-,-,-,-
Beaux Collins,42194,Atl,WR,IR-R,Thu 8:15 pm @ GB,FA,-,11,0.00,"2,719",873,0%,-,-,-,-,-,-,-,-,-,-,-,-,-
Nate Carter,42196,KC,RB,NA,Sun 1:00 pm @ Mia,FA,-,5,0.00,"2,607",874,0%,-,-,-,-,-,-,-,-,-,-,-,-,-
Dalen Cambre,42200,NYG,WR,NA,Sun 1:00 pm vs Ten,FA,-,8,0.00,"2,431",876,0%,-,-,-,-,-,-,-,-,-,-,-,-,-
Da'Quan Felton,42201,NYJ,WR,NA,Sun 1:00 pm @ Det,FA,-,13,0.00,"2,476",877,0%,-,-,-,-,-,-,-,-,-,-,-,-,-
Omar Cooper Jr.,42652,NYJ,WR,IR,Sun 1:00 pm @ Det,FA,-,13,0.00,226,"1,056",4%,-,-,-,-,-,-,-,-,-,-,-,-,-
Lan Larison,42284,NE,RB,NA,Sun 1:00 pm @ Jax,FA,-,11,0.00,"2,651",930,0%,-,-,-,-,-,-,-,-,-,-,-,-,-
Chandler Brayboy,42210,NE,WR,NA,Sun 1:00 pm @ Jax,FA,-,11,0.00,"2,370",883,0%,-,-,-,-,-,-,-,-,-,-,-,-,-
Cam Camper,42212,NYJ,WR,NA,Sun 1:00 pm @ Det,FA,-,13,0.00,"2,473",884,0%,-,-,-,-,-,-,-,-,-,-,-,-,-
Ja'Quinden Jackson,42214,Phi,RB,NA,Mon 8:15 pm @ Chi,FA,-,10,0.00,"2,570",886,0%,-,-,-,-,-,-,-,-,-,-,-,-,-
Eli Pancol,42217,Ind,WR,NA,Sun 1:00 pm vs Hou,FA,-,13,0.00,"2,388",888,0%,-,-,-,-,-,-,-,-,-,-,-,-,-
Quentin Skinner,42223,Buf,WR,NA,Sun 1:00 pm vs LAC,FA,-,7,0.00,"2,359",894,0%,-,-,-,-,-,-,-,-,-,-,-,-,-
Donovan Edwards,42226,Mia,RB,NA,Sun 1:00 pm vs KC,FA,-,6,0.00,"2,587",895,0%,-,-,-,-,-,-,-,-,-,-,-,-,-
Jamaal Pritchett,42233,NYJ,WR,NA,Sun 1:00 pm @ Det,FA,-,13,0.00,"2,393",898,0%,-,-,-,-,-,-,-,-,-,-,-,-,-
Roc Taylor,42279,Car,WR,NA,Sun 1:00 pm @ Cle,FA,-,5,0.00,"2,372",927,0%,-,-,-,-,-,-,-,-,-,-,-,-,-
Gee Scott,42290,NE,WR,NA,Sun 1:00 pm @ Jax,FA,-,11,0.00,"2,454",934,0%,-,-,-,-,-,-,-,-,-,-,-,-,-
Gage Larvadain,42417,Bal,WR,NA,Sun 4:25 pm @ Dal,FA,-,13,0.00,"2,724",983,0%,-,-,-,-,-,-,-,-,-,-,-,-,-
Marshall Lang,42353,Min,TE,NA,Sun 4:05 pm @ TB,FA,-,6,0.00,"2,188",963,0%,-,-,-,-,-,-,-,-,-,-,-,-,-
Jordan Waters,42329,LAR,RB,NA,Sun 8:20 pm @ Den,FA,-,11,0.00,"2,576",955,0%,-,-,-,-,-,-,-,-,-,-,-,-,-
Jermaine Terry,42446,Cle,TE,NA,Sun 1:00 pm vs Car,FA,-,11,0.00,"2,209",997,0%,-,-,-,-,-,-,-,-,-,-,-,-,-
Xavier Guillory,42340,Bal,WR,NA,Sun 4:25 pm @ Dal,FA,-,13,0.00,"2,328",957,0%,-,-,-,-,-,-,-,-,-,-,-,-,-
Tyrone Broden,42351,Sea,WR,NA,Sun 1:00 pm @ Was,FA,-,11,0.00,"2,386",962,0%,-,-,-,-,-,-,-,-,-,-,-,-,-
Juice Wells Jr.,42444,Atl,WR,NA,Thu 8:15 pm @ GB,FA,-,11,0.00,"2,423",996,0%,-,-,-,-,-,-,-,-,-,-,-,-,-
Jeremiah Webb,42437,NE,WR,IR,Sun 1:00 pm @ Jax,FA,-,11,0.00,"2,295",993,0%,-,-,-,-,-,-,-,-,-,-,-,-,-
Jacoby Jones,42436,Was,WR,NA,Sun 1:00 pm vs Sea,FA,-,7,0.00,"2,347",992,0%,-,-,-,-,-,-,-,-,-,-,-,-,-
Nick Kallerup,42465,Sea,TE,,Sun 1:00 pm @ Was,FA,-,11,0.00,"2,175","1,002",0%,-,-,-,-,-,-,-,-,-,-,-,-,-
Ben Yurosek,42434,Min,TE,IR,Sun 4:05 pm @ TB,FA,-,6,0.00,"2,665",991,0%,-,-,-,-,-,-,-,-,-,-,-,-,-
Jacardia Wright,42357,Sea,RB,NA,Sun 1:00 pm @ Was,FA,-,11,0.00,"2,545",964,0%,-,-,-,-,-,-,-,-,-,-,-,-,-
Carter Runyon,42433,LV,TE,IR-R,Sun 4:25 pm @ NO,FA,-,13,0.00,"2,685",989,0%,-,-,-,-,-,-,-,-,-,-,-,-,-
Xavier Restrepo,42368,Ten,WR,NA,Sun 1:00 pm @ NYG,FA,-,9,0.00,"2,294",968,0%,-,-,-,-,-,-,-,-,-,-,-,-,-
Tre Watson,42430,Mia,TE,NA,Sun 1:00 pm vs KC,FA,-,6,0.00,"2,148",988,0%,-,-,-,-,-,-,-,-,-,-,-,-,-
Zach Horton,42420,Det,TE,NA,Sun 1:00 pm vs NYJ,FA,-,6,0.00,"2,199",984,0%,-,-,-,-,-,-,-,-,-,-,-,-,-
Isaiah Neyor,42385,GB,WR,NA,Thu 8:15 pm vs Atl,FA,-,11,0.00,"2,429",974,0%,-,-,-,-,-,-,-,-,-,-,-,-,-
ShunDerrick Powell,42460,Phi,RB,NA,Mon 8:15 pm @ Chi,FA,-,10,0.00,"2,560",999,0%,-,-,-,-,-,-,-,-,-,-,-,-,-
Mario Williams,42326,LAR,WR,NA,Sun 8:20 pm @ Den,FA,-,11,0.00,"2,353",953,0%,-,-,-,-,-,-,-,-,-,-,-,-,-
Mitch Van Vooren,42547,NE,TE,NA,Sun 1:00 pm @ Jax,FA,-,11,0.00,"2,146","1,030",0%,-,-,-,-,-,-,-,-,-,-,-,-,-
Ja'Kobi Lane,42702,Bal,WR,IR,Sun 4:25 pm @ Dal,FA,-,13,0.00,231,"1,073",11%,-,-,-,-,-,-,-,-,-,-,-,-,-
CJ Dippre,42291,TB,TE,NA,Sun 4:05 pm vs Min,FA,-,10,0.00,"2,126",936,0%,-,-,-,-,-,-,-,-,-,-,-,-,-
Lucas Scott,42531,Bal,RB,NA,Sun 4:25 pm @ Dal,FA,-,13,0.00,"2,532","1,026",0%,-,-,-,-,-,-,-,-,-,-,-,-,-
Kyrese Rowan,42527,NO,WR,NA,Sun 4:25 pm vs LV,FA,-,8,0.00,"2,384","1,025",0%,-,-,-,-,-,-,-,-,-,-,-,-,-
Brock Lampe,42293,Buf,RB,NA,Sun 1:00 pm vs LAC,FA,-,7,0.00,"2,556",938,0%,-,-,-,-,-,-,-,-,-,-,-,-,-
Drake Dabney,42523,GB,TE,NA,Thu 8:15 pm vs Atl,FA,-,11,0.00,"2,191","1,023",0%,-,-,-,-,-,-,-,-,-,-,-,-,-
Dalevon Campbell,42519,LAC,WR,NA,Sun 1:00 pm @ Buf,FA,-,7,0.00,"2,424","1,021",0%,-,-,-,-,-,-,-,-,-,-,-,-,-
Max Hurleman,42516,Pit,"WR,RB",O,Sun 1:00 pm vs Cin,FA,-,9,0.00,"2,511","1,019",0%,-,-,-,-,-,-,-,-,-,-,-,-,-
Montorie Foster Jr.,42515,Sea,WR,,Sun 1:00 pm @ Was,FA,-,11,0.00,"2,627","1,018",0%,-,-,-,-,-,-,-,-,-,-,-,-,-
Mark Redman,42323,GB,TE,,Thu 8:15 pm vs Atl,FA,-,11,0.00,"2,219",951,0%,-,-,-,-,-,-,-,-,-,-,-,-,-
Luke Floriea,42507,Cle,WR,NA,Sun 1:00 pm vs Car,FA,-,11,0.00,"2,389","1,014",0%,-,-,-,-,-,-,-,-,-,-,-,-,-
Tru Edwards,42316,LAR,WR,NA,Sun 8:20 pm @ Den,FA,-,11,0.00,"2,425",947,0%,-,-,-,-,-,-,-,-,-,-,-,-,-
Brennan Presley,42322,LAR,WR,NA,Sun 8:20 pm @ Den,FA,-,11,0.00,"2,376",950,0%,-,-,-,-,-,-,-,-,-,-,-,-,-
Ja'seem Reed,42497,Car,WR,NA,Sun 1:00 pm @ Cle,FA,-,5,0.00,"2,336","1,010",0%,-,-,-,-,-,-,-,-,-,-,-,-,-
Jimmy Holiday,42490,KC,WR,IR,Sun 1:00 pm @ Mia,FA,-,5,0.00,"2,335","1,008",0%,-,-,-,-,-,-,-,-,-,-,-,-,-
Ja'Corey Brooks,42482,Was,WR,NA,Sun 1:00 pm vs Sea,FA,-,7,0.00,"2,472","1,006",0%,-,-,-,-,-,-,-,-,-,-,-,-,-
Chris Brazzell II,42705,Car,WR,IR,Sun 1:00 pm @ Cle,FA,-,5,0.00,"2,484","1,074",0%,-,-,-,-,-,-,-,-,-,-,-,-,-
Kisean Johnson,42475,GB,WR,NA,Thu 8:15 pm vs Atl,FA,-,11,0.00,"2,380","1,005",0%,-,-,-,-,-,-,-,-,-,-,-,-,-
Roman Hemby,42941,LV,RB,NA,Sun 4:25 pm @ NO,FA,-,13,0.00,"2,591","1,157",0%,-,-,-,-,-,-,-,-,-,-,-,-,-
Joe Royer,42772,Cle,TE,NFI-R,Sun 1:00 pm vs Car,FA,-,11,0.00,"2,226","1,086",0%,-,-,-,-,-,-,-,-,-,-,-,-,-
Sahmir Hagans,43327,Ind,WR,NA,Sun 1:00 pm vs Hou,FA,-,13,0.00,"2,401",635,0%,-,-,-,-,-,-,-,-,-,-,-,-,-
Corey Rucker,43248,LV,WR,IR,Sun 4:25 pm @ NO,FA,-,13,0.00,"2,317",606,0%,-,-,-,-,-,-,-,-,-,-,-,-,-
Jacob De Jesus,43258,KC,WR,NA,Sun 1:00 pm @ Mia,FA,-,5,0.00,"2,308",610,0%,-,-,-,-,-,-,-,-,-,-,-,-,-
Omari Evans,43261,KC,WR,NA,Sun 1:00 pm @ Mia,FA,-,5,0.00,"2,457",611,0%,-,-,-,-,-,-,-,-,-,-,-,-,-
Jaden Nixon,43265,GB,RB,NA,Thu 8:15 pm vs Atl,FA,-,11,0.00,"2,562",613,0%,-,-,-,-,-,-,-,-,-,-,-,-,-
Elijah Tau-Tolliver,43268,Bal,RB,NA,Sun 4:25 pm @ Dal,FA,-,13,0.00,"2,539",615,0%,-,-,-,-,-,-,-,-,-,-,-,-,-
Patrick Gurd,43272,LV,TE,NA,Sun 4:25 pm @ NO,FA,-,13,0.00,"2,152",616,0%,-,-,-,-,-,-,-,-,-,-,-,-,-
Xavier Loyd,43281,KC,WR,NA,Sun 1:00 pm @ Mia,FA,-,5,0.00,"2,451",620,0%,-,-,-,-,-,-,-,-,-,-,-,-,-
Jonathan Brady,43287,LV,WR,NA,Sun 4:25 pm @ NO,FA,-,13,0.00,"2,345",624,0%,-,-,-,-,-,-,-,-,-,-,-,-,-
E.J. Horton,43328,Ind,WR,NA,Sun 1:00 pm vs Hou,FA,-,13,0.00,"2,458",637,0%,-,-,-,-,-,-,-,-,-,-,-,-,-
Levi Wentz,43241,Pit,WR,NA,Sun 1:00 pm vs Cin,FA,-,9,0.00,"2,392",603,0%,-,-,-,-,-,-,-,-,-,-,-,-,-
Jordon Vaughn,43329,Ind,RB,NA,Sun 1:00 pm vs Hou,FA,-,13,0.00,"2,578",638,0%,-,-,-,-,-,-,-,-,-,-,-,-,-
Jackson Acker,43331,Buf,RB,NA,Sun 1:00 pm vs LAC,FA,-,7,0.00,"2,592",639,0%,-,-,-,-,-,-,-,-,-,-,-,-,-
Gabriel Benyard,43333,Car,WR,NA,Sun 1:00 pm @ Cle,FA,-,5,0.00,"2,351",640,0%,-,-,-,-,-,-,-,-,-,-,-,-,-
Lincoln Pare,43339,Ind,RB,NA,Sun 1:00 pm vs Hou,FA,-,13,0.00,"2,603",642,0%,-,-,-,-,-,-,-,-,-,-,-,-,-
Kentrel Bullock,43342,Cin,RB,NA,Sun 1:00 pm @ Pit,FA,-,6,0.00,"2,580",644,0%,-,-,-,-,-,-,-,-,-,-,-,-,-
Jamal Haynes,43345,Cin,RB,NA,Sun 1:00 pm @ Pit,FA,-,6,0.00,"2,586",645,0%,-,-,-,-,-,-,-,-,-,-,-,-,-
Omari Kelly,43346,Chi,WR,NA,Mon 8:15 pm vs Phi,FA,-,10,0.00,"2,390",646,0%,-,-,-,-,-,-,-,-,-,-,-,-,-
Squirrel White,43349,Chi,WR,NA,Mon 8:15 pm vs Phi,FA,-,10,0.00,"2,307",647,0%,-,-,-,-,-,-,-,-,-,-,-,-,-
Michael Briscoe,43242,Min,WR,NA,Sun 4:05 pm @ TB,FA,-,6,0.00,"2,350",604,0%,-,-,-,-,-,-,-,-,-,-,-,-,-
DeShawn Hanika,43239,Ind,TE,NA,Sun 1:00 pm vs Hou,FA,-,13,0.00,"2,166",601,0%,-,-,-,-,-,-,-,-,-,-,-,-,-
Kenny Fletcher Jr.,43357,Ind,TE,NA,Sun 1:00 pm vs Hou,FA,-,13,0.00,"2,179",649,0%,-,-,-,-,-,-,-,-,-,-,-,-,-
Desmond Reid,43185,Buf,RB,NA,Sun 1:00 pm vs LAC,FA,-,7,0.00,"2,536",587,0%,-,-,-,-,-,-,-,-,-,-,-,-,-
Chase Curtis,43164,NYJ,TE,NA,Sun 1:00 pm @ Det,FA,-,13,0.00,"2,182",573,0%,-,-,-,-,-,-,-,-,-,-,-,-,-
Caullin Lacy,43165,NYJ,WR,NA,Sun 1:00 pm @ Det,FA,-,13,0.00,"2,368",574,0%,-,-,-,-,-,-,-,-,-,-,-,-,-
Mekhi Mews,43166,NO,WR,NA,Sun 4:25 pm vs LV,FA,-,8,0.00,"2,330",575,0%,-,-,-,-,-,-,-,-,-,-,-,-,-
Kevorian Barnes,43168,NYG,RB,NA,Sun 1:00 pm vs Ten,FA,-,8,0.00,"2,585",577,0%,-,-,-,-,-,-,-,-,-,-,-,-,-
Jack Velling,43178,Atl,TE,NA,Thu 8:15 pm @ GB,FA,-,11,0.00,"2,216",580,0%,-,-,-,-,-,-,-,-,-,-,-,-,-
Octavian Smith Jr.,43180,Bal,WR,NA,Sun 4:25 pm @ Dal,FA,-,13,0.00,"2,387",581,0%,-,-,-,-,-,-,-,-,-,-,-,-,-
Cortez Braham Jr.,43181,Bal,WR,NA,Sun 4:25 pm @ Dal,FA,-,13,0.00,"2,302",583,0%,-,-,-,-,-,-,-,-,-,-,-,-,-
Dontae McMillan,43182,Bal,RB,NA,Sun 4:25 pm @ Dal,FA,-,13,0.00,"2,599",584,0%,-,-,-,-,-,-,-,-,-,-,-,-,-
Coleman Bennett,43187,Mia,RB,NA,Sun 1:00 pm vs KC,FA,-,6,0.00,"2,571",588,0%,-,-,-,-,-,-,-,-,-,-,-,-,-
Chip Trayanum,43213,NYJ,RB,IR,Sun 1:00 pm @ Det,FA,-,13,0.00,"2,572",598,0%,-,-,-,-,-,-,-,-,-,-,-,-,-
Dane Key,43188,Den,WR,NA,Sun 8:20 pm vs LAR,FA,-,10,0.00,"2,323",589,0%,-,-,-,-,-,-,-,-,-,-,-,-,-
Sean Brown,43192,Den,WR,NA,Sun 8:20 pm vs LAR,FA,-,10,0.00,"2,448",590,0%,-,-,-,-,-,-,-,-,-,-,-,-,-
Jalen Walthall,43193,NYJ,WR,NA,Sun 1:00 pm @ Det,FA,-,13,0.00,"2,407",591,0%,-,-,-,-,-,-,-,-,-,-,-,-,-
Daniel Sobkowicz,43195,Hou,WR,NA,Sun 1:00 pm @ Ind,FA,-,8,0.00,"2,373",592,0%,-,-,-,-,-,-,-,-,-,-,-,-,-
Treyvhon Saunders,43196,Hou,WR,NA,Sun 1:00 pm @ Ind,FA,-,8,0.00,"2,414",593,0%,-,-,-,-,-,-,-,-,-,-,-,-,-
Noah Whittington,43197,Hou,RB,NA,Sun 1:00 pm @ Ind,FA,-,8,0.00,"2,613",594,0%,-,-,-,-,-,-,-,-,-,-,-,-,-
Quentin Moore,43206,Was,TE,NA,Sun 1:00 pm vs Sea,FA,-,7,0.00,"2,205",595,0%,-,-,-,-,-,-,-,-,-,-,-,-,-
Sam Scott,43209,NYJ,RB,NA,Sun 1:00 pm @ Det,FA,-,13,0.00,"2,553",596,0%,-,-,-,-,-,-,-,-,-,-,-,-,-
Jameson Geers,43212,Ari,TE,IR,Sun 4:05 pm @ SF,FA,-,14,0.00,"2,196",597,0%,-,-,-,-,-,-,-,-,-,-,-,-,-
Damon Bankston,43354,GB,RB,,Thu 8:15 pm vs Atl,FA,-,11,0.00,"2,542",648,0%,-,-,-,-,-,-,-,-,-,-,-,-,-
Nick DeGennaro,43363,NE,WR,NA,Sun 1:00 pm @ Jax,FA,-,11,0.00,"2,327",650,0%,-,-,-,-,-,-,-,-,-,-,-,-,-
Malik McClain,43159,NYJ,WR,,Sun 1:00 pm @ Det,FA,-,13,0.00,"2,462",571,0%,-,-,-,-,-,-,-,-,-,-,-,-,-
Liam Clifford,43465,LAC,WR,NA,Sun 1:00 pm @ Buf,FA,-,7,0.00,"2,326",702,0%,-,-,-,-,-,-,-,-,-,-,-,-,-
Miles Davis,43445,Car,RB,NA,Sun 1:00 pm @ Cle,FA,-,5,0.00,"2,594",692,0%,-,-,-,-,-,-,-,-,-,-,-,-,-
Heinrich Haarberg,43449,Car,TE,NA,Sun 1:00 pm @ Cle,FA,-,5,0.00,"2,200",694,0%,-,-,-,-,-,-,-,-,-,-,-,-,-
Brandon Hayes,43451,Phi,WR,NA,Mon 8:15 pm @ Chi,FA,-,10,0.00,"2,337",695,0%,-,-,-,-,-,-,-,-,-,-,-,-,-
Louis Hansen,43457,Hou,TE,NA,Sun 1:00 pm @ Ind,FA,-,8,0.00,"2,185",696,0%,-,-,-,-,-,-,-,-,-,-,-,-,-
Kyre Duplessis,43458,Den,WR,NA,Sun 8:20 pm vs LAR,FA,-,10,0.00,"2,356",697,0%,-,-,-,-,-,-,-,-,-,-,-,-,-
Malick Meiga,43460,Sea,WR,NA,Sun 1:00 pm @ Was,FA,-,11,0.00,"2,469",699,0%,-,-,-,-,-,-,-,-,-,-,-,-,-
Jeremiah Franklin,43463,Mia,TE,NA,Sun 1:00 pm vs KC,FA,-,6,0.00,"2,206",700,0%,-,-,-,-,-,-,-,-,-,-,-,-,-
Tyler Moore,43464,Ind,TE,NA,Sun 1:00 pm vs Hou,FA,-,13,0.00,"2,231",701,0%,-,-,-,-,-,-,-,-,-,-,-,-,-
Roydell Williams,43466,Det,RB,NA,Sun 1:00 pm vs NYJ,FA,-,6,0.00,"2,569",704,0%,-,-,-,-,-,-,-,-,-,-,-,-,-
Terrill Davis,43442,Min,WR,NA,Sun 4:05 pm @ TB,FA,-,6,0.00,"2,366",689,0%,-,-,-,-,-,-,-,-,-,-,-,-,-
Jeff Weimer,43469,KC,WR,NA,Sun 1:00 pm @ Mia,FA,-,5,0.00,"2,394",706,0%,-,-,-,-,-,-,-,-,-,-,-,-,-
Drew Biber,43470,Cle,TE,NA,Sun 1:00 pm vs Car,FA,-,11,0.00,"2,192",707,0%,-,-,-,-,-,-,-,-,-,-,-,-,-
Connor Hulstein,43471,NYJ,TE,NA,Sun 1:00 pm @ Det,FA,-,13,0.00,"2,140",708,0%,-,-,-,-,-,-,-,-,-,-,-,-,-
Grant Finley,43473,NYG,RB,NA,Sun 1:00 pm vs Ten,FA,-,8,0.00,"2,593",709,0%,-,-,-,-,-,-,-,-,-,-,-,-,-
Justin Jones,43478,Sea,RB,NA,Sun 1:00 pm @ Was,FA,-,11,0.00,"2,546",711,0%,-,-,-,-,-,-,-,-,-,-,-,-,-
Barika Kpeenu,43482,TB,RB,NA,Sun 4:05 pm vs Min,FA,-,10,0.00,"2,601",712,0%,-,-,-,-,-,-,-,-,-,-,-,-,-
Alex Tecza,43609,Pit,RB,NA,Sun 1:00 pm vs Cin,FA,-,9,0.00,"2,538",730,0%,-,-,-,-,-,-,-,-,-,-,-,-,-
Matthew Henry,43615,TB,WR,NA,Sun 4:05 pm vs Min,FA,-,10,0.00,"2,419",734,0%,-,-,-,-,-,-,-,-,-,-,-,-,-
Anderson Castle,43443,Ind,RB,NA,Sun 1:00 pm vs Hou,FA,-,13,0.00,"2,616",690,0%,-,-,-,-,-,-,-,-,-,-,-,-,-
Mante Morrow,43441,LAC,WR,NA,Sun 1:00 pm @ Buf,FA,-,7,0.00,"2,374",688,0%,-,-,-,-,-,-,-,-,-,-,-,-,-
Cameron Dorner,43364,NE,WR,NA,Sun 1:00 pm @ Jax,FA,-,11,0.00,"2,375",651,0%,-,-,-,-,-,-,-,-,-,-,-,-,-
Rodney Hammond Jr.,43399,Den,RB,NA,Sun 8:20 pm vs LAR,FA,-,10,0.00,"2,611",666,0%,-,-,-,-,-,-,-,-,-,-,-,-,-
Myles Montgomery,43367,NE,RB,IR,Sun 1:00 pm @ Jax,FA,-,11,0.00,"2,533",652,0%,-,-,-,-,-,-,-,-,-,-,-,-,-
Jimmy Kibble,43368,NE,WR,NA,Sun 1:00 pm @ Jax,FA,-,11,0.00,"2,354",653,0%,-,-,-,-,-,-,-,-,-,-,-,-,-
Le'Meke Brockington,43376,Atl,WR,NA,Thu 8:15 pm @ GB,FA,-,11,0.00,"2,426",655,0%,-,-,-,-,-,-,-,-,-,-,-,-,-
Keelan Marion,43377,Atl,WR,NA,Thu 8:15 pm @ GB,FA,-,11,0.00,"2,464",656,0%,-,-,-,-,-,-,-,-,-,-,-,-,-
Brandon Frazier,43379,Atl,TE,NA,Thu 8:15 pm @ GB,FA,-,11,0.00,"2,170",658,0%,-,-,-,-,-,-,-,-,-,-,-,-,-
Kolbe Katsis,43382,Den,WR,NA,Sun 8:20 pm vs LAR,FA,-,10,0.00,"2,352",660,0%,-,-,-,-,-,-,-,-,-,-,-,-,-
Stone Eby,43391,Den,TE,NA,Sun 8:20 pm vs LAR,FA,-,10,0.00,"2,169",661,0%,-,-,-,-,-,-,-,-,-,-,-,-,-
Julius Davis,43392,Den,RB,NA,Sun 8:20 pm vs LAR,FA,-,10,0.00,"2,541",663,0%,-,-,-,-,-,-,-,-,-,-,-,-,-
Trent Howland,43406,Den,RB,NA,Sun 8:20 pm vs LAR,FA,-,10,0.00,"2,566",671,0%,-,-,-,-,-,-,-,-,-,-,-,-,-
Rashad Rochelle,43440,Sea,WR,NA,Sun 1:00 pm @ Was,FA,-,11,0.00,"2,405",687,0%,-,-,-,-,-,-,-,-,-,-,-,-,-
Tommy Thomas,43408,Den,WR,NA,Sun 8:20 pm vs LAR,FA,-,10,0.00,"2,322",672,0%,-,-,-,-,-,-,-,-,-,-,-,-,-
Brett Weaver,43412,Den,TE,NA,Sun 8:20 pm vs LAR,FA,-,10,0.00,"2,177",674,0%,-,-,-,-,-,-,-,-,-,-,-,-,-
Jordan Nubin,43417,Den,RB,NA,Sun 8:20 pm vs LAR,FA,-,10,0.00,"2,573",676,0%,-,-,-,-,-,-,-,-,-,-,-,-,-
Dean Patterson IV,43423,TB,WR,NA,Sun 4:05 pm vs Min,FA,-,10,0.00,"2,455",678,0%,-,-,-,-,-,-,-,-,-,-,-,-,-
Kadarius Calloway,43424,TB,RB,NA,Sun 4:05 pm vs Min,FA,-,10,0.00,"2,543",679,0%,-,-,-,-,-,-,-,-,-,-,-,-,-
Kyron Hudson,43432,Chi,WR,NA,Mon 8:15 pm vs Phi,FA,-,10,0.00,"2,320",681,0%,-,-,-,-,-,-,-,-,-,-,-,-,-
Johnny Pascuzzi,43433,LAC,TE,NA,Sun 1:00 pm @ Buf,FA,-,7,0.00,"2,139",682,0%,-,-,-,-,-,-,-,-,-,-,-,-,-
Brock Rechsteiner,43435,NO,WR,SUSP,Sun 4:25 pm vs LV,FA,-,8,0.00,"2,450",683,0%,-,-,-,-,-,-,-,-,-,-,-,-,-
Trayvon Rudolph,43439,Min,WR,NA,Sun 4:05 pm @ TB,FA,-,6,0.00,"2,297",686,0%,-,-,-,-,-,-,-,-,-,-,-,-,-
Cody Hardy,43161,NYJ,TE,NA,Sun 1:00 pm @ Det,FA,-,13,0.00,"2,214",572,0%,-,-,-,-,-,-,-,-,-,-,-,-,-
DT Sheffield,43158,NYJ,WR,NA,Sun 1:00 pm @ Det,FA,-,13,0.00,"2,361",570,0%,-,-,-,-,-,-,-,-,-,-,-,-,-
Adam Randall,42780,Bal,RB,IR-R,Sun 4:25 pm @ Dal,FA,-,13,0.00,299,"1,087",1%,-,-,-,-,-,-,-,-,-,-,-,-,-
Ethan Conner,42965,Mia,TE,NA,Sun 1:00 pm vs KC,FA,-,6,0.00,"2,220","1,169",0%,-,-,-,-,-,-,-,-,-,-,-,-,-
Jerand Bradley,42936,LAC,TE,NA,Sun 1:00 pm @ Buf,FA,-,7,0.00,"2,183","1,154",0%,-,-,-,-,-,-,-,-,-,-,-,-,-
Luke Wysong,42938,Min,WR,NA,Sun 4:05 pm @ TB,FA,-,6,0.00,"2,311","1,155",0%,-,-,-,-,-,-,-,-,-,-,-,-,-
Joshua Simon,42186,Atl,TE,NA,Thu 8:15 pm @ GB,FA,-,11,0.00,"2,165",867,0%,-,-,-,-,-,-,-,-,-,-,-,-,-
Ben Patterson,42949,Cle,WR,NA,Sun 1:00 pm vs Car,FA,-,11,0.00,"2,471","1,161",0%,-,-,-,-,-,-,-,-,-,-,-,-,-
Michael Wortham,42950,Jax,WR,NA,Sun 1:00 pm vs NE,FA,-,7,0.00,"2,357","1,162",0%,-,-,-,-,-,-,-,-,-,-,-,-,-
Trebor Pena,42951,Jax,WR,NA,Sun 1:00 pm vs NE,FA,-,7,0.00,"2,314","1,163",0%,-,-,-,-,-,-,-,-,-,-,-,-,-
Alex Bullock,42957,Jax,WR,NA,Sun 1:00 pm vs NE,FA,-,7,0.00,"2,478","1,165",0%,-,-,-,-,-,-,-,-,-,-,-,-,-
Brady Boyd,42959,Jax,WR,NA,Sun 1:00 pm vs NE,FA,-,7,0.00,"2,362","1,166",0%,-,-,-,-,-,-,-,-,-,-,-,-,-
Will Pauling,42969,SF,WR,NA,Sun 4:05 pm vs Ari,FA,-,8,0.00,"2,483","1,171",0%,-,-,-,-,-,-,-,-,-,-,-,-,-
Evan Svoboda,42927,LAC,TE,NA,Sun 1:00 pm @ Buf,FA,-,7,0.00,"2,129","1,150",0%,-,-,-,-,-,-,-,-,-,-,-,-,-
Wesley Grimes,42970,SF,WR,NA,Sun 4:05 pm vs Ari,FA,-,8,0.00,"2,303","1,173",0%,-,-,-,-,-,-,-,-,-,-,-,-,-
Khalil Dinkins,42972,SF,TE,NA,Sun 4:05 pm vs Ari,FA,-,8,0.00,"2,164","1,174",0%,-,-,-,-,-,-,-,-,-,-,-,-,-
Marcus Burke,42975,Ten,WR,NA,Sun 1:00 pm @ NYG,FA,-,9,0.00,"2,385","1,177",0%,-,-,-,-,-,-,-,-,-,-,-,-,-
Trent Battle,42978,Atl,RB,NA,Thu 8:15 pm @ GB,FA,-,11,0.00,"2,555","1,179",0%,-,-,-,-,-,-,-,-,-,-,-,-,-
Harrison Wallace III,42979,Ari,WR,NA,Sun 4:05 pm @ SF,FA,-,14,0.00,"2,403","1,180",0%,-,-,-,-,-,-,-,-,-,-,-,-,-
Robert Henry Jr.,42986,Was,RB,NA,Sun 1:00 pm vs Sea,FA,-,7,0.00,"2,608","1,182",0%,-,-,-,-,-,-,-,-,-,-,-,-,-
Chris Hilton Jr.,42987,GB,WR,NA,Thu 8:15 pm vs Atl,FA,-,11,0.00,"2,408","1,183",0%,-,-,-,-,-,-,-,-,-,-,-,-,-
Eric Rivers Jr.,42990,TB,WR,NA,Sun 4:05 pm vs Min,FA,-,10,0.00,"2,449","1,184",0%,-,-,-,-,-,-,-,-,-,-,-,-,-
Devonte Ross,42930,LAC,WR,NA,Sun 1:00 pm @ Buf,FA,-,7,0.00,"2,367","1,151",0%,-,-,-,-,-,-,-,-,-,-,-,-,-
Sincere Brown,42925,LAC,WR,NA,Sun 1:00 pm @ Buf,FA,-,7,0.00,"2,378","1,149",0%,-,-,-,-,-,-,-,-,-,-,-,-,-
Vinny Anthony II,42996,Atl,WR,NA,Thu 8:15 pm @ GB,FA,-,11,0.00,"2,296","1,187",0%,-,-,-,-,-,-,-,-,-,-,-,-,-
Cash Jones,42881,Atl,RB,NA,Thu 8:15 pm @ GB,FA,-,11,0.00,"2,547","1,119",0%,-,-,-,-,-,-,-,-,-,-,-,-,-
Kendrick Law,42798,Det,WR,IR,Sun 1:00 pm vs NYJ,FA,-,6,0.00,"2,309","1,091",0%,-,-,-,-,-,-,-,-,-,-,-,-,-
E. Henderson Jr.,42821,Sea,WR,NA,Sun 1:00 pm @ Was,FA,-,11,0.00,"2,442","1,098",0%,-,-,-,-,-,-,-,-,-,-,-,-,-
CJ Williams,42825,Jax,WR,,Sun 1:00 pm vs NE,FA,-,7,0.00,"2,474","1,100",0%,-,-,-,-,-,-,-,-,-,-,-,-,-
Lewis Bond,42826,Hou,WR,NA,Sun 1:00 pm @ Ind,FA,-,8,0.00,"2,360","1,101",0%,-,-,-,-,-,-,-,-,-,-,-,-,-
Anthony Smith,42840,Dal,WR,NA,Sun 4:25 pm vs Bal,FA,-,14,0.00,"2,468","1,106",0%,-,-,-,-,-,-,-,-,-,-,-,-,-
Jaren Kanak,42847,Ten,TE,IR,Sun 1:00 pm @ NYG,FA,-,9,0.00,"2,181","1,109",0%,-,-,-,-,-,-,-,-,-,-,-,-,-
Jam Miller,42867,NE,RB,NA,Sun 1:00 pm @ Jax,FA,-,11,0.00,"2,610","1,116",0%,-,-,-,-,-,-,-,-,-,-,-,-,-
Jeff Caldwell,42880,KC,WR,IR,Sun 1:00 pm @ Mia,FA,-,5,0.00,"2,626","1,118",0%,-,-,-,-,-,-,-,-,-,-,-,-,-
J'Mari Taylor,42882,Jax,RB,NA,Sun 1:00 pm vs NE,FA,-,7,0.00,"2,609","1,120",0%,-,-,-,-,-,-,-,-,-,-,-,-,-
Gregory Desrosiers,42922,LAC,RB,NA,Sun 1:00 pm @ Buf,FA,-,7,0.00,"2,568","1,147",0%,-,-,-,-,-,-,-,-,-,-,-,-,-
Dae'Quan Wright,42885,Cle,TE,NA,Sun 1:00 pm vs Car,FA,-,11,0.00,"2,223","1,122",0%,-,-,-,-,-,-,-,-,-,-,-,-,-
Michael Trigg,42887,Dal,TE,NA,Sun 4:25 pm vs Bal,FA,-,14,0.00,"2,162","1,123",0%,-,-,-,-,-,-,-,-,-,-,-,-,-
Le'Veon Moss,42890,Mia,RB,NA,Sun 1:00 pm vs KC,FA,-,6,0.00,"2,548","1,124",0%,-,-,-,-,-,-,-,-,-,-,-,-,-
Jaydn Ott,42895,KC,RB,NA,Sun 1:00 pm @ Mia,FA,-,5,0.00,"2,563","1,127",0%,-,-,-,-,-,-,-,-,-,-,-,-,-
Tyren Montgomery,42896,Ten,WR,NA,Sun 1:00 pm @ NYG,FA,-,9,0.00,"2,310","1,128",0%,-,-,-,-,-,-,-,-,-,-,-,-,-
Kejon Owens,42912,Min,RB,NA,Sun 4:05 pm @ TB,FA,-,6,0.00,"2,600","1,139",0%,-,-,-,-,-,-,-,-,-,-,-,-,-
Marcus Sanders Jr.,42913,Min,WR,NA,Sun 4:05 pm @ TB,FA,-,6,0.00,"2,400","1,140",0%,-,-,-,-,-,-,-,-,-,-,-,-,-
Dillon Bell,42914,Min,WR,NA,Sun 4:05 pm @ TB,FA,-,6,0.00,"2,445","1,141",0%,-,-,-,-,-,-,-,-,-,-,-,-,-
Shaleak Knotts,42917,Min,WR,NA,Sun 4:05 pm @ TB,FA,-,6,0.00,"2,305","1,144",0%,-,-,-,-,-,-,-,-,-,-,-,-,-
Noah Short,42991,TB,WR,NA,Sun 4:05 pm vs Min,FA,-,10,0.00,"2,412","1,186",0%,-,-,-,-,-,-,-,-,-,-,-,-,-
Malik Rutherford,42998,Atl,WR,NA,Thu 8:15 pm @ GB,FA,-,11,0.00,"2,371","1,188",0%,-,-,-,-,-,-,-,-,-,-,-,-,-
Kyle Dixon,43155,NE,WR,NA,Sun 1:00 pm @ Jax,FA,-,11,0.00,"2,435",569,0%,-,-,-,-,-,-,-,-,-,-,-,-,-
Terion Stewart,43119,KC,RB,NA,Sun 1:00 pm @ Mia,FA,-,5,0.00,"2,612",545,0%,-,-,-,-,-,-,-,-,-,-,-,-,-
Jaden Bradley,43092,Was,WR,NA,Sun 1:00 pm vs Sea,FA,-,7,0.00,"2,355",526,0%,-,-,-,-,-,-,-,-,-,-,-,-,-
Hank Beatty,43094,Ten,WR,NA,Sun 1:00 pm @ NYG,FA,-,9,0.00,"2,313",529,0%,-,-,-,-,-,-,-,-,-,-,-,-,-
Joshua Pitsenberger,43098,Hou,RB,NA,Sun 1:00 pm @ Ind,FA,-,8,0.00,"2,598",530,0%,-,-,-,-,-,-,-,-,-,-,-,-,-
Raylen Sharpe,43102,Ind,WR,NA,Sun 1:00 pm vs Hou,FA,-,13,0.00,"2,344",531,0%,-,-,-,-,-,-,-,-,-,-,-,-,-
Ademola Faleye,43109,TB,TE,NA,Sun 4:05 pm vs Min,FA,-,10,0.00,"2,144",534,0%,-,-,-,-,-,-,-,-,-,-,-,-,-
Al-Jay Henderson,43110,NYJ,RB,NA,Sun 1:00 pm @ Det,FA,-,13,0.00,"2,544",536,0%,-,-,-,-,-,-,-,-,-,-,-,-,-
EJ Smith,43115,KC,RB,NA,Sun 1:00 pm @ Mia,FA,-,5,0.00,"2,615",542,0%,-,-,-,-,-,-,-,-,-,-,-,-,-
J. Michael Gyllenborg,43116,KC,TE,IR,Sun 1:00 pm @ Mia,FA,-,5,0.00,"2,207",543,0%,-,-,-,-,-,-,-,-,-,-,-,-,-
Chase Roberts,43126,LV,WR,NA,Sun 4:25 pm @ NO,FA,-,13,0.00,"2,440",547,0%,-,-,-,-,-,-,-,-,-,-,-,-,-
Eni Falayi,43088,GB,TE,NA,Thu 8:15 pm vs Atl,FA,-,11,0.00,"2,151",523,0%,-,-,-,-,-,-,-,-,-,-,-,-,-
E.J. Williams Jr.,43129,Car,WR,NA,Sun 1:00 pm @ Cle,FA,-,5,0.00,"2,342",551,0%,-,-,-,-,-,-,-,-,-,-,-,-,-
Matt Lauter,43130,Min,TE,NA,Sun 4:05 pm @ TB,FA,-,6,0.00,"2,160",552,0%,-,-,-,-,-,-,-,-,-,-,-,-,-
Dan Villari,43138,LAR,TE,NA,Sun 8:20 pm @ Den,FA,-,11,0.00,"2,190",556,0%,-,-,-,-,-,-,-,-,-,-,-,-,-
Rohan Jones,43139,LAR,TE,NA,Sun 8:20 pm @ Den,FA,-,11,0.00,"2,213",557,0%,-,-,-,-,-,-,-,-,-,-,-,-,-
Dean Connors,43140,LAR,RB,NA,Sun 8:20 pm @ Den,FA,-,11,0.00,"2,549",558,0%,-,-,-,-,-,-,-,-,-,-,-,-,-
Donaven McCulley,43147,Mia,WR,NA,Sun 1:00 pm vs KC,FA,-,6,0.00,"2,432",562,0%,-,-,-,-,-,-,-,-,-,-,-,-,-
Anthony Hankerson,43149,Sea,RB,NA,Sun 1:00 pm @ Was,FA,-,11,0.00,"2,619",564,0%,-,-,-,-,-,-,-,-,-,-,-,-,-
Romello Brinson,43150,Dal,WR,NA,Sun 4:25 pm vs Bal,FA,-,14,0.00,"2,399",565,0%,-,-,-,-,-,-,-,-,-,-,-,-,-
Tanner Arkin,43152,NE,TE,,Sun 1:00 pm @ Jax,FA,-,11,0.00,"2,138",567,0%,-,-,-,-,-,-,-,-,-,-,-,-,-
Isaiah Jacobs,43090,GB,RB,NA,Thu 8:15 pm vs Atl,FA,-,11,0.00,"2,602",524,0%,-,-,-,-,-,-,-,-,-,-,-,-,-
RJ Maryland,43087,GB,TE,NA,Thu 8:15 pm vs Atl,FA,-,11,0.00,"2,127",522,0%,-,-,-,-,-,-,-,-,-,-,-,-,-
Ty Pezza,43002,Bal,TE,NA,Sun 4:25 pm @ Dal,FA,-,13,0.00,"2,186","1,190",0%,-,-,-,-,-,-,-,-,-,-,-,-,-
Lake McRee,43036,Pit,TE,NA,Sun 1:00 pm vs Cin,FA,-,9,0.00,"2,194",501,0%,-,-,-,-,-,-,-,-,-,-,-,-,-
Lance Mason,43012,Pit,TE,NA,Sun 1:00 pm vs Cin,FA,-,9,0.00,"2,133",488,0%,-,-,-,-,-,-,-,-,-,-,-,-,-
Ja'Mori Maclin,43013,Buf,WR,NA,Sun 1:00 pm vs LAC,FA,-,7,0.00,"2,443",489,0%,-,-,-,-,-,-,-,-,-,-,-,-,-
Max Tomczak,43015,Buf,WR,NA,Sun 1:00 pm vs LAC,FA,-,7,0.00,"2,365",490,0%,-,-,-,-,-,-,-,-,-,-,-,-,-
Kobe Prentice,43022,NE,WR,NA,Sun 1:00 pm @ Jax,FA,-,11,0.00,"2,396",491,0%,-,-,-,-,-,-,-,-,-,-,-,-,-
Hayden Large,43027,Chi,TE,IR,Mon 8:15 pm vs Phi,FA,-,10,0.00,"2,184",495,0%,-,-,-,-,-,-,-,-,-,-,-,-,-
Noah Thomas,43033,Cin,WR,NA,Sun 1:00 pm @ Pit,FA,-,6,0.00,"2,439",497,0%,-,-,-,-,-,-,-,-,-,-,-,-,-
Dominic Richardson,43034,NYJ,RB,NA,Sun 1:00 pm @ Det,FA,-,13,0.00,"2,535",498,0%,-,-,-,-,-,-,-,-,-,-,-,-,-
Chamon Metayer,43035,Car,TE,NA,Sun 1:00 pm @ Cle,FA,-,5,0.00,"2,141",500,0%,-,-,-,-,-,-,-,-,-,-,-,-,-
TJ Harden,43051,Sea,RB,NA,Sun 1:00 pm @ Was,FA,-,11,0.00,"2,583",504,0%,-,-,-,-,-,-,-,-,-,-,-,-,-
J. Michael Sturdivant,43085,GB,WR,,Thu 8:15 pm vs Atl,FA,-,11,0.00,"2,630",520,0%,-,-,-,-,-,-,-,-,-,-,-,-,-
Aaron Anderson,43052,Cle,WR,NA,Sun 1:00 pm vs Car,FA,-,11,0.00,"2,383",505,0%,-,-,-,-,-,-,-,-,-,-,-,-,-
DJ Rogers,43055,Dal,TE,IR,Sun 4:25 pm vs Bal,FA,-,14,0.00,"2,135",506,0%,-,-,-,-,-,-,-,-,-,-,-,-,-
Josh Kattus,43058,Cin,TE,NA,Sun 1:00 pm @ Pit,FA,-,6,0.00,"2,193",508,0%,-,-,-,-,-,-,-,-,-,-,-,-,-
Davon Booth,43060,Ind,RB,NA,Sun 1:00 pm vs Hou,FA,-,13,0.00,"2,590",509,0%,-,-,-,-,-,-,-,-,-,-,-,-,-
Jordan Hudson,43061,Dal,WR,NA,Sun 4:25 pm vs Bal,FA,-,14,0.00,"2,479",510,0%,-,-,-,-,-,-,-,-,-,-,-,-,-
Kole Wilson,43066,Cle,WR,NA,Sun 1:00 pm vs Car,FA,-,11,0.00,"2,436",512,0%,-,-,-,-,-,-,-,-,-,-,-,-,-
Cameron Ross,43069,Den,WR,NA,Sun 8:20 pm vs LAR,FA,-,10,0.00,"2,430",514,0%,-,-,-,-,-,-,-,-,-,-,-,-,-
Joseph Manjack,43076,Den,WR,NA,Sun 8:20 pm vs LAR,FA,-,10,0.00,"2,382",516,0%,-,-,-,-,-,-,-,-,-,-,-,-,-
Miles Kitselman,43082,Det,TE,NA,Sun 1:00 pm vs NYJ,FA,-,6,0.00,"2,187",519,0%,-,-,-,-,-,-,-,-,-,-,-,-,-
Quincy Skinner Jr.,42187,GB,WR,NA,Thu 8:15 pm vs Atl,FA,-,11,0.00,"2,446",869,0%,-,-,-,-,-,-,-,-,-,-,-,-,-
Marcedes Lewis,7777,Den,TE,NA,Sun 8:20 pm vs LAR,FA,-,10,0.00,"2,134","1,043",0%,-,-,-,-,-,-,-,-,-,-,-,-,-
Nick Nash,42185,Was,WR,NA,Sun 1:00 pm vs Sea,FA,-,7,0.00,"2,346",866,0%,-,-,-,-,-,-,-,-,-,-,-,-,-
Austin Trammell,33745,Jax,WR,NA,Sun 1:00 pm vs NE,FA,-,7,0.00,"2,712",785,0%,-,-,-,-,-,-,-,-,-,-,-,-,-
Gary Brightwell,33584,Cin,RB,NA,Sun 1:00 pm @ Pit,FA,-,6,0.00,"2,561",762,0%,-,-,-,-,-,-,-,-,-,-,-,-,-
Khalil Herbert,33605,Atl,RB,NA,Thu 8:15 pm @ GB,FA,-,11,0.00,"2,764",764,0%,-,-,-,-,-,-,-,-,-,-,-,-,-
Jermar Jefferson,33644,Min,RB,NA,Sun 4:05 pm @ TB,FA,-,6,0.00,"2,596",769,0%,-,-,-,-,-,-,-,-,-,-,-,-,-
Tim Jones,33649,Jax,WR,NA,Sun 1:00 pm vs NE,FA,-,7,0.00,"2,526",770,0%,-,-,-,-,-,-,-,-,-,-,-,-,-
Kenny Yeboah,33705,Ari,TE,NA,Sun 4:05 pm @ SF,FA,-,14,0.00,"2,245",777,0%,-,-,-,-,-,-,-,-,-,-,-,-,-
Jaret Patterson,33706,Min,RB,NA,Sun 4:05 pm @ TB,FA,-,6,0.00,"2,488",778,0%,-,-,-,-,-,-,-,-,-,-,-,-,-
Brandon Smith,33710,Pit,WR,NA,Sun 1:00 pm vs Cin,FA,-,9,0.00,"2,427",779,0%,-,-,-,-,-,-,-,-,-,-,-,-,-
Tarik Black,33797,Det,WR,NA,Sun 1:00 pm vs NYJ,FA,-,6,0.00,"2,447",795,0%,-,-,-,-,-,-,-,-,-,-,-,-,-
Cornell Powell,33569,Pit,WR,NA,Sun 1:00 pm vs Cin,FA,-,9,0.00,"2,339",760,0%,-,-,-,-,-,-,-,-,-,-,-,-,-
Shane Zylstra,33803,NE,TE,NA,Sun 1:00 pm @ Jax,FA,-,11,0.00,"2,233",797,0%,-,-,-,-,-,-,-,-,-,-,-,-,-
DJ Turner,33813,LV,WR,NA,Sun 4:25 pm @ NO,FA,-,13,0.00,"2,491",799,0%,-,-,-,-,-,-,-,-,-,-,-,-,-
Jack Stoll,33891,SF,TE,NA,Sun 4:05 pm vs Ari,FA,-,8,0.00,"2,632",823,0%,-,-,-,-,-,-,-,-,-,-,-,-,-
Adam Prentice,33901,Den,RB,NA,Sun 8:20 pm vs LAR,FA,-,10,0.00,"2,793",830,0%,-,-,-,-,-,-,-,-,-,-,-,-,-
Michael Bandy,33928,Den,WR,NA,Sun 8:20 pm vs LAR,FA,-,10,0.00,"2,490",837,0%,-,-,-,-,-,-,-,-,-,-,-,-,-
Sal Cannella,33932,Cle,TE,NA,Sun 1:00 pm vs Car,FA,-,11,0.00,"2,143",841,0%,-,-,-,-,-,-,-,-,-,-,-,-,-
Nikola Kalinic,33950,Chi,TE,IR,Mon 8:15 pm vs Phi,FA,-,10,0.00,"2,150",848,0%,-,-,-,-,-,-,-,-,-,-,-,-,-
Elijah Mitchell,33582,KC,RB,NA,Sun 1:00 pm @ Mia,FA,-,5,0.00,"2,614",761,0%,-,-,-,-,-,-,-,-,-,-,-,-,-
Simi Fehoko,33567,Ari,WR,,Sun 4:05 pm @ SF,FA,-,14,0.00,"2,779",759,0%,-,-,-,-,-,-,-,-,-,-,-,-,-
Velus Jones Jr.,34027,Sea,"WR,RB",NA,Sun 1:00 pm @ Was,FA,-,11,0.00,"2,747",890,0%,-,-,-,-,-,-,-,-,-,-,-,-,-
Lawrence Cager,33329,Was,TE,NA,Sun 1:00 pm vs Sea,FA,-,7,0.00,"2,217",722,0%,-,-,-,-,-,-,-,-,-,-,-,-,-
Andre Baccellia,32943,Ari,WR,NA,Sun 4:05 pm @ SF,FA,-,14,0.00,"2,729",586,0%,-,-,-,-,-,-,-,-,-,-,-,-,-
Dan Chisena,33023,Car,WR,NA,Sun 1:00 pm @ Cle,FA,-,5,0.00,"2,521",612,0%,-,-,-,-,-,-,-,-,-,-,-,-,-
Jonathan Ward,33088,Bal,RB,NA,Sun 4:25 pm @ Dal,FA,-,13,0.00,"2,676",636,0%,-,-,-,-,-,-,-,-,-,-,-,-,-
Sean McKeon,33101,Ind,TE,NA,Sun 1:00 pm vs Hou,FA,-,13,0.00,"2,210",643,0%,-,-,-,-,-,-,-,-,-,-,-,-,-
JaMycal Hasty,33199,NE,RB,NA,Sun 1:00 pm @ Jax,FA,-,11,0.00,"2,649",685,0%,-,-,-,-,-,-,-,-,-,-,-,-,-
Patrick Taylor Jr.,33235,SF,RB,NA,Sun 4:05 pm vs Ari,FA,-,8,0.00,"2,527",710,0%,-,-,-,-,-,-,-,-,-,-,-,-,-
Salvon Ahmed,33265,Chi,RB,NA,Mon 8:15 pm vs Phi,FA,-,10,0.00,"2,558",715,0%,-,-,-,-,-,-,-,-,-,-,-,-,-
Nick Westbrook-Ikhine,33348,Ind,WR,NA,Sun 1:00 pm vs Hou,FA,-,13,0.00,"2,509",724,0%,-,-,-,-,-,-,-,-,-,-,-,-,-
Ihmir Smith-Marsette,33545,Car,WR,NA,Sun 1:00 pm @ Cle,FA,-,5,0.00,"2,620",758,0%,-,-,-,-,-,-,-,-,-,-,-,-,-
Kristian Wilkerson,33349,Atl,WR,NA,Thu 8:15 pm @ GB,FA,-,11,0.00,"2,441",725,0%,-,-,-,-,-,-,-,-,-,-,-,-,-
Mason Kinsey,33351,Ten,WR,NA,Sun 1:00 pm @ NYG,FA,-,9,0.00,"2,734",727,0%,-,-,-,-,-,-,-,-,-,-,-,-,-
Chris Blair,33376,Atl,WR,,Thu 8:15 pm @ GB,FA,-,11,0.00,"2,530",735,0%,-,-,-,-,-,-,-,-,-,-,-,-,-
Dee Eskridge,33444,Mia,WR,NA,Sun 1:00 pm vs KC,FA,-,6,0.00,"2,744",741,0%,-,-,-,-,-,-,-,-,-,-,-,-,-
Terrace Marshall Jr.,33447,Mia,WR,NA,Sun 1:00 pm vs KC,FA,-,6,0.00,"2,524",742,0%,-,-,-,-,-,-,-,-,-,-,-,-,-
Trey Sermon,33476,Atl,RB,IR,Thu 8:15 pm @ GB,FA,-,11,0.00,"2,637",748,0%,-,-,-,-,-,-,-,-,-,-,-,-,-
Tre' McKitty,33485,Was,TE,NA,Sun 1:00 pm vs Sea,FA,-,7,0.00,"2,176",750,0%,-,-,-,-,-,-,-,-,-,-,-,-,-
Alec Pierce,34008,Ind,WR,O,Sun 1:00 pm vs Hou,W (Sep 26),-,13,0.00,148,875,77%,-,-,-,-,-,-,-,-,-,-,-,-,-
Danny Gray,34061,Phi,WR,NA,Mon 8:15 pm @ Chi,FA,-,10,0.00,"2,420",909,0%,-,-,-,-,-,-,-,-,-,-,-,-,-
James Proche II,32871,Ten,WR,NA,Sun 1:00 pm @ NYG,FA,-,9,0.00,"2,722",537,0%,-,-,-,-,-,-,-,-,-,-,-,-,-
Tanner Conner,34513,NE,TE,NA,Sun 1:00 pm @ Jax,FA,-,11,0.00,"2,517","1,075",0%,-,-,-,-,-,-,-,-,-,-,-,-,-
Ronnie Rivers,34310,LAR,RB,IR,Sun 8:20 pm @ Den,FA,-,11,0.00,"2,777","1,012",0%,-,-,-,-,-,-,-,-,-,-,-,-,-
Jordan Mason,34320,Min,RB,IR,Sun 4:05 pm @ TB,Locked In Michelle,-,6,0.00,151,"1,015",74%,-,-,-,-,-,-,-,-,-,-,-,-,-
Lance McCutcheon,34330,Ten,WR,NA,Sun 1:00 pm @ NYG,FA,-,9,0.00,"2,453","1,022",0%,-,-,-,-,-,-,-,-,-,-,-,-,-
Irv Charles,34356,Sea,WR,IR-R,Sun 1:00 pm @ Was,FA,-,11,0.00,"2,634","1,031",0%,-,-,-,-,-,-,-,-,-,-,-,-,-
Jake Tonges,34374,SF,TE,IR,Sun 4:05 pm vs Ari,FA,-,8,0.00,324,"1,033",0%,-,-,-,-,-,-,-,-,-,-,-,-,-
Kendric Pryor,34476,Cin,WR,NA,Sun 1:00 pm @ Pit,FA,-,6,0.00,"2,415","1,060",0%,-,-,-,-,-,-,-,-,-,-,-,-,-
Zaire Mitchell-Paden,34489,Hou,TE,NA,Sun 1:00 pm @ Ind,FA,-,8,0.00,"2,167","1,066",0%,-,-,-,-,-,-,-,-,-,-,-,-,-
Deven Thompkins,34520,LV,WR,NA,Sun 4:25 pm @ NO,FA,-,13,0.00,"2,741","1,077",0%,-,-,-,-,-,-,-,-,-,-,-,-,-
Samori Toure,34214,Phi,WR,NA,Mon 8:15 pm @ Chi,FA,-,10,0.00,"2,340",982,0%,-,-,-,-,-,-,-,-,-,-,-,-,-
Sincere McCormick,34551,SF,RB,NA,Sun 4:05 pm vs Ari,FA,-,8,0.00,"2,493","1,080",0%,-,-,-,-,-,-,-,-,-,-,-,-,-
Kaden Davis,34569,Chi,WR,NA,Mon 8:15 pm vs Phi,FA,-,10,0.00,"2,631","1,082",0%,-,-,-,-,-,-,-,-,-,-,-,-,-
Brandon Johnson,34571,Pit,WR,NA,Sun 1:00 pm vs Cin,FA,-,9,0.00,"2,379","1,083",0%,-,-,-,-,-,-,-,-,-,-,-,-,-
Jalen Virgil,34579,Ari,WR,NA,Sun 4:05 pm @ SF,FA,-,14,0.00,"2,316","1,085",0%,-,-,-,-,-,-,-,-,-,-,-,-,-
Dennis Houston,34592,TB,WR,NA,Sun 4:05 pm vs Min,FA,-,10,0.00,"2,456","1,088",0%,-,-,-,-,-,-,-,-,-,-,-,-,-
Malik Davis,34610,Dal,RB,IR,Sun 4:25 pm vs Bal,FA,-,14,0.00,"2,496","1,094",2%,-,-,-,-,-,-,-,-,-,-,-,-,-
Raheem Blackshear,34617,Det,RB,NA,Sun 1:00 pm vs NYJ,FA,-,6,0.00,"2,678","1,096",0%,-,-,-,-,-,-,-,-,-,-,-,-,-
Kevin Austin Jr.,34242,NO,WR,NA,Sun 4:25 pm vs LV,FA,-,8,0.00,"2,077",990,0%,-,-,-,-,-,-,-,-,-,-,-,-,-
Isiah Pacheco,34207,Det,RB,IR,Sun 1:00 pm vs NYJ,FA,-,6,0.00,292,979,13%,-,-,-,-,-,-,-,-,-,-,-,-,-
Dameon Pierce,34063,Phi,RB,NA,Mon 8:15 pm @ Chi,FA,-,10,0.00,"2,765",912,0%,-,-,-,-,-,-,-,-,-,-,-,-,-
Montrell Washington,34118,NYG,WR,NA,Sun 1:00 pm vs Ten,FA,-,8,0.00,"2,299",944,0%,-,-,-,-,-,-,-,-,-,-,-,-,-
Zamir White,34078,NO,RB,NA,Sun 4:25 pm vs LV,FA,-,8,0.00,"2,739",917,0%,-,-,-,-,-,-,-,-,-,-,-,-,-
Erik Ezukanma,34081,Phi,WR,NA,Mon 8:15 pm @ Chi,FA,-,10,0.00,"2,434",921,0%,-,-,-,-,-,-,-,-,-,-,-,-,-
Charlie Kolar,34084,LAC,TE,O,Sun 1:00 pm @ Buf,FA,-,7,0.00,208,925,0%,-,-,-,-,-,-,-,-,-,-,-,-,-
Hassan Haskins,34087,NE,RB,NA,Sun 1:00 pm @ Jax,FA,-,11,0.00,"2,776",928,0%,-,-,-,-,-,-,-,-,-,-,-,-,-
Calvin Austin III,34094,NYG,WR,IR,Sun 1:00 pm vs Ten,FA,-,8,0.00,"2,051",932,0%,-,-,-,-,-,-,-,-,-,-,-,-,-
Cole Turner,34105,Mia,TE,IR,Sun 1:00 pm vs KC,FA,-,6,0.00,"2,215",939,0%,-,-,-,-,-,-,-,-,-,-,-,-,-
Jerome Ford,34112,Min,RB,NA,Sun 4:05 pm @ TB,FA,-,6,0.00,"2,529",941,0%,-,-,-,-,-,-,-,-,-,-,-,-,-
Ty Chandler,34125,NO,RB,IR,Sun 4:25 pm vs LV,FA,-,8,0.00,"2,657",948,0%,-,-,-,-,-,-,-,-,-,-,-,-,-
Brittain Brown,34206,Chi,RB,IR,Mon 8:15 pm vs Phi,FA,-,10,0.00,"2,550",978,0%,-,-,-,-,-,-,-,-,-,-,-,-,-
Teagan Quitoriano,34126,Ari,TE,NA,Sun 4:05 pm @ SF,FA,-,14,0.00,"2,202",949,0%,-,-,-,-,-,-,-,-,-,-,-,-,-
James Mitchell,34133,Dal,TE,NA,Sun 4:25 pm vs Bal,FA,-,14,0.00,"2,159",952,0%,-,-,-,-,-,-,-,-,-,-,-,-,-
Grant Calcaterra,34154,Phi,TE,IR-R,Mon 8:15 pm @ Chi,FA,-,10,0.00,"2,242",958,0%,-,-,-,-,-,-,-,-,-,-,-,-,-
Keaontay Ingram,34157,KC,RB,NA,Sun 1:00 pm @ Mia,FA,-,5,0.00,"2,565",960,0%,-,-,-,-,-,-,-,-,-,-,-,-,-
Michael Woods II,34158,Den,WR,NA,Sun 8:20 pm vs LAR,FA,-,10,0.00,"2,506",961,0%,-,-,-,-,-,-,-,-,-,-,-,-,-
John FitzPatrick,34169,GB,TE,NA,Thu 8:15 pm vs Atl,FA,-,11,0.00,"2,283",965,0%,-,-,-,-,-,-,-,-,-,-,-,-,-
Nick Muse,34183,Atl,TE,,Thu 8:15 pm @ GB,FA,-,11,0.00,"2,291",970,0%,-,-,-,-,-,-,-,-,-,-,-,-,-
Isaiah Hodgins,32877,Pit,WR,NA,Sun 1:00 pm vs Cin,FA,-,9,0.00,"2,260",544,0%,-,-,-,-,-,-,-,-,-,-,-,-,-
Quez Watkins,32870,Phi,WR,NA,Mon 8:15 pm @ Chi,FA,-,10,0.00,"2,364",535,0%,-,-,-,-,-,-,-,-,-,-,-,-,-
Stone Smartt,34637,NO,TE,NA,Sun 4:25 pm vs LV,FA,-,8,0.00,"2,495","1,103",0%,-,-,-,-,-,-,-,-,-,-,-,-,-
River Cracraft,30955,Was,WR,NA,Sun 1:00 pm vs Sea,FA,-,7,0.00,"2,504",605,0%,-,-,-,-,-,-,-,-,-,-,-,-,-
Noah Brown,30352,LV,WR,NA,Sun 4:25 pm @ NO,FA,-,13,0.00,"2,239","1,055",0%,-,-,-,-,-,-,-,-,-,-,-,-,-
Austin Ekeler,30423,Was,RB,NA,Sun 1:00 pm vs Sea,FA,-,7,0.00,"2,120","1,076",0%,-,-,-,-,-,-,-,-,-,-,-,-,-
Tim Patrick,30511,NYJ,WR,IR,Sun 1:00 pm @ Det,FA,-,13,0.00,"2,107","1,092",0%,-,-,-,-,-,-,-,-,-,-,-,-,-
Anthony Firkser,30571,Det,TE,NA,Sun 1:00 pm vs NYJ,FA,-,6,0.00,"2,277","1,115",0%,-,-,-,-,-,-,-,-,-,-,-,-,-
Taysom Hill,30614,NO,TE,NA,Sun 4:25 pm vs LV,FA,-,8,0.00,"2,042","1,134",0%,-,-,-,-,-,-,-,-,-,-,-,-,-
Pharaoh Brown,30627,Ind,TE,NA,Sun 1:00 pm vs Hou,FA,-,13,0.00,"2,270","1,142",0%,-,-,-,-,-,-,-,-,-,-,-,-,-
Dare Ogunbowale,30860,LV,RB,NA,Sun 4:25 pm @ NO,FA,-,13,0.00,"2,751",563,0%,-,-,-,-,-,-,-,-,-,-,-,-,-
Nick Chubb,31005,Hou,RB,NA,Sun 1:00 pm @ Ind,FA,-,8,0.00,"2,060",626,0%,-,-,-,-,-,-,-,-,-,-,-,-,-
Trent Taylor,30290,SF,WR,NA,Sun 4:05 pm vs Ari,FA,-,8,0.00,"2,338","1,040",0%,-,-,-,-,-,-,-,-,-,-,-,-,-
Dante Pettis,31014,Buf,WR,NA,Sun 1:00 pm vs LAC,FA,-,7,0.00,"2,641",628,0%,-,-,-,-,-,-,-,-,-,-,-,-,-
Christian Kirk,31017,SF,WR,IR-R,Sun 4:05 pm vs Ari,FA,-,8,0.00,294,629,1%,-,-,-,-,-,-,-,-,-,-,-,-,-
Dallas Goedert,31019,Phi,TE,D,Mon 8:15 pm @ Chi,Monday Night Madison,1,10,0.00,176,630,88%,-,-,-,-,-,-,-,-,-,-,-,-,-
Will Dissly,31090,LAC,TE,NA,Sun 1:00 pm @ Buf,FA,-,7,0.00,"2,104",657,0%,-,-,-,-,-,-,-,-,-,-,-,-,-
Chase Edmonds,31104,Was,RB,NA,Sun 1:00 pm vs Sea,FA,-,7,0.00,"2,584",662,0%,-,-,-,-,-,-,-,-,-,-,-,-,-
Justin Watson,31114,Hou,WR,NA,Sun 1:00 pm @ Ind,FA,-,8,0.00,"2,485",669,0%,-,-,-,-,-,-,-,-,-,-,-,-,-
Ray-Ray McCloud III,31157,Chi,WR,NA,Mon 8:15 pm vs Phi,FA,-,10,0.00,"2,284",693,0%,-,-,-,-,-,-,-,-,-,-,-,-,-
David Moore,30339,Car,WR,NA,Sun 1:00 pm @ Cle,FA,-,5,0.00,"2,267","1,052",0%,-,-,-,-,-,-,-,-,-,-,-,-,-
Jeremy McNichols,30275,Was,RB,IR-R,Sun 1:00 pm vs Sea,FA,-,7,0.00,"2,498","1,032",0%,-,-,-,-,-,-,-,-,-,-,-,-,-
Braxton Berrios,31180,NYG,WR,NA,Sun 1:00 pm vs Ten,FA,-,8,0.00,"2,742",705,0%,-,-,-,-,-,-,-,-,-,-,-,-,-
Demarcus Robinson,29360,SF,WR,O,Sun 4:05 pm vs Ari,FA,-,8,0.00,"2,049",745,2%,-,-,-,-,-,-,-,-,-,-,-,-,-
Phillip Dorsett II,28417,LV,WR,NA,Sun 4:25 pm @ NO,FA,-,13,0.00,"2,404","1,081",0%,-,-,-,-,-,-,-,-,-,-,-,-,-
Tyler Lockett,28457,LV,WR,NA,Sun 4:25 pm @ NO,FA,-,13,0.00,"2,118","1,090",0%,-,-,-,-,-,-,-,-,-,-,-,-,-
Michael Burton,28556,Cle,RB,,Sun 1:00 pm vs Car,FA,-,11,0.00,"2,653","1,125",0%,-,-,-,-,-,-,-,-,-,-,-,-,-
Raheem Mostert,28654,LV,RB,NA,Sun 4:25 pm @ NO,FA,-,13,0.00,"2,717","1,185",0%,-,-,-,-,-,-,-,-,-,-,-,-,-
DeAndre Carter,28947,Cle,WR,NA,Sun 1:00 pm vs Car,FA,-,11,0.00,"2,770",622,0%,-,-,-,-,-,-,-,-,-,-,-,-,-
Sterling Shepard,29274,NYJ,WR,NA,Sun 1:00 pm @ Det,FA,-,13,0.00,"2,058",731,0%,-,-,-,-,-,-,-,-,-,-,-,-,-
Nick Vannett,29328,Bal,TE,NA,Sun 4:25 pm @ Dal,FA,-,13,0.00,"2,114",740,0%,-,-,-,-,-,-,-,-,-,-,-,-,-
Tyreek Hill,29399,Mia,WR,NA,Sun 1:00 pm vs KC,FA,-,6,0.00,319,751,4%,-,-,-,-,-,-,-,-,-,-,-,-,-
Josh Reynolds,30230,NYJ,WR,NA,Sun 1:00 pm @ Det,FA,-,13,0.00,"2,112","1,020",0%,-,-,-,-,-,-,-,-,-,-,-,-,-
David Njoku,30142,LAC,TE,IR,Sun 1:00 pm @ Buf,FA,-,7,0.00,322,987,3%,-,-,-,-,-,-,-,-,-,-,-,-,-
Zay Jones,30150,Hou,WR,NA,Sun 1:00 pm @ Ind,FA,-,8,0.00,"2,273",994,0%,-,-,-,-,-,-,-,-,-,-,-,-,-
Curtis Samuel,30153,Buf,WR,NA,Sun 1:00 pm vs LAC,FA,-,7,0.00,"2,276",995,0%,-,-,-,-,-,-,-,-,-,-,-,-,-
Joe Mixon,30161,Hou,RB,O,Sun 1:00 pm @ Ind,FA,-,8,0.00,"2,063",998,0%,-,-,-,-,-,-,-,-,-,-,-,-,-
JuJu Smith-Schuster,30175,NYG,WR,NA,Sun 1:00 pm vs Ten,FA,-,8,0.00,"2,108","1,001",0%,-,-,-,-,-,-,-,-,-,-,-,-,-
Kareem Hunt,30199,KC,RB,NA,Sun 1:00 pm @ Mia,FA,-,5,0.00,312,"1,007",0%,-,-,-,-,-,-,-,-,-,-,-,-,-
James Conner,30218,Ari,RB,IR-R,Sun 4:05 pm @ SF,FA,-,14,0.00,293,"1,013",7%,-,-,-,-,-,-,-,-,-,-,-,-,-
Cedrick Wilson Jr.,31178,Det,WR,NA,Sun 1:00 pm vs NYJ,FA,-,6,0.00,"2,718",703,0%,-,-,-,-,-,-,-,-,-,-,-,-,-
Tanner Hudson,31257,Cin,TE,NA,Sun 1:00 pm @ Pit,FA,-,6,0.00,"2,075",719,0%,-,-,-,-,-,-,-,-,-,-,-,-,-
K.J. Osborn,32846,Ten,WR,NA,Sun 1:00 pm @ NYG,FA,-,9,0.00,"2,497",521,0%,-,-,-,-,-,-,-,-,-,-,-,-,-
Cam Akers,32722,Sea,RB,NA,Sun 1:00 pm @ Was,FA,-,11,0.00,"2,500","1,168",0%,-,-,-,-,-,-,-,-,-,-,-,-,-
Donald Parham Jr.,32456,Pit,TE,NA,Sun 1:00 pm vs Cin,FA,-,9,0.00,"2,232","1,071",0%,-,-,-,-,-,-,-,-,-,-,-,-,-
Greg Dortch,32523,Buf,WR,NA,Sun 1:00 pm vs LAC,FA,-,7,0.00,"2,087","1,084",0%,-,-,-,-,-,-,-,-,-,-,-,-,-
Craig Reynolds,32596,Was,RB,NA,Sun 1:00 pm vs Sea,FA,-,7,0.00,"2,788","1,104",0%,-,-,-,-,-,-,-,-,-,-,-,-,-
D'Ernest Johnson,32608,Ten,RB,NA,Sun 1:00 pm @ NYG,FA,-,9,0.00,"2,782","1,110",0%,-,-,-,-,-,-,-,-,-,-,-,-,-
Gunner Olszewski,32612,NYG,WR,IR,Sun 1:00 pm vs Ten,FA,-,8,0.00,"2,648","1,112",0%,-,-,-,-,-,-,-,-,-,-,-,-,-
Jalen Reagor,32691,Mia,WR,NA,Sun 1:00 pm vs KC,FA,-,6,0.00,"2,518","1,152",0%,-,-,-,-,-,-,-,-,-,-,-,-,-
Brandon Aiyuk,32695,SF,WR,NA,Sun 4:05 pm vs Ari,FA,-,8,0.00,"2,110","1,153",1%,-,-,-,-,-,-,-,-,-,-,-,-,-
Van Jefferson,32727,Was,WR,NA,Sun 1:00 pm vs Sea,FA,-,7,0.00,"2,098","1,170",0%,-,-,-,-,-,-,-,-,-,-,-,-,-
Trenton Irwin,32438,SF,WR,NA,Sun 4:05 pm vs Ari,FA,-,8,0.00,"2,531","1,063",0%,-,-,-,-,-,-,-,-,-,-,-,-,-
Denzel Mims,32729,Dal,WR,NA,Sun 4:25 pm vs Bal,FA,-,14,0.00,"2,438","1,172",0%,-,-,-,-,-,-,-,-,-,-,-,-,-
Antonio Gibson,32736,NE,RB,NA,Sun 1:00 pm @ Jax,FA,-,11,0.00,"2,117","1,178",0%,-,-,-,-,-,-,-,-,-,-,-,-,-
Josiah Deguara,32764,Phi,TE,NA,Mon 8:15 pm @ Chi,FA,-,10,0.00,"2,525","1,193",0%,-,-,-,-,-,-,-,-,-,-,-,-,-
Harrison Bryant,32785,Hou,TE,NA,Sun 1:00 pm @ Ind,FA,-,8,0.00,"2,675",493,0%,-,-,-,-,-,-,-,-,-,-,-,-,-
A. Okwuegbunam Jr.,32788,LV,TE,NA,Sun 4:25 pm @ NO,FA,-,13,0.00,"2,132",496,0%,-,-,-,-,-,-,-,-,-,-,-,-,-
Gabe Davis,32798,Buf,WR,NA,Sun 1:00 pm vs LAC,FA,-,7,0.00,"2,085",502,0%,-,-,-,-,-,-,-,-,-,-,-,-,-
Tyler Johnson,32831,NYJ,WR,NA,Sun 1:00 pm @ Det,FA,-,13,0.00,"2,105",515,0%,-,-,-,-,-,-,-,-,-,-,-,-,-
Chris Myarick,32442,LV,TE,NA,Sun 4:25 pm @ NO,FA,-,13,0.00,"2,131","1,067",0%,-,-,-,-,-,-,-,-,-,-,-,-,-
David Sills V,32418,TB,WR,IR-R,Sun 4:05 pm vs Min,FA,-,10,0.00,"2,247","1,059",0%,-,-,-,-,-,-,-,-,-,-,-,-,-
Trent Sherfield,31320,Buf,WR,NA,Sun 1:00 pm vs LAC,FA,-,7,0.00,"2,735",729,0%,-,-,-,-,-,-,-,-,-,-,-,-,-
Hakeem Butler,31935,Den,WR,NA,Sun 8:20 pm vs LAR,FA,-,10,0.00,"2,466",863,0%,-,-,-,-,-,-,-,-,-,-,-,-,-
Malik Turner,31777,SF,WR,NA,Sun 4:05 pm vs Ari,FA,-,8,0.00,"2,363",803,0%,-,-,-,-,-,-,-,-,-,-,-,-,-
Josh Jacobs,31856,GB,RB,,Thu 8:15 pm vs Atl,FA,-,11,0.00,115,831,80%,-,-,-,-,-,-,-,-,-,-,-,-,-
A.J. Brown,31883,NE,WR,IR,Sun 1:00 pm @ Jax,Monday Night Madison,-,11,0.00,73,840,97%,-,-,-,-,-,-,-,-,-,-,-,-,-
Miles Sanders,31885,Dal,RB,NA,Sun 4:25 pm vs Bal,FA,-,14,0.00,"2,067",843,0%,-,-,-,-,-,-,-,-,-,-,-,-,-
Mecole Hardman Jr.,31888,Buf,WR,NA,Sun 1:00 pm vs LAC,FA,-,7,0.00,"2,499",845,0%,-,-,-,-,-,-,-,-,-,-,-,-,-
Parris Campbell,31891,Dal,WR,NA,Sun 4:25 pm vs Bal,FA,-,14,0.00,"2,492",847,0%,-,-,-,-,-,-,-,-,-,-,-,-,-
Alexander Mattison,31934,Mia,RB,NA,Sun 1:00 pm vs KC,FA,-,6,0.00,"2,249",862,0%,-,-,-,-,-,-,-,-,-,-,-,-,-
Gary Jennings,31952,LAC,WR,NA,Sun 1:00 pm @ Buf,FA,-,7,0.00,"2,331",872,0%,-,-,-,-,-,-,-,-,-,-,-,-,-
Tyree Jackson,32415,Was,TE,NA,Sun 1:00 pm vs Sea,FA,-,7,0.00,"2,161","1,058",0%,-,-,-,-,-,-,-,-,-,-,-,-,-
Hunter Renfrow,31981,Car,WR,NA,Sun 1:00 pm @ Cle,FA,-,5,0.00,"2,076",892,0%,-,-,-,-,-,-,-,-,-,-,-,-,-
Trayveon Williams,32014,Det,RB,NA,Sun 1:00 pm vs NYJ,FA,-,6,0.00,"2,759",910,0%,-,-,-,-,-,-,-,-,-,-,-,-,-
Juwann Winfree,32019,Hou,WR,NA,Sun 1:00 pm @ Ind,FA,-,8,0.00,"2,301",913,0%,-,-,-,-,-,-,-,-,-,-,-,-,-
Scotty Miller,32040,Chi,WR,NA,Mon 8:15 pm vs Phi,FA,-,10,0.00,"2,647",929,0%,-,-,-,-,-,-,-,-,-,-,-,-,-
Alex Bachman,32124,LAR,WR,NA,Sun 8:20 pm @ Den,FA,-,11,0.00,"2,762",967,0%,-,-,-,-,-,-,-,-,-,-,-,-,-
Andrew Beck,32225,NYJ,RB,,Sun 1:00 pm @ Det,FA,-,13,0.00,"2,763","1,003",0%,-,-,-,-,-,-,-,-,-,-,-,-,-
Stephen Carlson,32273,Chi,TE,NA,Mon 8:15 pm vs Phi,FA,-,10,0.00,"2,221","1,016",0%,-,-,-,-,-,-,-,-,-,-,-,-,-
D.J. Montgomery,32283,Ind,WR,IR,Sun 1:00 pm vs Hou,FA,-,13,0.00,"2,398","1,024",0%,-,-,-,-,-,-,-,-,-,-,-,-,-
Tucker Fisk,34625,LAC,TE,NA,Sun 1:00 pm @ Buf,FA,-,7,0.00,"2,670","1,097",0%,-,-,-,-,-,-,-,-,-,-,-,-,-
Lucas Krull,34654,Den,TE,NA,Sun 8:20 pm vs LAR,FA,-,10,0.00,"2,652","1,108",0%,-,-,-,-,-,-,-,-,-,-,-,-,-
Montrell Johnson Jr.,42173,Car,RB,NA,Sun 1:00 pm @ Cle,FA,-,5,0.00,"2,588",861,0%,-,-,-,-,-,-,-,-,-,-,-,-,-
Brenden Bates,41675,Jax,TE,NA,Sun 1:00 pm vs NE,FA,-,7,0.00,"2,513",749,0%,-,-,-,-,-,-,-,-,-,-,-,-,-
Carson Steele,41464,Phi,RB,NA,Mon 8:15 pm @ Chi,FA,-,10,0.00,"2,663",717,0%,-,-,-,-,-,-,-,-,-,-,-,-,-
Cole Burgess,41502,Pit,WR,IR,Sun 1:00 pm vs Cin,FA,-,9,0.00,"2,324",720,0%,-,-,-,-,-,-,-,-,-,-,-,-,-
Shawn Bowman,41512,Ari,TE,NA,Sun 4:05 pm @ SF,FA,-,14,0.00,"2,198",721,0%,-,-,-,-,-,-,-,-,-,-,-,-,-
Baylor Cupp,41556,Ari,TE,NA,Sun 4:05 pm @ SF,FA,-,14,0.00,"2,171",728,0%,-,-,-,-,-,-,-,-,-,-,-,-,-
Qadir Ismail,41562,Chi,TE,NA,Mon 8:15 pm vs Phi,FA,-,10,0.00,"2,234",732,0%,-,-,-,-,-,-,-,-,-,-,-,-,-
Jabari Small,41661,Det,RB,NA,Sun 1:00 pm vs NYJ,FA,-,6,0.00,"2,540",746,0%,-,-,-,-,-,-,-,-,-,-,-,-,-
David Martin-Robinson,41662,Ten,TE,,Sun 1:00 pm @ NYG,FA,-,9,0.00,"2,656",747,0%,-,-,-,-,-,-,-,-,-,-,-,-,-
John Jiles,41687,NE,WR,NA,Sun 1:00 pm @ Jax,FA,-,11,0.00,"2,417",752,0%,-,-,-,-,-,-,-,-,-,-,-,-,-
Julian Hicks,41451,Sea,WR,NA,Sun 1:00 pm @ Was,FA,-,11,0.00,"2,463",713,0%,-,-,-,-,-,-,-,-,-,-,-,-,-
Hayden Rucci,41692,LAC,TE,,Sun 1:00 pm @ Buf,FA,-,7,0.00,"2,172",753,0%,-,-,-,-,-,-,-,-,-,-,-,-,-
Terrell Jennings,41713,NE,RB,NA,Sun 1:00 pm @ Jax,FA,-,11,0.00,"2,690",755,0%,-,-,-,-,-,-,-,-,-,-,-,-,-
Jayden Higgins,41819,Hou,WR,IR,Sun 1:00 pm @ Ind,FA,-,8,0.00,352,767,3%,-,-,-,-,-,-,-,-,-,-,-,-,-
Mason Taylor,41827,NYJ,TE,D,Sun 1:00 pm @ Det,FA,1,13,0.00,"2,047",768,0%,-,-,-,-,-,-,-,-,-,-,-,-,-
Savion Williams,41851,GB,WR,IR-R,Thu 8:15 pm vs Atl,FA,-,11,0.00,"2,655",771,0%,-,-,-,-,-,-,-,-,-,-,-,-,-
Dont'e Thornton Jr.,41892,LV,WR,IR,Sun 4:25 pm @ NO,FA,-,13,0.00,"2,660",774,0%,-,-,-,-,-,-,-,-,-,-,-,-,-
Arian Smith,41896,NYJ,WR,IR,Sun 1:00 pm @ Det,FA,-,13,0.00,"2,750",775,0%,-,-,-,-,-,-,-,-,-,-,-,-,-
Messiah Swinson,41463,Cle,TE,NA,Sun 1:00 pm vs Car,FA,-,11,0.00,"2,137",716,0%,-,-,-,-,-,-,-,-,-,-,-,-,-
Joshua Cephus,41411,Jax,WR,NA,Sun 1:00 pm vs NE,FA,-,7,0.00,"2,406",698,0%,-,-,-,-,-,-,-,-,-,-,-,-,-
Trevor Etienne,41913,Car,RB,IR-R,Sun 1:00 pm @ Cle,FA,-,5,0.00,306,781,1%,-,-,-,-,-,-,-,-,-,-,-,-,-
Lawrence Keys,41275,Buf,WR,NA,Sun 1:00 pm vs LAC,FA,-,7,0.00,"2,416",634,0%,-,-,-,-,-,-,-,-,-,-,-,-,-
Colson Yankoff,41233,Was,TE,,Sun 1:00 pm vs Sea,FA,-,7,0.00,"2,728",619,0%,-,-,-,-,-,-,-,-,-,-,-,-,-
Michael Wiley,41234,TB,RB,NA,Sun 4:05 pm vs Min,FA,-,10,0.00,"2,567",621,0%,-,-,-,-,-,-,-,-,-,-,-,-,-
Frank Gore Jr.,41243,Buf,RB,NA,Sun 1:00 pm vs LAC,FA,-,7,0.00,"2,686",625,0%,-,-,-,-,-,-,-,-,-,-,-,-,-
Bryce Oliver,41251,Hou,WR,NA,Sun 1:00 pm @ Ind,FA,-,8,0.00,"2,519",627,0%,-,-,-,-,-,-,-,-,-,-,-,-,-
Chris Collier,41261,LV,RB,IR,Sun 4:25 pm @ NO,FA,-,13,0.00,"2,684",631,0%,-,-,-,-,-,-,-,-,-,-,-,-,-
Dayton Wade,41262,Bal,WR,NA,Sun 4:25 pm @ Dal,FA,-,13,0.00,"2,460",632,0%,-,-,-,-,-,-,-,-,-,-,-,-,-
Xavier Johnson,41274,Cin,WR,NA,Sun 1:00 pm @ Pit,FA,-,6,0.00,"2,329",633,0%,-,-,-,-,-,-,-,-,-,-,-,-,-
Ian Wheeler,41322,Buf,RB,NA,Sun 1:00 pm vs LAC,FA,-,7,0.00,"2,564",654,0%,-,-,-,-,-,-,-,-,-,-,-,-,-
Thomas Yassmin,41397,GB,TE,IR,Thu 8:15 pm vs Atl,FA,-,11,0.00,"2,229",691,0%,-,-,-,-,-,-,-,-,-,-,-,-,-
Jack Westover,41352,Was,"RB,TE",NA,Sun 1:00 pm vs Sea,FA,-,7,0.00,"2,745",667,0%,-,-,-,-,-,-,-,-,-,-,-,-,-
Cam Grandy,41353,Min,TE,NA,Sun 4:05 pm @ TB,FA,-,6,0.00,"2,261",668,0%,-,-,-,-,-,-,-,-,-,-,-,-,-
Treyton Welch,41363,NO,TE,NA,Sun 4:25 pm vs LV,FA,-,8,0.00,"2,289",673,0%,-,-,-,-,-,-,-,-,-,-,-,-,-
Mason Pline,41368,KC,TE,NA,Sun 1:00 pm @ Mia,FA,-,5,0.00,"2,225",675,0%,-,-,-,-,-,-,-,-,-,-,-,-,-
McCallan Castles,41373,GB,TE,NA,Thu 8:15 pm vs Atl,FA,-,11,0.00,"2,174",677,0%,-,-,-,-,-,-,-,-,-,-,-,-,-
Kendall Milton,41377,Cin,RB,NA,Sun 1:00 pm @ Pit,FA,-,6,0.00,"2,559",680,0%,-,-,-,-,-,-,-,-,-,-,-,-,-
Blake Watson,41388,Ten,RB,NA,Sun 1:00 pm @ NYG,FA,-,9,0.00,"2,589",684,0%,-,-,-,-,-,-,-,-,-,-,-,-,-
Dylan Sampson,41907,Cle,RB,IR,Sun 1:00 pm vs Car,FA,-,11,0.00,245,780,9%,-,-,-,-,-,-,-,-,-,-,-,-,-
Jarquez Hunter,41919,Mia,RB,NA,Sun 1:00 pm vs KC,FA,-,6,0.00,307,782,0%,-,-,-,-,-,-,-,-,-,-,-,-,-
Isaiah Wooden,41226,LAC,WR,NA,Sun 1:00 pm @ Buf,FA,-,7,0.00,"2,467",617,0%,-,-,-,-,-,-,-,-,-,-,-,-,-
Ulysses Bentley IV,42126,Ind,RB,NA,Sun 1:00 pm vs Hou,FA,-,13,0.00,"2,575",844,0%,-,-,-,-,-,-,-,-,-,-,-,-,-
Josh Williams,42086,TB,RB,NA,Sun 4:05 pm vs Min,FA,-,10,0.00,"2,689",825,0%,-,-,-,-,-,-,-,-,-,-,-,-,-
Will Sheppard,42089,Mia,WR,NA,Sun 1:00 pm vs KC,FA,-,6,0.00,"2,377",827,0%,-,-,-,-,-,-,-,-,-,-,-,-,-
Garrett Greene,42091,TB,WR,NA,Sun 4:05 pm vs Min,FA,-,10,0.00,"2,444",828,0%,-,-,-,-,-,-,-,-,-,-,-,-,-
Ahmani Marshall,42092,Car,RB,NA,Sun 1:00 pm @ Cle,FA,-,5,0.00,"2,618",829,0%,-,-,-,-,-,-,-,-,-,-,-,-,-
Bryson Green,42100,Ari,WR,NA,Sun 4:05 pm @ SF,FA,-,14,0.00,"2,410",832,0%,-,-,-,-,-,-,-,-,-,-,-,-,-
Luke Grimm,42104,LAC,WR,NA,Sun 1:00 pm @ Buf,FA,-,7,0.00,"2,470",833,0%,-,-,-,-,-,-,-,-,-,-,-,-,-
Mac Dalena,42107,Buf,WR,NA,Sun 1:00 pm vs LAC,FA,-,7,0.00,"2,334",834,0%,-,-,-,-,-,-,-,-,-,-,-,-,-
Coleman Owen,42130,Ind,WR,NA,Sun 1:00 pm vs Hou,FA,-,13,0.00,"2,391",846,0%,-,-,-,-,-,-,-,-,-,-,-,-,-
Courtney Jackson,42071,Ten,WR,NA,Sun 1:00 pm @ NYG,FA,-,9,0.00,"2,298",819,0%,-,-,-,-,-,-,-,-,-,-,-,-,-
Josh Kelly,42150,Hou,WR,NA,Sun 1:00 pm @ Ind,FA,-,8,0.00,"2,306",851,0%,-,-,-,-,-,-,-,-,-,-,-,-,-
Traeshon Holden,42151,Dal,WR,NA,Sun 4:25 pm vs Bal,FA,-,14,0.00,"2,461",852,0%,-,-,-,-,-,-,-,-,-,-,-,-,-
Rivaldo Fairweather,42153,Ari,TE,NA,Sun 4:05 pm @ SF,FA,-,14,0.00,"2,156",853,0%,-,-,-,-,-,-,-,-,-,-,-,-,-
Theo Wease Jr.,42161,LAC,WR,NA,Sun 1:00 pm @ Buf,FA,-,7,0.00,"2,481",854,0%,-,-,-,-,-,-,-,-,-,-,-,-,-
Andrew Armstrong,42162,KC,WR,NA,Sun 1:00 pm @ Mia,FA,-,5,0.00,"2,332",855,0%,-,-,-,-,-,-,-,-,-,-,-,-,-
AJ Henning,42163,Mia,WR,NA,Sun 1:00 pm vs KC,FA,-,6,0.00,"2,397",856,0%,-,-,-,-,-,-,-,-,-,-,-,-,-
Jalin Conyers,42167,Mia,TE,NA,Sun 1:00 pm vs KC,FA,-,6,0.00,"2,224",858,0%,-,-,-,-,-,-,-,-,-,-,-,-,-
Joaquin Davis,42072,Pit,WR,NA,Sun 1:00 pm vs Cin,FA,-,9,0.00,"2,422",820,0%,-,-,-,-,-,-,-,-,-,-,-,-,-
Keleki Latu,42063,Buf,TE,,Sun 1:00 pm vs LAC,FA,-,7,0.00,"2,290",817,0%,-,-,-,-,-,-,-,-,-,-,-,-,-
KeAndre Lambert-Smith,41944,LAC,WR,IR,Sun 1:00 pm @ Buf,FA,-,7,0.00,"2,671",786,0%,-,-,-,-,-,-,-,-,-,-,-,-,-
Phil Mafah,42018,NYG,RB,NA,Sun 1:00 pm vs Ten,FA,-,8,0.00,"2,595",804,0%,-,-,-,-,-,-,-,-,-,-,-,-,-
Robbie Ouzts,41961,Sea,"RB,TE",IR,Sun 1:00 pm @ Was,FA,-,11,0.00,"2,486",787,0%,-,-,-,-,-,-,-,-,-,-,-,-,-
Devin Neal,41972,NO,RB,NA,Sun 4:25 pm vs LV,FA,-,8,0.00,314,791,0%,-,-,-,-,-,-,-,-,-,-,-,-,-
Kalel Mullings,41986,Ten,RB,NA,Sun 1:00 pm @ NYG,FA,-,9,0.00,"2,577",793,0%,-,-,-,-,-,-,-,-,-,-,-,-,-
Gavin Bartholomew,41994,Min,TE,,Sun 4:05 pm @ TB,FA,-,6,0.00,"2,218",796,0%,-,-,-,-,-,-,-,-,-,-,-,-,-
Jimmy Horn Jr.,41999,Cle,WR,NA,Sun 1:00 pm vs Car,FA,-,11,0.00,"2,716",798,0%,-,-,-,-,-,-,-,-,-,-,-,-,-
Moliki Matavao,42006,NO,TE,IR,Sun 4:25 pm vs LV,FA,-,8,0.00,"2,208",800,0%,-,-,-,-,-,-,-,-,-,-,-,-,-
Damien Martinez,42015,GB,RB,NA,Thu 8:15 pm vs Atl,FA,-,11,0.00,"2,534",802,0%,-,-,-,-,-,-,-,-,-,-,-,-,-
Kaden Prather,42020,GB,WR,NA,Thu 8:15 pm vs Atl,FA,-,11,0.00,"2,480",805,0%,-,-,-,-,-,-,-,-,-,-,-,-,-
Stephen Gosnell,42062,Buf,WR,NA,Sun 1:00 pm vs LAC,FA,-,7,0.00,"2,318",816,0%,-,-,-,-,-,-,-,-,-,-,-,-,-
Caleb Lohner,42027,Den,TE,IR-R,Sun 8:20 pm vs LAR,FA,-,10,0.00,"2,222",806,0%,-,-,-,-,-,-,-,-,-,-,-,-,-
Junior Bergen,42032,NYJ,WR,NA,Sun 1:00 pm @ Det,FA,-,13,0.00,"2,315",807,0%,-,-,-,-,-,-,-,-,-,-,-,-,-
Luke Lachey,42041,Hou,TE,NA,Sun 1:00 pm @ Ind,FA,-,8,0.00,"2,173",809,0%,-,-,-,-,-,-,-,-,-,-,-,-,-
Ricky White III,42042,Sea,WR,NA,Sun 1:00 pm @ Was,FA,-,11,0.00,"2,418",810,0%,-,-,-,-,-,-,-,-,-,-,-,-,-
Dominic Lovett,42043,Det,WR,NA,Sun 1:00 pm vs NYJ,FA,-,6,0.00,"2,437",811,0%,-,-,-,-,-,-,-,-,-,-,-,-,-
JP Richardson,42047,Chi,WR,NA,Mon 8:15 pm vs Phi,FA,-,10,0.00,"2,321",813,0%,-,-,-,-,-,-,-,-,-,-,-,-,-
Jordan Moore,42057,Cin,WR,NA,Sun 1:00 pm @ Pit,FA,-,6,0.00,"2,475",814,0%,-,-,-,-,-,-,-,-,-,-,-,-,-
Hal Presley III,42060,KC,WR,NA,Sun 1:00 pm @ Mia,FA,-,5,0.00,"2,358",815,0%,-,-,-,-,-,-,-,-,-,-,-,-,-
JaQuae Jackson,41231,LAC,WR,NA,Sun 1:00 pm @ Buf,FA,-,7,0.00,"2,413",618,0%,-,-,-,-,-,-,-,-,-,-,-,-,-
Jeshaun Jones,41205,Min,WR,SUSP,Sun 4:05 pm @ TB,FA,-,6,0.00,"2,381",608,0%,-,-,-,-,-,-,-,-,-,-,-,-,-
Jashaun Corbin,34665,Dal,RB,NA,Sun 4:25 pm vs Bal,FA,-,14,0.00,"2,605","1,114",0%,-,-,-,-,-,-,-,-,-,-,-,-,-
Joel Wilson,40346,Ten,TE,NA,Sun 1:00 pm @ NYG,FA,-,9,0.00,"2,168",976,0%,-,-,-,-,-,-,-,-,-,-,-,-,-
Brayden Willis,40261,SF,TE,,Sun 4:05 pm vs Ari,FA,-,8,0.00,"2,753",943,0%,-,-,-,-,-,-,-,-,-,-,-,-,-
Colton Dowell,40263,SF,WR,NA,Sun 4:05 pm vs Ari,FA,-,8,0.00,"2,348",945,0%,-,-,-,-,-,-,-,-,-,-,-,-,-
Kenny McIntosh,40267,Sea,RB,NA,Sun 1:00 pm @ Was,FA,-,11,0.00,"2,654",946,0%,-,-,-,-,-,-,-,-,-,-,-,-,-
Ronnie Bell,40279,LV,WR,NA,Sun 4:25 pm @ NO,FA,-,13,0.00,"2,528",954,0%,-,-,-,-,-,-,-,-,-,-,-,-,-
Malik Cunningham,40290,Det,WR,NA,Sun 1:00 pm vs NYJ,FA,-,6,0.00,"2,421",956,0%,-,-,-,-,-,-,-,-,-,-,-,-,-
Mitchell Tinsley,40313,Hou,WR,NA,Sun 1:00 pm @ Ind,FA,-,8,0.00,"2,236",966,0%,-,-,-,-,-,-,-,-,-,-,-,-,-
Ben Sims,40335,Mia,TE,NA,Sun 1:00 pm vs KC,FA,-,6,0.00,"2,254",973,0%,-,-,-,-,-,-,-,-,-,-,-,-,-
Elijah Cooks,40374,Car,WR,NA,Sun 1:00 pm @ Cle,FA,-,5,0.00,"2,333",985,0%,-,-,-,-,-,-,-,-,-,-,-,-,-
Zack Kuntz,40255,Dal,TE,NA,Sun 4:25 pm vs Bal,FA,-,14,0.00,"2,180",940,0%,-,-,-,-,-,-,-,-,-,-,-,-,-
Carlos Washington Jr.,40420,Mia,RB,NA,Sun 1:00 pm vs KC,FA,-,6,0.00,"2,617","1,004",0%,-,-,-,-,-,-,-,-,-,-,-,-,-
Malik Heath,40445,Atl,WR,NA,Thu 8:15 pm @ GB,FA,-,11,0.00,"2,286","1,009",0%,-,-,-,-,-,-,-,-,-,-,-,-,-
Jake Bobo,40452,Sea,WR,IR,Sun 1:00 pm @ Was,FA,-,11,0.00,"2,731","1,011",0%,-,-,-,-,-,-,-,-,-,-,-,-,-
Isaiah Winstead,40466,Pit,WR,NA,Sun 1:00 pm vs Cin,FA,-,9,0.00,"2,402","1,017",0%,-,-,-,-,-,-,-,-,-,-,-,-,-
Shedrick Jackson,40491,Bal,WR,NA,Sun 4:25 pm @ Dal,FA,-,13,0.00,"2,459","1,029",0%,-,-,-,-,-,-,-,-,-,-,-,-,-
Ben VanSumeren,40518,KC,RB,,Sun 1:00 pm @ Mia,FA,-,5,0.00,"2,688","1,034",0%,-,-,-,-,-,-,-,-,-,-,-,-,-
Brady Russell,40519,Sea,"RB,TE",,Sun 1:00 pm @ Was,FA,-,11,0.00,"2,771","1,035",0%,-,-,-,-,-,-,-,-,-,-,-,-,-
Lew Nichols,40260,Pit,RB,NA,Sun 1:00 pm vs Cin,FA,-,9,0.00,"2,579",942,0%,-,-,-,-,-,-,-,-,-,-,-,-,-
A.T. Perry,40242,Den,WR,NA,Sun 8:20 pm vs LAR,FA,-,10,0.00,"2,300",935,0%,-,-,-,-,-,-,-,-,-,-,-,-,-
Zavier Scott,40539,Chi,RB,NA,Mon 8:15 pm vs Phi,FA,-,10,0.00,"2,662","1,042",0%,-,-,-,-,-,-,-,-,-,-,-,-,-
Charlie Jones,40158,NYG,WR,NA,Sun 1:00 pm vs Ten,FA,-,8,0.00,"2,756",882,0%,-,-,-,-,-,-,-,-,-,-,-,-,-
Maurice Alexander,34712,Chi,WR,NA,Mon 8:15 pm vs Phi,FA,-,10,0.00,"2,341","1,136",0%,-,-,-,-,-,-,-,-,-,-,-,-,-
Jayden Reed,40063,GB,WR,O,Thu 8:15 pm vs Atl,Locked In Michelle,-,11,0.00,201,835,67%,-,-,-,-,-,-,-,-,-,-,-,-,-
Luke Musgrave,40074,GB,TE,PUP-R,Thu 8:15 pm vs Atl,FA,-,11,0.00,"2,113",838,0%,-,-,-,-,-,-,-,-,-,-,-,-,-
Zach Charbonnet,40075,Sea,RB,PUP-R,Sun 1:00 pm @ Was,FA,-,11,0.00,235,839,51%,-,-,-,-,-,-,-,-,-,-,-,-,-
Tank Dell,40097,Hou,WR,IR-R,Sun 1:00 pm @ Ind,FA,-,8,0.00,"2,099",850,18%,-,-,-,-,-,-,-,-,-,-,-,-,-
Jalin Hyatt,40128,NYG,WR,NA,Sun 1:00 pm vs Ten,FA,-,8,0.00,"2,730",864,0%,-,-,-,-,-,-,-,-,-,-,-,-,-
Tyler Scott,40141,LAR,WR,NA,Sun 8:20 pm @ Den,FA,-,11,0.00,"2,622",870,0%,-,-,-,-,-,-,-,-,-,-,-,-,-
Israel Abanikanda,40165,Dal,RB,NA,Sun 4:25 pm vs Bal,FA,-,14,0.00,"2,604",885,0%,-,-,-,-,-,-,-,-,-,-,-,-,-
Deuce Vaughn,40240,Hou,RB,NA,Sun 1:00 pm @ Ind,FA,-,8,0.00,"2,661",933,0%,-,-,-,-,-,-,-,-,-,-,-,-,-
Justin Shorter,40167,LV,"WR,TE",IR,Sun 4:25 pm @ NO,FA,-,13,0.00,"2,269",887,0%,-,-,-,-,-,-,-,-,-,-,-,-,-
Evan Hull,40169,Ari,RB,NA,Sun 4:05 pm @ SF,FA,-,14,0.00,"2,761",889,0%,-,-,-,-,-,-,-,-,-,-,-,-,-
Will Mallory,40180,Ind,TE,IR-R,Sun 1:00 pm vs Hou,FA,-,13,0.00,"2,272",896,0%,-,-,-,-,-,-,-,-,-,-,-,-,-
Eric Gray,40198,Cle,RB,NA,Sun 1:00 pm vs Car,FA,-,11,0.00,"2,672",907,0%,-,-,-,-,-,-,-,-,-,-,-,-,-
Andrei Iosivas,40211,Cin,WR,O,Sun 1:00 pm @ Pit,FA,-,6,0.00,279,914,0%,-,-,-,-,-,-,-,-,-,-,-,-,-
Trey Palmer,40223,NO,WR,NA,Sun 4:25 pm vs LV,FA,-,8,0.00,"2,507",919,0%,-,-,-,-,-,-,-,-,-,-,-,-,-
Scott Matlock,40225,LAC,RB,IR-R,Sun 1:00 pm @ Buf,FA,-,7,0.00,"2,736",922,0%,-,-,-,-,-,-,-,-,-,-,-,-,-
Bryce Ford-Wheaton,40529,NYG,WR,NA,Sun 1:00 pm vs Ten,FA,-,8,0.00,"2,633","1,039",0%,-,-,-,-,-,-,-,-,-,-,-,-,-
Jason Brownlee,40545,KC,WR,NA,Sun 1:00 pm @ Mia,FA,-,5,0.00,"2,428","1,044",0%,-,-,-,-,-,-,-,-,-,-,-,-,-
Xavier Weaver,41202,Ari,WR,NA,Sun 4:05 pm @ SF,FA,-,14,0.00,"2,673",607,0%,-,-,-,-,-,-,-,-,-,-,-,-,-
Johnny Wilson,41089,Phi,WR,IR,Mon 8:15 pm @ Chi,FA,-,10,0.00,"2,523",555,0%,-,-,-,-,-,-,-,-,-,-,-,-,-
DeAndre Hopkins,26650,Bal,WR,NA,Sun 4:25 pm @ Dal,FA,-,13,0.00,"2,092",499,0%,-,-,-,-,-,-,-,-,-,-,-,-,-
Anthony Gould,41046,Ind,WR,NA,Sun 1:00 pm vs Hou,FA,-,13,0.00,"2,786",528,0%,-,-,-,-,-,-,-,-,-,-,-,-,-
Jawhar Jordan,41064,Hou,RB,NA,Sun 1:00 pm @ Ind,FA,-,8,0.00,317,539,0%,-,-,-,-,-,-,-,-,-,-,-,-,-
Jha'Quan Jackson,41065,Hou,WR,NA,Sun 1:00 pm @ Ind,FA,-,8,0.00,"2,640",540,0%,-,-,-,-,-,-,-,-,-,-,-,-,-
Tanner McLachlan,41066,SF,TE,NA,Sun 4:05 pm vs Ari,FA,-,8,0.00,"2,212",541,0%,-,-,-,-,-,-,-,-,-,-,-,-,-
Casey Washington,41074,Car,WR,NA,Sun 1:00 pm @ Cle,FA,-,5,0.00,"2,510",546,0%,-,-,-,-,-,-,-,-,-,-,-,-,-
Tejhaun Palmer,41079,NE,WR,NA,Sun 1:00 pm @ Jax,FA,-,11,0.00,"2,325",548,0%,-,-,-,-,-,-,-,-,-,-,-,-,-
Brenden Rice,41098,LV,WR,NA,Sun 4:25 pm @ NO,FA,-,13,0.00,"2,477",559,0%,-,-,-,-,-,-,-,-,-,-,-,-,-
Audric Estime,41019,NO,RB,NA,Sun 4:25 pm vs LV,FA,-,8,0.00,313,513,0%,-,-,-,-,-,-,-,-,-,-,-,-,-
Cornelius Johnson,41099,Bal,WR,NA,Sun 4:25 pm @ Dal,FA,-,13,0.00,"2,433",561,0%,-,-,-,-,-,-,-,-,-,-,-,-,-
Tahj Washington,41104,Mia,WR,NA,Sun 1:00 pm vs KC,FA,-,6,0.00,"2,452",566,0%,-,-,-,-,-,-,-,-,-,-,-,-,-
Jaheim Bell,41106,Pit,TE,NA,Sun 1:00 pm vs Cin,FA,-,9,0.00,"2,271",568,0%,-,-,-,-,-,-,-,-,-,-,-,-,-
Devin Culp,41120,TB,TE,NA,Sun 4:05 pm vs Min,FA,-,10,0.00,"2,142",576,0%,-,-,-,-,-,-,-,-,-,-,-,-,-
John Rhys Plumlee,41135,Pit,WR,NA,Sun 1:00 pm vs Cin,FA,-,9,0.00,"2,343",585,0%,-,-,-,-,-,-,-,-,-,-,-,-,-
Mason Tipton,41188,NO,WR,PUP-R,Sun 4:25 pm vs LV,FA,-,8,0.00,"2,669",600,0%,-,-,-,-,-,-,-,-,-,-,-,-,-
Cody Schrader,41193,Den,RB,NA,Sun 8:20 pm vs LAR,FA,-,10,0.00,"2,582",602,0%,-,-,-,-,-,-,-,-,-,-,-,-,-
Ainias Smith,41030,Car,WR,NA,Sun 1:00 pm @ Cle,FA,-,5,0.00,"2,282",518,0%,-,-,-,-,-,-,-,-,-,-,-,-,-
Jamari Thrash,41016,Cle,WR,NA,Sun 1:00 pm vs Car,FA,-,11,0.00,"2,682",511,0%,-,-,-,-,-,-,-,-,-,-,-,-,-
Xavier Gipson,40548,Phi,WR,NA,Mon 8:15 pm @ Chi,FA,-,10,0.00,"2,781","1,045",0%,-,-,-,-,-,-,-,-,-,-,-,-,-
Jalen Moreno-Cropper,40774,NO,WR,NA,Sun 4:25 pm vs LV,FA,-,8,0.00,"2,349","1,099",0%,-,-,-,-,-,-,-,-,-,-,-,-,-
Deneric Prince,40570,NE,RB,NA,Sun 1:00 pm @ Jax,FA,-,11,0.00,"2,557","1,047",0%,-,-,-,-,-,-,-,-,-,-,-,-,-
Julian Hill,40629,NE,TE,IR,Sun 1:00 pm @ Jax,FA,-,11,0.00,"2,487","1,062",0%,-,-,-,-,-,-,-,-,-,-,-,-,-
Tyrell Shavers,40630,Buf,WR,PUP-R,Sun 1:00 pm vs LAC,FA,-,7,0.00,"2,235","1,064",0%,-,-,-,-,-,-,-,-,-,-,-,-,-
Jordan Mims,40631,Phi,RB,NA,Mon 8:15 pm @ Chi,FA,-,10,0.00,"2,642","1,065",0%,-,-,-,-,-,-,-,-,-,-,-,-,-
Owen Wright,40639,Hou,RB,NA,Sun 1:00 pm @ Ind,FA,-,8,0.00,"2,574","1,069",0%,-,-,-,-,-,-,-,-,-,-,-,-,-
Travis Vokolek,40643,Ari,TE,NA,Sun 4:05 pm @ SF,FA,-,14,0.00,"2,157","1,070",0%,-,-,-,-,-,-,-,-,-,-,-,-,-
Dylan Drummond,40737,Atl,WR,NA,Thu 8:15 pm @ GB,FA,-,11,0.00,"2,687","1,089",0%,-,-,-,-,-,-,-,-,-,-,-,-,-
Princeton Fant,40778,Dal,TE,IR,Sun 4:25 pm vs Bal,FA,-,14,0.00,"2,203","1,102",0%,-,-,-,-,-,-,-,-,-,-,-,-,-
Isaac Guerendo,40998,SF,RB,PUP-R,Sun 4:05 pm vs Ari,FA,-,8,0.00,"2,775",503,0%,-,-,-,-,-,-,-,-,-,-,-,-,-
Lucky Jackson,40791,Det,WR,NA,Sun 1:00 pm vs NYJ,FA,-,6,0.00,"2,482","1,105",0%,-,-,-,-,-,-,-,-,-,-,-,-,-
Dante Miller,40874,NYG,RB,NA,Sun 1:00 pm vs Ten,FA,-,8,0.00,"2,606","1,148",0%,-,-,-,-,-,-,-,-,-,-,-,-,-
Ricky Pearsall,40892,SF,WR,IR,Sun 4:05 pm vs Ari,FA,-,8,0.00,328,"1,156",3%,-,-,-,-,-,-,-,-,-,-,-,-,-
Ja'Lynn Polk,40914,NO,WR,NA,Sun 4:25 pm vs LV,FA,-,8,0.00,"2,502","1,167",0%,-,-,-,-,-,-,-,-,-,-,-,-,-
Jonathon Brooks,40926,Car,RB,IR,Sun 1:00 pm @ Cle,Sunday Kevin,-,5,0.00,177,"1,176",75%,-,-,-,-,-,-,-,-,-,-,-,-,-
Trey Benson,40958,Ari,RB,IR,Sun 4:05 pm @ SF,FA,-,14,0.00,"2,086","1,194",0%,-,-,-,-,-,-,-,-,-,-,-,-,-
Tip Reiman,40959,Ari,TE,PUP-R,Sun 4:05 pm @ SF,FA,-,14,0.00,"2,659","1,195",0%,-,-,-,-,-,-,-,-,-,-,-,-,-
Jared Wiley,40978,KC,TE,,Sun 1:00 pm @ Mia,FA,-,5,0.00,"2,147",494,0%,-,-,-,-,-,-,-,-,-,-,-,-,-
Bub Means,41045,Cle,WR,NA,Sun 1:00 pm vs Car,FA,-,11,0.00,"2,244",527,0%,-,-,-,-,-,-,-,-,-,-,-,-,-
