Player,Player ID,Team,Positions,Injury,Game,Roster Status,GP*,Bye,Fantasy Fan Pts,Rankings Pre-Season,Rankings Actual,Trends % Ros,Passing Yds,Passing TD,Passing Int,Rushing Att*,Rushing Yds,Rushing TD,Receiving Tgt*,Receiving Rec,Receiving Yds,Receiving TD,Ret TD,Misc 2PT,Fum Lost
Jahmyr Gibbs,40059,Det,RB,,Sun 8:20 pm @ Car,Locked In Michelle,1,6,22.15,1,2,100%,-,-,-,20.5,99.2,0.8,6.0,4.5,34.0,0.3,-,0.1,0.1
Bijan Robinson,40055,Atl,RB,,Mon 8:15 pm @ NO,Dave’s Bone Crushers,1,11,19.78,2,6,100%,-,-,-,18.9,86.0,0.6,5.8,4.4,37.9,0.3,-,0.1,0.1
Jonathan Taylor,32711,Ind,RB,,Sun 9:30 am @ Was,Max’s TD Bombers,1,13,18.33,3,16,100%,-,-,-,20.5,92.2,0.8,3.3,2.7,22.4,0.1,-,0.1,0.1
Jaxon Smith-Njigba,40041,Sea,WR,,Sun 4:25 pm vs LAC,Maybe Mitchell,1,11,17.85,4,20,100%,0.1,0.0,-,0.4,2.0,0.0,10.6,6.7,99.4,0.7,-,0.0,0.0
Derrick Henry,29279,Bal,RB,,Sun 1:00 pm vs Ten,JGrahnasaurs,1,13,17.68,8,21,100%,-,-,-,20.6,99.7,1.0,1.4,1.2,11.5,0.1,-,0.1,0.1
Christian McCaffrey,30121,SF,RB,,Sun 4:25 pm vs Den,Jason's Jazzy Team,1,8,17.42,9,23,100%,-,-,-,15.8,66.8,0.6,6.2,4.5,37.6,0.2,-,0.0,0.1
Ja'Marr Chase,33393,Cin,WR,,Sun 1:00 pm vs Jax,Steel City,1,6,17.30,11,24,100%,-,-,-,0.2,1.1,0.0,10.5,7.7,93.5,0.7,-,0.0,0.0
Kenneth Walker III,33996,KC,RB,,Sun 4:25 pm @ LV,Max’s TD Bombers,1,5,16.69,6,28,100%,-,-,-,16.9,76.6,0.5,4.8,3.6,28.5,0.2,-,0.0,0.1
Amon-Ra St. Brown,33500,Det,WR,,Sun 8:20 pm @ Car,Sunday Kevin,1,6,15.97,5,34,100%,-,-,-,0.2,1.0,0.0,10.3,6.9,81.3,0.7,-,0.0,0.0
Chase Brown,40196,Cin,RB,,Sun 1:00 pm vs Jax,Steel City,1,6,15.46,10,36,100%,-,-,-,15.2,61.5,0.5,4.8,4.2,25.5,0.2,-,0.1,0.1
Chris Olave,33966,NO,WR,,Mon 8:15 pm vs Atl,Sunday Kevin,1,8,15.33,17,37,100%,-,-,-,0.0,0.2,0.0,10.0,6.2,86.6,0.6,-,0.0,0.0
James Cook III,34019,Buf,RB,,Sun 1:00 pm vs NE,Sunday Kevin,1,7,15.16,7,38,100%,-,-,-,17.7,88.8,0.5,2.5,1.9,14.2,0.1,-,0.0,0.1
Nico Collins,33477,Hou,WR,Q,Sun 1:00 pm vs Dal,Steel City,1,8,15.11,26,40,100%,-,-,-,0.2,1.2,0.0,8.9,5.6,85.3,0.6,-,0.0,0.0
Puka Nacua,40168,LAR,WR,Q,Sun 1:00 pm @ Phi,Owl Out Blitz,1,11,15.04,12,42,100%,-,-,-,0.6,4.0,0.0,9.1,6.2,84.5,0.5,-,0.0,0.0
Chuba Hubbard,33514,Car,RB,,Sun 8:20 pm vs Det,Jason's Jazzy Team,1,5,14.53,63,43,95%,-,-,-,16.5,71.9,0.4,4.2,3.1,21.4,0.2,-,0.1,0.1
Jeremiyah Love,42625,Ari,RB,,Sun 1:00 pm @ NYG,Monday Night Madison,1,14,14.46,36,44,99%,-,-,-,15.3,67.7,0.5,3.4,3.1,22.6,0.2,-,0.0,0.1
CeeDee Lamb,32687,Dal,WR,,Sun 1:00 pm @ Hou,Owl Out Blitz,1,14,14.37,14,46,100%,-,-,-,0.3,1.2,0.0,9.3,5.9,85.3,0.5,-,0.0,0.0
Zay Flowers,40039,Bal,WR,,Sun 1:00 pm vs Ten,Jason's Jazzy Team,1,13,14.30,27,48,99%,-,-,-,0.5,3.8,0.0,6.9,5.2,84.0,0.5,-,0.0,0.0
Jaylen Warren,34447,Pit,RB,,Thu 8:15 pm @ Cle,Dave’s Bone Crushers,1,9,14.28,80,49,94%,-,-,-,15.2,70.0,0.4,4.3,3.3,25.0,0.1,-,0.0,0.1
Justin Jefferson,32692,Min,WR,Q,Sun 4:05 pm vs Mia,Maybe Mitchell,1,6,14.19,15,51,100%,-,-,-,0.1,0.3,0.0,8.1,6.0,78.0,0.6,-,0.0,0.0
Cam Skattebo,41922,NYG,RB,,Sun 1:00 pm vs Ari,Locked In Michelle,1,8,13.98,45,52,98%,-,-,-,16.6,71.0,0.5,3.4,2.4,22.0,0.1,-,0.0,0.1
Drake London,33963,Atl,WR,,Mon 8:15 pm @ NO,Dave’s Bone Crushers,1,11,13.94,39,53,100%,-,-,-,0.1,0.9,0.0,9.6,5.6,80.3,0.5,-,0.0,0.0
Ashton Jeanty,41791,LV,RB,,Sun 4:25 pm vs KC,Max’s TD Bombers,1,13,13.51,13,55,100%,-,-,-,15.5,56.1,0.4,5.0,3.7,23.5,0.2,-,0.0,0.1
Tee Higgins,32703,Cin,WR,,Sun 1:00 pm vs Jax,Jason's Jazzy Team,1,6,13.36,43,56,99%,-,-,-,0.0,0.2,0.0,7.7,5.1,78.4,0.5,-,0.0,0.0
Christian Watson,33989,GB,WR,,Sun 1:00 pm @ TB,Sunday Kevin,1,11,13.14,31,57,98%,-,-,-,0.1,0.5,0.0,7.6,4.7,75.5,0.5,-,0.0,0.0
Trey McBride,34010,Ari,TE,,Sun 1:00 pm @ NYG,Maybe Mitchell,1,14,13.05,40,58,100%,-,-,-,0.0,0.2,0.0,9.2,6.8,62.6,0.6,-,0.0,0.0
D'Andre Swift,32705,Chi,RB,,Sun 1:00 pm vs NYJ,Owl Out Blitz,1,10,12.96,21,59,98%,-,-,-,14.1,66.3,0.5,2.8,2.0,16.2,0.1,-,0.0,0.1
Brock Bowers,40878,LV,TE,,Sun 4:25 pm vs KC,Owl Out Blitz,1,13,12.85,47,60,100%,-,-,-,0.2,0.5,0.0,9.1,6.5,65.3,0.5,-,0.0,0.0
Aaron Jones Sr.,30295,Min,RB,,Sun 4:05 pm vs Mia,Locked In Michelle,1,6,12.82,82,61,89%,-,-,-,16.3,64.7,0.4,3.3,2.7,19.3,0.1,-,0.0,0.1
Javonte Williams,33423,Dal,RB,,Sun 1:00 pm @ Hou,JGrahnasaurs,1,14,12.72,19,62,100%,-,-,-,16.1,62.7,0.6,3.3,2.3,12.4,0.1,-,0.1,0.1
George Pickens,34007,Dal,WR,,Sun 1:00 pm @ Hou,Locked In Michelle,1,14,12.49,24,63,100%,-,-,-,0.0,0.1,0.0,8.4,5.1,74.9,0.4,-,0.0,0.0
Rashee Rice,40084,KC,WR,,Sun 4:25 pm @ LV,Locked In Michelle,1,5,12.48,48,64,99%,-,-,-,0.4,2.2,0.0,7.8,5.2,64.2,0.5,-,0.0,0.0
Saquon Barkley,30972,Phi,RB,,Sun 1:00 pm vs LAR,Monday Night Madison,1,10,12.46,16,65,100%,-,-,-,17.2,73.6,0.4,2.8,2.1,14.4,0.1,-,0.0,0.1
David Montgomery,31905,Hou,RB,,Sun 1:00 pm vs Dal,Maybe Mitchell,1,8,12.45,42,66,98%,-,-,-,13.7,56.4,0.6,2.6,2.1,16.3,0.1,-,0.0,0.1
Parker Washington,40234,Jax,WR,,Sun 1:00 pm @ Cin,Max’s TD Bombers,1,7,12.36,30,67,97%,-,-,-,0.3,1.7,0.0,8.4,4.4,70.8,0.4,0.0,0.0,0.0
Tetairoa McMillan,41793,Car,WR,,Sun 8:20 pm vs Det,Dave’s Bone Crushers,1,5,12.34,44,68,99%,-,-,-,0.0,0.2,0.0,8.8,4.8,74.5,0.4,-,0.0,0.0
Garrett Wilson,33965,NYJ,WR,,Sun 1:00 pm @ Chi,Steel City,1,13,12.31,34,69,99%,-,-,-,0.1,0.6,0.0,8.8,5.5,70.0,0.4,-,0.0,0.0
Kyren Williams,34120,LAR,RB,,Sun 1:00 pm @ Phi,Locked In Michelle,1,11,12.30,22,70,100%,-,-,-,14.4,64.2,0.5,2.6,1.9,14.6,0.1,-,0.0,0.1
Bucky Irving,40993,TB,RB,,Sun 1:00 pm vs GB,Sunday Kevin,1,10,12.21,35,71,98%,-,-,-,16.5,63.9,0.3,3.4,2.7,18.9,0.1,-,0.0,0.1
Jaylen Waddle,33394,Den,WR,,Sun 4:25 pm @ SF,Owl Out Blitz,1,10,11.57,33,72,99%,-,-,-,0.2,1.3,0.0,8.2,5.1,68.9,0.3,-,0.0,0.0
DeVonta Smith,33398,Phi,WR,,Sun 1:00 pm vs LAR,Max’s TD Bombers,1,10,11.44,18,73,100%,-,-,-,0.0,0.1,-,8.4,5.2,66.8,0.4,-,0.0,0.0
Davante Adams,27581,LAR,WR,,Sun 1:00 pm @ Phi,JGrahnasaurs,1,11,11.34,56,74,98%,-,-,-,-,-,-,8.6,4.1,64.4,0.5,-,0.0,0.0
Josh Downs,40126,Ind,WR,,Sun 9:30 am @ Was,Dave’s Bone Crushers,1,13,11.16,64,75,89%,-,-,-,0.1,0.5,0.0,7.4,4.9,62.3,0.4,0.0,0.0,0.0
DJ Moore,30994,Buf,WR,,Sun 1:00 pm vs NE,Dave’s Bone Crushers,1,7,10.86,55,76,97%,-,-,-,0.4,1.7,0.0,7.0,4.3,58.5,0.4,-,0.0,0.0
Quinshon Judkins,41821,Cle,RB,,Thu 8:15 pm vs Pit,Owl Out Blitz,1,11,10.78,76,77,96%,-,-,-,17.4,59.3,0.3,2.5,2.3,15.5,0.1,-,0.0,0.1
Matthew Golden,41808,GB,WR,,Sun 1:00 pm @ TB,Owl Out Blitz,1,11,10.73,70,78,85%,-,-,-,0.3,1.6,0.0,7.7,4.6,63.3,0.3,-,0.0,0.0
Mike Evans,27535,SF,WR,Q,Sun 4:25 pm vs Den,Owl Out Blitz,1,8,10.70,54,79,96%,-,-,-,-,-,-,7.4,4.3,60.5,0.4,-,0.0,0.0
Malik Nabers,40899,NYG,WR,,Sun 1:00 pm vs Ari,Sunday Kevin,1,8,10.64,37,80,99%,-,-,-,0.2,0.6,0.0,8.7,4.7,57.8,0.4,-,0.0,0.0
Jordan Addison,40042,Min,WR,,Sun 4:05 pm vs Mia,W (Sep 30),1,6,10.62,97,81,73%,-,-,-,0.3,2.7,0.0,6.9,3.9,58.3,0.4,-,0.0,0.0
Luther Burden III,41824,Chi,WR,,Sun 1:00 pm vs NYJ,Max’s TD Bombers,1,10,10.59,59,82,95%,-,-,-,0.6,2.8,0.0,6.8,4.6,60.1,0.3,-,0.0,0.0
Bhayshul Tuten,41900,Jax,RB,,Sun 1:00 pm @ Cin,Steel City,1,7,10.46,46,83,95%,-,-,-,11.7,53.6,0.4,2.2,1.7,13.8,0.1,-,0.0,0.1
Jalen Coker,41293,Car,WR,Q,Sun 8:20 pm vs Det,Dave’s Bone Crushers,1,5,10.42,66,84,91%,-,-,-,0.0,0.2,0.0,6.7,4.5,57.1,0.4,-,0.0,0.0
Michael Wilson,40121,Ari,WR,,Sun 1:00 pm @ NYG,Maybe Mitchell,1,14,10.38,71,85,84%,-,-,-,0.0,0.1,0.0,7.7,4.3,56.1,0.4,-,0.0,0.0
Tyler Warren,41799,Ind,TE,,Sun 9:30 am @ Was,Sunday Kevin,1,13,10.36,85,86,99%,-,-,-,0.4,1.2,0.0,7.0,5.1,50.7,0.4,-,0.0,0.0
Braelon Allen,40981,NYJ,RB,,Sun 1:00 pm @ Chi,W (Sep 30),1,13,10.28,223,87,21%,-,-,-,12.6,52.2,0.4,2.6,1.6,12.2,0.1,-,0.0,0.1
Jacory Croskey-Merritt,42010,Was,RB,,Sun 9:30 am vs Ind,Owl Out Blitz,1,7,10.22,110,88,85%,-,-,-,13.8,58.0,0.5,1.2,0.9,6.1,0.0,-,0.0,0.1
Terry McLaurin,31908,Was,WR,,Sun 9:30 am vs Ind,Monday Night Madison,1,7,10.09,60,89,95%,-,-,-,0.0,0.2,0.0,6.9,3.9,60.2,0.4,-,0.0,0.0
Omarion Hampton,41807,LAC,RB,,Sun 4:25 pm @ Sea,Monday Night Madison,1,7,10.07,20,90,100%,-,-,-,14.2,52.9,0.4,1.8,2.1,11.9,0.1,-,0.0,0.1
Rhamondre Stevenson,33508,NE,RB,,Sun 1:00 pm @ Buf,Jason's Jazzy Team,1,11,9.95,51,91,93%,-,-,-,9.3,43.3,0.3,3.0,2.3,19.1,0.1,-,0.0,0.1
Jameson Williams,33967,Det,WR,,Sun 8:20 pm @ Car,Jason's Jazzy Team,1,6,9.82,58,92,96%,-,-,-,0.5,2.6,0.0,6.1,3.7,56.5,0.3,-,0.0,0.0
George Kittle,30259,SF,TE,,Sun 4:25 pm vs Den,Owl Out Blitz,1,8,9.77,88,93,97%,-,-,-,0.0,0.0,-,6.3,4.4,54.3,0.4,-,0.0,0.0
Ladd McConkey,40908,LAC,WR,,Sun 4:25 pm @ Sea,Dave’s Bone Crushers,1,7,9.70,52,94,98%,-,-,-,0.1,0.2,0.0,6.9,4.5,55.7,0.3,-,0.0,0.0
Dalton Kincaid,40048,Buf,TE,,Sun 1:00 pm vs NE,Jason's Jazzy Team,1,7,9.47,53,95,98%,-,-,-,-,-,-,6.2,4.2,56.1,0.3,-,0.0,0.0
Travis Kelce,26686,KC,TE,,Sun 4:25 pm @ LV,Sunday Kevin,1,5,9.44,98,96,96%,-,-,-,0.0,0.0,-,6.5,4.7,52.9,0.3,-,0.0,0.0
Harold Fannin Jr.,41877,Cle,TE,,Thu 8:15 pm vs Pit,Locked In Michelle,1,11,9.43,117,97,93%,-,-,-,0.2,0.7,0.0,6.5,4.7,48.6,0.4,-,0.0,0.0
Tucker Kraft,40102,GB,TE,,Sun 1:00 pm @ TB,Max’s TD Bombers,1,11,9.41,102,98,98%,-,-,-,0.1,0.3,0.0,5.8,4.2,53.5,0.3,-,0.0,0.0
Emeka Egbuka,41804,TB,WR,,Sun 1:00 pm vs GB,Monday Night Madison,1,10,9.33,41,99,97%,-,-,-,0.2,0.9,0.0,6.9,4.0,53.8,0.3,-,0.0,0.0
Tony Pollard,31960,Ten,RB,,Sun 1:00 pm @ Bal,Maybe Mitchell,1,9,9.27,129,100,90%,-,-,-,13.8,56.1,0.3,2.2,1.7,10.6,0.0,-,0.0,0.1
RJ Harvey,41845,Den,RB,,Sun 4:25 pm @ SF,Max’s TD Bombers,1,10,9.20,137,101,78%,-,-,-,7.7,27.6,0.2,4.3,3.4,24.3,0.2,-,0.0,0.0
TreVeyon Henderson,41823,NE,RB,,Sun 1:00 pm @ Buf,Steel City,1,11,9.09,49,103,94%,-,-,-,10.0,47.8,0.3,2.0,1.7,11.1,0.1,-,0.0,0.0
Stefon Diggs,28534,Was,WR,,Sun 9:30 am vs Ind,Monday Night Madison,1,7,9.08,68,104,90%,-,-,-,0.0,0.2,0.0,6.4,4.0,50.4,0.3,-,0.0,0.0
Courtland Sutton,31010,Den,WR,,Sun 4:25 pm @ SF,JGrahnasaurs,1,10,9.02,72,105,79%,-,-,-,-,-,-,6.5,3.7,49.7,0.4,-,0.0,0.0
Jadarian Price,42654,Sea,RB,,Sun 4:25 pm vs LAC,Dave’s Bone Crushers,1,11,8.92,81,107,95%,-,-,-,10.6,41.5,0.4,1.9,1.4,12.5,0.1,0.0,0.0,0.1
Alvin Kamara,30180,NO,RB,,Mon 8:15 pm vs Atl,W (Sep 30),1,8,8.89,203,108,44%,-,-,-,11.4,40.9,0.2,3.7,2.6,15.3,0.1,-,0.0,0.1
Denzel Boston,42661,Cle,WR,,Thu 8:15 pm vs Pit,W (Sep 30),1,11,8.87,87,109,76%,-,-,-,0.0,0.2,0.0,5.6,3.3,52.0,0.3,-,0.0,0.0
Rico Dowdle,33100,Pit,RB,Q,Thu 8:15 pm @ Cle,W (Sep 30),1,9,8.86,106,110,83%,-,-,-,10.4,43.0,0.3,2.5,1.9,12.4,0.1,-,0.0,0.0
Sam LaPorta,40064,Det,TE,,Sun 8:20 pm @ Car,Maybe Mitchell,1,6,8.84,94,111,99%,-,-,-,0.0,0.1,0.0,5.9,4.4,48.0,0.3,-,0.0,0.0
DK Metcalf,31896,Pit,WR,,Thu 8:15 pm @ Cle,Jason's Jazzy Team,1,9,8.74,84,113,92%,-,-,-,0.1,0.2,0.0,6.8,3.5,47.6,0.4,-,0.0,0.0
Colston Loveland,41795,Chi,TE,,Sun 1:00 pm vs NYJ,Steel City,1,10,8.68,116,114,96%,-,-,-,0.0,0.1,0.0,5.3,4.0,45.4,0.4,-,0.0,0.0
Isaiah Likely,34095,NYG,TE,,Sun 1:00 pm vs Ari,Max’s TD Bombers,1,8,8.62,112,115,93%,-,-,-,-,-,-,6.3,4.2,44.8,0.3,-,0.0,0.0
Juwan Johnson,33113,NO,TE,,Mon 8:15 pm vs Atl,Steel City,1,8,8.58,131,119,78%,-,-,-,-,-,-,5.7,4.0,48.1,0.3,-,0.0,0.0
Devaughn Vele,41097,NO,WR,,Mon 8:15 pm vs Atl,W (Sep 30),1,8,8.44,92,122,62%,-,-,-,0.0,0.1,0.0,6.1,3.9,49.0,0.3,-,0.0,0.0
Deebo Samuel Sr.,31868,SF,WR,,Sun 4:25 pm vs Den,Max’s TD Bombers,1,8,8.44,74,123,84%,-,-,-,1.3,5.3,0.0,5.8,3.6,44.5,0.2,0.0,0.0,0.0
Kyle Monangai,42025,Chi,RB,,Sun 1:00 pm vs NYJ,Jason's Jazzy Team,1,10,8.33,114,127,82%,-,-,-,10.3,49.4,0.3,1.3,1.1,9.3,0.1,-,0.0,0.0
Rome Odunze,40901,Chi,WR,,Sun 1:00 pm vs NYJ,JGrahnasaurs,1,10,8.21,62,132,92%,-,-,-,0.0,0.2,-,5.4,3.1,46.8,0.3,-,0.0,0.0
KC Concepcion Jr.,42646,Cle,WR,,Thu 8:15 pm vs Pit,Steel City,1,11,8.16,99,133,65%,-,-,-,0.7,2.7,0.0,6.2,3.9,39.8,0.3,0.0,0.0,0.0
Carnell Tate,42626,Ten,WR,,Sun 1:00 pm @ Bal,W (Sep 30),1,9,8.15,103,134,79%,-,-,-,0.0,0.0,-,7.5,4.2,45.8,0.2,-,0.0,0.0
Keenan Allen,26699,Ind,WR,,Sun 9:30 am @ Was,W (Sep 30),1,13,8.03,204,136,22%,-,-,-,-,-,-,5.9,3.9,43.3,0.3,-,0.0,0.0
Xavier Worthy,40877,KC,WR,,Sun 4:25 pm @ LV,W (Sep 30),1,5,8.02,77,137,66%,-,-,-,0.9,4.9,0.0,5.9,3.3,39.1,0.3,-,0.0,0.0
Wan'Dale Robinson,33998,Ten,WR,,Sun 1:00 pm @ Bal,JGrahnasaurs,1,9,7.98,105,138,47%,-,-,-,0.2,0.7,0.0,6.9,4.4,45.1,0.2,-,0.0,0.0
Jakobi Meyers,32231,Jax,WR,,Sun 1:00 pm @ Cin,Locked In Michelle,1,7,7.88,93,142,44%,-,-,-,0.2,0.9,0.0,6.0,3.5,43.7,0.3,-,0.0,0.0
Quentin Johnston,40051,LAC,WR,,Sun 4:25 pm @ Sea,Sunday Kevin,1,7,7.87,111,144,71%,-,-,-,0.2,1.0,0.0,5.8,3.3,45.3,0.3,-,0.0,0.0
Dalton Schultz,31107,Hou,TE,,Sun 1:00 pm vs Dal,Jason's Jazzy Team,1,8,7.80,144,146,80%,-,-,-,-,-,-,5.9,4.2,42.1,0.2,-,0.0,0.0
J.K. Dobbins,32725,Den,RB,,Sun 4:25 pm @ SF,Owl Out Blitz,1,10,7.61,118,153,83%,-,-,-,11.4,47.1,0.3,1.3,1.1,5.0,0.0,-,0.0,0.1
Woody Marks,41902,Hou,RB,,Sun 1:00 pm vs Dal,JGrahnasaurs,1,8,7.58,143,155,52%,-,-,-,8.9,36.1,0.2,2.2,1.6,12.5,0.1,-,0.0,0.0
Mark Andrews,31056,Bal,TE,,Sun 1:00 pm vs Ten,Dave’s Bone Crushers,1,13,7.58,139,156,89%,-,-,-,0.3,1.3,0.0,4.7,3.8,37.9,0.3,-,0.0,0.0
Hunter Henry,29269,NE,TE,,Sun 1:00 pm @ Buf,Monday Night Madison,1,11,7.56,157,157,57%,-,-,-,-,-,-,5.1,3.6,41.4,0.3,-,0.0,0.0
Rachaad White,34047,Was,RB,,Sun 9:30 am vs Ind,W (Sep 30),1,7,7.55,136,158,58%,-,-,-,7.3,32.0,0.2,2.6,2.1,13.7,0.1,-,0.0,0.0
Romeo Doubs,34088,NE,WR,,Sun 1:00 pm @ Buf,Maybe Mitchell,1,11,7.49,83,161,64%,-,-,-,-,-,-,5.0,3.0,44.4,0.3,-,0.0,0.0
Adonai Mitchell,40915,NYJ,WR,Q,Sun 1:00 pm @ Chi,W (Sep 30),1,13,7.46,89,162,38%,-,-,-,0.1,0.1,0.0,6.3,3.1,45.2,0.2,-,0.0,0.0
Michael Pittman Jr.,32704,Pit,WR,,Thu 8:15 pm @ Cle,Sunday Kevin,1,9,7.39,121,163,68%,-,-,-,0.0,0.1,0.0,5.7,3.8,40.1,0.2,-,0.0,0.0
Breece Hall,33991,NYJ,RB,Q,Sun 1:00 pm @ Chi,Maybe Mitchell,1,13,7.36,32,164,99%,-,-,-,7.2,32.7,0.2,-,1.4,15.2,0.1,-,-,-
Tre Tucker,40114,LV,WR,,Sun 4:25 pm vs KC,W (Sep 30),1,13,7.32,96,165,45%,-,-,-,0.4,1.7,0.0,5.8,3.2,41.4,0.2,-,0.0,0.0
Blake Corum,40962,LAR,RB,,Sun 1:00 pm @ Phi,Maybe Mitchell,1,11,7.28,95,167,87%,-,-,-,10.3,45.5,0.3,1.0,0.8,4.8,0.0,-,0.0,0.0
Marvin Harrison Jr.,40893,Ari,WR,,Sun 1:00 pm @ NYG,Locked In Michelle,1,14,7.28,130,168,81%,-,-,-,0.0,0.1,-,4.5,2.8,41.4,0.3,-,0.0,0.0
Kyle Pitts Sr.,33392,Atl,TE,,Mon 8:15 pm @ NO,Dave’s Bone Crushers,1,11,7.26,126,169,86%,-,-,-,-,-,-,4.7,3.5,37.6,0.3,-,0.0,0.0
Brenton Strange,40078,Jax,TE,,Sun 1:00 pm @ Cin,W (Sep 30),1,7,7.23,142,172,28%,-,-,-,-,-,-,5.1,3.3,39.7,0.3,-,0.0,0.0
Chris Godwin Jr.,30197,TB,WR,,Sun 1:00 pm vs GB,Steel City,1,10,7.19,65,173,83%,-,-,-,0.2,0.9,0.0,4.7,3.6,39.2,0.2,-,0.0,0.0
MarShawn Lloyd,40971,GB,RB,,Sun 1:00 pm @ TB,Steel City,1,11,7.17,123,174,71%,-,-,-,7.8,26.4,0.3,1.9,1.9,13.9,0.1,-,0.0,0.0
Dontayvion Wicks,40201,Phi,WR,,Sun 1:00 pm vs LAR,Monday Night Madison,1,10,7.13,91,176,51%,-,-,-,0.0,0.1,-,5.3,3.2,41.1,0.2,-,0.0,0.0
Khalil Shakir,34104,Buf,WR,,Sun 1:00 pm vs NE,W (Sep 30),1,7,7.09,109,178,49%,-,-,-,0.1,0.5,0.0,5.2,3.7,38.5,0.2,-,0.0,0.0
T.J. Hockenson,31840,Min,TE,,Sun 4:05 pm vs Mia,W (Sep 30),1,6,6.99,161,181,28%,-,-,-,-,-,-,4.9,3.7,35.8,0.3,-,0.0,0.0
Malik Washington,41058,Mia,WR,,Sun 4:05 pm @ Min,W (Sep 30),1,6,6.99,164,182,20%,-,-,-,0.9,3.9,0.0,6.8,3.6,35.0,0.2,0.0,0.0,0.0
Jauan Jennings,32887,Min,WR,,Sun 4:05 pm vs Mia,W (Sep 30),1,6,6.94,219,183,5%,-,-,-,0.0,0.0,-,4.6,2.9,35.7,0.3,-,0.0,0.0
Jake Ferguson,34085,Dal,TE,,Sun 1:00 pm @ Hou,JGrahnasaurs,1,14,6.93,133,184,78%,-,-,-,0.0,0.1,-,5.2,3.8,32.5,0.3,-,0.0,0.0
Kenyon Sadiq,42638,NYJ,TE,,Sun 1:00 pm @ Chi,W (Sep 30),1,13,6.93,169,185,20%,-,-,-,0.0,0.1,0.0,4.9,3.4,38.1,0.2,-,0.0,0.0
Darren Waller,28592,Car,TE,,Sun 8:20 pm vs Det,W (Sep 30),1,5,6.88,156,187,14%,-,-,-,-,-,-,4.8,3.1,35.1,0.3,-,0.0,0.0
Ryan Flournoy,41087,Dal,WR,,Sun 1:00 pm @ Hou,W (Sep 30),1,14,6.84,221,188,8%,-,-,-,0.1,0.6,0.0,5.6,3.2,37.8,0.2,-,0.0,0.0
Kayshon Boutte,40224,Hou,WR,,Sun 1:00 pm vs Dal,W (Sep 30),1,8,6.83,127,189,25%,-,-,-,-,-,-,4.2,2.6,39.9,0.3,-,0.0,0.0
Brian Thomas Jr.,40883,Jax,WR,,Sun 1:00 pm @ Cin,Owl Out Blitz,1,7,6.79,75,190,82%,-,-,-,0.2,0.9,0.0,4.7,2.6,39.6,0.2,-,0.0,0.0
Kenny Gainwell,33538,TB,RB,,Sun 1:00 pm vs GB,JGrahnasaurs,1,10,6.67,147,191,64%,-,-,-,5.6,23.4,0.2,2.6,2.5,16.0,0.1,-,0.0,0.0
Mack Hollins,30231,NE,WR,,Sun 1:00 pm @ Buf,W (Sep 30),1,11,6.58,261,192,3%,-,-,-,0.0,0.1,0.0,5.5,3.1,39.6,0.2,-,0.0,0.0
AJ Barner,41001,Sea,TE,,Sun 4:25 pm vs LAC,W (Sep 30),1,11,6.55,166,193,13%,-,-,-,0.4,1.2,0.0,4.6,3.0,32.1,0.3,-,0.0,0.0
Greg Dulcich,34036,Mia,TE,,Sun 4:05 pm @ Min,W (Sep 30),1,6,6.32,175,197,7%,-,-,-,-,-,-,4.5,3.3,36.8,0.2,-,0.0,0.0
Tyler Allgeier,34107,Ari,RB,,Sun 1:00 pm @ NYG,W (Sep 30),1,14,6.32,159,198,43%,-,-,-,6.5,26.6,0.2,2.4,2.0,11.4,0.1,-,0.0,0.0
Caleb Douglas,42697,Mia,WR,Q,Sun 4:05 pm @ Min,W (Sep 30),1,6,6.30,119,199,22%,-,-,-,0.0,0.1,-,4.9,2.9,37.8,0.2,-,0.0,0.0
Kalif Raymond,29631,Chi,WR,,Sun 1:00 pm vs NYJ,JGrahnasaurs,1,10,6.28,125,200,11%,-,-,-,0.1,0.8,0.0,4.8,3.0,35.6,0.2,0.0,0.0,0.0
Chig Okonkwo,34099,Was,TE,Q,Sun 9:30 am vs Ind,W (Sep 30),1,7,6.02,173,205,20%,-,-,-,-,-,-,4.8,3.0,31.7,0.2,-,0.0,0.0
Pat Freiermuth,33443,Pit,TE,,Thu 8:15 pm @ Cle,W (Sep 30),1,9,6.02,168,206,18%,-,-,-,0.2,0.6,0.0,4.4,3.0,31.5,0.2,-,0.0,0.0
Rashod Bateman,33415,Bal,WR,,Sun 1:00 pm vs Ten,W (Sep 30),1,13,6.02,141,207,44%,-,-,-,0.0,0.1,0.0,4.1,2.5,34.5,0.2,-,0.0,0.0
Jalen Nailor,34147,LV,WR,,Sun 4:25 pm vs KC,W (Sep 30),1,13,6.00,181,208,10%,-,-,-,0.1,0.4,0.0,4.3,2.4,33.2,0.2,-,0.0,0.0
Rashid Shaheed,34659,Sea,WR,,Sun 4:25 pm vs LAC,Maybe Mitchell,1,11,5.99,122,209,37%,-,-,-,0.6,3.4,0.0,4.1,2.3,29.6,0.2,0.1,0.0,0.0
Pat Bryant,41860,Den,WR,,Sun 4:25 pm @ SF,W (Sep 30),1,10,5.98,154,210,8%,-,-,-,0.1,0.5,0.0,4.3,2.8,32.7,0.2,-,0.0,0.0
Mike Gesicki,31012,Cin,TE,,Sun 1:00 pm vs Jax,W (Sep 30),1,6,5.96,183,211,5%,-,-,-,-,-,-,4.0,2.7,31.9,0.2,-,0.0,0.0
Tre' Harris,41840,LAC,WR,,Sun 4:25 pm @ Sea,W (Sep 30),1,7,5.95,149,212,4%,-,-,-,0.0,0.1,0.0,5.0,2.9,35.3,0.2,-,0.0,0.0
Tyjae Spears,40119,Ten,RB,,Sun 1:00 pm @ Bal,W (Sep 30),1,9,5.89,178,214,33%,-,-,-,5.4,20.6,0.2,2.8,2.2,14.1,0.1,-,0.0,0.0
Chris Rodriguez Jr.,40231,Jax,RB,,Sun 1:00 pm @ Cin,W (Sep 30),1,7,5.84,209,216,40%,-,-,-,7.1,32.8,0.3,0.5,0.4,4.4,0.0,-,0.0,0.0
DeMario Douglas,40222,NE,WR,,Sun 1:00 pm @ Buf,W (Sep 30),1,11,5.74,227,220,3%,-,-,-,0.4,2.0,0.0,4.7,2.7,32.9,0.1,-,0.0,0.0
Cade Otton,34062,TB,TE,,Sun 1:00 pm vs GB,W (Sep 30),1,10,5.56,194,223,3%,-,-,-,-,-,-,4.6,3.2,30.6,0.2,-,0.0,0.0
Ollie Gordon II,41969,Mia,RB,,Sun 4:05 pm @ Min,W (Sep 30),1,6,5.55,295,224,6%,-,-,-,10.4,34.4,0.2,1.4,0.8,5.6,0.0,-,0.0,0.0
Kaleb Johnson,41881,GB,RB,,Sun 1:00 pm @ TB,W (Sep 30),1,11,5.49,196,226,6%,-,-,-,9.2,30.9,0.2,1.4,0.8,6.6,0.0,-,0.0,0.1
Makai Lemon,42642,Phi,WR,,Sun 1:00 pm vs LAR,W (Sep 30),1,10,5.45,120,227,50%,-,-,-,0.2,0.7,0.0,4.5,3.0,26.8,0.2,-,0.0,0.0
Emanuel Wilson,40707,Sea,RB,,Sun 4:25 pm vs LAC,W (Sep 30),1,11,5.45,200,228,23%,-,-,-,8.6,32.6,0.2,0.9,0.6,4.1,0.0,-,0.0,0.0
Oronde Gadsden,41951,LAC,TE,,Sun 4:25 pm @ Sea,W (Sep 30),1,7,5.39,158,230,19%,-,-,-,-,-,-,4.3,2.6,30.0,0.2,-,0.0,0.0
Kendre Miller,40108,NO,RB,,Mon 8:15 pm vs Atl,W (Sep 30),1,8,5.18,271,234,1%,-,-,-,7.1,26.5,0.2,1.4,0.9,6.4,0.0,-,0.0,0.0
Xavier Hutchinson,40232,Hou,WR,,Sun 1:00 pm vs Dal,W (Sep 30),1,8,5.16,"2,047",236,7%,-,-,-,0.1,0.8,0.0,3.6,2.4,31.1,0.1,-,0.0,0.0
Tyquan Thornton,34005,KC,WR,,Sun 4:25 pm @ LV,W (Sep 30),1,5,5.14,195,238,4%,-,-,-,-,-,-,3.0,1.9,32.5,0.2,-,0.0,0.0
Dohnte Meyers,42616,Cin,WR,,Sun 1:00 pm vs Jax,W (Sep 30),1,6,5.09,"2,479",239,0%,-,-,-,0.2,0.9,0.0,3.3,2.3,27.3,0.2,0.0,0.0,0.0
Brian Robinson,34054,Atl,RB,,Mon 8:15 pm @ NO,W (Sep 30),1,11,5.01,222,242,22%,-,-,-,7.2,28.6,0.2,0.9,0.6,4.1,0.0,0.0,0.0,0.0
Chris Bell,42716,Mia,WR,,Sun 4:05 pm @ Min,W (Sep 30),1,6,5.00,202,243,4%,-,-,-,0.0,0.0,-,4.0,2.3,30.6,0.1,-,0.0,0.0
Malachi Fields,42696,NYG,WR,,Sun 1:00 pm vs Ari,W (Sep 30),1,8,4.99,174,244,11%,-,-,-,0.0,0.1,-,3.7,2.1,28.4,0.2,-,0.0,0.0
Ted Hurst III,42706,TB,WR,,Sun 1:00 pm vs GB,W (Sep 30),1,10,4.98,145,245,2%,-,-,-,0.0,0.1,0.0,4.1,2.1,29.0,0.2,-,0.0,0.0
Keaton Mitchell,40641,LAC,RB,,Sun 4:25 pm @ Sea,W (Sep 30),1,7,4.91,163,248,32%,-,-,-,5.8,23.1,0.1,1.8,1.5,9.1,0.1,-,0.0,0.0
Gunnar Helm,41905,Ten,TE,,Sun 1:00 pm @ Bal,W (Sep 30),1,9,4.87,198,249,2%,-,-,-,-,-,-,4.2,2.9,24.8,0.2,-,0.0,0.0
Justice Hill,31945,Bal,RB,,Sun 1:00 pm vs Ten,W (Sep 30),1,13,4.73,267,250,4%,-,-,-,3.5,14.9,0.1,2.3,1.7,14.5,0.1,-,0.0,0.0
Jaylen Wright,41010,Mia,RB,Q,Sun 4:05 pm @ Min,W (Sep 30),1,6,4.69,277,251,3%,-,-,-,7.8,28.6,0.1,1.6,0.9,6.7,0.0,-,0.0,0.0
Mike Washington Jr.,42744,LV,RB,,Sun 4:25 pm vs KC,W (Sep 30),1,13,4.68,162,252,34%,-,-,-,5.3,23.5,0.2,0.8,0.9,7.6,0.0,-,0.0,0.0
Michael Mayer,40065,LV,TE,,Sun 4:25 pm vs KC,W (Sep 30),1,13,4.67,237,253,10%,-,-,-,-,-,-,4.4,2.8,24.8,0.1,-,0.0,0.0
Emmett Johnson,42796,KC,RB,,Sun 4:25 pm @ LV,W (Sep 30),1,5,4.66,188,254,36%,-,-,-,4.5,17.7,0.1,1.5,1.3,12.2,0.1,-,0.0,0.0
George Holani,41344,Sea,RB,,Sun 4:25 pm vs LAC,W (Sep 30),1,11,4.61,246,255,6%,-,-,-,4.4,15.8,0.1,2.0,1.5,12.1,0.1,-,0.0,0.0
Evan Engram,30136,Den,TE,,Sun 4:25 pm @ SF,W (Sep 30),1,10,4.59,207,257,3%,-,-,-,0.0,0.1,-,3.8,2.5,24.1,0.2,-,0.0,0.0
Isaiah Davis,41031,NYJ,RB,,Sun 1:00 pm @ Chi,W (Sep 30),1,13,4.55,291,258,0%,-,-,-,3.9,18.8,0.2,1.6,1.1,10.1,0.0,-,0.0,0.0
Cooper Kupp,30182,Sea,WR,,Sun 4:25 pm vs LAC,W (Sep 30),1,11,4.53,225,259,9%,-,-,-,0.0,0.2,0.0,3.4,2.0,26.0,0.2,-,0.0,0.0
Kendrick Bourne,30551,Ari,WR,,Sun 1:00 pm @ NYG,W (Sep 30),1,14,4.53,252,260,2%,-,-,-,0.0,0.1,-,3.9,2.2,26.5,0.1,-,0.0,0.0
Kaelon Black,42712,SF,RB,,Sun 4:25 pm vs Den,W (Sep 30),1,8,4.45,153,262,49%,-,-,-,5.9,24.8,0.1,0.8,0.8,6.2,0.0,-,0.0,0.0
Elic Ayomanor,41904,Ten,WR,,Sun 1:00 pm @ Bal,W (Sep 30),1,9,4.38,276,263,1%,-,-,-,0.0,0.0,-,3.8,1.8,25.9,0.1,-,0.0,0.0
Colby Parkinson,32803,LAR,TE,Q,Sun 1:00 pm @ Phi,W (Sep 30),1,11,4.29,236,264,1%,-,-,-,-,-,-,3.2,2.0,20.8,0.2,-,0.0,0.0
Samaje Perine,30227,Cin,RB,,Sun 1:00 pm vs Jax,W (Sep 30),1,6,4.26,254,265,4%,-,-,-,3.6,13.9,0.2,1.9,1.3,9.5,0.0,-,0.0,0.0
Roman Wilson,40952,Pit,WR,,Thu 8:15 pm @ Cle,W (Sep 30),1,9,4.17,288,266,1%,-,-,-,0.0,0.0,-,4.1,1.9,22.4,0.2,-,0.0,0.0
Xavier Legette,40890,Car,WR,Q,Sun 8:20 pm vs Det,W (Sep 30),1,5,4.15,282,268,0%,-,-,-,0.1,0.2,0.0,3.2,1.8,22.5,0.2,-,0.0,0.0
Najee Harris,33412,NYG,RB,,Sun 1:00 pm vs Ari,W (Sep 30),1,8,4.14,229,267,4%,-,-,-,5.8,24.7,0.1,0.8,0.5,4.2,0.0,-,0.0,0.0
Darnell Mooney,32843,NYG,WR,,Sun 1:00 pm vs Ari,W (Sep 30),1,8,4.07,244,269,2%,-,-,-,0.1,0.8,0.0,3.1,1.6,24.3,0.1,-,0.0,0.0
Jahan Dotson,33971,Atl,WR,,Mon 8:15 pm @ NO,W (Sep 30),1,11,4.05,269,270,1%,-,-,-,0.0,0.0,-,3.8,1.8,22.1,0.2,-,0.0,0.0
Antonio Williams,42693,Was,WR,,Sun 9:30 am vs Ind,W (Sep 30),1,7,3.99,170,271,7%,0.1,0.0,-,0.1,0.3,0.0,3.0,1.7,21.9,0.1,-,0.0,0.0
Sione Vaki,41006,Det,RB,,Sun 8:20 pm @ Car,W (Sep 30),1,6,3.95,266,272,1%,-,-,-,4.1,18.1,0.1,1.0,0.9,9.1,0.0,-,0.0,0.0
Chris Brooks,40625,GB,RB,,Sun 1:00 pm @ TB,W (Sep 30),1,11,3.90,280,273,3%,-,-,-,4.4,16.0,0.1,1.9,1.2,8.0,0.1,-,0.0,0.0
Isaac TeSlaa,41865,Det,WR,,Sun 8:20 pm @ Car,W (Sep 30),1,6,3.88,232,274,3%,-,-,-,0.0,0.1,0.0,2.3,1.4,21.3,0.2,-,0.0,0.0
Tyler Higbee,29344,LAR,TE,,Sun 1:00 pm @ Phi,W (Sep 30),1,11,3.87,323,275,1%,-,-,-,-,-,-,3.4,2.0,20.1,0.1,-,0.0,0.0
Jerry Jeudy,32685,Cle,WR,,Thu 8:15 pm vs Pit,W (Sep 30),1,11,3.85,218,276,6%,-,-,-,0.0,0.2,0.0,2.6,1.8,21.9,0.1,-,0.0,0.0
Raheim Sanders,42139,Cle,RB,,Thu 8:15 pm vs Pit,W (Sep 30),1,11,3.84,296,277,1%,-,-,-,2.8,9.9,0.0,2.7,1.8,13.7,0.1,-,0.0,0.0
Cody White,32948,LV,WR,NA,Sun 4:25 pm vs KC,W (Sep 30),1,13,3.82,"2,099",278,0%,-,-,-,-,-,-,1.6,1.1,23.9,0.1,-,0.0,0.0
Brycen Tremayne,40407,Car,WR,,Sun 8:20 pm vs Det,W (Sep 30),1,5,3.82,"2,624",279,0%,-,-,-,0.0,0.1,0.0,2.6,1.7,21.4,0.1,-,0.0,0.0
Kyle Williams,41864,NE,WR,,Sun 1:00 pm @ Buf,W (Sep 30),1,11,3.79,249,280,0%,-,-,-,0.1,0.4,0.0,2.1,1.3,24.0,0.1,0.0,0.0,0.0
Laquon Treadwell,29257,Ind,WR,,Sun 9:30 am @ Was,W (Sep 30),1,13,3.75,"2,726",281,0%,-,-,-,-,-,-,2.7,1.4,24.1,0.1,-,0.0,0.0
Jaylin Noel,41885,Hou,WR,,Sun 1:00 pm vs Dal,W (Sep 30),1,8,3.74,217,282,3%,-,-,-,0.3,1.6,0.0,1.7,1.5,19.3,0.1,0.0,0.0,0.0
Ty Johnson,32018,Buf,RB,,Sun 1:00 pm vs NE,W (Sep 30),1,7,3.69,297,283,0%,-,-,-,2.1,8.7,0.1,2.1,1.5,13.2,0.1,-,0.0,0.0
Keon Coleman,40911,Buf,WR,,Sun 1:00 pm vs NE,W (Sep 30),1,7,3.43,155,284,6%,-,-,-,0.0,0.2,-,2.5,1.6,18.9,0.1,-,0.0,0.0
Noah Fant,31852,NO,TE,,Mon 8:15 pm vs Atl,W (Sep 30),1,8,3.40,321,285,0%,-,-,-,-,-,-,2.9,1.7,16.0,0.2,-,0.0,0.0
Skyy Moore,34009,GB,WR,,Sun 1:00 pm @ TB,W (Sep 30),1,11,3.38,"2,722",286,1%,-,-,-,0.2,1.0,0.0,3.1,1.6,19.2,0.1,0.0,0.0,0.0
Darnell Washington,40094,Pit,TE,,Thu 8:15 pm @ Cle,W (Sep 30),1,9,3.37,"2,049",287,1%,-,-,-,-,-,-,2.6,1.7,18.5,0.1,-,0.0,0.0
Devontez Walker,40991,Bal,WR,,Sun 1:00 pm vs Ten,W (Sep 30),1,13,3.19,"2,073",288,0%,-,-,-,0.0,0.2,0.0,1.8,1.1,19.9,0.1,-,0.0,0.0
Zach Ertz,26658,Phi,TE,,Sun 1:00 pm vs LAR,W (Sep 30),1,10,3.09,324,289,3%,-,-,-,-,-,-,2.5,1.8,16.4,0.1,-,0.0,0.0
Calvin Ridley,30996,Ten,WR,,Sun 1:00 pm @ Bal,W (Sep 30),1,9,3.07,238,290,2%,-,-,-,0.1,0.2,-,1.7,1.2,18.7,0.1,-,0.0,0.0
Tank Bigsby,40095,Phi,RB,,Sun 1:00 pm vs LAR,Monday Night Madison,1,10,3.04,180,291,37%,-,-,-,3.9,16.9,0.1,0.5,0.4,3.2,0.0,-,0.0,0.0
Elijah Arroyo,41835,Sea,TE,,Sun 4:25 pm vs LAC,W (Sep 30),1,11,3.04,"2,245",292,0%,-,-,-,-,-,-,1.9,1.4,17.2,0.1,-,0.0,0.0
Zachariah Branch,42701,Atl,WR,,Mon 8:15 pm @ NO,W (Sep 30),1,11,3.03,255,293,2%,-,-,-,0.2,0.7,0.0,1.7,1.4,13.1,0.1,0.0,0.0,0.0
Bryce Lance,42758,NO,WR,,Mon 8:15 pm vs Atl,W (Sep 30),1,8,2.92,256,294,0%,-,-,-,-,-,-,2.0,1.3,16.5,0.1,-,0.0,0.0
Isaiah Williams,41421,NYJ,WR,,Sun 1:00 pm @ Chi,W (Sep 30),1,13,2.90,"2,277",295,2%,-,-,-,0.2,1.1,0.0,2.7,1.5,14.9,0.0,0.0,0.0,0.0
Cole Kmet,32713,Chi,TE,,Sun 1:00 pm vs NYJ,W (Sep 30),1,10,2.88,"2,028",296,1%,-,-,-,-,-,-,2.0,1.4,15.2,0.1,-,0.0,0.0
AJ Dillon,32732,Car,RB,,Sun 8:20 pm vs Det,W (Sep 30),1,5,2.84,"2,765",297,1%,-,-,-,4.1,16.5,0.1,0.9,0.5,3.6,0.0,-,0.0,0.0
Tyler Goodson,34261,Dal,RB,,Sun 1:00 pm @ Hou,W (Sep 30),1,14,2.81,"2,789",298,0%,-,-,-,3.4,12.9,0.1,0.9,0.8,4.8,0.0,-,0.0,0.0
Tai Felton,41859,Min,WR,,Sun 4:05 pm vs Mia,W (Sep 30),1,6,2.80,"2,767",299,0%,-,-,-,0.0,0.1,0.0,2.3,1.2,15.9,0.1,-,0.0,0.0
Mason Taylor,41827,NYJ,TE,Q,Sun 1:00 pm @ Chi,W (Sep 30),1,13,2.78,"2,055",300,0%,-,-,-,-,-,-,1.6,1.6,14.3,0.1,-,0.0,0.0
Demond Claiborne,42820,Min,RB,,Sun 4:05 pm vs Mia,W (Sep 30),1,6,2.74,286,301,2%,-,-,-,3.3,12.4,0.1,0.4,0.6,4.7,0.0,-,0.0,0.0
Troy Franklin,41009,Den,WR,,Sun 4:25 pm @ SF,W (Sep 30),1,10,2.74,259,302,1%,-,-,-,0.2,0.9,0.0,1.6,1.2,14.0,0.1,-,0.0,0.0
Dawson Knox,31928,Buf,TE,,Sun 1:00 pm vs NE,W (Sep 30),1,7,2.71,340,303,1%,-,-,-,0.0,0.1,0.0,1.8,1.3,12.8,0.1,-,0.0,0.0
KaVontae Turpin,34709,Dal,WR,,Sun 1:00 pm @ Hou,W (Sep 30),1,14,2.67,"2,056",304,5%,-,-,-,0.8,5.2,0.0,1.0,0.7,10.6,0.1,0.0,0.0,0.0
Jonnu Smith,30213,GB,TE,,Sun 1:00 pm @ TB,W (Sep 30),1,11,2.65,333,305,0%,-,-,-,0.0,0.1,0.0,2.0,1.7,13.4,0.1,-,0.0,0.0
Tommy Tremble,33471,Car,TE,,Sun 8:20 pm vs Det,W (Sep 30),1,5,2.65,"2,057",306,0%,-,-,-,-,-,-,2.3,1.4,13.4,0.1,-,0.0,0.0
Tory Horton,41952,Sea,WR,,Sun 4:25 pm vs LAC,W (Sep 30),1,11,2.64,326,307,0%,-,-,-,0.0,0.1,0.0,1.6,1.1,14.6,0.1,-,0.0,0.0
Theo Johnson,41003,NYG,TE,,Sun 1:00 pm vs Ari,W (Sep 30),1,8,2.62,331,308,0%,-,-,-,-,-,-,1.8,1.2,14.8,0.1,-,0.0,0.0
Noah Gray,33550,KC,TE,,Sun 4:25 pm @ LV,W (Sep 30),1,5,2.58,"2,103",309,0%,-,-,-,-,-,-,1.9,1.4,13.7,0.1,-,0.0,0.0
Joshua Palmer,33465,Buf,WR,,Sun 1:00 pm vs NE,W (Sep 30),1,7,2.56,336,310,4%,-,-,-,-,-,-,1.6,1.1,15.7,0.1,-,0.0,0.0
Germie Bernard,42669,Pit,WR,,Thu 8:15 pm @ Cle,W (Sep 30),1,9,2.55,230,311,1%,-,-,-,0.1,0.2,0.0,1.6,1.2,13.5,0.1,-,0.0,0.0
DeeJay Dallas,32814,Min,RB,,Sun 4:05 pm vs Mia,W (Sep 30),1,6,2.55,"2,793",312,1%,-,-,-,2.9,11.2,0.0,1.0,0.8,5.3,0.0,-,0.0,0.0
CJ Donaldson,42940,NO,RB,,Mon 8:15 pm vs Atl,W (Sep 30),1,8,2.53,"2,692",313,0%,-,-,-,2.5,9.7,0.1,1.0,0.6,5.2,0.0,-,0.0,0.0
Johnny Mundt,30373,Phi,TE,,Sun 1:00 pm vs LAR,W (Sep 30),1,10,2.51,"2,524",314,0%,-,-,-,-,-,-,2.1,1.6,14.3,0.0,-,0.0,0.0
Jacob Cowing,40996,SF,WR,,Sun 4:25 pm vs Den,W (Sep 30),1,8,2.50,"2,689",315,0%,-,-,-,-,-,-,2.3,1.1,14.5,0.1,0.0,0.0,0.0
Eli Raridon,42717,NE,TE,Q,Sun 1:00 pm @ Buf,W (Sep 30),1,11,2.45,"2,078",316,0%,-,-,-,-,-,-,1.6,1.1,12.6,0.1,-,0.0,0.0
Seth McGowan,42859,Ind,RB,,Sun 9:30 am @ Was,W (Sep 30),1,13,2.41,287,317,1%,-,-,-,3.1,12.4,0.1,0.5,0.5,3.7,0.0,-,0.0,0.0
Tez Johnson,42030,TB,WR,,Sun 1:00 pm vs GB,W (Sep 30),1,10,2.41,"2,084",318,0%,-,-,-,0.3,1.1,0.0,1.9,1.0,13.1,0.1,-,0.0,0.0
Foster Moreau,31969,Hou,TE,,Sun 1:00 pm vs Dal,W (Sep 30),1,8,2.31,"2,091",319,0%,-,-,-,-,-,-,1.9,1.2,11.9,0.1,-,0.0,0.0
Erick All Jr.,40989,Cin,TE,,Sun 1:00 pm vs Jax,W (Sep 30),1,6,2.26,"2,249",320,0%,-,-,-,-,-,-,1.3,1.3,11.5,0.1,-,0.0,0.0
Kevin Coleman Jr.,42768,Mia,WR,,Sun 4:05 pm @ Min,W (Sep 30),1,6,2.24,283,321,0%,-,-,-,-,-,-,2.4,1.1,13.9,0.0,-,0.0,0.0
Malik Benson,42817,LV,WR,,Sun 4:25 pm vs KC,W (Sep 30),1,13,2.23,"2,652",322,0%,-,-,-,0.1,0.5,0.0,1.3,1.0,11.8,0.1,0.0,0.0,0.0
Olamide Zaccheaus,32123,Atl,WR,,Mon 8:15 pm @ NO,W (Sep 30),1,11,2.20,"2,093",323,0%,-,-,-,0.1,0.4,0.0,2.3,1.1,11.1,0.1,-,0.0,0.0
Matt Hibner,42755,Bal,TE,,Sun 1:00 pm vs Ten,W (Sep 30),1,13,2.19,"2,067",324,0%,-,-,-,-,-,-,1.0,1.1,11.9,0.1,-,0.0,0.0
John Metchie III,33999,Car,WR,,Sun 8:20 pm vs Det,W (Sep 30),1,5,2.16,"2,060",325,0%,-,-,-,0.0,0.0,-,1.9,1.0,11.3,0.1,0.0,0.0,0.0
Travis Hunter,41787,Jax,WR,,Sun 1:00 pm @ Cin,W (Sep 30),1,7,2.16,243,326,10%,-,-,-,0.2,0.8,0.0,0.8,0.9,11.0,0.1,-,0.0,0.0
Will Shipley,41002,Phi,RB,,Sun 1:00 pm vs LAR,W (Sep 30),1,10,2.13,310,327,1%,-,-,-,1.8,6.5,0.0,1.2,1.0,6.6,0.0,0.0,0.0,0.0
Josh Cameron,42813,Jax,WR,,Sun 1:00 pm @ Cin,W (Sep 30),1,7,2.12,"2,102",328,0%,-,-,-,0.1,0.3,0.0,1.8,0.8,11.1,0.1,-,0.0,0.0
Jeremy Ruckert,34057,NYJ,TE,,Sun 1:00 pm @ Chi,W (Sep 30),1,13,2.11,"2,081",329,0%,-,-,-,-,-,-,1.7,1.2,10.5,0.1,-,0.0,0.0
Austin Hooper,29315,Atl,TE,,Mon 8:15 pm @ NO,W (Sep 30),1,11,2.09,344,330,0%,-,-,-,-,-,-,1.5,1.0,10.1,0.1,-,0.0,0.0
Marvin Mims Jr.,40090,Den,WR,Q,Sun 4:25 pm @ SF,W (Sep 30),1,10,2.07,274,331,1%,-,-,-,0.5,2.4,0.0,1.1,0.8,8.0,0.0,0.0,0.0,0.0
Brenen Thompson,42727,LAC,WR,Q,Sun 4:25 pm @ Sea,W (Sep 30),1,7,2.07,"2,515",332,0%,-,-,-,0.0,0.1,-,1.4,1.0,11.6,0.1,-,0.0,0.0
Ameer Abdullah,28442,Jax,RB,,Sun 1:00 pm @ Cin,W (Sep 30),1,7,2.05,"2,679",333,0%,-,-,-,1.7,8.2,0.0,0.8,0.7,5.3,0.0,0.0,0.0,0.0
Ray Davis,40980,Buf,RB,,Sun 1:00 pm vs NE,W (Sep 30),1,7,2.05,228,334,10%,-,-,-,2.1,9.7,0.1,0.4,0.5,3.6,0.0,-,0.0,0.0
Drew Sample,31884,Cin,TE,,Sun 1:00 pm vs Jax,W (Sep 30),1,6,2.00,"2,268",335,0%,-,-,-,0.0,0.1,0.0,1.5,1.2,10.0,0.1,-,0.0,0.0
Kimani Vidal,41052,LAC,RB,,Sun 4:25 pm @ Sea,W (Sep 30),1,7,1.95,241,336,1%,-,-,-,1.7,5.7,0.0,1.0,0.8,5.5,0.0,-,0.0,0.0
Daniel Bellinger,34068,Ten,TE,,Sun 1:00 pm @ Bal,W (Sep 30),1,9,1.95,"2,090",337,0%,-,-,-,-,-,-,1.4,1.0,11.4,0.1,-,0.0,0.0
Chimere Dike,41903,Ten,WR,,Sun 1:00 pm @ Bal,W (Sep 30),1,9,1.94,264,338,1%,-,-,-,0.3,1.0,0.0,0.9,0.7,7.0,0.1,0.0,0.0,0.0
Barion Brown,42812,NO,WR,Q,Mon 8:15 pm vs Atl,W (Sep 30),1,8,1.87,"2,650",339,1%,-,-,-,0.2,0.9,0.0,0.9,0.7,8.4,0.0,0.0,0.0,0.0
Jordan Watkins,41917,SF,WR,,Sun 4:25 pm vs Den,W (Sep 30),1,8,1.86,"2,077",340,0%,-,-,-,-,-,-,1.7,0.8,11.5,0.1,-,0.0,0.0
Treylon Burks,33973,Was,WR,,Sun 9:30 am vs Ind,W (Sep 30),1,7,1.86,"2,259",341,0%,-,-,-,0.1,0.4,0.0,1.8,0.8,10.4,0.1,-,0.0,0.0
KhaDarel Hodge,31769,SF,WR,,Sun 4:25 pm vs Den,W (Sep 30),1,8,1.83,"2,761",342,0%,-,-,-,-,-,-,1.5,0.8,11.1,0.0,-,0.0,0.0
Kyle Juszczyk,26753,SF,RB,,Sun 4:25 pm vs Den,W (Sep 30),1,8,1.80,"2,520",343,0%,-,-,-,0.1,0.3,0.0,1.3,0.9,8.3,0.1,-,0.0,0.0
Ashton Dulin,32292,Ind,WR,Q,Sun 9:30 am @ Was,W (Sep 30),1,13,1.80,"2,748",344,0%,-,-,-,0.1,0.7,0.0,0.6,0.5,11.7,0.0,-,0.0,0.0
Jared Wayne,40288,Hou,WR,,Sun 1:00 pm vs Dal,W (Sep 30),1,8,1.79,"2,278",345,0%,-,-,-,-,-,-,1.2,0.8,10.0,0.1,-,0.0,0.0
Mitchell Evans,41949,Car,TE,,Sun 8:20 pm vs Det,W (Sep 30),1,5,1.77,"2,097",346,0%,-,-,-,0.0,0.1,0.0,1.3,0.9,9.3,0.1,-,0.0,0.0
Nate Adkins,40702,Den,TE,,Sun 4:25 pm @ SF,W (Sep 30),1,10,1.72,"2,070",347,0%,-,-,-,0.1,0.4,0.0,1.1,0.8,7.6,0.1,-,0.0,0.0
Darius Slayton,32003,Ind,WR,,Sun 9:30 am @ Was,W (Sep 30),1,13,1.67,"2,041",348,0%,-,-,-,-,-,-,1.2,0.7,10.9,0.0,-,0.0,0.0
LaJohntay Wester,42000,Bal,WR,,Sun 1:00 pm vs Ten,W (Sep 30),1,13,1.66,"2,763",349,0%,-,-,-,0.0,0.1,0.0,1.0,0.7,8.9,0.1,0.0,0.0,0.0
Isaiah Bond,42598,Cle,WR,,Thu 8:15 pm vs Pit,W (Sep 30),1,11,1.64,"2,614",350,0%,-,-,-,0.1,0.5,0.0,0.9,0.6,10.3,0.0,-,0.0,0.0
Elijah Higgins,40226,Ari,TE,,Sun 1:00 pm @ NYG,W (Sep 30),1,14,1.63,"2,121",351,0%,-,-,-,-,-,-,1.0,0.9,8.6,0.1,-,0.0,0.0
Marlin Klein,42681,Hou,TE,,Sun 1:00 pm vs Dal,W (Sep 30),1,8,1.60,"2,240",352,0%,-,-,-,-,-,-,0.8,0.8,9.0,0.1,-,0.0,0.0
Kaytron Allen,42809,Was,RB,,Sun 9:30 am vs Ind,W (Sep 30),1,7,1.58,265,353,1%,-,-,-,2.0,8.4,0.1,0.2,0.3,2.1,0.0,-,0.0,0.0
Blake Whiteheart,40433,Cle,TE,,Thu 8:15 pm vs Pit,W (Sep 30),1,11,1.56,"2,490",354,0%,-,-,-,-,-,-,1.1,0.7,7.6,0.1,-,0.0,0.0
John Bates,33512,Was,TE,,Sun 9:30 am vs Ind,W (Sep 30),1,7,1.56,"2,470",355,0%,-,-,-,-,-,-,1.2,0.8,8.1,0.1,-,0.0,0.0
Ben Sinnott,40931,Was,TE,,Sun 9:30 am vs Ind,W (Sep 30),1,7,1.55,"2,260",356,0%,-,-,-,0.0,0.1,-,1.0,0.8,8.3,0.1,-,0.0,0.0
Dyami Brown,33470,Was,WR,,Sun 9:30 am vs Ind,W (Sep 30),1,7,1.55,"2,513",357,0%,0.1,0.0,-,0.0,0.3,0.0,1.3,0.7,8.2,0.1,-,0.0,0.0
Konata Mumpfield,42035,LAR,WR,,Sun 1:00 pm @ Phi,W (Sep 30),1,11,1.54,"2,241",358,1%,-,-,-,-,-,-,1.4,0.7,8.7,0.1,-,0.0,0.0
Darius Cooper,42464,Phi,WR,,Sun 1:00 pm vs LAR,W (Sep 30),1,10,1.54,"2,496",359,0%,-,-,-,-,-,-,1.2,0.8,8.5,0.1,-,0.0,0.0
Efton Chism III,42296,NE,WR,,Sun 1:00 pm @ Buf,W (Sep 30),1,11,1.52,"2,685",360,0%,0.1,0.0,-,-,-,-,1.0,0.7,8.5,0.1,-,0.0,0.0
Tyrone Tracy Jr.,41048,NYG,RB,,Sun 1:00 pm vs Ari,W (Sep 30),1,8,1.47,285,361,6%,-,-,-,1.8,7.9,0.0,0.1,0.3,2.2,0.0,-,0.0,0.0
Bo Melton,34185,GB,WR,,Sun 1:00 pm @ TB,W (Sep 30),1,11,1.46,"2,724",362,0%,-,-,-,0.1,0.9,0.0,0.5,0.6,9.4,0.0,0.0,0.0,0.0
Brock Wright,33774,Det,TE,,Sun 8:20 pm @ Car,W (Sep 30),1,6,1.43,"2,074",363,0%,-,-,-,-,-,-,1.0,0.9,6.8,0.1,-,0.0,0.0
Oscar Delp,42695,NO,TE,,Mon 8:15 pm vs Atl,W (Sep 30),1,8,1.42,"2,269",364,0%,-,-,-,-,-,-,0.7,0.8,7.1,0.1,-,0.0,0.0
Sam Roush,42691,Chi,TE,,Sun 1:00 pm vs NYJ,W (Sep 30),1,10,1.41,"2,255",365,0%,-,-,-,-,-,-,1.0,0.7,7.6,0.0,-,0.0,0.0
Adam Trautman,32775,Den,TE,,Sun 4:25 pm @ SF,W (Sep 30),1,10,1.41,"2,096",366,0%,-,-,-,-,-,-,1.1,0.8,7.7,0.0,-,0.0,0.0
Jalen Royals,41891,KC,WR,,Sun 4:25 pm @ LV,W (Sep 30),1,5,1.40,"2,273",367,0%,-,-,-,0.0,0.1,0.0,1.0,0.7,6.8,0.1,-,0.0,0.0
LeQuint Allen Jr.,42007,Jax,RB,,Sun 1:00 pm @ Cin,W (Sep 30),1,7,1.39,303,368,0%,-,-,-,0.7,2.9,0.0,0.9,0.7,4.7,0.0,-,0.0,0.0
Davis Allen,40164,LAR,TE,,Sun 1:00 pm @ Phi,W (Sep 30),1,11,1.36,"2,109",369,0%,-,-,-,-,-,-,1.1,0.8,7.4,0.0,-,0.0,0.0
Tyler Badie,34152,Den,RB,,Sun 4:25 pm @ SF,W (Sep 30),1,10,1.36,"2,731",370,0%,-,-,-,0.8,3.0,0.0,0.8,0.6,4.4,0.0,-,0.0,0.0
Emari Demercado,40430,Dal,RB,,Sun 1:00 pm @ Hou,W (Sep 30),1,14,1.35,262,371,1%,-,-,-,1.5,6.7,0.0,0.0,0.4,3.5,0.0,-,0.0,0.0
Hollywood Brown,31857,Phi,WR,Q,Sun 1:00 pm vs LAR,W (Sep 30),1,10,1.32,"2,040",372,0%,-,-,-,-,-,-,0.3,0.6,7.2,0.0,-,0.0,0.0
Luke Farrell,33533,SF,TE,,Sun 4:25 pm vs Den,W (Sep 30),1,8,1.27,"2,617",373,0%,-,-,-,-,-,-,1.0,0.7,6.5,0.0,-,0.0,0.0
Tanner Hudson,31257,Cin,TE,,Sun 1:00 pm vs Jax,W (Sep 30),1,6,1.27,"2,075",374,0%,-,-,-,-,-,-,1.0,0.8,6.9,0.0,-,0.0,0.0
Tutu Atwell,33445,LAR,WR,,Sun 1:00 pm @ Phi,W (Sep 30),1,11,1.23,"2,236",375,0%,-,-,-,0.0,0.1,-,-,0.3,10.1,0.0,-,-,-
Cedric Tillman,40093,NO,WR,NA,Mon 8:15 pm vs Atl,W (Sep 30),-,8,1.21,"2,064",377,0%,-,-,-,-,-,-,-,0.6,7.5,0.0,-,-,-
Jarquez Hunter,41919,Mia,RB,NA,Sun 4:05 pm @ Min,W (Sep 30),-,6,1.21,307,376,0%,-,-,-,1.5,5.0,0.1,-,0.4,1.1,0.0,-,-,-
Camden Brown,43059,Dal,WR,,Sun 1:00 pm @ Hou,W (Sep 30),-,14,1.19,"2,308",378,0%,-,-,-,-,-,-,-,0.5,8.2,0.0,-,-,-
Nate Boerkircher,42678,Jax,TE,,Sun 1:00 pm @ Cin,W (Sep 30),1,7,1.18,"2,483",379,0%,-,-,-,-,-,-,0.9,0.6,6.3,0.0,-,0.0,0.0
Jalen Tolbert,34044,Mia,WR,,Sun 4:05 pm @ Min,W (Sep 30),1,6,1.15,"2,094",380,0%,-,-,-,-,-,-,0.1,0.5,6.9,0.0,-,-,0.0
Odell Beckham Jr.,27540,NYG,WR,NA,Sun 1:00 pm vs Ari,W (Sep 30),-,8,1.14,"2,681",381,1%,-,-,-,-,-,-,0.7,0.6,6.0,0.0,-,0.0,0.0
Elijah Sarratt,42737,Bal,WR,,Sun 1:00 pm vs Ten,W (Sep 30),1,13,1.13,263,382,0%,-,-,-,-,-,-,-,0.6,5.9,0.0,-,-,-
Jordan Whittington,41083,LAR,WR,,Sun 1:00 pm @ Phi,W (Sep 30),1,11,1.11,"2,680",383,0%,-,-,-,0.1,0.4,0.0,0.7,0.6,5.7,0.0,0.0,0.0,0.0
Brevyn Spann-Ford,41371,Dal,TE,,Sun 1:00 pm @ Hou,W (Sep 30),1,14,1.09,"2,629",384,0%,-,-,-,-,-,-,0.8,0.6,6.2,0.0,-,0.0,0.0
Hayden Rucci,41692,LAC,TE,,Sun 4:25 pm @ Sea,W (Sep 30),1,7,1.07,"2,170",385,0%,-,-,-,-,-,-,0.9,0.6,5.7,0.0,-,0.0,0.0
Mitchell Tinsley,40313,Cin,WR,,Sun 1:00 pm vs Jax,W (Sep 30),1,6,1.07,"2,235",386,0%,-,-,-,-,-,-,0.9,0.5,5.5,0.0,-,0.0,0.0
Hunter Luepke,40780,Dal,RB,,Sun 1:00 pm @ Hou,W (Sep 30),1,14,1.06,"2,768",387,0%,-,-,-,0.8,3.0,0.0,0.6,0.4,3.4,0.0,-,0.0,0.0
Max Klare,42683,LAR,TE,,Sun 1:00 pm @ Phi,W (Sep 30),1,11,1.06,"2,176",388,0%,-,-,-,-,-,-,0.6,0.6,5.4,0.0,-,0.0,0.0
Myles Price,42389,Min,WR,,Sun 4:05 pm vs Mia,W (Sep 30),1,6,1.06,"2,762",389,1%,-,-,-,-,-,-,0.5,0.3,4.2,0.0,0.1,0.0,0.0
Jaylin Lane,41920,Was,WR,,Sun 9:30 am vs Ind,W (Sep 30),1,7,1.05,"2,621",390,0%,-,-,-,0.1,0.4,0.0,0.5,0.3,4.5,0.0,0.0,0.0,0.0
Sean Tucker,40742,TB,RB,,Sun 1:00 pm vs GB,W (Sep 30),1,10,1.05,258,391,1%,-,-,-,1.3,5.0,0.1,0.1,0.2,0.9,0.0,-,0.0,0.0
Luke Schoonmaker,40061,Dal,TE,,Sun 1:00 pm @ Hou,W (Sep 30),1,14,1.05,"2,489",392,0%,-,-,-,-,-,-,0.8,0.6,6.0,0.0,-,0.0,0.0
Will Kacmarek,42709,Mia,TE,,Sun 4:05 pm @ Min,W (Sep 30),1,6,1.04,"2,487",393,0%,-,-,-,-,-,-,0.9,0.6,5.6,0.0,-,0.0,0.0
Jordan James,41933,SF,RB,,Sun 4:25 pm vs Den,W (Sep 30),1,8,1.03,289,394,1%,-,-,-,1.3,5.4,0.0,0.0,0.2,2.0,0.0,-,0.0,0.0
Devin Singletary,31906,NYG,RB,,Sun 1:00 pm vs Ari,W (Sep 30),1,8,1.03,268,395,6%,-,-,-,1.4,5.6,0.0,0.1,0.2,1.4,0.0,-,0.0,0.0
Thomas Fidone II,42004,NYG,TE,,Sun 1:00 pm vs Ari,W (Sep 30),-,8,1.00,"2,130",396,0%,-,-,-,-,-,-,-,0.6,5.0,0.0,-,-,-
Mo Alie-Cox,30112,Ind,TE,,Sun 9:30 am @ Was,W (Sep 30),1,13,1.00,"2,256",397,0%,-,-,-,-,-,-,0.6,0.4,4.8,0.0,-,0.0,0.0
Zavion Thomas,42711,Chi,WR,,Sun 1:00 pm vs NYJ,W (Sep 30),1,10,0.99,"2,644",398,1%,-,-,-,0.2,0.8,0.0,0.3,0.4,5.1,0.0,-,0.0,0.0
Jackson Hawes,41959,Buf,TE,,Sun 1:00 pm vs NE,W (Sep 30),1,7,0.95,"2,232",399,0%,-,-,-,-,-,-,0.6,0.5,5.1,0.0,-,0.0,0.0
Josh Cuevas,42782,Bal,TE,,Sun 1:00 pm vs Ten,W (Sep 30),1,13,0.89,"2,251",400,0%,-,-,-,-,-,-,0.6,0.5,4.8,0.0,-,0.0,0.0
Bam Knight,34357,Ari,RB,,Sun 1:00 pm @ NYG,W (Sep 30),-,14,0.89,311,401,0%,-,-,-,-,-,0.0,-,0.5,3.8,0.0,-,-,-
Dareke Young,34189,LV,WR,,Sun 4:25 pm vs KC,W (Sep 30),1,13,0.89,"2,758",402,0%,-,-,-,-,-,-,0.6,0.4,5.8,0.0,-,0.0,0.0
Sterling Shepard,29274,NYJ,WR,NA,Sun 1:00 pm @ Chi,W (Sep 30),1,13,0.86,"2,061",403,0%,-,-,-,-,-,-,0.6,0.5,5.1,0.0,-,-,-
E.J. Jenkins,40550,Phi,TE,,Sun 1:00 pm vs LAR,W (Sep 30),1,10,0.85,"2,151",404,0%,-,-,-,-,-,-,0.7,0.5,4.4,0.0,-,0.0,0.0
Colson Yankoff,41233,Was,TE,,Sun 9:30 am vs Ind,W (Sep 30),1,7,0.84,"2,732",405,0%,-,-,-,-,-,-,0.8,0.5,4.5,0.0,-,0.0,0.0
Chris Moore,29341,Bal,WR,,Sun 1:00 pm vs Ten,W (Sep 30),1,13,0.84,"2,108",406,0%,-,-,-,-,-,-,0.5,0.3,5.2,0.0,-,0.0,0.0
Jaleel McLaughlin,40696,Cle,RB,,Thu 8:15 pm vs Pit,W (Sep 30),1,11,0.82,"2,670",407,0%,-,-,-,0.5,2.1,0.0,0.4,0.4,2.4,0.0,-,0.0,0.0
Corey Kiner,42386,NE,RB,,Sun 1:00 pm @ Buf,W (Sep 30),1,11,0.82,"2,740",408,0%,-,-,-,1.0,4.0,0.0,0.1,0.2,1.2,0.0,-,0.0,0.0
Derius Davis,40133,LAC,WR,,Sun 4:25 pm @ Sea,W (Sep 30),1,7,0.81,"2,780",409,0%,-,-,-,0.1,0.3,0.0,0.4,0.2,2.4,0.0,0.1,0.0,0.0
Connor Heyward,34163,LV,RB,,Sun 4:25 pm vs KC,W (Sep 30),1,13,0.80,"2,779",410,0%,-,-,-,0.6,2.3,0.0,0.3,0.2,1.8,0.0,-,0.0,0.0
Jack Endries,42843,Cin,TE,,Sun 1:00 pm vs Jax,W (Sep 30),1,6,0.80,"2,195",411,0%,-,-,-,-,-,-,-,0.5,4.5,0.0,-,-,-
Jahdae Walker,42400,Chi,WR,,Sun 1:00 pm vs NYJ,W (Sep 30),1,10,0.78,"2,050",412,0%,-,-,-,-,-,-,0.5,0.3,4.0,0.0,-,0.0,0.0
Brandin Cooks,27548,SF,WR,NA,Sun 4:25 pm vs Den,W (Sep 30),1,8,0.77,"2,237",413,1%,-,-,-,-,-,-,0.6,0.3,4.8,0.0,-,0.0,0.0
Tanner Koziol,42797,Jax,TE,,Sun 1:00 pm @ Cin,W (Sep 30),1,7,0.76,"2,153",414,0%,-,-,-,-,-,-,0.4,0.4,4.4,0.0,-,0.0,0.0
Jaydon Blue,41935,Phi,RB,NA,Sun 1:00 pm vs LAR,W (Sep 30),-,10,0.76,315,415,1%,-,-,-,0.9,3.4,0.1,-,-,-,0.0,-,-,-
Charlie Woerner,32860,Atl,TE,,Mon 8:15 pm @ NO,W (Sep 30),1,11,0.75,"2,686",416,0%,-,-,-,-,-,-,0.6,0.4,3.7,0.0,-,0.0,0.0
Brashard Smith,42012,KC,RB,,Sun 4:25 pm @ LV,W (Sep 30),1,5,0.74,304,417,0%,-,-,-,0.5,1.8,0.0,0.2,0.3,2.0,0.0,-,0.0,0.0
Michael Carter,33495,Ten,RB,,Sun 1:00 pm @ Bal,W (Sep 30),-,9,0.74,"2,046",418,0%,-,-,-,0.5,1.6,0.0,-,0.4,2.8,0.0,-,-,-
Jelani Woods,34029,NYJ,TE,,Sun 1:00 pm @ Chi,W (Sep 30),1,13,0.74,"2,122",419,0%,-,-,-,-,-,-,0.3,0.4,3.8,0.0,-,0.0,0.0
Cade Stover,40987,Hou,TE,,Sun 1:00 pm vs Dal,W (Sep 30),1,8,0.73,"2,529",420,0%,-,-,-,0.1,0.6,0.0,0.4,0.3,2.9,0.0,-,0.0,0.0
Ryan Miller,40676,Mia,WR,,Sun 4:05 pm @ Min,W (Sep 30),-,6,0.72,"2,110",421,0%,-,-,-,-,-,-,0.6,0.4,4.4,0.0,-,0.0,0.0
Tahj Brooks,41983,Cin,RB,,Sun 1:00 pm vs Jax,W (Sep 30),1,6,0.68,305,422,0%,-,-,-,0.9,2.9,0.0,0.1,0.2,1.0,0.0,-,0.0,0.0
Eric Saubert,30287,Sea,TE,,Sun 4:25 pm vs LAC,W (Sep 30),1,11,0.67,"2,502",423,0%,-,-,-,-,-,-,0.5,0.3,2.9,0.0,-,0.0,0.0
Nicholas Singleton,42763,Ten,RB,,Sun 1:00 pm @ Bal,W (Sep 30),1,9,0.66,281,424,2%,-,-,-,0.7,2.6,0.0,0.1,0.1,0.9,0.0,-,0.0,0.0
Xavier Smith,40399,LAR,WR,,Sun 1:00 pm @ Phi,W (Sep 30),1,11,0.66,"2,718",425,0%,-,-,-,0.0,0.2,0.0,0.4,0.2,3.4,0.0,0.0,0.0,0.0
Tylan Wallace,33519,Cle,WR,Q,Thu 8:15 pm vs Pit,W (Sep 30),1,11,0.66,"2,746",426,0%,-,-,-,-,-,-,0.5,0.3,3.6,0.0,-,0.0,0.0
Rasheen Ali,41033,Bal,RB,,Sun 1:00 pm vs Ten,W (Sep 30),1,13,0.65,"2,791",427,0%,-,-,-,0.7,2.5,0.0,0.1,0.2,1.3,0.0,0.0,0.0,0.0
Cyrus Allen,42773,KC,WR,,Sun 4:25 pm @ LV,W (Sep 30),1,5,0.63,242,428,3%,-,-,-,0.0,0.1,-,0.2,0.2,2.2,0.0,-,0.0,0.0
Drew Ogletree,34148,Ind,TE,,Sun 9:30 am @ Was,W (Sep 30),1,13,0.63,"2,683",429,0%,-,-,-,-,-,-,0.4,0.3,3.2,0.0,-,0.0,0.0
Deion Burks,42876,Ind,WR,,Sun 9:30 am @ Was,W (Sep 30),1,13,0.63,"2,525",430,0%,-,-,-,0.1,0.7,0.0,0.2,0.3,2.9,0.0,-,0.0,0.0
Quintin Morris,33819,Jax,TE,,Sun 1:00 pm @ Cin,W (Sep 30),1,7,0.60,"2,657",431,0%,-,-,-,-,-,-,0.4,0.3,3.1,0.0,-,0.0,0.0
Luke McCaffrey,40964,Was,WR,,Sun 9:30 am vs Ind,W (Sep 30),1,7,0.59,"2,233",432,0%,-,-,-,-,-,-,0.1,0.2,4.0,0.0,-,0.0,0.0
Durham Smythe,31093,Bal,TE,,Sun 1:00 pm vs Ten,W (Sep 30),1,13,0.58,"2,708",433,0%,-,-,-,-,-,-,0.4,0.3,3.1,0.0,-,0.0,0.0
Reggie Virgil,42791,Ari,WR,,Sun 1:00 pm @ NYG,W (Sep 30),1,14,0.53,"2,394",434,0%,-,-,-,-,-,-,-,0.3,3.1,0.0,-,-,-
Jake Briningstool,42117,KC,TE,,Sun 4:25 pm @ LV,W (Sep 30),1,5,0.52,"2,478",435,0%,-,-,-,-,-,-,0.4,0.3,2.8,0.0,-,-,0.0
Alec Ingold,32344,LAC,RB,,Sun 4:25 pm @ Sea,W (Sep 30),1,7,0.50,"2,776",436,0%,-,-,-,0.2,0.4,0.0,0.4,0.3,2.2,0.0,-,0.0,0.0
CJ Daniels,42819,LAR,WR,,Sun 1:00 pm @ Phi,W (Sep 30),1,11,0.49,"2,293",437,0%,-,-,-,-,-,-,-,0.3,2.8,0.0,-,-,-
M. Valdes-Scantling,31144,LAC,WR,,Sun 4:25 pm @ Sea,W (Sep 30),1,7,0.49,"2,618",438,0%,-,-,-,-,-,-,0.5,0.2,2.7,0.0,-,0.0,0.0
Jacob Saylors,40474,Det,RB,,Sun 8:20 pm @ Car,W (Sep 30),1,6,0.48,316,439,1%,-,-,-,0.3,1.7,0.0,0.0,0.1,0.6,0.0,-,0.0,0.0
Hunter Long,33469,Ari,TE,,Sun 1:00 pm @ NYG,W (Sep 30),-,14,0.47,"2,114",440,0%,-,-,-,-,-,-,0.3,0.2,1.9,0.0,-,0.0,0.0
Dylan Laube,41054,LV,RB,,Sun 4:25 pm vs KC,W (Sep 30),1,13,0.47,"2,860",441,1%,-,-,-,0.3,0.9,0.0,0.2,0.2,1.7,0.0,0.0,-,0.0
Malik McClain,43159,NYJ,WR,,Sun 1:00 pm @ Chi,W (Sep 30),1,13,0.46,"2,447",442,0%,-,-,-,-,-,-,0.3,0.2,2.6,0.0,-,0.0,0.0
Devin Duvernay,32762,Ari,WR,,Sun 1:00 pm @ NYG,W (Sep 30),1,14,0.44,"2,785",443,0%,-,-,-,0.0,0.1,0.0,0.1,0.0,0.3,0.0,0.1,-,-
Ben Skowronek,33637,Pit,WR,,Thu 8:15 pm @ Cle,W (Sep 30),1,9,0.40,"2,674",444,0%,-,-,-,-,-,-,0.3,0.2,2.2,0.0,-,0.0,0.0
Kameron Johnson,41300,TB,WR,,Sun 1:00 pm vs GB,W (Sep 30),1,10,0.37,"2,775",445,0%,-,-,-,0.1,0.3,0.0,0.2,0.1,1.2,0.0,0.0,0.0,0.0
Pierre Strong Jr.,34083,GB,RB,NA,Sun 1:00 pm @ TB,W (Sep 30),-,11,0.36,"2,632",447,0%,-,-,-,-,-,0.0,-,0.2,1.8,-,-,-,-
Braxton Berrios,31180,NYG,WR,,Sun 1:00 pm vs Ari,W (Sep 30),1,8,0.36,"2,752",446,0%,-,-,-,0.1,0.8,0.0,0.2,0.1,1.2,0.0,-,-,-
Jonathan Mingo,40073,Dal,WR,,Sun 1:00 pm @ Hou,W (Sep 30),1,14,0.34,"2,750",448,0%,-,-,-,-,-,-,0.3,0.1,2.1,0.0,-,-,0.0
Ja'Tavion Sanders,40995,Car,TE,,Sun 8:20 pm vs Det,W (Sep 30),1,5,0.33,"2,065",449,0%,-,-,-,-,-,-,-,0.2,1.4,0.0,-,-,-
Roschon Johnson,40162,Chi,RB,,Sun 1:00 pm vs NYJ,W (Sep 30),1,10,0.32,"2,790",450,0%,-,-,-,0.4,1.8,0.0,-,0.0,0.1,0.0,-,0.0,0.0
Skyler Bell,42747,Buf,WR,,Sun 1:00 pm vs NE,W (Sep 30),1,7,0.32,284,451,0%,-,-,-,-,-,-,-,0.1,1.3,0.0,-,-,-
Travis Homer,32036,Pit,RB,,Thu 8:15 pm @ Cle,W (Sep 30),1,9,0.31,"2,799",452,0%,-,-,-,0.2,1.0,0.0,0.1,0.1,0.7,0.0,-,-,-
Tay Martin,34319,Det,WR,,Sun 8:20 pm @ Car,W (Sep 30),1,6,0.30,"2,658",453,0%,-,-,-,-,-,-,0.2,0.1,1.6,0.0,-,0.0,0.0
Tom Kennedy,32561,Det,WR,,Sun 8:20 pm @ Car,W (Sep 30),1,6,0.28,"2,751",454,0%,-,-,-,-,-,-,0.1,0.1,1.1,0.0,0.0,0.0,0.0
Payne Durham,40193,TB,TE,,Sun 1:00 pm vs GB,W (Sep 30),1,10,0.28,"2,710",455,0%,-,-,-,-,-,-,0.2,0.2,1.4,0.0,-,0.0,0.0
Reggie Gilliam,33357,NE,RB,,Sun 1:00 pm @ Buf,W (Sep 30),1,11,0.26,"2,797",456,0%,-,-,-,0.1,0.3,0.0,0.2,0.1,1.1,0.0,-,0.0,0.0
Ian Thomas,31071,LV,TE,,Sun 4:25 pm vs KC,W (Sep 30),1,13,0.25,"2,267",457,0%,-,-,-,-,-,-,0.2,0.2,1.2,0.0,-,0.0,0.0
Chris Manhertz,28365,NYG,TE,,Sun 1:00 pm vs Ari,W (Sep 30),1,8,0.25,"2,244",458,0%,-,-,-,-,-,-,0.2,0.1,1.2,0.0,-,0.0,0.0
Eli Heidenreich,42852,Pit,RB,,Thu 8:15 pm @ Cle,W (Sep 30),1,9,0.23,309,459,1%,-,-,-,0.1,0.5,0.0,-,0.1,1.0,0.0,-,-,-
Malachi Corley,40944,Cle,WR,,Thu 8:15 pm vs Pit,W (Sep 30),1,11,0.22,"2,741",460,0%,-,-,-,0.1,0.5,0.0,0.1,0.0,0.5,0.0,0.0,0.0,-
Jalen Brooks,40257,Ari,WR,,Sun 1:00 pm @ NYG,W (Sep 30),1,14,0.22,"2,760",461,0%,-,-,-,-,-,-,0.2,0.1,1.1,0.0,-,0.0,-
Josh Whyle,40182,GB,TE,,Sun 1:00 pm @ TB,W (Sep 30),1,11,0.21,"2,247",462,0%,-,-,-,-,-,-,0.1,0.1,1.0,0.0,-,0.0,0.0
DJ Giddens,41937,Ind,RB,,Sun 9:30 am @ Was,W (Sep 30),1,13,0.20,298,463,0%,-,-,-,0.3,1.1,0.0,-,0.0,0.1,0.0,-,-,-
Greg Dortch,32523,Buf,WR,,Sun 1:00 pm vs NE,W (Sep 30),1,7,0.19,"2,106",464,0%,-,-,-,0.1,0.3,0.0,0.0,0.0,0.2,0.0,0.0,-,-
Nikko Remigio,40571,KC,WR,,Sun 4:25 pm @ LV,W (Sep 30),1,5,0.17,"2,782",465,0%,-,-,-,0.0,0.1,0.0,0.0,0.0,0.3,0.0,0.0,-,-
Kaden Wetjen,42743,Pit,WR,,Thu 8:15 pm @ Cle,W (Sep 30),1,9,0.17,"2,665",466,0%,-,-,-,0.0,0.1,0.0,0.0,0.0,0.2,0.0,0.0,-,-
Cameron Latu,40101,NE,TE,,Sun 1:00 pm @ Buf,W (Sep 30),1,11,0.16,"2,738",467,0%,-,-,-,-,-,-,0.1,0.1,0.9,0.0,-,0.0,0.0
Elijah Moore,33422,Phi,WR,,Sun 1:00 pm vs LAR,W (Sep 30),1,10,0.16,"2,258",468,0%,-,-,-,0.0,0.2,0.0,0.1,0.1,0.8,0.0,-,-,-
Carsen Ryan,42870,Cle,TE,,Thu 8:15 pm vs Pit,W (Sep 30),1,11,0.14,"2,506",470,0%,-,-,-,-,-,-,0.1,0.1,0.7,0.0,-,-,-
Ke'Shawn Williams,42278,Cin,WR,NA,Sun 1:00 pm vs Jax,W (Sep 30),-,6,0.13,"2,792",471,0%,-,-,-,-,-,-,0.1,0.1,0.8,0.0,-,-,-
Julius Chestnut,34451,Ten,RB,,Sun 1:00 pm @ Bal,W (Sep 30),1,9,0.12,"2,800",472,0%,-,-,-,0.1,0.4,0.0,0.1,0.0,0.3,0.0,-,0.0,0.0
Britain Covey,34378,Phi,WR,,Sun 1:00 pm vs LAR,W (Sep 30),1,10,0.12,"2,777",473,0%,-,-,-,-,-,-,0.0,0.0,0.3,0.0,0.0,-,-
Patrick Ricard,30592,NYG,RB,,Sun 1:00 pm vs Ari,W (Sep 30),1,8,0.11,"2,798",474,0%,-,-,-,0.0,0.1,0.0,0.1,0.1,0.5,0.0,-,-,0.0
Robert Tonyan,30777,Pit,TE,,Thu 8:15 pm @ Cle,W (Sep 30),1,9,0.11,"2,477",475,0%,-,-,-,-,-,-,0.1,0.0,0.4,0.0,-,0.0,-
British Brooks,41480,Hou,RB,,Sun 1:00 pm vs Dal,W (Sep 30),1,8,0.11,"2,787",476,0%,-,-,-,0.1,0.4,0.0,0.0,0.0,0.2,0.0,-,-,-
Kene Nwangwu,33507,NYJ,RB,Q,Sun 1:00 pm @ Chi,W (Sep 30),1,13,0.11,"2,745",477,0%,-,-,-,0.2,0.7,0.0,0.0,0.0,0.1,0.0,-,-,0.0
Bauer Sharp,42807,TB,TE,,Sun 1:00 pm vs GB,W (Sep 30),1,10,0.09,"2,507",478,0%,-,-,-,-,-,-,0.1,0.0,0.5,0.0,-,-,-
Riley Nowakowski,42803,Pit,"RB,TE",,Thu 8:15 pm @ Cle,W (Sep 30),1,9,0.08,"2,655",479,0%,-,-,-,-,-,-,0.1,0.0,0.4,0.0,-,-,-
Justin Joly,42764,Mia,TE,,Sun 4:05 pm @ Min,W (Sep 30),1,6,0.07,"2,144",480,0%,-,-,-,-,-,-,0.1,0.0,0.4,0.0,-,-,-
Max Bredeson,42799,Min,RB,,Sun 4:05 pm vs Mia,W (Sep 30),1,6,0.05,"2,717",481,0%,-,-,-,0.0,0.0,-,0.0,0.0,0.2,0.0,-,-,-
Feleipe Franks,33729,Car,TE,,Sun 8:20 pm vs Det,W (Sep 30),1,5,0.04,"2,753",482,0%,-,-,-,0.0,0.1,0.0,0.0,0.0,0.1,0.0,-,-,-
Seydou Traore,42790,Mia,TE,,Sun 4:05 pm @ Min,W (Sep 30),1,6,0.03,"2,225",483,0%,-,-,-,-,-,-,0.0,0.0,0.2,0.0,-,-,-
Ko Kieft,34174,TB,TE,,Sun 1:00 pm vs GB,W (Sep 30),1,10,0.02,"2,512",484,0%,-,-,-,-,-,-,0.0,0.0,0.1,0.0,-,-,-
Kadarius Calloway,43424,TB,RB,NA,Sun 1:00 pm vs GB,W (Sep 30),-,10,0.00,"2,540",676,0%,-,-,-,-,-,-,-,-,-,-,-,-,-
Barika Kpeenu,43482,TB,RB,NA,Sun 1:00 pm vs GB,W (Sep 30),-,10,0.00,"2,595",708,0%,-,-,-,-,-,-,-,-,-,-,-,-,-
Donovan Edwards,42226,Mia,RB,NA,Sun 4:05 pm @ Min,W (Sep 30),-,6,0.00,"2,582",894,0%,-,-,-,-,-,-,-,-,-,-,-,-,-
Marshall Lang,42353,Min,TE,NA,Sun 4:05 pm vs Mia,W (Sep 30),-,6,0.00,"2,186",962,0%,-,-,-,-,-,-,-,-,-,-,-,-,-
Kyron Hudson,43432,Chi,WR,NA,Sun 1:00 pm vs NYJ,W (Sep 30),-,10,0.00,"2,309",678,0%,-,-,-,-,-,-,-,-,-,-,-,-,-
Damien Alford,42622,NO,WR,NA,Mon 8:15 pm vs Atl,W (Sep 30),-,8,0.00,"2,396","1,046",0%,-,-,-,-,-,-,-,-,-,-,-,-,-
Carson Towt,42620,Ind,TE,IR,Sun 9:30 am @ Was,W (Sep 30),-,13,0.00,"2,128","1,045",0%,-,-,-,-,-,-,-,-,-,-,-,-,-
Brock Lampe,42293,Buf,RB,NA,Sun 1:00 pm vs NE,W (Sep 30),-,7,0.00,"2,552",936,0%,-,-,-,-,-,-,-,-,-,-,-,-,-
Jacardia Wright,42357,Sea,RB,NA,Sun 4:25 pm vs LAC,W (Sep 30),-,11,0.00,"2,542",963,0%,-,-,-,-,-,-,-,-,-,-,-,-,-
Layne Pryor,42612,Hou,TE,NA,Sun 1:00 pm vs Dal,W (Sep 30),-,8,0.00,"2,199","1,043",0%,-,-,-,-,-,-,-,-,-,-,-,-,-
Jamaal Pritchett,42233,NYJ,WR,,Sun 1:00 pm @ Chi,W (Sep 30),-,13,0.00,"2,663",897,0%,-,-,-,-,-,-,-,-,-,-,-,-,-
Thomas Gordon,42571,Det,TE,NA,Sun 8:20 pm @ Car,W (Sep 30),-,6,0.00,"2,187","1,034",0%,-,-,-,-,-,-,-,-,-,-,-,-,-
Jaden Smith,42568,Dal,WR,NA,Sun 1:00 pm @ Hou,W (Sep 30),-,14,0.00,"2,380","1,033",0%,-,-,-,-,-,-,-,-,-,-,-,-,-
Mitch Van Vooren,42547,NE,TE,NA,Sun 1:00 pm @ Buf,W (Sep 30),-,11,0.00,"2,145","1,027",0%,-,-,-,-,-,-,-,-,-,-,-,-,-
Anthony Tyus III,42235,Car,RB,NA,Sun 8:20 pm vs Det,W (Sep 30),-,5,0.00,"2,712",898,0%,-,-,-,-,-,-,-,-,-,-,-,-,-
Jackson Meeks,42238,Det,"WR,TE",,Sun 8:20 pm @ Car,W (Sep 30),-,6,0.00,"2,486",900,0%,-,-,-,-,-,-,-,-,-,-,-,-,-
Lucas Scott,42531,Bal,RB,NA,Sun 1:00 pm vs Ten,W (Sep 30),-,13,0.00,"2,530","1,024",0%,-,-,-,-,-,-,-,-,-,-,-,-,-
Amar Johnson,42240,LAC,RB,NA,Sun 4:25 pm @ Sea,W (Sep 30),-,7,0.00,"2,547",902,0%,-,-,-,-,-,-,-,-,-,-,-,-,-
Jordyn Tyson,42630,NO,WR,IR-R,Mon 8:15 pm vs Atl,W (Sep 30),-,8,0.00,140,"1,049",52%,-,-,-,-,-,-,-,-,-,-,-,-,-
Trayvon Rudolph,43439,Min,WR,NA,Sun 4:05 pm vs Mia,W (Sep 30),-,6,0.00,"2,286",683,0%,-,-,-,-,-,-,-,-,-,-,-,-,-
Tyrone Broden,42351,Sea,WR,NA,Sun 4:25 pm vs LAC,W (Sep 30),-,11,0.00,"2,372",961,0%,-,-,-,-,-,-,-,-,-,-,-,-,-
Chandler Brayboy,42210,NE,WR,NA,Sun 1:00 pm @ Buf,W (Sep 30),-,11,0.00,"2,356",882,0%,-,-,-,-,-,-,-,-,-,-,-,-,-
Beaux Collins,42194,Atl,WR,IR-R,Mon 8:15 pm @ NO,W (Sep 30),-,11,0.00,"2,690",872,0%,-,-,-,-,-,-,-,-,-,-,-,-,-
Nate Carter,42196,KC,RB,NA,Sun 4:25 pm @ LV,W (Sep 30),-,5,0.00,"2,601",873,0%,-,-,-,-,-,-,-,-,-,-,-,-,-
Brennan Presley,42322,LAR,WR,NA,Sun 1:00 pm @ Phi,W (Sep 30),-,11,0.00,"2,362",948,0%,-,-,-,-,-,-,-,-,-,-,-,-,-
Dalen Cambre,42200,NYG,WR,NA,Sun 1:00 pm vs Ari,W (Sep 30),-,8,0.00,"2,416",875,0%,-,-,-,-,-,-,-,-,-,-,-,-,-
Da'Quan Felton,42201,NYJ,WR,NA,Sun 1:00 pm @ Chi,W (Sep 30),-,13,0.00,"2,460",876,0%,-,-,-,-,-,-,-,-,-,-,-,-,-
Eli Stowers,42676,Phi,TE,IR,Sun 1:00 pm vs LAR,W (Sep 30),-,10,0.00,"2,224","1,057",1%,-,-,-,-,-,-,-,-,-,-,-,-,-
Mark Redman,42323,GB,TE,,Sun 1:00 pm @ TB,W (Sep 30),-,11,0.00,"2,216",949,0%,-,-,-,-,-,-,-,-,-,-,-,-,-
Mario Williams,42326,LAR,WR,NA,Sun 1:00 pm @ Phi,W (Sep 30),-,11,0.00,"2,340",951,0%,-,-,-,-,-,-,-,-,-,-,-,-,-
Patrick Herbert,42204,LAC,TE,NA,Sun 4:25 pm @ Sea,W (Sep 30),-,7,0.00,"2,193",878,0%,-,-,-,-,-,-,-,-,-,-,-,-,-
Rodney Hammond Jr.,43399,Den,RB,NA,Sun 4:25 pm @ SF,W (Sep 30),-,10,0.00,"2,605",662,0%,-,-,-,-,-,-,-,-,-,-,-,-,-
Tru Edwards,42316,LAR,WR,NA,Sun 1:00 pm @ Phi,W (Sep 30),-,11,0.00,"2,410",945,0%,-,-,-,-,-,-,-,-,-,-,-,-,-
Jordan Waters,42329,LAR,RB,NA,Sun 1:00 pm @ Phi,W (Sep 30),-,11,0.00,"2,572",953,0%,-,-,-,-,-,-,-,-,-,-,-,-,-
Dean Patterson IV,43423,TB,WR,NA,Sun 1:00 pm vs GB,W (Sep 30),-,10,0.00,"2,440",675,0%,-,-,-,-,-,-,-,-,-,-,-,-,-
Cam Camper,42212,NYJ,WR,NA,Sun 1:00 pm @ Chi,W (Sep 30),-,13,0.00,"2,457",883,0%,-,-,-,-,-,-,-,-,-,-,-,-,-
Trent Howland,43406,Den,RB,NA,Sun 4:25 pm @ SF,W (Sep 30),-,10,0.00,"2,562",667,0%,-,-,-,-,-,-,-,-,-,-,-,-,-
Ja'Quinden Jackson,42214,Phi,RB,NA,Sun 1:00 pm vs LAR,W (Sep 30),-,10,0.00,"2,566",885,0%,-,-,-,-,-,-,-,-,-,-,-,-,-
Matthew Henry,43615,TB,WR,NA,Sun 1:00 pm vs GB,W (Sep 30),-,10,0.00,"2,404",728,0%,-,-,-,-,-,-,-,-,-,-,-,-,-
De'Zhaun Stribling,42655,SF,WR,IR,Sun 4:25 pm vs Den,Maybe Mitchell,-,8,0.00,257,"1,053",35%,-,-,-,-,-,-,-,-,-,-,-,-,-
Xavier Guillory,42340,Bal,WR,NA,Sun 1:00 pm vs Ten,W (Sep 30),-,13,0.00,"2,317",955,0%,-,-,-,-,-,-,-,-,-,-,-,-,-
Alex Tecza,43609,Pit,RB,NA,Thu 8:15 pm @ Cle,W (Sep 30),-,9,0.00,"2,535",725,0%,-,-,-,-,-,-,-,-,-,-,-,-,-
Tommy Thomas,43408,Den,WR,NA,Sun 4:25 pm @ SF,W (Sep 30),-,10,0.00,"2,311",668,0%,-,-,-,-,-,-,-,-,-,-,-,-,-
Eli Pancol,42217,Ind,WR,NA,Sun 9:30 am @ Was,W (Sep 30),-,13,0.00,"2,374",887,0%,-,-,-,-,-,-,-,-,-,-,-,-,-
Omar Cooper Jr.,42652,NYJ,WR,IR,Sun 1:00 pm @ Chi,W (Sep 30),-,13,0.00,226,"1,052",4%,-,-,-,-,-,-,-,-,-,-,-,-,-
Brett Weaver,43412,Den,TE,NA,Sun 4:25 pm @ SF,W (Sep 30),-,10,0.00,"2,175",670,0%,-,-,-,-,-,-,-,-,-,-,-,-,-
Jordan Nubin,43417,Den,RB,NA,Sun 4:25 pm @ SF,W (Sep 30),-,10,0.00,"2,569",673,0%,-,-,-,-,-,-,-,-,-,-,-,-,-
Quentin Skinner,42223,Buf,WR,NA,Sun 1:00 pm vs NE,W (Sep 30),-,7,0.00,"2,346",893,0%,-,-,-,-,-,-,-,-,-,-,-,-,-
Connor Hulstein,43471,NYJ,TE,NA,Sun 1:00 pm @ Chi,W (Sep 30),-,13,0.00,"2,139",704,0%,-,-,-,-,-,-,-,-,-,-,-,-,-
Justin Jones,43478,Sea,RB,NA,Sun 4:25 pm vs LAC,W (Sep 30),-,11,0.00,"2,543",707,0%,-,-,-,-,-,-,-,-,-,-,-,-,-
Juice Wells Jr.,42444,Atl,WR,NA,Mon 8:15 pm @ NO,W (Sep 30),-,11,0.00,"2,408",994,0%,-,-,-,-,-,-,-,-,-,-,-,-,-
Ja'seem Reed,42497,Car,WR,NA,Sun 8:20 pm vs Det,W (Sep 30),-,5,0.00,"2,325","1,008",0%,-,-,-,-,-,-,-,-,-,-,-,-,-
Heinrich Haarberg,43449,Car,TE,NA,Sun 8:20 pm vs Det,W (Sep 30),-,5,0.00,"2,198",691,0%,-,-,-,-,-,-,-,-,-,-,-,-,-
Jimmy Holiday,42490,KC,WR,IR,Sun 4:25 pm @ LV,W (Sep 30),-,5,0.00,"2,324","1,006",0%,-,-,-,-,-,-,-,-,-,-,-,-,-
Ja'Corey Brooks,42482,Was,WR,NA,Sun 9:30 am vs Ind,W (Sep 30),-,7,0.00,"2,456","1,004",0%,-,-,-,-,-,-,-,-,-,-,-,-,-
Deion Hankins,42403,Chi,RB,NA,Sun 1:00 pm vs NYJ,W (Sep 30),-,10,0.00,"2,550",978,0%,-,-,-,-,-,-,-,-,-,-,-,-,-
Kisean Johnson,42475,GB,WR,NA,Sun 1:00 pm @ TB,W (Sep 30),-,11,0.00,"2,366","1,003",0%,-,-,-,-,-,-,-,-,-,-,-,-,-
Nick Kallerup,42465,Sea,TE,,Sun 4:25 pm vs LAC,W (Sep 30),-,11,0.00,"2,173","1,000",0%,-,-,-,-,-,-,-,-,-,-,-,-,-
Tre Stewart,42271,Ari,RB,NA,Sun 1:00 pm @ NYG,W (Sep 30),-,14,0.00,"2,576",917,0%,-,-,-,-,-,-,-,-,-,-,-,-,-
ShunDerrick Powell,42460,Phi,RB,NA,Sun 1:00 pm vs LAR,W (Sep 30),-,10,0.00,"2,556",997,0%,-,-,-,-,-,-,-,-,-,-,-,-,-
Bryce Pierre,42274,Car,TE,NA,Sun 8:20 pm vs Det,W (Sep 30),-,5,0.00,"2,227",922,0%,-,-,-,-,-,-,-,-,-,-,-,-,-
Jermaine Terry,42446,Cle,TE,NA,Thu 8:15 pm vs Pit,W (Sep 30),-,11,0.00,"2,207",995,0%,-,-,-,-,-,-,-,-,-,-,-,-,-
Jeremiah Webb,42437,NE,WR,IR,Sun 1:00 pm @ Buf,W (Sep 30),-,11,0.00,"2,284",991,0%,-,-,-,-,-,-,-,-,-,-,-,-,-
Gee Scott,42290,NE,WR,NA,Sun 1:00 pm @ Buf,W (Sep 30),-,11,0.00,"2,439",932,0%,-,-,-,-,-,-,-,-,-,-,-,-,-
Miles Davis,43445,Car,RB,NA,Sun 8:20 pm vs Det,W (Sep 30),-,5,0.00,"2,589",689,0%,-,-,-,-,-,-,-,-,-,-,-,-,-
Jacoby Jones,42436,Was,WR,NA,Sun 9:30 am vs Ind,W (Sep 30),-,7,0.00,"2,336",990,0%,-,-,-,-,-,-,-,-,-,-,-,-,-
Ben Yurosek,42434,Min,TE,IR,Sun 4:05 pm vs Mia,W (Sep 30),-,6,0.00,"2,645",989,0%,-,-,-,-,-,-,-,-,-,-,-,-,-
Anderson Castle,43443,Ind,RB,NA,Sun 9:30 am @ Was,W (Sep 30),-,13,0.00,"2,610",687,0%,-,-,-,-,-,-,-,-,-,-,-,-,-
Terrill Davis,43442,Min,WR,NA,Sun 4:05 pm vs Mia,W (Sep 30),-,6,0.00,"2,352",686,0%,-,-,-,-,-,-,-,-,-,-,-,-,-
Carter Runyon,42433,LV,TE,IR-R,Sun 4:25 pm vs KC,W (Sep 30),-,13,0.00,"2,673",987,0%,-,-,-,-,-,-,-,-,-,-,-,-,-
Tre Watson,42430,Mia,TE,NA,Sun 4:05 pm @ Min,W (Sep 30),-,6,0.00,"2,147",986,0%,-,-,-,-,-,-,-,-,-,-,-,-,-
Rashad Rochelle,43440,Sea,WR,NA,Sun 4:25 pm vs LAC,W (Sep 30),-,11,0.00,"2,390",684,0%,-,-,-,-,-,-,-,-,-,-,-,-,-
Zach Horton,42420,Det,TE,NA,Sun 8:20 pm @ Car,W (Sep 30),-,6,0.00,"2,197",982,0%,-,-,-,-,-,-,-,-,-,-,-,-,-
JJ Galbreath,42275,Ind,TE,NA,Sun 9:30 am @ Was,W (Sep 30),-,13,0.00,"2,202",923,0%,-,-,-,-,-,-,-,-,-,-,-,-,-
Roc Taylor,42279,Car,WR,NA,Sun 8:20 pm vs Det,W (Sep 30),-,5,0.00,"2,358",925,0%,-,-,-,-,-,-,-,-,-,-,-,-,-
Lan Larison,42284,NE,RB,NA,Sun 1:00 pm @ Buf,W (Sep 30),-,11,0.00,"2,654",928,0%,-,-,-,-,-,-,-,-,-,-,-,-,-
Bryson Nesbit,42266,Min,TE,NA,Sun 4:05 pm vs Mia,W (Sep 30),-,6,0.00,"2,152",914,0%,-,-,-,-,-,-,-,-,-,-,-,-,-
Grant Finley,43473,NYG,RB,NA,Sun 1:00 pm vs Ari,W (Sep 30),-,8,0.00,"2,588",705,0%,-,-,-,-,-,-,-,-,-,-,-,-,-
Jeff Weimer,43469,KC,WR,NA,Sun 4:25 pm @ LV,W (Sep 30),-,5,0.00,"2,379",702,0%,-,-,-,-,-,-,-,-,-,-,-,-,-
Johnny Pascuzzi,43433,LAC,TE,NA,Sun 4:25 pm @ Sea,W (Sep 30),-,7,0.00,"2,138",679,0%,-,-,-,-,-,-,-,-,-,-,-,-,-
Caden Prieskorn,42243,Car,TE,NA,Sun 8:20 pm vs Det,W (Sep 30),-,5,0.00,"2,161",903,0%,-,-,-,-,-,-,-,-,-,-,-,-,-
CJ Dippre,42291,TB,TE,NA,Sun 1:00 pm vs GB,W (Sep 30),-,10,0.00,"2,126",934,0%,-,-,-,-,-,-,-,-,-,-,-,-,-
Xavier Restrepo,42368,Ten,WR,NA,Sun 1:00 pm @ Bal,W (Sep 30),-,9,0.00,"2,283",966,0%,-,-,-,-,-,-,-,-,-,-,-,-,-
Isaiah Neyor,42385,GB,WR,NA,Sun 1:00 pm @ TB,W (Sep 30),-,11,0.00,"2,414",972,0%,-,-,-,-,-,-,-,-,-,-,-,-,-
Gage Larvadain,42417,Bal,WR,NA,Sun 1:00 pm vs Ten,W (Sep 30),-,13,0.00,"2,711",981,0%,-,-,-,-,-,-,-,-,-,-,-,-,-
Kyrese Rowan,42527,NO,WR,NA,Mon 8:15 pm vs Atl,W (Sep 30),-,8,0.00,"2,370","1,023",0%,-,-,-,-,-,-,-,-,-,-,-,-,-
Brock Rechsteiner,43435,NO,WR,SUSP,Mon 8:15 pm vs Atl,W (Sep 30),-,8,0.00,"2,435",680,0%,-,-,-,-,-,-,-,-,-,-,-,-,-
Drake Dabney,42523,GB,TE,NA,Sun 1:00 pm @ TB,W (Sep 30),-,11,0.00,"2,189","1,021",0%,-,-,-,-,-,-,-,-,-,-,-,-,-
Drew Biber,43470,Cle,TE,NA,Thu 8:15 pm vs Pit,W (Sep 30),-,11,0.00,"2,190",703,0%,-,-,-,-,-,-,-,-,-,-,-,-,-
Dalevon Campbell,42519,LAC,WR,NA,Sun 4:25 pm @ Sea,W (Sep 30),-,7,0.00,"2,409","1,019",0%,-,-,-,-,-,-,-,-,-,-,-,-,-
Max Hurleman,42516,Pit,"WR,RB",O,Thu 8:15 pm @ Cle,W (Sep 30),-,9,0.00,"2,500","1,017",0%,-,-,-,-,-,-,-,-,-,-,-,-,-
Dontae Fleming,42255,Min,WR,NA,Sun 4:05 pm vs Mia,W (Sep 30),-,6,0.00,"2,355",910,0%,-,-,-,-,-,-,-,-,-,-,-,-,-
Montorie Foster Jr.,42515,Sea,WR,,Sun 4:25 pm vs LAC,W (Sep 30),-,11,0.00,"2,664","1,016",0%,-,-,-,-,-,-,-,-,-,-,-,-,-
Roydell Williams,43466,Det,RB,NA,Sun 8:20 pm @ Car,W (Sep 30),-,6,0.00,"2,565",701,0%,-,-,-,-,-,-,-,-,-,-,-,-,-
Kye Robichaux,42245,Det,RB,NA,Sun 8:20 pm @ Car,W (Sep 30),-,6,0.00,"2,548",904,0%,-,-,-,-,-,-,-,-,-,-,-,-,-
Liam Clifford,43465,LAC,WR,NA,Sun 4:25 pm @ Sea,W (Sep 30),-,7,0.00,"2,315",699,0%,-,-,-,-,-,-,-,-,-,-,-,-,-
Tyler Moore,43464,Ind,TE,NA,Sun 9:30 am @ Was,W (Sep 30),-,13,0.00,"2,228",698,0%,-,-,-,-,-,-,-,-,-,-,-,-,-
Jeremiah Franklin,43463,Mia,TE,NA,Sun 4:05 pm @ Min,W (Sep 30),-,6,0.00,"2,204",697,0%,-,-,-,-,-,-,-,-,-,-,-,-,-
Malick Meiga,43460,Sea,WR,NA,Sun 4:25 pm vs LAC,W (Sep 30),-,11,0.00,"2,453",696,0%,-,-,-,-,-,-,-,-,-,-,-,-,-
Luke Floriea,42507,Cle,WR,NA,Thu 8:15 pm vs Pit,W (Sep 30),-,11,0.00,"2,375","1,012",0%,-,-,-,-,-,-,-,-,-,-,-,-,-
Jakobie Keeney-James,42246,Pit,WR,NA,Thu 8:15 pm @ Cle,W (Sep 30),-,9,0.00,"2,301",905,0%,-,-,-,-,-,-,-,-,-,-,-,-,-
Kyre Duplessis,43458,Den,WR,NA,Sun 4:25 pm @ SF,W (Sep 30),-,10,0.00,"2,343",694,0%,-,-,-,-,-,-,-,-,-,-,-,-,-
Louis Hansen,43457,Hou,TE,NA,Sun 1:00 pm vs Dal,W (Sep 30),-,8,0.00,"2,183",693,0%,-,-,-,-,-,-,-,-,-,-,-,-,-
Brandon Hayes,43451,Phi,WR,NA,Sun 1:00 pm vs LAR,W (Sep 30),-,10,0.00,"2,326",692,0%,-,-,-,-,-,-,-,-,-,-,-,-,-
Mante Morrow,43441,LAC,WR,NA,Sun 4:25 pm @ Sea,W (Sep 30),-,7,0.00,"2,360",685,0%,-,-,-,-,-,-,-,-,-,-,-,-,-
Isaiah Jacobs,43090,GB,RB,NA,Sun 1:00 pm @ TB,W (Sep 30),-,11,0.00,"2,596",521,0%,-,-,-,-,-,-,-,-,-,-,-,-,-
Julius Davis,43392,Den,RB,NA,Sun 4:25 pm @ SF,W (Sep 30),-,10,0.00,"2,538",659,0%,-,-,-,-,-,-,-,-,-,-,-,-,-
Harrison Wallace III,42979,Ari,WR,NA,Sun 1:00 pm @ NYG,W (Sep 30),-,14,0.00,"2,388","1,178",0%,-,-,-,-,-,-,-,-,-,-,-,-,-
Will Pauling,42969,SF,WR,NA,Sun 4:25 pm vs Den,W (Sep 30),-,8,0.00,"2,467","1,169",0%,-,-,-,-,-,-,-,-,-,-,-,-,-
Wesley Grimes,42970,SF,WR,NA,Sun 4:25 pm vs Den,W (Sep 30),-,8,0.00,"2,292","1,171",0%,-,-,-,-,-,-,-,-,-,-,-,-,-
Khalil Dinkins,42972,SF,TE,NA,Sun 4:25 pm vs Den,W (Sep 30),-,8,0.00,"2,162","1,172",0%,-,-,-,-,-,-,-,-,-,-,-,-,-
Romello Brinson,43150,Dal,WR,NA,Sun 1:00 pm @ Hou,W (Sep 30),-,14,0.00,"2,384",562,0%,-,-,-,-,-,-,-,-,-,-,-,-,-
Marcus Burke,42975,Ten,WR,NA,Sun 1:00 pm @ Bal,W (Sep 30),-,9,0.00,"2,371","1,175",0%,-,-,-,-,-,-,-,-,-,-,-,-,-
Trent Battle,42978,Atl,RB,NA,Mon 8:15 pm @ NO,W (Sep 30),-,11,0.00,"2,551","1,177",0%,-,-,-,-,-,-,-,-,-,-,-,-,-
Robert Henry Jr.,42986,Was,RB,NA,Sun 9:30 am vs Ind,W (Sep 30),-,7,0.00,"2,602","1,180",0%,-,-,-,-,-,-,-,-,-,-,-,-,-
Brady Boyd,42959,Jax,WR,NA,Sun 1:00 pm @ Cin,W (Sep 30),-,7,0.00,"2,348","1,164",0%,-,-,-,-,-,-,-,-,-,-,-,-,-
Chris Hilton Jr.,42987,GB,WR,NA,Sun 1:00 pm @ TB,W (Sep 30),-,11,0.00,"2,393","1,181",0%,-,-,-,-,-,-,-,-,-,-,-,-,-
Eric Rivers Jr.,42990,TB,WR,NA,Sun 1:00 pm vs GB,W (Sep 30),-,10,0.00,"2,434","1,182",0%,-,-,-,-,-,-,-,-,-,-,-,-,-
Noah Short,42991,TB,WR,NA,Sun 1:00 pm vs GB,W (Sep 30),-,10,0.00,"2,397","1,184",0%,-,-,-,-,-,-,-,-,-,-,-,-,-
Vinny Anthony II,42996,Atl,WR,NA,Mon 8:15 pm @ NO,W (Sep 30),-,11,0.00,"2,285","1,185",0%,-,-,-,-,-,-,-,-,-,-,-,-,-
Malik Rutherford,42998,Atl,WR,NA,Mon 8:15 pm @ NO,W (Sep 30),-,11,0.00,"2,357","1,186",0%,-,-,-,-,-,-,-,-,-,-,-,-,-
Anthony Hankerson,43149,Sea,RB,NA,Sun 4:25 pm vs LAC,W (Sep 30),-,11,0.00,"2,613",561,0%,-,-,-,-,-,-,-,-,-,-,-,-,-
Ty Pezza,43002,Bal,TE,NA,Sun 1:00 pm vs Ten,W (Sep 30),-,13,0.00,"2,184","1,188",0%,-,-,-,-,-,-,-,-,-,-,-,-,-
Ethan Conner,42965,Mia,TE,NA,Sun 4:05 pm @ Min,W (Sep 30),-,6,0.00,"2,217","1,167",0%,-,-,-,-,-,-,-,-,-,-,-,-,-
Alex Bullock,42957,Jax,WR,NA,Sun 1:00 pm @ Cin,W (Sep 30),-,7,0.00,"2,462","1,163",0%,-,-,-,-,-,-,-,-,-,-,-,-,-
Ja'Mori Maclin,43013,Buf,WR,NA,Sun 1:00 pm vs NE,W (Sep 30),-,7,0.00,"2,428",486,0%,-,-,-,-,-,-,-,-,-,-,-,-,-
Sincere Brown,42925,LAC,WR,NA,Sun 4:25 pm @ Sea,W (Sep 30),-,7,0.00,"2,364","1,147",0%,-,-,-,-,-,-,-,-,-,-,-,-,-
Kyle Dixon,43155,NE,WR,NA,Sun 1:00 pm @ Buf,W (Sep 30),-,11,0.00,"2,420",566,0%,-,-,-,-,-,-,-,-,-,-,-,-,-
Marcus Sanders Jr.,42913,Min,WR,NA,Sun 4:05 pm vs Mia,W (Sep 30),-,6,0.00,"2,385","1,139",0%,-,-,-,-,-,-,-,-,-,-,-,-,-
Tanner Arkin,43152,NE,TE,,Sun 1:00 pm @ Buf,W (Sep 30),-,11,0.00,"2,137",564,0%,-,-,-,-,-,-,-,-,-,-,-,-,-
Dillon Bell,42914,Min,WR,NA,Sun 4:05 pm vs Mia,W (Sep 30),-,6,0.00,"2,430","1,140",0%,-,-,-,-,-,-,-,-,-,-,-,-,-
Shaleak Knotts,42917,Min,WR,NA,Sun 4:05 pm vs Mia,W (Sep 30),-,6,0.00,"2,294","1,143",0%,-,-,-,-,-,-,-,-,-,-,-,-,-
Gregory Desrosiers,42922,LAC,RB,NA,Sun 4:25 pm @ Sea,W (Sep 30),-,7,0.00,"2,564","1,145",0%,-,-,-,-,-,-,-,-,-,-,-,-,-
Evan Svoboda,42927,LAC,TE,NA,Sun 4:25 pm @ Sea,W (Sep 30),-,7,0.00,"2,129","1,148",0%,-,-,-,-,-,-,-,-,-,-,-,-,-
Trebor Pena,42951,Jax,WR,NA,Sun 1:00 pm @ Cin,W (Sep 30),-,7,0.00,"2,303","1,161",0%,-,-,-,-,-,-,-,-,-,-,-,-,-
Devonte Ross,42930,LAC,WR,NA,Sun 4:25 pm @ Sea,W (Sep 30),-,7,0.00,"2,353","1,149",0%,-,-,-,-,-,-,-,-,-,-,-,-,-
Jerand Bradley,42936,LAC,TE,NA,Sun 4:25 pm @ Sea,W (Sep 30),-,7,0.00,"2,181","1,152",0%,-,-,-,-,-,-,-,-,-,-,-,-,-
Luke Wysong,42938,Min,WR,NA,Sun 4:05 pm vs Mia,W (Sep 30),-,6,0.00,"2,300","1,153",0%,-,-,-,-,-,-,-,-,-,-,-,-,-
Joshua Simon,42186,Atl,TE,NA,Mon 8:15 pm @ NO,W (Sep 30),-,11,0.00,"2,163",866,0%,-,-,-,-,-,-,-,-,-,-,-,-,-
Roman Hemby,42941,LV,RB,NA,Sun 4:25 pm vs KC,W (Sep 30),-,13,0.00,"2,586","1,155",0%,-,-,-,-,-,-,-,-,-,-,-,-,-
Ben Patterson,42949,Cle,WR,NA,Thu 8:15 pm vs Pit,W (Sep 30),-,11,0.00,"2,455","1,159",0%,-,-,-,-,-,-,-,-,-,-,-,-,-
Michael Wortham,42950,Jax,WR,NA,Sun 1:00 pm @ Cin,W (Sep 30),-,7,0.00,"2,344","1,160",0%,-,-,-,-,-,-,-,-,-,-,-,-,-
Lance Mason,43012,Pit,TE,NA,Thu 8:15 pm @ Cle,W (Sep 30),-,9,0.00,"2,133",485,0%,-,-,-,-,-,-,-,-,-,-,-,-,-
Max Tomczak,43015,Buf,WR,NA,Sun 1:00 pm vs NE,W (Sep 30),-,7,0.00,"2,351",487,0%,-,-,-,-,-,-,-,-,-,-,-,-,-
DT Sheffield,43158,NYJ,WR,NA,Sun 1:00 pm @ Chi,W (Sep 30),-,13,0.00,"2,347",567,0%,-,-,-,-,-,-,-,-,-,-,-,-,-
Davon Booth,43060,Ind,RB,NA,Sun 9:30 am @ Was,W (Sep 30),-,13,0.00,"2,585",506,0%,-,-,-,-,-,-,-,-,-,-,-,-,-
Al-Jay Henderson,43110,NYJ,RB,NA,Sun 1:00 pm @ Chi,W (Sep 30),-,13,0.00,"2,541",533,0%,-,-,-,-,-,-,-,-,-,-,-,-,-
Ademola Faleye,43109,TB,TE,NA,Sun 1:00 pm vs GB,W (Sep 30),-,10,0.00,"2,143",531,0%,-,-,-,-,-,-,-,-,-,-,-,-,-
Raylen Sharpe,43102,Ind,WR,NA,Sun 9:30 am @ Was,W (Sep 30),-,13,0.00,"2,333",528,0%,-,-,-,-,-,-,-,-,-,-,-,-,-
Joshua Pitsenberger,43098,Hou,RB,NA,Sun 1:00 pm vs Dal,W (Sep 30),-,8,0.00,"2,592",527,0%,-,-,-,-,-,-,-,-,-,-,-,-,-
Hank Beatty,43094,Ten,WR,NA,Sun 1:00 pm @ Bal,W (Sep 30),-,9,0.00,"2,302",526,0%,-,-,-,-,-,-,-,-,-,-,-,-,-
Jaden Bradley,43092,Was,WR,NA,Sun 9:30 am vs Ind,W (Sep 30),-,7,0.00,"2,342",523,0%,-,-,-,-,-,-,-,-,-,-,-,-,-
Jordan Hudson,43061,Dal,WR,NA,Sun 1:00 pm @ Hou,W (Sep 30),-,14,0.00,"2,463",507,0%,-,-,-,-,-,-,-,-,-,-,-,-,-
J. Michael Gyllenborg,43116,KC,TE,IR,Sun 4:25 pm @ LV,W (Sep 30),-,5,0.00,"2,205",540,0%,-,-,-,-,-,-,-,-,-,-,-,-,-
Kole Wilson,43066,Cle,WR,NA,Thu 8:15 pm vs Pit,W (Sep 30),-,11,0.00,"2,421",509,0%,-,-,-,-,-,-,-,-,-,-,-,-,-
Cameron Ross,43069,Den,WR,NA,Sun 4:25 pm @ SF,W (Sep 30),-,10,0.00,"2,415",511,0%,-,-,-,-,-,-,-,-,-,-,-,-,-
Joseph Manjack,43076,Den,WR,NA,Sun 4:25 pm @ SF,W (Sep 30),-,10,0.00,"2,368",513,0%,-,-,-,-,-,-,-,-,-,-,-,-,-
Miles Kitselman,43082,Det,TE,NA,Sun 8:20 pm @ Car,W (Sep 30),-,6,0.00,"2,185",516,0%,-,-,-,-,-,-,-,-,-,-,-,-,-
J. Michael Sturdivant,43085,GB,WR,,Sun 1:00 pm @ TB,W (Sep 30),-,11,0.00,"2,514",517,0%,-,-,-,-,-,-,-,-,-,-,-,-,-
RJ Maryland,43087,GB,TE,NA,Sun 1:00 pm @ TB,W (Sep 30),-,11,0.00,"2,127",519,0%,-,-,-,-,-,-,-,-,-,-,-,-,-
Eni Falayi,43088,GB,TE,NA,Sun 1:00 pm @ TB,W (Sep 30),-,11,0.00,"2,149",520,0%,-,-,-,-,-,-,-,-,-,-,-,-,-
EJ Smith,43115,KC,RB,NA,Sun 4:25 pm @ LV,W (Sep 30),-,5,0.00,"2,609",539,0%,-,-,-,-,-,-,-,-,-,-,-,-,-
Terion Stewart,43119,KC,RB,NA,Sun 4:25 pm @ LV,W (Sep 30),-,5,0.00,"2,606",542,0%,-,-,-,-,-,-,-,-,-,-,-,-,-
Kobe Prentice,43022,NE,WR,NA,Sun 1:00 pm @ Buf,W (Sep 30),-,11,0.00,"2,381",488,0%,-,-,-,-,-,-,-,-,-,-,-,-,-
Chamon Metayer,43035,Car,TE,NA,Sun 8:20 pm vs Det,W (Sep 30),-,5,0.00,"2,140",497,0%,-,-,-,-,-,-,-,-,-,-,-,-,-
Donaven McCulley,43147,Mia,WR,NA,Sun 4:05 pm @ Min,W (Sep 30),-,6,0.00,"2,417",559,0%,-,-,-,-,-,-,-,-,-,-,-,-,-
Hayden Large,43027,Chi,TE,IR,Sun 1:00 pm vs NYJ,W (Sep 30),-,10,0.00,"2,182",492,0%,-,-,-,-,-,-,-,-,-,-,-,-,-
Dean Connors,43140,LAR,RB,NA,Sun 1:00 pm @ Phi,W (Sep 30),-,11,0.00,"2,713",555,0%,-,-,-,-,-,-,-,-,-,-,-,-,-
Noah Thomas,43033,Cin,WR,NA,Sun 1:00 pm vs Jax,W (Sep 30),-,6,0.00,"2,424",494,0%,-,-,-,-,-,-,-,-,-,-,-,-,-
Dominic Richardson,43034,NYJ,RB,NA,Sun 1:00 pm @ Chi,W (Sep 30),-,13,0.00,"2,533",495,0%,-,-,-,-,-,-,-,-,-,-,-,-,-
Rohan Jones,43139,LAR,TE,NA,Sun 1:00 pm @ Phi,W (Sep 30),-,11,0.00,"2,210",554,0%,-,-,-,-,-,-,-,-,-,-,-,-,-
Lake McRee,43036,Pit,TE,NA,Thu 8:15 pm @ Cle,W (Sep 30),-,9,0.00,"2,192",498,0%,-,-,-,-,-,-,-,-,-,-,-,-,-
Chase Roberts,43126,LV,WR,NA,Sun 4:25 pm vs KC,W (Sep 30),-,13,0.00,"2,425",544,0%,-,-,-,-,-,-,-,-,-,-,-,-,-
TJ Harden,43051,Sea,RB,NA,Sun 4:25 pm vs LAC,W (Sep 30),-,11,0.00,"2,578",501,0%,-,-,-,-,-,-,-,-,-,-,-,-,-
Aaron Anderson,43052,Cle,WR,NA,Thu 8:15 pm vs Pit,W (Sep 30),-,11,0.00,"2,369",502,0%,-,-,-,-,-,-,-,-,-,-,-,-,-
Dan Villari,43138,LAR,TE,NA,Sun 1:00 pm @ Phi,W (Sep 30),-,11,0.00,"2,188",553,0%,-,-,-,-,-,-,-,-,-,-,-,-,-
DJ Rogers,43055,Dal,TE,IR,Sun 1:00 pm @ Hou,W (Sep 30),-,14,0.00,"2,135",503,0%,-,-,-,-,-,-,-,-,-,-,-,-,-
Josh Kattus,43058,Cin,TE,NA,Sun 1:00 pm vs Jax,W (Sep 30),-,6,0.00,"2,191",505,0%,-,-,-,-,-,-,-,-,-,-,-,-,-
Matt Lauter,43130,Min,TE,NA,Sun 4:05 pm vs Mia,W (Sep 30),-,6,0.00,"2,158",549,0%,-,-,-,-,-,-,-,-,-,-,-,-,-
E.J. Williams Jr.,43129,Car,WR,NA,Sun 8:20 pm vs Det,W (Sep 30),-,5,0.00,"2,331",548,0%,-,-,-,-,-,-,-,-,-,-,-,-,-
Kejon Owens,42912,Min,RB,NA,Sun 4:05 pm vs Mia,W (Sep 30),-,6,0.00,"2,594","1,138",0%,-,-,-,-,-,-,-,-,-,-,-,-,-
Cody Hardy,43161,NYJ,TE,NA,Sun 1:00 pm @ Chi,W (Sep 30),-,13,0.00,"2,211",568,0%,-,-,-,-,-,-,-,-,-,-,-,-,-
Stone Eby,43391,Den,TE,NA,Sun 4:25 pm @ SF,W (Sep 30),-,10,0.00,"2,167",657,0%,-,-,-,-,-,-,-,-,-,-,-,-,-
Patrick Gurd,43272,LV,TE,NA,Sun 4:25 pm vs KC,W (Sep 30),-,13,0.00,"2,150",613,0%,-,-,-,-,-,-,-,-,-,-,-,-,-
Jordon Vaughn,43329,Ind,RB,NA,Sun 9:30 am @ Was,W (Sep 30),-,13,0.00,"2,574",634,0%,-,-,-,-,-,-,-,-,-,-,-,-,-
E.J. Horton,43328,Ind,WR,NA,Sun 9:30 am @ Was,W (Sep 30),-,13,0.00,"2,443",633,0%,-,-,-,-,-,-,-,-,-,-,-,-,-
Sahmir Hagans,43327,Ind,WR,NA,Sun 9:30 am @ Was,W (Sep 30),-,13,0.00,"2,386",631,0%,-,-,-,-,-,-,-,-,-,-,-,-,-
Jonathan Brady,43287,LV,WR,NA,Sun 4:25 pm vs KC,W (Sep 30),-,13,0.00,"2,334",620,0%,-,-,-,-,-,-,-,-,-,-,-,-,-
Jonah Coleman,42730,Den,RB,IR,Sun 4:25 pm @ SF,W (Sep 30),-,10,0.00,135,"1,075",42%,-,-,-,-,-,-,-,-,-,-,-,-,-
Xavier Loyd,43281,KC,WR,NA,Sun 4:25 pm @ LV,W (Sep 30),-,5,0.00,"2,436",616,0%,-,-,-,-,-,-,-,-,-,-,-,-,-
Elijah Tau-Tolliver,43268,Bal,RB,NA,Sun 1:00 pm vs Ten,W (Sep 30),-,13,0.00,"2,536",612,0%,-,-,-,-,-,-,-,-,-,-,-,-,-
Gabriel Benyard,43333,Car,WR,NA,Sun 8:20 pm vs Det,W (Sep 30),-,5,0.00,"2,339",636,0%,-,-,-,-,-,-,-,-,-,-,-,-,-
Jaden Nixon,43265,GB,RB,NA,Sun 1:00 pm @ TB,W (Sep 30),-,11,0.00,"2,558",610,0%,-,-,-,-,-,-,-,-,-,-,-,-,-
Colbie Young,42762,Cin,WR,O,Sun 1:00 pm vs Jax,W (Sep 30),-,6,0.00,"2,626","1,081",0%,-,-,-,-,-,-,-,-,-,-,-,-,-
Omari Evans,43261,KC,WR,NA,Sun 4:25 pm @ LV,W (Sep 30),-,5,0.00,"2,442",608,0%,-,-,-,-,-,-,-,-,-,-,-,-,-
Jacob De Jesus,43258,KC,WR,NA,Sun 4:25 pm @ LV,W (Sep 30),-,5,0.00,"2,297",606,0%,-,-,-,-,-,-,-,-,-,-,-,-,-
Joe Royer,42772,Cle,TE,NFI-R,Thu 8:15 pm vs Pit,W (Sep 30),-,11,0.00,"2,223","1,084",0%,-,-,-,-,-,-,-,-,-,-,-,-,-
Adam Randall,42780,Bal,RB,IR-R,Sun 1:00 pm vs Ten,W (Sep 30),-,13,0.00,299,"1,085",1%,-,-,-,-,-,-,-,-,-,-,-,-,-
Kendrick Law,42798,Det,WR,IR,Sun 8:20 pm @ Car,W (Sep 30),-,6,0.00,"2,298","1,089",0%,-,-,-,-,-,-,-,-,-,-,-,-,-
Jackson Acker,43331,Buf,RB,NA,Sun 1:00 pm vs NE,W (Sep 30),-,7,0.00,"2,587",635,0%,-,-,-,-,-,-,-,-,-,-,-,-,-
Lincoln Pare,43339,Ind,RB,NA,Sun 9:30 am @ Was,W (Sep 30),-,13,0.00,"2,597",638,0%,-,-,-,-,-,-,-,-,-,-,-,-,-
Michael Briscoe,43242,Min,WR,NA,Sun 4:05 pm vs Mia,W (Sep 30),-,6,0.00,"2,338",600,0%,-,-,-,-,-,-,-,-,-,-,-,-,-
Myles Montgomery,43367,NE,RB,IR,Sun 1:00 pm @ Buf,W (Sep 30),-,11,0.00,"2,531",648,0%,-,-,-,-,-,-,-,-,-,-,-,-,-
Kolbe Katsis,43382,Den,WR,NA,Sun 4:25 pm @ SF,W (Sep 30),-,10,0.00,"2,661",656,0%,-,-,-,-,-,-,-,-,-,-,-,-,-
Brandon Frazier,43379,Atl,TE,NA,Mon 8:15 pm @ NO,W (Sep 30),-,11,0.00,"2,168",654,0%,-,-,-,-,-,-,-,-,-,-,-,-,-
Keelan Marion,43377,Atl,WR,NA,Mon 8:15 pm @ NO,W (Sep 30),-,11,0.00,"2,449",652,0%,-,-,-,-,-,-,-,-,-,-,-,-,-
Le'Meke Brockington,43376,Atl,WR,NA,Mon 8:15 pm @ NO,W (Sep 30),-,11,0.00,"2,411",651,0%,-,-,-,-,-,-,-,-,-,-,-,-,-
Jimmy Kibble,43368,NE,WR,NA,Sun 1:00 pm @ Buf,W (Sep 30),-,11,0.00,"2,341",649,0%,-,-,-,-,-,-,-,-,-,-,-,-,-
Ja'Kobi Lane,42702,Bal,WR,IR,Sun 1:00 pm vs Ten,W (Sep 30),-,13,0.00,231,"1,069",10%,-,-,-,-,-,-,-,-,-,-,-,-,-
Cameron Dorner,43364,NE,WR,NA,Sun 1:00 pm @ Buf,W (Sep 30),-,11,0.00,"2,361",647,0%,-,-,-,-,-,-,-,-,-,-,-,-,-
Kentrel Bullock,43342,Cin,RB,NA,Sun 1:00 pm vs Jax,W (Sep 30),-,6,0.00,"2,575",640,0%,-,-,-,-,-,-,-,-,-,-,-,-,-
Nick DeGennaro,43363,NE,WR,NA,Sun 1:00 pm @ Buf,W (Sep 30),-,11,0.00,"2,316",646,0%,-,-,-,-,-,-,-,-,-,-,-,-,-
Chris Brazzell II,42705,Car,WR,IR,Sun 8:20 pm vs Det,W (Sep 30),-,5,0.00,"2,468","1,070",0%,-,-,-,-,-,-,-,-,-,-,-,-,-
Kenny Fletcher Jr.,43357,Ind,TE,NA,Sun 9:30 am @ Was,W (Sep 30),-,13,0.00,"2,177",645,0%,-,-,-,-,-,-,-,-,-,-,-,-,-
Damon Bankston,43354,GB,RB,NA,Sun 1:00 pm @ TB,W (Sep 30),-,11,0.00,"2,539",644,0%,-,-,-,-,-,-,-,-,-,-,-,-,-
Squirrel White,43349,Chi,WR,NA,Sun 1:00 pm vs NYJ,W (Sep 30),-,10,0.00,"2,296",643,0%,-,-,-,-,-,-,-,-,-,-,-,-,-
Omari Kelly,43346,Chi,WR,NA,Sun 1:00 pm vs NYJ,W (Sep 30),-,10,0.00,"2,376",642,0%,-,-,-,-,-,-,-,-,-,-,-,-,-
Jamal Haynes,43345,Cin,RB,NA,Sun 1:00 pm vs Jax,W (Sep 30),-,6,0.00,"2,581",641,0%,-,-,-,-,-,-,-,-,-,-,-,-,-
Corey Rucker,43248,LV,WR,IR,Sun 4:25 pm vs KC,W (Sep 30),-,13,0.00,"2,306",602,0%,-,-,-,-,-,-,-,-,-,-,-,-,-
E. Henderson Jr.,42821,Sea,WR,NA,Sun 4:25 pm vs LAC,W (Sep 30),-,11,0.00,"2,427","1,096",0%,-,-,-,-,-,-,-,-,-,-,-,-,-
Chase Curtis,43164,NYJ,TE,NA,Sun 1:00 pm @ Chi,W (Sep 30),-,13,0.00,"2,180",569,0%,-,-,-,-,-,-,-,-,-,-,-,-,-
Cortez Braham Jr.,43181,Bal,WR,NA,Sun 1:00 pm vs Ten,W (Sep 30),-,13,0.00,"2,291",579,0%,-,-,-,-,-,-,-,-,-,-,-,-,-
Sean Brown,43192,Den,WR,NA,Sun 4:25 pm @ SF,W (Sep 30),-,10,0.00,"2,433",586,0%,-,-,-,-,-,-,-,-,-,-,-,-,-
Dane Key,43188,Den,WR,NA,Sun 4:25 pm @ SF,W (Sep 30),-,10,0.00,"2,312",585,0%,-,-,-,-,-,-,-,-,-,-,-,-,-
Coleman Bennett,43187,Mia,RB,NA,Sun 4:05 pm @ Min,W (Sep 30),-,6,0.00,"2,567",584,0%,-,-,-,-,-,-,-,-,-,-,-,-,-
Michael Trigg,42887,Dal,TE,NA,Sun 1:00 pm @ Hou,W (Sep 30),-,14,0.00,"2,160","1,122",0%,-,-,-,-,-,-,-,-,-,-,-,-,-
Desmond Reid,43185,Buf,RB,NA,Sun 1:00 pm vs NE,W (Sep 30),-,7,0.00,"2,534",583,0%,-,-,-,-,-,-,-,-,-,-,-,-,-
Dontae McMillan,43182,Bal,RB,NA,Sun 1:00 pm vs Ten,W (Sep 30),-,13,0.00,"2,593",580,0%,-,-,-,-,-,-,-,-,-,-,-,-,-
Le'Veon Moss,42890,Mia,RB,NA,Sun 4:05 pm @ Min,W (Sep 30),-,6,0.00,"2,545","1,123",0%,-,-,-,-,-,-,-,-,-,-,-,-,-
Jalen Walthall,43193,NYJ,WR,NA,Sun 1:00 pm @ Chi,W (Sep 30),-,13,0.00,"2,392",587,0%,-,-,-,-,-,-,-,-,-,-,-,-,-
Jaydn Ott,42895,KC,RB,NA,Sun 4:25 pm @ LV,W (Sep 30),-,5,0.00,"2,559","1,126",0%,-,-,-,-,-,-,-,-,-,-,-,-,-
Octavian Smith Jr.,43180,Bal,WR,NA,Sun 1:00 pm vs Ten,W (Sep 30),-,13,0.00,"2,373",577,0%,-,-,-,-,-,-,-,-,-,-,-,-,-
Jack Velling,43178,Atl,TE,NA,Mon 8:15 pm @ NO,W (Sep 30),-,11,0.00,"2,213",576,0%,-,-,-,-,-,-,-,-,-,-,-,-,-
Tyren Montgomery,42896,Ten,WR,NA,Sun 1:00 pm @ Bal,W (Sep 30),-,9,0.00,"2,299","1,127",0%,-,-,-,-,-,-,-,-,-,-,-,-,-
Kevorian Barnes,43168,NYG,RB,NA,Sun 1:00 pm vs Ari,W (Sep 30),-,8,0.00,"2,580",573,0%,-,-,-,-,-,-,-,-,-,-,-,-,-
Mekhi Mews,43166,NO,WR,NA,Mon 8:15 pm vs Atl,W (Sep 30),-,8,0.00,"2,319",571,0%,-,-,-,-,-,-,-,-,-,-,-,-,-
Caullin Lacy,43165,NYJ,WR,NA,Sun 1:00 pm @ Chi,W (Sep 30),-,13,0.00,"2,354",570,0%,-,-,-,-,-,-,-,-,-,-,-,-,-
Dae'Quan Wright,42885,Cle,TE,NA,Thu 8:15 pm vs Pit,W (Sep 30),-,11,0.00,"2,220","1,121",0%,-,-,-,-,-,-,-,-,-,-,-,-,-
Daniel Sobkowicz,43195,Hou,WR,NA,Sun 1:00 pm vs Dal,W (Sep 30),-,8,0.00,"2,359",588,0%,-,-,-,-,-,-,-,-,-,-,-,-,-
CJ Williams,42825,Jax,WR,,Sun 1:00 pm @ Cin,W (Sep 30),-,7,0.00,"2,458","1,098",0%,-,-,-,-,-,-,-,-,-,-,-,-,-
Jaren Kanak,42847,Ten,TE,IR,Sun 1:00 pm @ Bal,W (Sep 30),-,9,0.00,"2,179","1,107",0%,-,-,-,-,-,-,-,-,-,-,-,-,-
Lewis Bond,42826,Hou,WR,NA,Sun 1:00 pm vs Dal,W (Sep 30),-,8,0.00,"2,662","1,099",0%,-,-,-,-,-,-,-,-,-,-,-,-,-
Anthony Smith,42840,Dal,WR,NA,Sun 1:00 pm @ Hou,W (Sep 30),-,14,0.00,"2,452","1,104",0%,-,-,-,-,-,-,-,-,-,-,-,-,-
Levi Wentz,43241,Pit,WR,NA,Thu 8:15 pm @ Cle,W (Sep 30),-,9,0.00,"2,378",599,0%,-,-,-,-,-,-,-,-,-,-,-,-,-
DeShawn Hanika,43239,Ind,TE,NA,Sun 9:30 am @ Was,W (Sep 30),-,13,0.00,"2,164",597,0%,-,-,-,-,-,-,-,-,-,-,-,-,-
Chip Trayanum,43213,NYJ,RB,IR,Sun 1:00 pm @ Chi,W (Sep 30),-,13,0.00,"2,568",594,0%,-,-,-,-,-,-,-,-,-,-,-,-,-
Jameson Geers,43212,Ari,TE,IR,Sun 1:00 pm @ NYG,W (Sep 30),-,14,0.00,"2,194",593,0%,-,-,-,-,-,-,-,-,-,-,-,-,-
Sam Scott,43209,NYJ,RB,NA,Sun 1:00 pm @ Chi,W (Sep 30),-,13,0.00,"2,549",592,0%,-,-,-,-,-,-,-,-,-,-,-,-,-
J'Mari Taylor,42882,Jax,RB,NA,Sun 1:00 pm @ Cin,W (Sep 30),-,7,0.00,"2,603","1,119",0%,-,-,-,-,-,-,-,-,-,-,-,-,-
Quentin Moore,43206,Was,TE,NA,Sun 9:30 am vs Ind,W (Sep 30),-,7,0.00,"2,203",591,0%,-,-,-,-,-,-,-,-,-,-,-,-,-
Noah Whittington,43197,Hou,RB,NA,Sun 1:00 pm vs Dal,W (Sep 30),-,8,0.00,"2,607",590,0%,-,-,-,-,-,-,-,-,-,-,-,-,-
Jam Miller,42867,NE,RB,NA,Sun 1:00 pm @ Buf,W (Sep 30),-,11,0.00,"2,604","1,114",0%,-,-,-,-,-,-,-,-,-,-,-,-,-
Treyvhon Saunders,43196,Hou,WR,NA,Sun 1:00 pm vs Dal,W (Sep 30),-,8,0.00,"2,399",589,0%,-,-,-,-,-,-,-,-,-,-,-,-,-
Dallen Bentley,42878,Den,TE,,Sun 4:25 pm @ SF,W (Sep 30),1,10,0.00,"2,156","1,116",0%,-,-,-,-,-,-,-,-,-,-,-,-,-
Jeff Caldwell,42880,KC,WR,IR,Sun 4:25 pm @ LV,W (Sep 30),-,5,0.00,"2,659","1,117",0%,-,-,-,-,-,-,-,-,-,-,-,-,-
Cash Jones,42881,Atl,RB,NA,Mon 8:15 pm @ NO,W (Sep 30),-,11,0.00,"2,544","1,118",0%,-,-,-,-,-,-,-,-,-,-,-,-,-
Quincy Skinner Jr.,42187,GB,WR,NA,Sun 1:00 pm @ TB,W (Sep 30),-,11,0.00,"2,431",868,0%,-,-,-,-,-,-,-,-,-,-,-,-,-
Marcedes Lewis,7777,Den,TE,NA,Sun 4:25 pm @ SF,W (Sep 30),-,10,0.00,"2,134","1,040",0%,-,-,-,-,-,-,-,-,-,-,-,-,-
Nick Nash,42185,Was,WR,NA,Sun 9:30 am vs Ind,W (Sep 30),-,7,0.00,"2,335",865,0%,-,-,-,-,-,-,-,-,-,-,-,-,-
Jaret Patterson,33706,Min,RB,NA,Sun 4:05 pm vs Mia,W (Sep 30),-,6,0.00,"2,476",775,0%,-,-,-,-,-,-,-,-,-,-,-,-,-
Cornell Powell,33569,Pit,WR,NA,Thu 8:15 pm @ Cle,W (Sep 30),-,9,0.00,"2,328",756,0%,-,-,-,-,-,-,-,-,-,-,-,-,-
Elijah Mitchell,33582,KC,RB,NA,Sun 4:25 pm @ LV,W (Sep 30),-,5,0.00,"2,608",757,0%,-,-,-,-,-,-,-,-,-,-,-,-,-
Gary Brightwell,33584,Cin,RB,NA,Sun 1:00 pm vs Jax,W (Sep 30),-,6,0.00,"2,557",758,0%,-,-,-,-,-,-,-,-,-,-,-,-,-
Khalil Herbert,33605,Atl,RB,NA,Mon 8:15 pm @ NO,W (Sep 30),-,11,0.00,"2,754",760,0%,-,-,-,-,-,-,-,-,-,-,-,-,-
Jermar Jefferson,33644,Min,RB,NA,Sun 4:05 pm vs Mia,W (Sep 30),-,6,0.00,"2,591",765,0%,-,-,-,-,-,-,-,-,-,-,-,-,-
Tim Jones,33649,Jax,WR,NA,Sun 1:00 pm @ Cin,W (Sep 30),-,7,0.00,"2,521",766,0%,-,-,-,-,-,-,-,-,-,-,-,-,-
Kenny Yeboah,33705,Ari,TE,NA,Sun 1:00 pm @ NYG,W (Sep 30),-,14,0.00,"2,242",774,0%,-,-,-,-,-,-,-,-,-,-,-,-,-
Brandon Smith,33710,Pit,WR,NA,Thu 8:15 pm @ Cle,W (Sep 30),-,9,0.00,"2,412",776,0%,-,-,-,-,-,-,-,-,-,-,-,-,-
Ihmir Smith-Marsette,33545,Car,WR,NA,Sun 8:20 pm vs Det,W (Sep 30),-,5,0.00,"2,528",754,0%,-,-,-,-,-,-,-,-,-,-,-,-,-
Austin Trammell,33745,Jax,WR,NA,Sun 1:00 pm @ Cin,W (Sep 30),-,7,0.00,"2,682",781,0%,-,-,-,-,-,-,-,-,-,-,-,-,-
Tarik Black,33797,Det,WR,NA,Sun 8:20 pm @ Car,W (Sep 30),-,6,0.00,"2,432",791,0%,-,-,-,-,-,-,-,-,-,-,-,-,-
Shane Zylstra,33803,NE,TE,NA,Sun 1:00 pm @ Buf,W (Sep 30),-,11,0.00,"2,230",793,0%,-,-,-,-,-,-,-,-,-,-,-,-,-
DJ Turner,33813,LV,WR,NA,Sun 4:25 pm vs KC,W (Sep 30),-,13,0.00,"2,474",795,0%,-,-,-,-,-,-,-,-,-,-,-,-,-
Jack Stoll,33891,SF,TE,NA,Sun 4:25 pm vs Den,W (Sep 30),-,8,0.00,"2,616",819,0%,-,-,-,-,-,-,-,-,-,-,-,-,-
Adam Prentice,33901,Den,RB,NA,Sun 4:25 pm @ SF,W (Sep 30),-,10,0.00,"2,795",826,0%,-,-,-,-,-,-,-,-,-,-,-,-,-
Michael Bandy,33928,Den,WR,NA,Sun 4:25 pm @ SF,W (Sep 30),-,10,0.00,"2,473",834,0%,-,-,-,-,-,-,-,-,-,-,-,-,-
Simi Fehoko,33567,Ari,WR,,Sun 1:00 pm @ NYG,W (Sep 30),-,14,0.00,"2,783",755,0%,-,-,-,-,-,-,-,-,-,-,-,-,-
Brevin Jordan,33535,Hou,TE,,Sun 1:00 pm vs Dal,W (Sep 30),1,8,0.00,"2,511",752,0%,-,-,-,-,-,-,-,-,-,-,-,-,-
Nikola Kalinic,33950,Chi,TE,IR,Sun 1:00 pm vs NYJ,W (Sep 30),-,10,0.00,"2,148",846,0%,-,-,-,-,-,-,-,-,-,-,-,-,-
Nick Westbrook-Ikhine,33348,Ind,WR,NA,Sun 9:30 am @ Was,W (Sep 30),-,13,0.00,"2,501",719,0%,-,-,-,-,-,-,-,-,-,-,-,-,-
Dan Chisena,33023,Car,WR,NA,Sun 8:20 pm vs Det,W (Sep 30),-,5,0.00,"2,516",609,0%,-,-,-,-,-,-,-,-,-,-,-,-,-
Jonathan Ward,33088,Bal,RB,NA,Sun 1:00 pm vs Ten,W (Sep 30),-,13,0.00,"2,671",632,0%,-,-,-,-,-,-,-,-,-,-,-,-,-
Sean McKeon,33101,Ind,TE,NA,Sun 9:30 am @ Was,W (Sep 30),-,13,0.00,"2,208",639,0%,-,-,-,-,-,-,-,-,-,-,-,-,-
JaMycal Hasty,33199,NE,RB,NA,Sun 1:00 pm @ Buf,W (Sep 30),-,11,0.00,"2,635",682,0%,-,-,-,-,-,-,-,-,-,-,-,-,-
Patrick Taylor Jr.,33235,SF,RB,NA,Sun 4:25 pm vs Den,W (Sep 30),-,8,0.00,"2,523",706,0%,-,-,-,-,-,-,-,-,-,-,-,-,-
Salvon Ahmed,33265,Chi,RB,NA,Sun 1:00 pm vs NYJ,W (Sep 30),-,10,0.00,"2,554",711,0%,-,-,-,-,-,-,-,-,-,-,-,-,-
Lawrence Cager,33329,Was,TE,NA,Sun 9:30 am vs Ind,W (Sep 30),-,7,0.00,"2,214",717,0%,-,-,-,-,-,-,-,-,-,-,-,-,-
Kristian Wilkerson,33349,Atl,WR,NA,Mon 8:15 pm @ NO,W (Sep 30),-,11,0.00,"2,426",720,0%,-,-,-,-,-,-,-,-,-,-,-,-,-
Kylen Granson,33515,Ten,TE,,Sun 1:00 pm @ Bal,W (Sep 30),1,9,0.00,"2,649",749,0%,-,-,-,-,-,-,-,-,-,-,-,-,-
Mason Kinsey,33351,Ten,WR,NA,Sun 1:00 pm @ Bal,W (Sep 30),-,9,0.00,"2,725",722,0%,-,-,-,-,-,-,-,-,-,-,-,-,-
Chris Blair,33376,Atl,WR,,Mon 8:15 pm @ NO,W (Sep 30),-,11,0.00,"2,622",729,0%,-,-,-,-,-,-,-,-,-,-,-,-,-
Travis Etienne Jr.,33413,NO,RB,O,Mon 8:15 pm vs Atl,JGrahnasaurs,-,8,0.00,57,734,97%,-,-,-,-,-,-,-,-,-,-,-,-,-
Dee Eskridge,33444,Mia,WR,NA,Sun 4:05 pm @ Min,W (Sep 30),-,6,0.00,"2,735",736,0%,-,-,-,-,-,-,-,-,-,-,-,-,-
Terrace Marshall Jr.,33447,Mia,WR,NA,Sun 4:05 pm @ Min,W (Sep 30),-,6,0.00,"2,519",737,0%,-,-,-,-,-,-,-,-,-,-,-,-,-
Trey Sermon,33476,Atl,RB,IR,Mon 8:15 pm @ NO,W (Sep 30),-,11,0.00,"2,623",743,0%,-,-,-,-,-,-,-,-,-,-,-,-,-
Tre' McKitty,33485,Was,TE,NA,Sun 9:30 am vs Ind,W (Sep 30),-,7,0.00,"2,174",745,0%,-,-,-,-,-,-,-,-,-,-,-,-,-
Sal Cannella,33932,Cle,TE,NA,Thu 8:15 pm vs Pit,W (Sep 30),-,11,0.00,"2,142",838,0%,-,-,-,-,-,-,-,-,-,-,-,-,-
Alec Pierce,34008,Ind,WR,IR,Sun 9:30 am @ Was,W (Sep 30),-,13,0.00,148,874,65%,-,-,-,-,-,-,-,-,-,-,-,-,-
Isaiah Hodgins,32877,Pit,WR,NA,Thu 8:15 pm @ Cle,W (Sep 30),-,9,0.00,"2,257",541,0%,-,-,-,-,-,-,-,-,-,-,-,-,-
Zaire Mitchell-Paden,34489,Hou,TE,NA,Sun 1:00 pm vs Dal,W (Sep 30),-,8,0.00,"2,165","1,062",0%,-,-,-,-,-,-,-,-,-,-,-,-,-
Kevin Austin Jr.,34242,NO,WR,NA,Mon 8:15 pm vs Atl,W (Sep 30),-,8,0.00,"2,092",988,0%,-,-,-,-,-,-,-,-,-,-,-,-,-
Ronnie Rivers,34310,LAR,RB,IR,Sun 1:00 pm @ Phi,W (Sep 30),-,11,0.00,"2,770","1,010",0%,-,-,-,-,-,-,-,-,-,-,-,-,-
Jordan Mason,34320,Min,RB,IR,Sun 4:05 pm vs Mia,Locked In Michelle,-,6,0.00,151,"1,013",71%,-,-,-,-,-,-,-,-,-,-,-,-,-
Lance McCutcheon,34330,Ten,WR,NA,Sun 1:00 pm @ Bal,W (Sep 30),-,9,0.00,"2,438","1,020",0%,-,-,-,-,-,-,-,-,-,-,-,-,-
Irv Charles,34356,Sea,WR,IR-R,Sun 4:25 pm vs LAC,W (Sep 30),-,11,0.00,"2,620","1,028",0%,-,-,-,-,-,-,-,-,-,-,-,-,-
Jake Tonges,34374,SF,TE,IR,Sun 4:25 pm vs Den,W (Sep 30),-,8,0.00,327,"1,030",0%,-,-,-,-,-,-,-,-,-,-,-,-,-
Kendric Pryor,34476,Cin,WR,NA,Sun 1:00 pm vs Jax,W (Sep 30),-,6,0.00,"2,400","1,056",0%,-,-,-,-,-,-,-,-,-,-,-,-,-
Tanner Conner,34513,NE,TE,NA,Sun 1:00 pm @ Buf,W (Sep 30),-,11,0.00,"2,498","1,071",0%,-,-,-,-,-,-,-,-,-,-,-,-,-
Isiah Pacheco,34207,Det,RB,IR,Sun 8:20 pm @ Car,W (Sep 30),-,6,0.00,292,977,12%,-,-,-,-,-,-,-,-,-,-,-,-,-
Deven Thompkins,34520,LV,WR,NA,Sun 4:25 pm vs KC,W (Sep 30),-,13,0.00,"2,734","1,073",0%,-,-,-,-,-,-,-,-,-,-,-,-,-
Sincere McCormick,34551,SF,RB,NA,Sun 4:25 pm vs Den,W (Sep 30),-,8,0.00,"2,480","1,078",0%,-,-,-,-,-,-,-,-,-,-,-,-,-
Kaden Davis,34569,Chi,WR,NA,Sun 1:00 pm vs NYJ,W (Sep 30),-,10,0.00,"2,666","1,080",0%,-,-,-,-,-,-,-,-,-,-,-,-,-
Brandon Johnson,34571,Pit,WR,NA,Thu 8:15 pm @ Cle,W (Sep 30),-,9,0.00,"2,365","1,082",0%,-,-,-,-,-,-,-,-,-,-,-,-,-
Jalen Virgil,34579,Ari,WR,NA,Sun 1:00 pm @ NYG,W (Sep 30),-,14,0.00,"2,305","1,083",0%,-,-,-,-,-,-,-,-,-,-,-,-,-
Dennis Houston,34592,TB,WR,NA,Sun 1:00 pm vs GB,W (Sep 30),-,10,0.00,"2,441","1,086",0%,-,-,-,-,-,-,-,-,-,-,-,-,-
Malik Davis,34610,Dal,RB,IR,Sun 1:00 pm @ Hou,W (Sep 30),-,14,0.00,"2,481","1,092",2%,-,-,-,-,-,-,-,-,-,-,-,-,-
Samori Toure,34214,Phi,WR,NA,Sun 1:00 pm vs LAR,W (Sep 30),-,10,0.00,"2,329",980,0%,-,-,-,-,-,-,-,-,-,-,-,-,-
Brittain Brown,34206,Chi,RB,IR,Sun 1:00 pm vs NYJ,W (Sep 30),-,10,0.00,"2,546",976,0%,-,-,-,-,-,-,-,-,-,-,-,-,-
Velus Jones Jr.,34027,Sea,"WR,RB",NA,Sun 4:25 pm vs LAC,W (Sep 30),-,11,0.00,"2,739",889,0%,-,-,-,-,-,-,-,-,-,-,-,-,-
Cole Turner,34105,Mia,TE,IR,Sun 4:05 pm @ Min,W (Sep 30),-,6,0.00,"2,212",937,0%,-,-,-,-,-,-,-,-,-,-,-,-,-
Danny Gray,34061,Phi,WR,NA,Sun 1:00 pm vs LAR,W (Sep 30),-,10,0.00,"2,405",908,0%,-,-,-,-,-,-,-,-,-,-,-,-,-
Dameon Pierce,34063,Phi,RB,NA,Sun 1:00 pm vs LAR,W (Sep 30),-,10,0.00,"2,755",911,0%,-,-,-,-,-,-,-,-,-,-,-,-,-
Zamir White,34078,NO,RB,NA,Mon 8:15 pm vs Atl,W (Sep 30),-,8,0.00,"2,733",916,0%,-,-,-,-,-,-,-,-,-,-,-,-,-
Erik Ezukanma,34081,Phi,WR,NA,Sun 1:00 pm vs LAR,W (Sep 30),-,10,0.00,"2,419",920,0%,-,-,-,-,-,-,-,-,-,-,-,-,-
Charlie Kolar,34084,LAC,TE,D,Sun 4:25 pm @ Sea,W (Sep 30),1,7,0.00,208,924,0%,-,-,-,-,-,-,-,-,-,-,-,-,-
Hassan Haskins,34087,NE,RB,NA,Sun 1:00 pm @ Buf,W (Sep 30),-,11,0.00,"2,769",926,0%,-,-,-,-,-,-,-,-,-,-,-,-,-
Calvin Austin III,34094,NYG,WR,IR,Sun 1:00 pm vs Ari,W (Sep 30),-,8,0.00,"2,052",930,0%,-,-,-,-,-,-,-,-,-,-,-,-,-
Jerome Ford,34112,Min,RB,NA,Sun 4:05 pm vs Mia,W (Sep 30),-,6,0.00,"2,527",939,0%,-,-,-,-,-,-,-,-,-,-,-,-,-
Nick Muse,34183,Atl,TE,,Mon 8:15 pm @ NO,W (Sep 30),-,11,0.00,"2,510",968,0%,-,-,-,-,-,-,-,-,-,-,-,-,-
Montrell Washington,34118,NYG,WR,NA,Sun 1:00 pm vs Ari,W (Sep 30),-,8,0.00,"2,288",942,0%,-,-,-,-,-,-,-,-,-,-,-,-,-
Ty Chandler,34125,NO,RB,IR,Mon 8:15 pm vs Atl,W (Sep 30),-,8,0.00,"2,641",946,0%,-,-,-,-,-,-,-,-,-,-,-,-,-
Teagan Quitoriano,34126,Ari,TE,NA,Sun 1:00 pm @ NYG,W (Sep 30),-,14,0.00,"2,200",947,0%,-,-,-,-,-,-,-,-,-,-,-,-,-
James Mitchell,34133,Dal,TE,NA,Sun 1:00 pm @ Hou,W (Sep 30),-,14,0.00,"2,157",950,0%,-,-,-,-,-,-,-,-,-,-,-,-,-
Grant Calcaterra,34154,Phi,TE,IR-R,Sun 1:00 pm vs LAR,W (Sep 30),-,10,0.00,"2,238",957,0%,-,-,-,-,-,-,-,-,-,-,-,-,-
Keaontay Ingram,34157,KC,RB,NA,Sun 4:25 pm @ LV,W (Sep 30),-,5,0.00,"2,561",959,0%,-,-,-,-,-,-,-,-,-,-,-,-,-
Michael Woods II,34158,Den,WR,NA,Sun 4:25 pm @ SF,W (Sep 30),-,10,0.00,"2,495",960,0%,-,-,-,-,-,-,-,-,-,-,-,-,-
John FitzPatrick,34169,Cle,TE,NA,Thu 8:15 pm vs Pit,W (Sep 30),-,11,0.00,"2,275",964,0%,-,-,-,-,-,-,-,-,-,-,-,-,-
Andre Baccellia,32943,Ari,WR,NA,Sun 1:00 pm @ NYG,W (Sep 30),-,14,0.00,"2,719",582,0%,-,-,-,-,-,-,-,-,-,-,-,-,-
James Proche II,32871,Ten,WR,NA,Sun 1:00 pm @ Bal,W (Sep 30),-,9,0.00,"2,691",534,0%,-,-,-,-,-,-,-,-,-,-,-,-,-
Tucker Fisk,34625,LAC,TE,NA,Sun 4:25 pm @ Sea,W (Sep 30),-,7,0.00,"2,651","1,095",0%,-,-,-,-,-,-,-,-,-,-,-,-,-
Nick Chubb,31005,Hou,RB,NA,Sun 1:00 pm vs Dal,W (Sep 30),-,8,0.00,"2,063",622,0%,-,-,-,-,-,-,-,-,-,-,-,-,-
Austin Ekeler,30423,Was,RB,,Sun 9:30 am vs Ind,W (Sep 30),-,7,0.00,"2,125","1,072",0%,-,-,-,-,-,-,-,-,-,-,-,-,-
Tim Patrick,30511,NYJ,WR,IR,Sun 1:00 pm @ Chi,W (Sep 30),-,13,0.00,"2,115","1,090",0%,-,-,-,-,-,-,-,-,-,-,-,-,-
Anthony Firkser,30571,Det,TE,NA,Sun 8:20 pm @ Car,W (Sep 30),-,6,0.00,"2,270","1,113",0%,-,-,-,-,-,-,-,-,-,-,-,-,-
Taysom Hill,30614,NO,TE,NA,Mon 8:15 pm vs Atl,W (Sep 30),-,8,0.00,"2,044","1,133",0%,-,-,-,-,-,-,-,-,-,-,-,-,-
Pharaoh Brown,30627,Ind,TE,NA,Sun 9:30 am @ Was,W (Sep 30),-,13,0.00,"2,262","1,141",0%,-,-,-,-,-,-,-,-,-,-,-,-,-
Dare Ogunbowale,30860,Hou,RB,,Sun 1:00 pm vs Dal,W (Sep 30),-,8,0.00,"2,743",560,0%,-,-,-,-,-,-,-,-,-,-,-,-,-
River Cracraft,30955,Was,WR,NA,Sun 9:30 am vs Ind,W (Sep 30),-,7,0.00,"2,493",601,0%,-,-,-,-,-,-,-,-,-,-,-,-,-
Dante Pettis,31014,Buf,WR,NA,Sun 1:00 pm vs NE,W (Sep 30),-,7,0.00,"2,627",624,0%,-,-,-,-,-,-,-,-,-,-,-,-,-
David Moore,30339,Car,WR,NA,Sun 8:20 pm vs Det,W (Sep 30),-,5,0.00,"2,630","1,048",0%,-,-,-,-,-,-,-,-,-,-,-,-,-
Christian Kirk,31017,SF,WR,IR-R,Sun 4:25 pm vs Den,W (Sep 30),-,8,0.00,294,625,1%,-,-,-,-,-,-,-,-,-,-,-,-,-
Dallas Goedert,31019,Phi,TE,D,Sun 1:00 pm vs LAR,Monday Night Madison,1,10,0.00,176,626,80%,-,-,-,-,-,-,-,-,-,-,-,-,-
Will Dissly,31090,LAC,TE,NA,Sun 4:25 pm @ Sea,W (Sep 30),-,7,0.00,"2,111",653,0%,-,-,-,-,-,-,-,-,-,-,-,-,-
Chase Edmonds,31104,Was,RB,NA,Sun 9:30 am vs Ind,W (Sep 30),-,7,0.00,"2,579",658,0%,-,-,-,-,-,-,-,-,-,-,-,-,-
Justin Watson,31114,Hou,WR,NA,Sun 1:00 pm vs Dal,W (Sep 30),-,8,0.00,"2,469",665,0%,-,-,-,-,-,-,-,-,-,-,-,-,-
Tyler Conklin,31127,Det,TE,,Sun 8:20 pm @ Car,W (Sep 30),1,6,0.00,"2,098",671,0%,-,-,-,-,-,-,-,-,-,-,-,-,-
Ray-Ray McCloud III,31157,Chi,WR,NA,Sun 1:00 pm vs NYJ,W (Sep 30),-,10,0.00,"2,279",690,0%,-,-,-,-,-,-,-,-,-,-,-,-,-
Noah Brown,30352,LV,WR,NA,Sun 4:25 pm vs KC,W (Sep 30),-,13,0.00,"2,239","1,051",0%,-,-,-,-,-,-,-,-,-,-,-,-,-
Trent Taylor,30290,SF,WR,NA,Sun 4:25 pm vs Den,W (Sep 30),-,8,0.00,"2,327","1,037",0%,-,-,-,-,-,-,-,-,-,-,-,-,-
Trent Sherfield,31320,Buf,WR,NA,Sun 1:00 pm vs NE,W (Sep 30),-,7,0.00,"2,728",724,0%,-,-,-,-,-,-,-,-,-,-,-,-,-
Tyreek Hill,29399,Mia,WR,NA,Sun 4:05 pm @ Min,W (Sep 30),-,6,0.00,319,746,5%,-,-,-,-,-,-,-,-,-,-,-,-,-
Phillip Dorsett II,28417,LV,WR,NA,Sun 4:25 pm vs KC,W (Sep 30),-,13,0.00,"2,389","1,079",0%,-,-,-,-,-,-,-,-,-,-,-,-,-
Tyler Lockett,28457,LV,WR,NA,Sun 4:25 pm vs KC,W (Sep 30),-,13,0.00,"2,123","1,088",0%,-,-,-,-,-,-,-,-,-,-,-,-,-
Michael Burton,28556,Cle,RB,,Thu 8:15 pm vs Pit,W (Sep 30),-,11,0.00,"2,729","1,124",0%,-,-,-,-,-,-,-,-,-,-,-,-,-
Raheem Mostert,28654,LV,RB,NA,Sun 4:25 pm vs KC,W (Sep 30),-,13,0.00,"2,687","1,183",0%,-,-,-,-,-,-,-,-,-,-,-,-,-
DeAndre Carter,28947,Cle,WR,NA,Thu 8:15 pm vs Pit,W (Sep 30),-,11,0.00,"2,759",618,0%,-,-,-,-,-,-,-,-,-,-,-,-,-
Nick Vannett,29328,Bal,TE,NA,Sun 1:00 pm vs Ten,W (Sep 30),-,13,0.00,"2,120",735,0%,-,-,-,-,-,-,-,-,-,-,-,-,-
Demarcus Robinson,29360,SF,WR,IR,Sun 4:25 pm vs Den,W (Sep 30),-,8,0.00,347,740,1%,-,-,-,-,-,-,-,-,-,-,-,-,-
David Njoku,30142,LAC,TE,IR,Sun 4:25 pm @ Sea,W (Sep 30),-,7,0.00,322,985,2%,-,-,-,-,-,-,-,-,-,-,-,-,-
Jeremy McNichols,30275,Was,RB,IR-R,Sun 9:30 am vs Ind,W (Sep 30),-,7,0.00,"2,488","1,029",0%,-,-,-,-,-,-,-,-,-,-,-,-,-
Zay Jones,30150,Hou,WR,NA,Sun 1:00 pm vs Dal,W (Sep 30),-,8,0.00,"2,266",992,0%,-,-,-,-,-,-,-,-,-,-,-,-,-
Curtis Samuel,30153,Buf,WR,NA,Sun 1:00 pm vs NE,W (Sep 30),-,7,0.00,"2,272",993,0%,-,-,-,-,-,-,-,-,-,-,-,-,-
Joe Mixon,30161,Hou,RB,O,Sun 1:00 pm vs Dal,W (Sep 30),-,8,0.00,"2,068",996,0%,-,-,-,-,-,-,-,-,-,-,-,-,-
JuJu Smith-Schuster,30175,NYG,WR,NA,Sun 1:00 pm vs Ari,W (Sep 30),-,8,0.00,"2,116",999,0%,-,-,-,-,-,-,-,-,-,-,-,-,-
Kareem Hunt,30199,KC,RB,NA,Sun 4:25 pm @ LV,W (Sep 30),-,5,0.00,312,"1,005",0%,-,-,-,-,-,-,-,-,-,-,-,-,-
James Conner,30218,Ari,RB,IR-R,Sun 1:00 pm @ NYG,W (Sep 30),-,14,0.00,293,"1,011",7%,-,-,-,-,-,-,-,-,-,-,-,-,-
Josh Reynolds,30230,NYJ,WR,NA,Sun 1:00 pm @ Chi,W (Sep 30),-,13,0.00,"2,119","1,018",0%,-,-,-,-,-,-,-,-,-,-,-,-,-
Cedrick Wilson Jr.,31178,Det,WR,NA,Sun 8:20 pm @ Car,W (Sep 30),-,6,0.00,"2,684",700,0%,-,-,-,-,-,-,-,-,-,-,-,-,-
Malik Turner,31777,SF,WR,NA,Sun 4:25 pm vs Den,W (Sep 30),-,8,0.00,"2,349",799,0%,-,-,-,-,-,-,-,-,-,-,-,-,-
Quez Watkins,32870,Phi,WR,NA,Sun 1:00 pm vs LAR,W (Sep 30),-,10,0.00,"2,350",532,0%,-,-,-,-,-,-,-,-,-,-,-,-,-
Van Jefferson,32727,Was,WR,NA,Sun 9:30 am vs Ind,W (Sep 30),-,7,0.00,"2,105","1,168",0%,-,-,-,-,-,-,-,-,-,-,-,-,-
Lil'Jordan Humphrey,32494,Den,WR,,Sun 4:25 pm @ SF,W (Sep 30),1,10,0.00,"2,471","1,077",0%,-,-,-,-,-,-,-,-,-,-,-,-,-
Craig Reynolds,32596,Was,RB,NA,Sun 9:30 am vs Ind,W (Sep 30),-,7,0.00,"2,781","1,102",0%,-,-,-,-,-,-,-,-,-,-,-,-,-
D'Ernest Johnson,32608,Ten,RB,NA,Sun 1:00 pm @ Bal,W (Sep 30),-,9,0.00,"2,774","1,108",0%,-,-,-,-,-,-,-,-,-,-,-,-,-
Gunner Olszewski,32612,NYG,WR,IR,Sun 1:00 pm vs Ari,W (Sep 30),-,8,0.00,"2,634","1,110",0%,-,-,-,-,-,-,-,-,-,-,-,-,-
Jalen Reagor,32691,Mia,WR,NA,Sun 4:05 pm @ Min,W (Sep 30),-,6,0.00,"2,504","1,150",0%,-,-,-,-,-,-,-,-,-,-,-,-,-
Brandon Aiyuk,32695,SF,WR,NA,Sun 4:25 pm vs Den,W (Sep 30),-,8,0.00,"2,118","1,151",1%,-,-,-,-,-,-,-,-,-,-,-,-,-
Cam Akers,32722,Sea,RB,NA,Sun 4:25 pm vs LAC,W (Sep 30),-,11,0.00,"2,491","1,166",0%,-,-,-,-,-,-,-,-,-,-,-,-,-
Denzel Mims,32729,Dal,WR,NA,Sun 1:00 pm @ Hou,W (Sep 30),-,14,0.00,"2,423","1,170",0%,-,-,-,-,-,-,-,-,-,-,-,-,-
Chris Myarick,32442,LV,TE,NA,Sun 4:25 pm vs KC,W (Sep 30),-,13,0.00,"2,131","1,063",0%,-,-,-,-,-,-,-,-,-,-,-,-,-
Antonio Gibson,32736,NE,RB,NA,Sun 1:00 pm @ Buf,W (Sep 30),-,11,0.00,"2,124","1,176",0%,-,-,-,-,-,-,-,-,-,-,-,-,-
Josiah Deguara,32764,Phi,TE,NA,Sun 1:00 pm vs LAR,W (Sep 30),-,10,0.00,"2,517","1,192",0%,-,-,-,-,-,-,-,-,-,-,-,-,-
Harrison Bryant,32785,Hou,TE,NA,Sun 1:00 pm vs Dal,W (Sep 30),-,8,0.00,"2,669",490,0%,-,-,-,-,-,-,-,-,-,-,-,-,-
A. Okwuegbunam Jr.,32788,LV,TE,NA,Sun 4:25 pm vs KC,W (Sep 30),-,13,0.00,"2,132",493,0%,-,-,-,-,-,-,-,-,-,-,-,-,-
Gabe Davis,32798,Buf,WR,NA,Sun 1:00 pm vs NE,W (Sep 30),-,7,0.00,"2,086",499,0%,-,-,-,-,-,-,-,-,-,-,-,-,-
Tyler Johnson,32831,NYJ,WR,NA,Sun 1:00 pm @ Chi,W (Sep 30),-,13,0.00,"2,113",512,0%,-,-,-,-,-,-,-,-,-,-,-,-,-
K.J. Osborn,32846,Ten,WR,NA,Sun 1:00 pm @ Bal,W (Sep 30),-,9,0.00,"2,482",518,0%,-,-,-,-,-,-,-,-,-,-,-,-,-
Donald Parham Jr.,32456,Pit,TE,NA,Thu 8:15 pm @ Cle,W (Sep 30),-,9,0.00,"2,229","1,067",0%,-,-,-,-,-,-,-,-,-,-,-,-,-
Trenton Irwin,32438,SF,WR,NA,Sun 4:25 pm vs Den,W (Sep 30),-,8,0.00,"2,526","1,059",0%,-,-,-,-,-,-,-,-,-,-,-,-,-
Josh Jacobs,31856,GB,RB,CEL,Sun 1:00 pm @ TB,W (Sep 30),-,11,0.00,115,827,78%,-,-,-,-,-,-,-,-,-,-,-,-,-
Gary Jennings,31952,LAC,WR,NA,Sun 4:25 pm @ Sea,W (Sep 30),-,7,0.00,"2,320",871,0%,-,-,-,-,-,-,-,-,-,-,-,-,-
A.J. Brown,31883,NE,WR,IR,Sun 1:00 pm @ Buf,Monday Night Madison,-,11,0.00,73,837,96%,-,-,-,-,-,-,-,-,-,-,-,-,-
Miles Sanders,31885,Dal,RB,NA,Sun 1:00 pm @ Hou,W (Sep 30),-,14,0.00,"2,072",840,0%,-,-,-,-,-,-,-,-,-,-,-,-,-
Mecole Hardman Jr.,31888,Buf,WR,NA,Sun 1:00 pm vs NE,W (Sep 30),-,7,0.00,"2,485",842,0%,-,-,-,-,-,-,-,-,-,-,-,-,-
Parris Campbell,31891,Dal,WR,NA,Sun 1:00 pm @ Hou,W (Sep 30),-,14,0.00,"2,475",844,0%,-,-,-,-,-,-,-,-,-,-,-,-,-
Josh Oliver,31901,Min,TE,O,Sun 4:05 pm vs Mia,W (Sep 30),-,6,0.00,"2,045",845,0%,-,-,-,-,-,-,-,-,-,-,-,-,-
Alexander Mattison,31934,Mia,RB,NA,Sun 4:05 pm @ Min,W (Sep 30),-,6,0.00,"2,253",861,0%,-,-,-,-,-,-,-,-,-,-,-,-,-
Hakeem Butler,31935,Den,WR,NA,Sun 4:25 pm @ SF,W (Sep 30),-,10,0.00,"2,450",862,0%,-,-,-,-,-,-,-,-,-,-,-,-,-
Hunter Renfrow,31981,Car,WR,NA,Sun 8:20 pm vs Det,W (Sep 30),-,5,0.00,"2,080",891,0%,-,-,-,-,-,-,-,-,-,-,-,-,-
David Sills V,32418,TB,WR,IR-R,Sun 1:00 pm vs GB,W (Sep 30),-,10,0.00,"2,248","1,055",0%,-,-,-,-,-,-,-,-,-,-,-,-,-
Trayveon Williams,32014,Det,RB,NA,Sun 8:20 pm @ Car,W (Sep 30),-,6,0.00,"2,747",909,0%,-,-,-,-,-,-,-,-,-,-,-,-,-
Juwann Winfree,32019,Hou,WR,NA,Sun 1:00 pm vs Dal,W (Sep 30),-,8,0.00,"2,290",912,0%,-,-,-,-,-,-,-,-,-,-,-,-,-
Scotty Miller,32040,Chi,WR,NA,Sun 1:00 pm vs NYJ,W (Sep 30),-,10,0.00,"2,631",927,0%,-,-,-,-,-,-,-,-,-,-,-,-,-
Alex Bachman,32124,LAR,WR,NA,Sun 1:00 pm @ Phi,W (Sep 30),-,11,0.00,"2,749",965,0%,-,-,-,-,-,-,-,-,-,-,-,-,-
Andrew Beck,32225,NYJ,RB,,Sun 1:00 pm @ Chi,W (Sep 30),-,13,0.00,"2,771","1,001",0%,-,-,-,-,-,-,-,-,-,-,-,-,-
Stephen Carlson,32273,Chi,TE,NA,Sun 1:00 pm vs NYJ,W (Sep 30),-,10,0.00,"2,218","1,014",0%,-,-,-,-,-,-,-,-,-,-,-,-,-
D.J. Montgomery,32283,Ind,WR,IR,Sun 9:30 am @ Was,W (Sep 30),-,13,0.00,"2,383","1,022",0%,-,-,-,-,-,-,-,-,-,-,-,-,-
Tyree Jackson,32415,Was,TE,NA,Sun 9:30 am vs Ind,W (Sep 30),-,7,0.00,"2,159","1,054",0%,-,-,-,-,-,-,-,-,-,-,-,-,-
Raheem Blackshear,34617,Det,RB,NA,Sun 8:20 pm @ Car,W (Sep 30),-,6,0.00,"2,672","1,094",0%,-,-,-,-,-,-,-,-,-,-,-,-,-
Stone Smartt,34637,NO,TE,NA,Mon 8:15 pm vs Atl,W (Sep 30),-,8,0.00,"2,472","1,101",0%,-,-,-,-,-,-,-,-,-,-,-,-,-
Montrell Johnson Jr.,42173,Car,RB,NA,Sun 8:20 pm vs Det,W (Sep 30),-,5,0.00,"2,583",860,0%,-,-,-,-,-,-,-,-,-,-,-,-,-
David Martin-Robinson,41662,Ten,TE,,Sun 1:00 pm @ Bal,W (Sep 30),-,9,0.00,"2,636",742,0%,-,-,-,-,-,-,-,-,-,-,-,-,-
Messiah Swinson,41463,Cle,TE,NA,Thu 8:15 pm vs Pit,W (Sep 30),-,11,0.00,"2,136",712,0%,-,-,-,-,-,-,-,-,-,-,-,-,-
Carson Steele,41464,Phi,RB,NA,Sun 1:00 pm vs LAR,W (Sep 30),-,10,0.00,"2,647",713,0%,-,-,-,-,-,-,-,-,-,-,-,-,-
Cole Burgess,41502,Pit,WR,IR,Thu 8:15 pm @ Cle,W (Sep 30),-,9,0.00,"2,313",715,0%,-,-,-,-,-,-,-,-,-,-,-,-,-
Shawn Bowman,41512,Ari,TE,NA,Sun 1:00 pm @ NYG,W (Sep 30),-,14,0.00,"2,196",716,0%,-,-,-,-,-,-,-,-,-,-,-,-,-
Baylor Cupp,41556,Ari,TE,NA,Sun 1:00 pm @ NYG,W (Sep 30),-,14,0.00,"2,169",723,0%,-,-,-,-,-,-,-,-,-,-,-,-,-
Qadir Ismail,41562,Chi,TE,NA,Sun 1:00 pm vs NYJ,W (Sep 30),-,10,0.00,"2,231",726,0%,-,-,-,-,-,-,-,-,-,-,-,-,-
Jabari Small,41661,Det,RB,NA,Sun 8:20 pm @ Car,W (Sep 30),-,6,0.00,"2,537",741,0%,-,-,-,-,-,-,-,-,-,-,-,-,-
Brenden Bates,41675,Jax,TE,NA,Sun 1:00 pm @ Cin,W (Sep 30),-,7,0.00,"2,494",744,0%,-,-,-,-,-,-,-,-,-,-,-,-,-
Joshua Cephus,41411,Jax,WR,NA,Sun 1:00 pm @ Cin,W (Sep 30),-,7,0.00,"2,391",695,0%,-,-,-,-,-,-,-,-,-,-,-,-,-
John Jiles,41687,NE,WR,NA,Sun 1:00 pm @ Buf,W (Sep 30),-,11,0.00,"2,402",747,0%,-,-,-,-,-,-,-,-,-,-,-,-,-
Terrell Jennings,41713,NE,RB,NA,Sun 1:00 pm @ Buf,W (Sep 30),-,11,0.00,"2,678",750,0%,-,-,-,-,-,-,-,-,-,-,-,-,-
Jayden Higgins,41819,Hou,WR,IR,Sun 1:00 pm vs Dal,W (Sep 30),-,8,0.00,"2,039",763,3%,-,-,-,-,-,-,-,-,-,-,-,-,-
Terrance Ferguson,41831,LAR,TE,D,Sun 1:00 pm @ Phi,W (Sep 30),1,11,0.00,132,764,34%,-,-,-,-,-,-,-,-,-,-,-,-,-
Jack Bech,41843,LV,WR,IR,Sun 4:25 pm vs KC,W (Sep 30),-,13,0.00,260,767,1%,-,-,-,-,-,-,-,-,-,-,-,-,-
Savion Williams,41851,GB,WR,IR-R,Sun 1:00 pm @ TB,W (Sep 30),-,11,0.00,"2,639",768,0%,-,-,-,-,-,-,-,-,-,-,-,-,-
Dont'e Thornton Jr.,41892,LV,WR,IR,Sun 4:25 pm vs KC,W (Sep 30),-,13,0.00,"2,642",771,0%,-,-,-,-,-,-,-,-,-,-,-,-,-
Julian Hicks,41451,Sea,WR,NA,Sun 4:25 pm vs LAC,W (Sep 30),-,11,0.00,"2,448",709,0%,-,-,-,-,-,-,-,-,-,-,-,-,-
Thomas Yassmin,41397,GB,TE,IR,Sun 1:00 pm @ TB,W (Sep 30),-,11,0.00,"2,226",688,0%,-,-,-,-,-,-,-,-,-,-,-,-,-
Dylan Sampson,41907,Cle,RB,IR,Thu 8:15 pm vs Pit,W (Sep 30),-,11,0.00,245,777,8%,-,-,-,-,-,-,-,-,-,-,-,-,-
Xavier Johnson,41274,Cin,WR,NA,Sun 1:00 pm vs Jax,W (Sep 30),-,6,0.00,"2,318",629,0%,-,-,-,-,-,-,-,-,-,-,-,-,-
Isaiah Wooden,41226,LAC,WR,NA,Sun 4:25 pm @ Sea,W (Sep 30),-,7,0.00,"2,451",614,0%,-,-,-,-,-,-,-,-,-,-,-,-,-
JaQuae Jackson,41231,LAC,WR,NA,Sun 4:25 pm @ Sea,W (Sep 30),-,7,0.00,"2,398",615,0%,-,-,-,-,-,-,-,-,-,-,-,-,-
Michael Wiley,41234,TB,RB,NA,Sun 1:00 pm vs GB,W (Sep 30),-,10,0.00,"2,563",617,0%,-,-,-,-,-,-,-,-,-,-,-,-,-
Frank Gore Jr.,41243,Buf,RB,NA,Sun 1:00 pm vs NE,W (Sep 30),-,7,0.00,"2,709",621,0%,-,-,-,-,-,-,-,-,-,-,-,-,-
Bryce Oliver,41251,Hou,WR,NA,Sun 1:00 pm vs Dal,W (Sep 30),-,8,0.00,"2,505",623,0%,-,-,-,-,-,-,-,-,-,-,-,-,-
Chris Collier,41261,LV,RB,IR,Sun 4:25 pm vs KC,W (Sep 30),-,13,0.00,"2,676",627,0%,-,-,-,-,-,-,-,-,-,-,-,-,-
Dayton Wade,41262,Bal,WR,NA,Sun 1:00 pm vs Ten,W (Sep 30),-,13,0.00,"2,445",628,0%,-,-,-,-,-,-,-,-,-,-,-,-,-
Lawrence Keys,41275,Buf,WR,NA,Sun 1:00 pm vs NE,W (Sep 30),-,7,0.00,"2,401",630,0%,-,-,-,-,-,-,-,-,-,-,-,-,-
Blake Watson,41388,Ten,RB,NA,Sun 1:00 pm @ Bal,W (Sep 30),-,9,0.00,"2,584",681,0%,-,-,-,-,-,-,-,-,-,-,-,-,-
Ian Wheeler,41322,Buf,RB,NA,Sun 1:00 pm vs NE,W (Sep 30),-,7,0.00,"2,560",650,0%,-,-,-,-,-,-,-,-,-,-,-,-,-
Jack Westover,41352,Was,"RB,TE",NA,Sun 9:30 am vs Ind,W (Sep 30),-,7,0.00,"2,737",663,0%,-,-,-,-,-,-,-,-,-,-,-,-,-
Cam Grandy,41353,Min,TE,NA,Sun 4:05 pm vs Mia,W (Sep 30),-,6,0.00,"2,254",664,0%,-,-,-,-,-,-,-,-,-,-,-,-,-
Treyton Welch,41363,NO,TE,,Mon 8:15 pm vs Atl,W (Sep 30),-,8,0.00,"2,508",669,0%,-,-,-,-,-,-,-,-,-,-,-,-,-
Mason Pline,41368,KC,TE,NA,Sun 4:25 pm @ LV,W (Sep 30),-,5,0.00,"2,222",672,0%,-,-,-,-,-,-,-,-,-,-,-,-,-
McCallan Castles,41373,GB,TE,NA,Sun 1:00 pm @ TB,W (Sep 30),-,11,0.00,"2,172",674,0%,-,-,-,-,-,-,-,-,-,-,-,-,-
Kendall Milton,41377,Cin,RB,NA,Sun 1:00 pm vs Jax,W (Sep 30),-,6,0.00,"2,555",677,0%,-,-,-,-,-,-,-,-,-,-,-,-,-
Arian Smith,41896,NYJ,WR,IR,Sun 1:00 pm @ Chi,W (Sep 30),-,13,0.00,"2,757",772,0%,-,-,-,-,-,-,-,-,-,-,-,-,-
Trevor Etienne,41913,Car,RB,IR-R,Sun 8:20 pm vs Det,W (Sep 30),-,5,0.00,306,778,1%,-,-,-,-,-,-,-,-,-,-,-,-,-
Xavier Weaver,41202,Ari,WR,NA,Sun 1:00 pm @ NYG,W (Sep 30),-,14,0.00,"2,668",603,0%,-,-,-,-,-,-,-,-,-,-,-,-,-
Ulysses Bentley IV,42126,Ind,RB,NA,Sun 9:30 am @ Was,W (Sep 30),-,13,0.00,"2,571",841,0%,-,-,-,-,-,-,-,-,-,-,-,-,-
Josh Williams,42086,TB,RB,NA,Sun 1:00 pm vs GB,W (Sep 30),-,10,0.00,"2,716",821,0%,-,-,-,-,-,-,-,-,-,-,-,-,-
Will Sheppard,42089,Mia,WR,NA,Sun 4:05 pm @ Min,W (Sep 30),-,6,0.00,"2,363",823,0%,-,-,-,-,-,-,-,-,-,-,-,-,-
Garrett Greene,42091,TB,WR,NA,Sun 1:00 pm vs GB,W (Sep 30),-,10,0.00,"2,429",824,0%,-,-,-,-,-,-,-,-,-,-,-,-,-
Ahmani Marshall,42092,Car,RB,NA,Sun 8:20 pm vs Det,W (Sep 30),-,5,0.00,"2,612",825,0%,-,-,-,-,-,-,-,-,-,-,-,-,-
Bryson Green,42100,Ari,WR,NA,Sun 1:00 pm @ NYG,W (Sep 30),-,14,0.00,"2,395",828,0%,-,-,-,-,-,-,-,-,-,-,-,-,-
Luke Grimm,42104,LAC,WR,NA,Sun 4:25 pm @ Sea,W (Sep 30),-,7,0.00,"2,454",829,0%,-,-,-,-,-,-,-,-,-,-,-,-,-
Mac Dalena,42107,Buf,WR,NA,Sun 1:00 pm vs NE,W (Sep 30),-,7,0.00,"2,323",830,0%,-,-,-,-,-,-,-,-,-,-,-,-,-
Coleman Owen,42130,Ind,WR,NA,Sun 9:30 am @ Was,W (Sep 30),-,13,0.00,"2,377",843,0%,-,-,-,-,-,-,-,-,-,-,-,-,-
Courtney Jackson,42071,Ten,WR,NA,Sun 1:00 pm @ Bal,W (Sep 30),-,9,0.00,"2,287",815,0%,-,-,-,-,-,-,-,-,-,-,-,-,-
Josh Kelly,42150,Hou,WR,NA,Sun 1:00 pm vs Dal,W (Sep 30),-,8,0.00,"2,295",849,0%,-,-,-,-,-,-,-,-,-,-,-,-,-
Traeshon Holden,42151,Dal,WR,NA,Sun 1:00 pm @ Hou,W (Sep 30),-,14,0.00,"2,446",850,0%,-,-,-,-,-,-,-,-,-,-,-,-,-
Rivaldo Fairweather,42153,Ari,TE,NA,Sun 1:00 pm @ NYG,W (Sep 30),-,14,0.00,"2,154",851,0%,-,-,-,-,-,-,-,-,-,-,-,-,-
Theo Wease Jr.,42161,LAC,WR,NA,Sun 4:25 pm @ Sea,W (Sep 30),-,7,0.00,"2,465",852,0%,-,-,-,-,-,-,-,-,-,-,-,-,-
Andrew Armstrong,42162,KC,WR,NA,Sun 4:25 pm @ LV,W (Sep 30),-,5,0.00,"2,321",853,0%,-,-,-,-,-,-,-,-,-,-,-,-,-
AJ Henning,42163,Mia,WR,NA,Sun 4:05 pm @ Min,W (Sep 30),-,6,0.00,"2,382",854,0%,-,-,-,-,-,-,-,-,-,-,-,-,-
Jalin Conyers,42167,Mia,TE,NA,Sun 4:05 pm @ Min,W (Sep 30),-,6,0.00,"2,221",857,0%,-,-,-,-,-,-,-,-,-,-,-,-,-
Joaquin Davis,42072,Pit,WR,NA,Thu 8:15 pm @ Cle,W (Sep 30),-,9,0.00,"2,407",816,0%,-,-,-,-,-,-,-,-,-,-,-,-,-
Keleki Latu,42063,Buf,TE,,Sun 1:00 pm vs NE,W (Sep 30),-,7,0.00,"2,509",813,0%,-,-,-,-,-,-,-,-,-,-,-,-,-
KeAndre Lambert-Smith,41944,LAC,WR,IR,Sun 4:25 pm @ Sea,W (Sep 30),-,7,0.00,"2,656",782,0%,-,-,-,-,-,-,-,-,-,-,-,-,-
Phil Mafah,42018,NYG,RB,NA,Sun 1:00 pm vs Ari,W (Sep 30),-,8,0.00,"2,590",800,0%,-,-,-,-,-,-,-,-,-,-,-,-,-
Robbie Ouzts,41961,Sea,"RB,TE",IR,Sun 4:25 pm vs LAC,W (Sep 30),-,11,0.00,"2,282",783,0%,-,-,-,-,-,-,-,-,-,-,-,-,-
Devin Neal,41972,Min,RB,Q,Sun 4:05 pm vs Mia,W (Sep 30),-,6,0.00,314,787,0%,-,-,-,-,-,-,-,-,-,-,-,-,-
Kalel Mullings,41986,Ten,RB,NA,Sun 1:00 pm @ Bal,W (Sep 30),-,9,0.00,"2,573",789,0%,-,-,-,-,-,-,-,-,-,-,-,-,-
Gavin Bartholomew,41994,Min,TE,,Sun 4:05 pm vs Mia,W (Sep 30),-,6,0.00,"2,215",792,0%,-,-,-,-,-,-,-,-,-,-,-,-,-
Jimmy Horn Jr.,41999,Cle,WR,NA,Thu 8:15 pm vs Pit,W (Sep 30),-,11,0.00,"2,736",794,0%,-,-,-,-,-,-,-,-,-,-,-,-,-
Moliki Matavao,42006,NO,TE,IR,Mon 8:15 pm vs Atl,W (Sep 30),-,8,0.00,"2,206",796,0%,-,-,-,-,-,-,-,-,-,-,-,-,-
Damien Martinez,42015,GB,RB,NA,Sun 1:00 pm @ TB,W (Sep 30),-,11,0.00,"2,532",798,0%,-,-,-,-,-,-,-,-,-,-,-,-,-
Kaden Prather,42020,GB,WR,NA,Sun 1:00 pm @ TB,W (Sep 30),-,11,0.00,"2,464",801,0%,-,-,-,-,-,-,-,-,-,-,-,-,-
Stephen Gosnell,42062,Buf,WR,NA,Sun 1:00 pm vs NE,W (Sep 30),-,7,0.00,"2,307",812,0%,-,-,-,-,-,-,-,-,-,-,-,-,-
Caleb Lohner,42027,Den,TE,IR-R,Sun 4:25 pm @ SF,W (Sep 30),-,10,0.00,"2,219",802,0%,-,-,-,-,-,-,-,-,-,-,-,-,-
Junior Bergen,42032,NYJ,WR,NA,Sun 1:00 pm @ Chi,W (Sep 30),-,13,0.00,"2,304",803,0%,-,-,-,-,-,-,-,-,-,-,-,-,-
Luke Lachey,42041,Hou,TE,NA,Sun 1:00 pm vs Dal,W (Sep 30),-,8,0.00,"2,171",805,0%,-,-,-,-,-,-,-,-,-,-,-,-,-
Ricky White III,42042,Sea,WR,NA,Sun 4:25 pm vs LAC,W (Sep 30),-,11,0.00,"2,403",806,0%,-,-,-,-,-,-,-,-,-,-,-,-,-
Dominic Lovett,42043,Det,WR,NA,Sun 8:20 pm @ Car,W (Sep 30),-,6,0.00,"2,422",807,0%,-,-,-,-,-,-,-,-,-,-,-,-,-
JP Richardson,42047,Chi,WR,NA,Sun 1:00 pm vs NYJ,W (Sep 30),-,10,0.00,"2,310",809,0%,-,-,-,-,-,-,-,-,-,-,-,-,-
Jordan Moore,42057,Cin,WR,NA,Sun 1:00 pm vs Jax,W (Sep 30),-,6,0.00,"2,459",810,0%,-,-,-,-,-,-,-,-,-,-,-,-,-
Hal Presley III,42060,KC,WR,NA,Sun 4:25 pm @ LV,W (Sep 30),-,5,0.00,"2,345",811,0%,-,-,-,-,-,-,-,-,-,-,-,-,-
Jeshaun Jones,41205,Min,WR,,Sun 4:05 pm vs Mia,W (Sep 30),-,6,0.00,"2,367",604,0%,-,-,-,-,-,-,-,-,-,-,-,-,-
Cody Schrader,41193,Den,RB,NA,Sun 4:25 pm @ SF,W (Sep 30),-,10,0.00,"2,577",598,0%,-,-,-,-,-,-,-,-,-,-,-,-,-
Lucas Krull,34654,Den,TE,NA,Sun 4:25 pm @ SF,W (Sep 30),-,10,0.00,"2,633","1,106",0%,-,-,-,-,-,-,-,-,-,-,-,-,-
Ben Sims,40335,Mia,TE,NA,Sun 4:05 pm @ Min,W (Sep 30),-,6,0.00,"2,250",971,0%,-,-,-,-,-,-,-,-,-,-,-,-,-
Zack Kuntz,40255,Dal,TE,NA,Sun 1:00 pm @ Hou,W (Sep 30),-,14,0.00,"2,178",938,0%,-,-,-,-,-,-,-,-,-,-,-,-,-
Lew Nichols,40260,Pit,RB,NA,Thu 8:15 pm @ Cle,W (Sep 30),-,9,0.00,"2,714",940,0%,-,-,-,-,-,-,-,-,-,-,-,-,-
Brayden Willis,40261,SF,TE,,Sun 4:25 pm vs Den,W (Sep 30),-,8,0.00,"2,756",941,0%,-,-,-,-,-,-,-,-,-,-,-,-,-
Colton Dowell,40263,SF,WR,NA,Sun 4:25 pm vs Den,W (Sep 30),-,8,0.00,"2,337",943,0%,-,-,-,-,-,-,-,-,-,-,-,-,-
Kenny McIntosh,40267,Sea,RB,NA,Sun 4:25 pm vs LAC,W (Sep 30),-,11,0.00,"2,640",944,0%,-,-,-,-,-,-,-,-,-,-,-,-,-
Ronnie Bell,40279,LV,WR,NA,Sun 4:25 pm vs KC,W (Sep 30),-,13,0.00,"2,522",952,0%,-,-,-,-,-,-,-,-,-,-,-,-,-
Malik Cunningham,40290,Det,WR,NA,Sun 8:20 pm @ Car,W (Sep 30),-,6,0.00,"2,406",954,0%,-,-,-,-,-,-,-,-,-,-,-,-,-
Joel Wilson,40346,Ten,TE,NA,Sun 1:00 pm @ Bal,W (Sep 30),-,9,0.00,"2,166",974,0%,-,-,-,-,-,-,-,-,-,-,-,-,-
Deuce Vaughn,40240,Hou,RB,NA,Sun 1:00 pm vs Dal,W (Sep 30),-,8,0.00,"2,643",931,0%,-,-,-,-,-,-,-,-,-,-,-,-,-
Elijah Cooks,40374,Car,WR,NA,Sun 8:20 pm vs Det,W (Sep 30),-,5,0.00,"2,322",983,0%,-,-,-,-,-,-,-,-,-,-,-,-,-
Carlos Washington Jr.,40420,Mia,RB,NA,Sun 4:05 pm @ Min,W (Sep 30),-,6,0.00,"2,611","1,002",0%,-,-,-,-,-,-,-,-,-,-,-,-,-
Malik Heath,40445,Atl,WR,NA,Mon 8:15 pm @ NO,W (Sep 30),-,11,0.00,"2,281","1,007",0%,-,-,-,-,-,-,-,-,-,-,-,-,-
Jake Bobo,40452,Sea,WR,IR,Sun 4:25 pm vs LAC,W (Sep 30),-,11,0.00,"2,721","1,009",0%,-,-,-,-,-,-,-,-,-,-,-,-,-
Isaiah Winstead,40466,Pit,WR,NA,Thu 8:15 pm @ Cle,W (Sep 30),-,9,0.00,"2,387","1,015",0%,-,-,-,-,-,-,-,-,-,-,-,-,-
Shedrick Jackson,40491,Bal,WR,NA,Sun 1:00 pm vs Ten,W (Sep 30),-,13,0.00,"2,444","1,026",0%,-,-,-,-,-,-,-,-,-,-,-,-,-
Ben VanSumeren,40518,KC,RB,,Sun 4:25 pm @ LV,W (Sep 30),-,5,0.00,"2,715","1,031",0%,-,-,-,-,-,-,-,-,-,-,-,-,-
A.T. Perry,40242,Den,WR,NA,Sun 4:25 pm @ SF,W (Sep 30),-,10,0.00,"2,289",933,0%,-,-,-,-,-,-,-,-,-,-,-,-,-
Scott Matlock,40225,LAC,RB,IR-R,Sun 4:25 pm @ Sea,W (Sep 30),-,7,0.00,"2,730",921,0%,-,-,-,-,-,-,-,-,-,-,-,-,-
Bryce Ford-Wheaton,40529,NYG,WR,NA,Sun 1:00 pm vs Ari,W (Sep 30),-,8,0.00,"2,619","1,036",0%,-,-,-,-,-,-,-,-,-,-,-,-,-
Jalin Hyatt,40128,NYG,WR,NA,Sun 1:00 pm vs Ari,W (Sep 30),-,8,0.00,"2,720",863,0%,-,-,-,-,-,-,-,-,-,-,-,-,-
Jashaun Corbin,34665,Dal,RB,NA,Sun 1:00 pm @ Hou,W (Sep 30),-,14,0.00,"2,599","1,112",0%,-,-,-,-,-,-,-,-,-,-,-,-,-
Maurice Alexander,34712,Chi,WR,NA,Sun 1:00 pm vs NYJ,W (Sep 30),-,10,0.00,"2,330","1,135",0%,-,-,-,-,-,-,-,-,-,-,-,-,-
Jayden Reed,40063,GB,WR,D,Sun 1:00 pm @ TB,Locked In Michelle,1,11,0.00,201,831,53%,-,-,-,-,-,-,-,-,-,-,-,-,-
Luke Musgrave,40074,GB,TE,PUP-R,Sun 1:00 pm @ TB,W (Sep 30),-,11,0.00,"2,117",835,0%,-,-,-,-,-,-,-,-,-,-,-,-,-
Zach Charbonnet,40075,Sea,RB,PUP-R,Sun 4:25 pm vs LAC,W (Sep 30),-,11,0.00,235,836,51%,-,-,-,-,-,-,-,-,-,-,-,-,-
Tank Dell,40097,Hou,WR,IR-R,Sun 1:00 pm vs Dal,W (Sep 30),-,8,0.00,"2,107",848,16%,-,-,-,-,-,-,-,-,-,-,-,-,-
De'Von Achane,40118,Mia,RB,IR,Sun 4:05 pm @ Min,Jason's Jazzy Team,-,6,0.00,23,855,86%,-,-,-,-,-,-,-,-,-,-,-,-,-
Tyler Scott,40141,LV,WR,NA,Sun 4:25 pm vs KC,W (Sep 30),-,13,0.00,"2,615",869,0%,-,-,-,-,-,-,-,-,-,-,-,-,-
Trey Palmer,40223,NO,WR,NA,Mon 8:15 pm vs Atl,W (Sep 30),-,8,0.00,"2,497",918,0%,-,-,-,-,-,-,-,-,-,-,-,-,-
Charlie Jones,40158,NYG,WR,NA,Sun 1:00 pm vs Ari,W (Sep 30),-,8,0.00,"2,744",881,0%,-,-,-,-,-,-,-,-,-,-,-,-,-
Israel Abanikanda,40165,Dal,RB,NA,Sun 1:00 pm @ Hou,W (Sep 30),-,14,0.00,"2,598",884,0%,-,-,-,-,-,-,-,-,-,-,-,-,-
Justin Shorter,40167,LV,"WR,TE",NA,Sun 4:25 pm vs KC,W (Sep 30),-,13,0.00,"2,261",886,0%,-,-,-,-,-,-,-,-,-,-,-,-,-
Evan Hull,40169,Ari,RB,NA,Sun 1:00 pm @ NYG,W (Sep 30),-,14,0.00,"2,786",888,0%,-,-,-,-,-,-,-,-,-,-,-,-,-
Will Mallory,40180,Ind,TE,IR-R,Sun 9:30 am @ Was,W (Sep 30),-,13,0.00,"2,264",895,0%,-,-,-,-,-,-,-,-,-,-,-,-,-
Eric Gray,40198,Cle,RB,NA,Thu 8:15 pm vs Pit,W (Sep 30),-,11,0.00,"2,667",906,0%,-,-,-,-,-,-,-,-,-,-,-,-,-
Andrei Iosivas,40211,Cin,WR,IR,Sun 1:00 pm vs Jax,W (Sep 30),-,6,0.00,279,913,0%,-,-,-,-,-,-,-,-,-,-,-,-,-
Brady Russell,40519,Sea,"RB,TE",,Sun 4:25 pm vs LAC,W (Sep 30),-,11,0.00,"2,764","1,032",0%,-,-,-,-,-,-,-,-,-,-,-,-,-
Zavier Scott,40539,Chi,RB,NA,Sun 1:00 pm vs NYJ,W (Sep 30),-,10,0.00,"2,646","1,039",0%,-,-,-,-,-,-,-,-,-,-,-,-,-
Mason Tipton,41188,NO,WR,PUP-R,Mon 8:15 pm vs Atl,W (Sep 30),-,8,0.00,"2,653",596,0%,-,-,-,-,-,-,-,-,-,-,-,-,-
Casey Washington,41074,Car,WR,NA,Sun 8:20 pm vs Det,W (Sep 30),-,5,0.00,"2,499",543,0%,-,-,-,-,-,-,-,-,-,-,-,-,-
Audric Estime,41019,NO,RB,NA,Mon 8:15 pm vs Atl,W (Sep 30),-,8,0.00,313,510,0%,-,-,-,-,-,-,-,-,-,-,-,-,-
Ainias Smith,41030,Car,WR,NA,Sun 8:20 pm vs Det,W (Sep 30),-,5,0.00,"2,276",515,0%,-,-,-,-,-,-,-,-,-,-,-,-,-
DeAndre Hopkins,26650,Bal,WR,NA,Sun 1:00 pm vs Ten,W (Sep 30),-,13,0.00,"2,100",496,0%,-,-,-,-,-,-,-,-,-,-,-,-,-
Anthony Gould,41046,Ind,WR,,Sun 9:30 am @ Was,W (Sep 30),-,13,0.00,"2,788",525,0%,-,-,-,-,-,-,-,-,-,-,-,-,-
Jawhar Jordan,41064,Hou,RB,NA,Sun 1:00 pm vs Dal,W (Sep 30),-,8,0.00,317,536,0%,-,-,-,-,-,-,-,-,-,-,-,-,-
Jha'Quan Jackson,41065,Hou,WR,NA,Sun 1:00 pm vs Dal,W (Sep 30),-,8,0.00,"2,625",537,0%,-,-,-,-,-,-,-,-,-,-,-,-,-
Tanner McLachlan,41066,SF,TE,NA,Sun 4:25 pm vs Den,W (Sep 30),-,8,0.00,"2,209",538,0%,-,-,-,-,-,-,-,-,-,-,-,-,-
Tejhaun Palmer,41079,NE,WR,NA,Sun 1:00 pm @ Buf,W (Sep 30),-,11,0.00,"2,314",545,0%,-,-,-,-,-,-,-,-,-,-,-,-,-
Isaac Guerendo,40998,SF,RB,PUP-R,Sun 4:25 pm vs Den,W (Sep 30),-,8,0.00,"2,766",500,0%,-,-,-,-,-,-,-,-,-,-,-,-,-
Johnny Wilson,41089,Phi,WR,IR,Sun 1:00 pm vs LAR,W (Sep 30),-,10,0.00,"2,518",552,0%,-,-,-,-,-,-,-,-,-,-,-,-,-
Brenden Rice,41098,LV,WR,NA,Sun 4:25 pm vs KC,W (Sep 30),-,13,0.00,"2,461",556,0%,-,-,-,-,-,-,-,-,-,-,-,-,-
Cornelius Johnson,41099,Bal,WR,NA,Sun 1:00 pm vs Ten,W (Sep 30),-,13,0.00,"2,418",558,0%,-,-,-,-,-,-,-,-,-,-,-,-,-
Tahj Washington,41104,Mia,WR,NA,Sun 4:05 pm @ Min,W (Sep 30),-,6,0.00,"2,437",563,0%,-,-,-,-,-,-,-,-,-,-,-,-,-
Jaheim Bell,41106,Pit,TE,NA,Thu 8:15 pm @ Cle,W (Sep 30),-,9,0.00,"2,263",565,0%,-,-,-,-,-,-,-,-,-,-,-,-,-
Devin Culp,41120,TB,TE,NA,Sun 1:00 pm vs GB,W (Sep 30),-,10,0.00,"2,141",572,0%,-,-,-,-,-,-,-,-,-,-,-,-,-
John Rhys Plumlee,41135,Pit,WR,NA,Thu 8:15 pm @ Cle,W (Sep 30),-,9,0.00,"2,332",581,0%,-,-,-,-,-,-,-,-,-,-,-,-,-
Jamari Thrash,41016,Cle,WR,NA,Thu 8:15 pm vs Pit,W (Sep 30),-,11,0.00,"2,675",508,0%,-,-,-,-,-,-,-,-,-,-,-,-,-
Jared Wiley,40978,KC,TE,,Sun 4:25 pm @ LV,W (Sep 30),-,5,0.00,"2,146",491,0%,-,-,-,-,-,-,-,-,-,-,-,-,-
Jason Brownlee,40545,KC,WR,NA,Sun 4:25 pm @ LV,W (Sep 30),-,5,0.00,"2,413","1,041",0%,-,-,-,-,-,-,-,-,-,-,-,-,-
Dylan Drummond,40737,Atl,WR,NA,Mon 8:15 pm @ NO,W (Sep 30),-,11,0.00,"2,677","1,087",0%,-,-,-,-,-,-,-,-,-,-,-,-,-
Xavier Gipson,40548,Phi,WR,NA,Sun 1:00 pm vs LAR,W (Sep 30),-,10,0.00,"2,772","1,042",0%,-,-,-,-,-,-,-,-,-,-,-,-,-
Deneric Prince,40570,NE,RB,NA,Sun 1:00 pm @ Buf,W (Sep 30),-,11,0.00,"2,553","1,044",0%,-,-,-,-,-,-,-,-,-,-,-,-,-
Julian Hill,40629,NE,TE,IR,Sun 1:00 pm @ Buf,W (Sep 30),-,11,0.00,"2,280","1,058",0%,-,-,-,-,-,-,-,-,-,-,-,-,-
Tyrell Shavers,40630,Buf,WR,PUP-R,Sun 1:00 pm vs NE,W (Sep 30),-,7,0.00,"2,234","1,060",0%,-,-,-,-,-,-,-,-,-,-,-,-,-
Jordan Mims,40631,Phi,RB,NA,Sun 1:00 pm vs LAR,W (Sep 30),-,10,0.00,"2,628","1,061",0%,-,-,-,-,-,-,-,-,-,-,-,-,-
Owen Wright,40639,Hou,RB,NA,Sun 1:00 pm vs Dal,W (Sep 30),-,8,0.00,"2,570","1,065",0%,-,-,-,-,-,-,-,-,-,-,-,-,-
Travis Vokolek,40643,Ari,TE,NA,Sun 1:00 pm @ NYG,W (Sep 30),-,14,0.00,"2,155","1,066",0%,-,-,-,-,-,-,-,-,-,-,-,-,-
Jalen Moreno-Cropper,40774,NO,WR,NA,Mon 8:15 pm vs Atl,W (Sep 30),-,8,0.00,"2,660","1,097",0%,-,-,-,-,-,-,-,-,-,-,-,-,-
Tip Reiman,40959,Ari,TE,PUP-R,Sun 1:00 pm @ NYG,W (Sep 30),-,14,0.00,"2,637","1,194",0%,-,-,-,-,-,-,-,-,-,-,-,-,-
Princeton Fant,40778,Dal,TE,IR,Sun 1:00 pm @ Hou,W (Sep 30),-,14,0.00,"2,201","1,100",0%,-,-,-,-,-,-,-,-,-,-,-,-,-
Lucky Jackson,40791,Det,WR,NA,Sun 8:20 pm @ Car,W (Sep 30),-,6,0.00,"2,466","1,103",0%,-,-,-,-,-,-,-,-,-,-,-,-,-
Dante Miller,40874,NYG,RB,NA,Sun 1:00 pm vs Ari,W (Sep 30),-,8,0.00,"2,600","1,146",0%,-,-,-,-,-,-,-,-,-,-,-,-,-
Ricky Pearsall,40892,SF,WR,IR,Sun 4:25 pm vs Den,W (Sep 30),-,8,0.00,332,"1,154",3%,-,-,-,-,-,-,-,-,-,-,-,-,-
Ja'Lynn Polk,40914,NO,WR,NA,Mon 8:15 pm vs Atl,W (Sep 30),-,8,0.00,"2,492","1,165",0%,-,-,-,-,-,-,-,-,-,-,-,-,-
Jonathon Brooks,40926,Car,RB,IR,Sun 8:20 pm vs Det,Sunday Kevin,-,5,0.00,177,"1,174",60%,-,-,-,-,-,-,-,-,-,-,-,-,-
Jalen McMillan,40954,TB,WR,O,Sun 1:00 pm vs GB,W (Sep 30),-,10,0.00,215,"1,189",9%,-,-,-,-,-,-,-,-,-,-,-,-,-
Trey Benson,40958,Ari,RB,IR,Sun 1:00 pm @ NYG,W (Sep 30),-,14,0.00,"2,089","1,193",0%,-,-,-,-,-,-,-,-,-,-,-,-,-
Bub Means,41045,Cle,WR,NA,Thu 8:15 pm vs Pit,W (Sep 30),-,11,0.00,"2,246",524,0%,-,-,-,-,-,-,-,-,-,-,-,-,-
