Date,Player,Player ID,Team,Positions,Status,Roster Status,Change,Game
Sep 29,Shaka Heyward,40488,Mia,LB,,W (Sep 30),Cin to Mia,Sun 4:05 pm @ Min
Sep 29,Mitchell Tinsley,40313,Cin,WR,,W (Sep 30),Hou to Cin,Sun 1:00 pm vs Jax
Sep 29,Tyler Scott,40141,LV,WR,NA,W (Sep 30),NFC to AFC,Sun 4:25 pm vs KC
Sep 28,Tyler Scott,40141,LV,WR,NA,W (Sep 30),LAR to LV,Sun 4:25 pm vs KC
Sep 28,J.J. McCarthy,40905,NYG,QB,,W (Sep 30),Min to NYG,Sun 1:00 pm vs Ari
Sep 24,Benton Whitley,34332,NE,"LB,DE",NA,W (Sep 30),Cle to NE,Sun 1:00 pm @ Buf
Sep 23,Malick Meiga,43460,Sea,WR,NA,W (Sep 30),Car to Sea,Sun 4:25 pm vs LAC
Sep 23,Maximus Pulley,43211,LAR,S,,W (Sep 30),Phi to LAR,Sun 1:00 pm @ Phi
Sep 23,Jay Toia,42003,Ari,DT,NA,W (Sep 30),Dal to Ari,Sun 1:00 pm @ NYG
Sep 23,Naquan Jones,33833,SF,DT,,W (Sep 30),Min to SF,Sun 4:25 pm vs Den
Sep 23,Austin Johnson,29277,Buf,DT,NA,W (Sep 30),Jax to Buf,Sun 1:00 pm vs NE
Sep 23,Jaret Patterson,33706,Min,RB,NA,W (Sep 30),AFC to NFC,Sun 4:05 pm vs Mia
Sep 23,Kenny Moore II,30669,Phi,CB,NA,W (Sep 30),AFC to NFC,Sun 1:00 pm vs LAR
Sep 23,Darius Rush,40170,Pit,CB,NA,W (Sep 30),NFC to AFC,Thu 8:15 pm @ Cle
Sep 23,C.J. Ravenell,41582,NYG,DE,NA,W (Sep 30),AFC to NFC,Sun 1:00 pm vs Ari
Sep 23,Isaiah Hodgins,32877,Pit,WR,NA,W (Sep 30),NFC to AFC,Thu 8:15 pm @ Cle
Sep 23,Isaiahh Loudermilk,33544,NYJ,DT,NA,W (Sep 30),NFC to AFC,Sun 1:00 pm @ Chi
Sep 23,Krys Barnes,33221,Cle,LB,NA,W (Sep 30),NFC to AFC,Thu 8:15 pm vs Pit
Sep 23,Bishop Fitzgerald,42994,Det,S,,W (Sep 30),AFC to NFC,Sun 8:20 pm @ Car
Sep 23,Nick McCloud,33818,Chi,CB,NA,W (Sep 30),AFC to NFC,Sun 1:00 pm vs NYJ
Sep 23,Tanner Conner,34513,NE,TE,NA,W (Sep 30),NFC to AFC,Sun 1:00 pm @ Buf
Sep 23,Cody Hardy,43161,NYJ,TE,NA,W (Sep 30),NFC to AFC,Sun 1:00 pm @ Chi
Sep 23,Cody Hardy,43161,NYJ,TE,NA,W (Sep 30),NO to NYJ,Sun 1:00 pm @ Chi
Sep 23,Isaiahh Loudermilk,33544,NYJ,DT,NA,W (Sep 30),Min to NYJ,Sun 1:00 pm @ Chi
Sep 23,Brandin Cooks,27548,SF,WR,NA,W (Sep 30),NO to SF,Sun 4:25 pm vs Den
Sep 22,Bishop Fitzgerald,42994,Det,S,,W (Sep 30),Pit to Det,Sun 8:20 pm @ Car
Sep 22,Robert Longerbeam,41998,Atl,CB,,W (Sep 30),Phi to Atl,Mon 8:15 pm @ NO
Sep 22,Hayden Rucci,41692,LAC,TE,,W (Sep 30),Jax to LAC,Sun 4:25 pm @ Sea
Sep 22,Brenden Bates,41675,Jax,TE,NA,W (Sep 30),Cle to Jax,Sun 1:00 pm @ Cin
Sep 22,C.J. Ravenell,41582,NYG,DE,NA,W (Sep 30),Ten to NYG,Sun 1:00 pm vs Ari
Sep 22,Shedrick Jackson,40491,Bal,WR,NA,W (Sep 30),LV to Bal,Sun 1:00 pm vs Ten
Sep 22,Darius Rush,40170,Pit,CB,NA,W (Sep 30),Was to Pit,Thu 8:15 pm @ Cle
Sep 22,Will Levis,40068,NYJ,QB,NA,W (Sep 30),Ten to NYJ,Sun 1:00 pm @ Chi
Sep 22,Tanner Conner,34513,NE,TE,NA,W (Sep 30),NYG to NE,Sun 1:00 pm @ Buf
Sep 22,Nick McCloud,33818,Chi,CB,NA,W (Sep 30),Mia to Chi,Sun 1:00 pm vs NYJ
Sep 22,Jaret Patterson,33706,Min,RB,NA,W (Sep 30),LAC to Min,Sun 4:05 pm vs Mia
Sep 22,Ihmir Smith-Marsette,33545,Car,WR,NA,W (Sep 30),Ari to Car,Sun 8:20 pm vs Det
Sep 22,Krys Barnes,33221,Cle,LB,NA,W (Sep 30),Was to Cle,Thu 8:15 pm vs Pit
Sep 22,Isaiah Hodgins,32877,Pit,WR,NA,W (Sep 30),NYG to Pit,Thu 8:15 pm @ Cle
Sep 22,Kenny Moore II,30669,Phi,CB,NA,W (Sep 30),Ind to Phi,Sun 1:00 pm vs LAR
Sep 22,Darius Slayton,32003,Ind,WR,,W (Sep 30),NFC to AFC,Sun 9:30 am @ Was
Sep 22,Darius Slayton,32003,Ind,WR,,W (Sep 30),NYG to Ind,Sun 9:30 am @ Was
Sep 22,Zach Ertz,26658,Phi,TE,,W (Sep 30),Was to Phi,Sun 1:00 pm vs LAR
Sep 21,Andre Jones Jr.,40247,Mia,"LB,DE",,W (Sep 30),Buf to Mia,Sun 4:05 pm @ Min
Sep 19,Nikko Reed,42141,NYG,CB,,W (Sep 30),LAC to NYG,Sun 1:00 pm vs Ari
Sep 19,Nikko Reed,42141,NYG,CB,,W (Sep 30),AFC to NFC,Sun 1:00 pm vs Ari
Sep 18,E.J. Williams Jr.,43129,Car,WR,NA,W (Sep 30),AFC to NFC,Sun 8:20 pm vs Det
Sep 18,Jimmy Horn Jr.,41999,Cle,WR,NA,W (Sep 30),NFC to AFC,Thu 8:15 pm vs Pit
Sep 17,E.J. Williams Jr.,43129,Car,WR,NA,W (Sep 30),LV to Car,Sun 8:20 pm vs Det
Sep 17,Bryce Oliver,41251,Hou,WR,NA,W (Sep 30),Ten to Hou,Sun 1:00 pm vs Dal
Sep 17,Jimmy Horn Jr.,41999,Cle,WR,NA,W (Sep 30),Car to Cle,Thu 8:15 pm vs Pit
Sep 17,Skyler Thomas,43629,Chi,S,,W (Sep 30),to NFC,Sun 1:00 pm vs NYJ
Sep 17,Michael Heldman,42947,KC,DE,NA,W (Sep 30),NFC to AFC,Sun 4:25 pm @ LV
Sep 17,Jerrick Reed II,40239,Ari,S,NA,W (Sep 30),AFC to NFC,Sun 1:00 pm @ NYG
Sep 17,Quincy Skinner Jr.,42187,GB,WR,NA,W (Sep 30),AFC to NFC,Sun 1:00 pm @ TB
Sep 17,Jaden Robinson,42070,NYG,CB,NA,W (Sep 30),AFC to NFC,Sun 1:00 pm vs Ari
Sep 17,Quincy Skinner Jr.,42187,GB,WR,NA,W (Sep 30),NYJ to GB,Sun 1:00 pm @ TB
Sep 17,Jaden Robinson,42070,NYG,CB,NA,W (Sep 30),Den to NYG,Sun 1:00 pm vs Ari
Sep 17,Eric Johnson II,34115,GB,DT,NA,W (Sep 30),Atl to GB,Sun 1:00 pm @ TB
Sep 17,Jerome Ford,34112,Min,RB,NA,W (Sep 30),Was to Min,Sun 4:05 pm vs Mia
Sep 16,Marvin Jones Jr.,43006,Was,"LB,DE",O,W (Sep 30),Sea to Was,Sun 9:30 am vs Ind
Sep 16,Michael Heldman,42947,KC,DE,NA,W (Sep 30),NO to KC,Sun 4:25 pm @ LV
Sep 16,Austin Keys,42256,Was,LB,NA,W (Sep 30),Ari to Was,Sun 9:30 am vs Ind
Sep 16,Art Green,40697,Ari,CB,NA,W (Sep 30),NYG to Ari,Sun 1:00 pm @ NYG
Sep 16,Jerrick Reed II,40239,Ari,S,NA,W (Sep 30),Ten to Ari,Sun 1:00 pm @ NYG
Sep 16,Drake Jackson,34017,Atl,"DL,DE",NA,W (Sep 30),Was to Atl,Mon 8:15 pm @ NO
Sep 16,Khalil Herbert,33605,Atl,RB,NA,W (Sep 30),SF to Atl,Mon 8:15 pm @ NO
Sep 16,Jack Stoll,33891,SF,TE,NA,W (Sep 30),Cle to SF,Sun 4:25 pm vs Den
Sep 16,BJ Ojulari,40088,Jax,"LB,DE",NA,W (Sep 30),NFC to AFC,Sun 1:00 pm @ Cin
Sep 16,McKinnley Jackson,40949,SF,"DL,DT",NA,W (Sep 30),AFC to NFC,Sun 4:25 pm vs Den
Sep 16,Jack Stoll,33891,SF,TE,NA,W (Sep 30),AFC to NFC,Sun 4:25 pm vs Den
Sep 16,Kenneth Murray Jr.,32693,Hou,LB,NA,W (Sep 30),NFC to AFC,Sun 1:00 pm vs Dal
Sep 16,Brock Lampe,42293,Buf,RB,NA,W (Sep 30),NFC to AFC,Sun 1:00 pm vs NE
Sep 16,Tyler Johnson,32831,NYJ,WR,NA,W (Sep 30),NFC to AFC,Sun 1:00 pm @ Chi
Sep 16,Eric Gray,40198,Cle,RB,NA,W (Sep 30),NFC to AFC,Thu 8:15 pm vs Pit
Sep 16,M. Valdes-Scantling,31144,LAC,WR,,W (Sep 30),NFC to AFC,Sun 4:25 pm @ Sea
Sep 16,John Saunders Jr.,42171,NYJ,S,NA,W (Sep 30),NE to NYJ,Sun 1:00 pm @ Chi
Sep 16,Jimmy Ciarlo,41355,Ten,LB,NA,W (Sep 30),Buf to Ten,Sun 1:00 pm @ Bal
Sep 16,Kenneth Murray Jr.,32693,Hou,LB,NA,W (Sep 30),Dal to Hou,Sun 1:00 pm vs Dal
Sep 16,M. Valdes-Scantling,31144,LAC,WR,,W (Sep 30),Dal to LAC,Sun 4:25 pm @ Sea
Sep 15,Gage Larvadain,42417,Bal,WR,NA,W (Sep 30),Cle to Bal,Sun 1:00 pm vs Ten
Sep 15,McKinnley Jackson,40949,SF,"DL,DT",NA,W (Sep 30),Cin to SF,Sun 4:25 pm vs Den
Sep 15,Eric Gray,40198,Cle,RB,NA,W (Sep 30),NYG to Cle,Thu 8:15 pm vs Pit
Sep 15,BJ Ojulari,40088,Jax,"LB,DE",NA,W (Sep 30),Ari to Jax,Sun 1:00 pm @ Cin
Sep 15,Tyler Johnson,32831,NYJ,WR,NA,W (Sep 30),Dal to NYJ,Sun 1:00 pm @ Chi
Sep 15,Josiah Deguara,32764,Phi,TE,NA,W (Sep 30),SF to Phi,Sun 1:00 pm vs LAR
Sep 15,Sterling Shepard,29274,NYJ,WR,NA,W (Sep 30),Hou to NYJ,Sun 1:00 pm @ Chi
Sep 15,Brock Lampe,42293,Buf,RB,NA,W (Sep 30),Sea to Buf,Sun 1:00 pm vs NE
Sep 15,Tyler Goodson,34261,Dal,RB,,W (Sep 30),Atl to Dal,Sun 1:00 pm @ Hou
Sep 15,Phil Mafah,42018,NYG,RB,NA,W (Sep 30),Dal to NYG,Sun 1:00 pm vs Ari
Sep 14,Chandler Brayboy,42210,NE,WR,NA,W (Sep 30),Jax to NE,Sun 1:00 pm @ Buf
Sep 14,Jonah Williams,33263,NO,DE,NA,W (Sep 30),Ari to NO,Mon 8:15 pm vs Atl
Sep 13,Keidron Smith,40654,Chi,"DB,CB",NA,W (Sep 30),Atl to Chi,Sun 1:00 pm vs NYJ
Sep 13,Keidron Smith,40654,Chi,"DB,CB",NA,W (Sep 30),Chi to Atl,Sun 1:00 pm vs NYJ
Sep 12,Jaden Crumedy,41076,Hou,"DT,DE",,W (Sep 30),NFC to AFC,Sun 1:00 pm vs Dal
Sep 11,Jaden Crumedy,41076,Hou,"DT,DE",,W (Sep 30),GB to Hou,Sun 1:00 pm vs Dal
Sep 11,Xavier Gipson,40548,Phi,WR,NA,W (Sep 30),NYG to Phi,Sun 1:00 pm vs LAR
Sep 11,DaQuan Jones,27640,NE,DT,,W (Sep 30),Buf to NE,Sun 1:00 pm @ Buf
Sep 11,Nate Carter,42196,KC,RB,NA,W (Sep 30),NFC to AFC,Sun 4:25 pm @ LV
Sep 10,Melvin Smith Jr.,42431,KC,CB,NA,W (Sep 30),Ten to KC,Sun 4:25 pm @ LV
Sep 10,Natrone Brooks,40745,Det,CB,NA,W (Sep 30),Atl to Det,Sun 8:20 pm @ Car
Sep 10,Jaylon Jones,40258,Ten,CB,,W (Sep 30),Ind to Ten,Sun 1:00 pm @ Bal
Sep 10,Nate Carter,42196,KC,RB,NA,W (Sep 30),Atl to KC,Sun 4:25 pm @ LV
Sep 10,Kyrese Rowan,42527,NO,WR,NA,W (Sep 30),AFC to NFC,Mon 8:15 pm vs Atl
Sep 10,Jihad Ward,29278,Min,"LB,DE",NA,W (Sep 30),AFC to NFC,Sun 4:05 pm vs Mia
Sep 9,Damon Bankston,43354,GB,RB,NA,W (Sep 30),NYG to GB,Sun 1:00 pm @ TB
Sep 9,Kyrese Rowan,42527,NO,WR,NA,W (Sep 30),Den to NO,Mon 8:15 pm vs Atl
Sep 9,Kahlef Hailassie,40756,GB,"S,CB",NA,W (Sep 30),Min to GB,Sun 1:00 pm @ TB
Sep 9,Keidron Smith,40654,Chi,"DB,CB",NA,W (Sep 30),Atl to Chi,Sun 1:00 pm vs NYJ
Sep 9,Zacch Pickens,40111,Atl,"DL,DT",NA,W (Sep 30),NYG to Atl,Mon 8:15 pm @ NO
Sep 9,Jonah Williams,33263,NO,DE,NA,W (Sep 30),NO to Ari,Mon 8:15 pm vs Atl
Sep 9,Jihad Ward,29278,Min,"LB,DE",NA,W (Sep 30),Ten to Min,Sun 4:05 pm vs Mia
Sep 9,Bub Means,41045,Cle,WR,NA,W (Sep 30),NFC to AFC,Thu 8:15 pm vs Pit
Sep 9,Kenny Fletcher Jr.,43357,Ind,TE,NA,W (Sep 30),NFC to AFC,Sun 9:30 am @ Was
Sep 8,Kenny Fletcher Jr.,43357,Ind,TE,NA,W (Sep 30),TB to Ind,Sun 9:30 am @ Was
Sep 8,Nadame Tucker,42891,Cle,"LB,DE",NA,W (Sep 30),LAC to Cle,Thu 8:15 pm vs Pit
Sep 8,Bryce Oliver,41251,Hou,WR,NA,W (Sep 30),Cle to Ten,Sun 1:00 pm vs Dal
Sep 8,Bub Means,41045,Cle,WR,NA,W (Sep 30),NO to Cle,Thu 8:15 pm vs Pit
Sep 8,Mark Gronowski,43146,Hou,QB,NA,W (Sep 30),Mia to Hou,Sun 1:00 pm vs Dal
Sep 8,Isaiah Oliver,31028,Ten,S,NA,W (Sep 30),NFC to AFC,Sun 1:00 pm @ Bal
Sep 8,Kevin Givens,32321,SF,DT,NA,W (Sep 30),AFC to NFC,Sun 4:25 pm vs Den
Sep 8,Tim Keenan III,42854,LV,DT,NA,W (Sep 30),NFC to AFC,Sun 4:25 pm vs KC
Sep 8,Sean Clifford,40173,Cin,QB,NA,W (Sep 30),NFC to AFC,Sun 1:00 pm vs Jax
Sep 8,Nate Carter,42196,KC,RB,NA,W (Sep 30),AFC to NFC,Sun 4:25 pm @ LV
Sep 8,Dean Lowry,29371,NYG,DT,NA,W (Sep 30),AFC to NFC,Sun 1:00 pm vs Ari
Sep 8,Tim Keenan III,42854,LV,DT,NA,W (Sep 30),LAR to LV,Sun 4:25 pm vs KC
Sep 8,Nate Carter,42196,KC,RB,NA,W (Sep 30),KC to Atl,Sun 4:25 pm @ LV
Sep 8,Joshua Simon,42186,Atl,TE,NA,W (Sep 30),Was to Atl,Mon 8:15 pm @ NO
Sep 8,Jonah Williams,33263,NO,DE,NA,W (Sep 30),Ari to NO,Mon 8:15 pm vs Atl
Sep 8,Kevin Givens,32321,SF,DT,NA,W (Sep 30),Hou to SF,Sun 4:25 pm vs Den
Sep 8,Dean Lowry,29371,NYG,DT,NA,W (Sep 30),Pit to NYG,Sun 1:00 pm vs Ari
Sep 7,Zion Logue,41073,Cle,"DL,DT",NA,W (Sep 30),Buf to Cle,Thu 8:15 pm vs Pit
Sep 7,Sean Clifford,40173,Cin,QB,NA,W (Sep 30),SF to Cin,Sun 1:00 pm vs Jax
Sep 7,Isaiah Oliver,31028,Ten,S,NA,W (Sep 30),Ari to Ten,Sun 1:00 pm @ Bal
Sep 5,Khalid Kareem,32817,SF,"LB,DE",,W (Sep 30),NYG to SF,Sun 4:25 pm vs Den
Sep 4,Khalid Kareem,32817,SF,"LB,DE",,W (Sep 30),Atl to NYG,Sun 4:25 pm vs Den
Sep 4,Julius Wood,41400,Mia,S,,W (Sep 30),NFC to AFC,Sun 4:05 pm @ Min
Sep 4,Caleb Murphy,40330,LAC,LB,NA,W (Sep 30),NFC to AFC,Sun 4:25 pm @ Sea
Sep 4,Ronnie Bell,40279,LV,WR,NA,W (Sep 30),NFC to AFC,Sun 4:25 pm vs KC
Sep 4,Tim Keenan III,42854,LV,DT,NA,W (Sep 30),AFC to NFC,Sun 4:25 pm vs KC
Sep 4,Azeez Ojulari,33438,LV,LB,NA,W (Sep 30),NFC to AFC,Sun 4:25 pm vs KC
Sep 4,Ahmani Marshall,42092,Car,RB,NA,W (Sep 30),AFC to NFC,Sun 8:20 pm vs Det
Sep 4,Elliott Davison,42346,NE,S,NA,W (Sep 30),NFC to AFC,Sun 1:00 pm @ Buf
Sep 4,Malik Harrison,32768,NYG,LB,NA,W (Sep 30),AFC to NFC,Sun 1:00 pm vs Ari
Sep 4,D'Shawn Jamison,40404,Ari,CB,NA,W (Sep 30),AFC to NFC,Sun 1:00 pm @ NYG
Sep 4,Mitch Van Vooren,42547,NE,TE,NA,W (Sep 30),NFC to AFC,Sun 1:00 pm @ Buf
Sep 4,Ben Barten,43326,NYJ,DT,NA,W (Sep 30),NFC to AFC,Sun 1:00 pm @ Chi
Sep 4,Justin Joly,42764,Mia,TE,,W (Sep 30),Den to Mia,Sun 4:05 pm @ Min
Sep 4,Brady Cook,42229,Mia,QB,,W (Sep 30),NYJ to Mia,Sun 4:05 pm @ Min
Sep 4,Julius Wood,41400,Mia,S,,W (Sep 30),Dal to Mia,Sun 4:05 pm @ Min
Sep 4,Marcellas Dial Jr.,41059,Mia,"DB,CB",,W (Sep 30),NE to Mia,Sun 4:05 pm @ Min
Sep 4,Reese Taylor,40566,Mia,CB,,W (Sep 30),Den to Mia,Sun 4:05 pm @ Min
Sep 4,Ronnie Bell,40279,LV,WR,NA,W (Sep 30),NO to LV,Sun 4:25 pm vs KC
Sep 4,Malik Herring,33882,Mia,DE,,W (Sep 30),Ten to Mia,Sun 4:05 pm @ Min
Sep 4,Azeez Ojulari,33438,LV,LB,NA,W (Sep 30),Atl to LV,Sun 4:25 pm vs KC
Sep 3,Ben Barten,43326,NYJ,DT,NA,W (Sep 30),NYG to NYJ,Sun 1:00 pm @ Chi
Sep 3,Jalen Hunt,42963,Jax,DT,NA,W (Sep 30),NE to Jax,Sun 1:00 pm @ Cin
Sep 3,Tim Keenan III,42854,LV,DT,NA,W (Sep 30),LAC to LAR,Sun 4:25 pm vs KC
Sep 3,Mitch Van Vooren,42547,NE,TE,NA,W (Sep 30),Dal to NE,Sun 1:00 pm @ Buf
Sep 3,Elliott Davison,42346,NE,S,NA,W (Sep 30),NO to NE,Sun 1:00 pm @ Buf
Sep 3,Jamie Sheriff,41739,LAR,LB,NA,W (Sep 30),Sea to LAR,Sun 1:00 pm @ Phi
Sep 3,Caleb Murphy,40330,LAC,LB,NA,W (Sep 30),NYG to LAC,Sun 4:25 pm @ Sea
Sep 3,James Mitchell,34133,Dal,TE,NA,W (Sep 30),Car to Dal,Sun 1:00 pm @ Hou
Sep 3,Malik Harrison,32768,NYG,LB,NA,W (Sep 30),Pit to NYG,Sun 1:00 pm vs Ari
Sep 3,Ahmani Marshall,42092,Car,RB,NA,W (Sep 30),Cle to Car,Sun 8:20 pm vs Det
Sep 3,Reddy Steward,41330,Dal,CB,NA,W (Sep 30),Was to Dal,Sun 1:00 pm @ Hou
Sep 3,D'Shawn Jamison,40404,Ari,CB,NA,W (Sep 30),Pit to Ari,Sun 1:00 pm @ NYG
Sep 3,CJ Dippre,42291,TB,TE,NA,W (Sep 30),AFC to NFC,Sun 1:00 pm vs GB
Sep 3,Vincent Anthony Jr.,43117,SF,DE,NA,W (Sep 30),AFC to NFC,Sun 4:25 pm vs Den
Sep 3,Kyle Van Noy,27568,Min,"LB,DE",,W (Sep 30),AFC to NFC,Sun 4:05 pm vs Mia
Sep 3,Silas Walters,43054,TB,S,NA,W (Sep 30),AFC to NFC,Sun 1:00 pm vs GB
Sep 3,Chris Braswell,40924,Hou,LB,NA,W (Sep 30),NFC to AFC,Sun 1:00 pm vs Dal
Sep 3,DeeJay Dallas,32814,Min,RB,,W (Sep 30),AFC to NFC,Sun 4:05 pm vs Mia
Sep 3,Kevin Knowles,42118,TB,CB,,W (Sep 30),AFC to NFC,Sun 1:00 pm vs GB
Sep 3,Nick Vannett,29328,Bal,TE,NA,W (Sep 30),NFC to AFC,Sun 1:00 pm vs Ten
Sep 2,Bishop Fitzgerald,42994,Det,S,,W (Sep 30),Ten to Pit,Sun 8:20 pm @ Car
Sep 2,Theo Wease Jr.,42161,LAC,WR,NA,W (Sep 30),Mia to LAC,Sun 4:25 pm @ Sea
Sep 2,Jordan Jefferson,40985,LAC,DT,NA,W (Sep 30),Cin to LAC,Sun 4:25 pm @ Sea
Sep 2,Kaiir Elam,33978,LAC,CB,NA,W (Sep 30),KC to LAC,Sun 4:25 pm @ Sea
Sep 2,Shane Zylstra,33803,NE,TE,NA,W (Sep 30),Buf to NE,Sun 1:00 pm @ Buf
Sep 2,Nick Vannett,29328,Bal,TE,NA,W (Sep 30),Sea to Bal,Sun 1:00 pm vs Ten
Sep 2,Vincent Anthony Jr.,43117,SF,DE,NA,W (Sep 30),KC to SF,Sun 4:25 pm vs Den
Sep 2,Silas Walters,43054,TB,S,NA,W (Sep 30),Bal to TB,Sun 1:00 pm vs GB
Sep 2,Junior Tafuna,42366,Hou,DT,NA,W (Sep 30),NYJ to Hou,Sun 1:00 pm vs Dal
Sep 2,CJ Dippre,42291,TB,TE,NA,W (Sep 30),NE to TB,Sun 1:00 pm vs GB
Sep 2,Kevin Knowles,42118,TB,CB,,W (Sep 30),KC to TB,Sun 1:00 pm vs GB
Sep 2,Lenny Krieg,41782,GB,K,NA,W (Sep 30),Atl to GB,Sun 1:00 pm @ TB
Sep 2,Nate Lynn,41436,NYJ,"LB,DE",NA,W (Sep 30),Jax to NYJ,Sun 1:00 pm @ Chi
Sep 2,Bryce Oliver,41251,Hou,WR,NA,W (Sep 30),Ten to Cle,Sun 1:00 pm vs Dal
Sep 2,Chris Braswell,40924,Hou,LB,NA,W (Sep 30),TB to Hou,Sun 1:00 pm vs Dal
Sep 2,Terell Smith,40175,Was,CB,NA,W (Sep 30),Chi to Was,Sun 9:30 am vs Ind
Sep 2,Jack Heflin,33755,NYJ,"DT,DE",,W (Sep 30),Jax to NYJ,Sun 1:00 pm @ Chi
Sep 2,Khalid Kareem,32817,SF,"LB,DE",,W (Sep 30),NYG to Atl,Sun 4:25 pm vs Den
Sep 2,DeeJay Dallas,32814,Min,RB,,W (Sep 30),Jax to Min,Sun 4:05 pm vs Mia
Sep 2,Sean Murphy-Bunting,31871,TB,CB,NA,W (Sep 30),Ari to TB,Sun 1:00 pm vs GB
Sep 2,Kyle Van Noy,27568,Min,"LB,DE",,W (Sep 30),Bal to Min,Sun 4:05 pm vs Mia
Sep 2,Charlie Jones,40158,NYG,WR,,W (Sep 30),AFC to NFC,Sun 1:00 pm vs Ari
Sep 2,Shemar Bartholomew,41532,Ten,CB,NA,W (Sep 30),NFC to AFC,Sun 1:00 pm @ Bal
Sep 2,Buddy Johnson,33528,Chi,LB,NA,W (Sep 30),AFC to NFC,Sun 1:00 pm vs NYJ
Sep 2,Noah Igbinoghene,32700,Cle,CB,,W (Sep 30),NFC to AFC,Thu 8:15 pm vs Pit
Sep 2,Terrell Burgess,32774,Ten,S,,W (Sep 30),NFC to AFC,Sun 1:00 pm @ Bal
Sep 2,Easton Stick,31998,TB,QB,NA,W (Sep 30),AFC to NFC,Sun 1:00 pm vs GB
Sep 2,Cameron Latu,40101,NE,TE,,W (Sep 30),NFC to AFC,Sun 1:00 pm @ Buf
Sep 2,Erick Hunter,43081,NE,LB,,W (Sep 30),NFC to AFC,Sun 1:00 pm @ Buf
Sep 2,Cam Grandy,41353,Min,TE,NA,W (Sep 30),AFC to NFC,Sun 4:05 pm vs Mia
Sep 2,Darius Muasau,41090,NE,LB,,W (Sep 30),NFC to AFC,Sun 1:00 pm @ Buf
Sep 2,Tim Keenan III,42854,LV,DT,NA,W (Sep 30),NFC to AFC,Sun 4:25 pm vs KC
Sep 2,Colby Wooden,40132,NO,DT,,W (Sep 30),AFC to NFC,Mon 8:15 pm vs Atl
Sep 2,Trikweze Bridges,42033,Cin,"S,CB",NA,W (Sep 30),NFC to AFC,Sun 1:00 pm vs Jax
Sep 2,Sean Clifford,40173,Cin,QB,NA,W (Sep 30),AFC to NFC,Sun 1:00 pm vs Jax
Sep 2,Anthony Goodlow,41448,Car,DE,NA,W (Sep 30),AFC to NFC,Sun 8:20 pm vs Det
Sep 2,Nate Carter,42196,KC,RB,NA,W (Sep 30),NFC to AFC,Sun 4:25 pm @ LV
Sep 2,Chris Williams,33220,Cle,DT,NA,W (Sep 30),NFC to AFC,Thu 8:15 pm vs Pit
Sep 2,Sam Williams,34011,Cle,"LB,DE",,W (Sep 30),NFC to AFC,Thu 8:15 pm vs Pit
Sep 2,Naquan Jones,33833,SF,DT,,W (Sep 30),AFC to NFC,Sun 4:25 pm vs Den
Sep 2,Nazir Stackhouse,42241,Ten,DT,,W (Sep 30),NFC to AFC,Sun 1:00 pm @ Bal
Sep 2,Trevin Wallace,40956,NYJ,LB,,W (Sep 30),NFC to AFC,Sun 1:00 pm @ Chi
Sep 2,Mitch Van Vooren,42547,NE,TE,NA,W (Sep 30),AFC to NFC,Sun 1:00 pm @ Buf
Sep 2,Darrell Luter Jr.,40186,LV,CB,,W (Sep 30),NFC to AFC,Sun 4:25 pm vs KC
Sep 2,Jack Westover,41352,Was,"RB,TE",NA,W (Sep 30),AFC to NFC,Sun 9:30 am vs Ind
Sep 2,Jack Pyburn,42992,KC,"LB,DE",,W (Sep 30),NFC to AFC,Sun 4:25 pm @ LV
Sep 2,Emari Demercado,40430,Dal,RB,,W (Sep 30),AFC to NFC,Sun 1:00 pm @ Hou
Sep 2,Ben Barten,43326,NYJ,DT,NA,W (Sep 30),AFC to NFC,Sun 1:00 pm @ Chi
Sep 2,Bryson Eason,42971,KC,DT,,W (Sep 30),NFC to AFC,Sun 4:25 pm @ LV
Sep 2,Cedric Tillman,40093,NO,WR,NA,W (Sep 30),AFC to NFC,Mon 8:15 pm vs Atl
Sep 2,Will Sheppard,42089,Mia,WR,NA,W (Sep 30),NFC to AFC,Sun 4:05 pm @ Min
Sep 2,Jose Ramirez,40215,NE,LB,,W (Sep 30),NFC to AFC,Sun 1:00 pm @ Buf
Sep 2,Zaire Mitchell-Paden,34489,Hou,TE,NA,W (Sep 30),NFC to AFC,Sun 1:00 pm vs Dal
Sep 2,Hayden Rucci,41692,LAC,TE,,W (Sep 30),NFC to AFC,Sun 4:25 pm @ Sea
Sep 2,Kapena Gushiken,43163,Ind,S,,W (Sep 30),NFC to AFC,Sun 9:30 am @ Was
Sep 2,Tyrel Dodson,32411,Car,LB,,W (Sep 30),AFC to NFC,Sun 8:20 pm vs Det
Sep 2,Kevin Givens,32321,SF,DT,NA,W (Sep 30),NFC to AFC,Sun 4:25 pm vs Den
Sep 2,Yasir Abdullah,40183,Atl,LB,,W (Sep 30),AFC to NFC,Mon 8:15 pm @ NO
Sep 2,Owen Pappoe,40200,Ten,LB,NA,W (Sep 30),NFC to AFC,Sun 1:00 pm @ Bal
Sep 2,Greg Dortch,32523,Buf,WR,,W (Sep 30),NFC to AFC,Sun 1:00 pm vs NE
Sep 2,Decamerion Richardson,40979,NO,CB,,W (Sep 30),AFC to NFC,Mon 8:15 pm vs Atl
Sep 2,Robert Longerbeam,41998,Atl,CB,,W (Sep 30),AFC to NFC,Mon 8:15 pm @ NO
Sep 2,Brandon Codrington,41579,SF,CB,NA,W (Sep 30),AFC to NFC,Sun 4:25 pm vs Den
Sep 2,Messiah Swinson,41463,Cle,TE,NA,W (Sep 30),NFC to AFC,Thu 8:15 pm vs Pit
Sep 2,Jaylin Simpson,41025,Mia,"S,CB",,W (Sep 30),NFC to AFC,Sun 4:05 pm @ Min
Sep 2,Troy Reeder,32135,NYJ,LB,,W (Sep 30),NFC to AFC,Sun 1:00 pm @ Chi
Sep 2,Jake Moody,40129,Bal,K,NA,W (Sep 30),NFC to AFC,Sun 1:00 pm vs Ten
Sep 2,Car'lin Vigers,42148,Pit,CB,NA,W (Sep 30),NFC to AFC,Thu 8:15 pm @ Cle
Sep 2,Ben Barten,43326,NYJ,DT,NA,W (Sep 30),NYJ to NYG,Sun 1:00 pm @ Chi
Sep 2,Kapena Gushiken,43163,Ind,S,,W (Sep 30),Phi to Ind,Sun 9:30 am @ Was
Sep 2,Al-Jay Henderson,43110,NYJ,RB,NA,W (Sep 30),KC to NYJ,Sun 1:00 pm @ Chi
Sep 2,Jack Pyburn,42992,KC,"LB,DE",,W (Sep 30),TB to KC,Sun 4:25 pm @ LV
Sep 2,Bryson Eason,42971,KC,DT,,W (Sep 30),SF to KC,Sun 4:25 pm @ LV
Sep 2,Tim Keenan III,42854,LV,DT,NA,W (Sep 30),LAR to LAC,Sun 4:25 pm vs KC
Sep 2,Nate Carter,42196,KC,RB,NA,W (Sep 30),Atl to KC,Sun 4:25 pm @ LV
Sep 2,Brandon Codrington,41579,SF,CB,NA,W (Sep 30),Hou to SF,Sun 4:25 pm vs Den
Sep 2,Nate Lynn,41436,NYJ,"LB,DE",NA,W (Sep 30),NYJ to Jax,Sun 1:00 pm @ Chi
Sep 2,Cam Grandy,41353,Min,TE,NA,W (Sep 30),Cin to Min,Sun 4:05 pm vs Mia
Sep 2,Darius Muasau,41090,NE,LB,,W (Sep 30),NYG to NE,Sun 1:00 pm @ Buf
Sep 2,Decamerion Richardson,40979,NO,CB,,W (Sep 30),LV to NO,Mon 8:15 pm vs Atl
Sep 2,Elijah Jones,40960,NYG,"DB,CB",NA,W (Sep 30),Ari to NYG,Sun 1:00 pm vs Ari
Sep 2,Ben VanSumeren,40518,KC,RB,,W (Sep 30),Buf to KC,Sun 4:25 pm @ LV
Sep 2,Emari Demercado,40430,Dal,RB,,W (Sep 30),KC to Dal,Sun 1:00 pm @ Hou
Sep 2,Sean Clifford,40173,Cin,QB,NA,W (Sep 30),Cin to SF,Sun 1:00 pm vs Jax
Sep 2,Colby Wooden,40132,NO,DT,,W (Sep 30),Ind to NO,Mon 8:15 pm vs Atl
Sep 2,Cameron Latu,40101,NE,TE,,W (Sep 30),Phi to NE,Sun 1:00 pm @ Buf
Sep 2,Zamir White,34078,NO,RB,NA,W (Sep 30),SF to NO,Mon 8:15 pm vs Atl
Sep 2,Jack Heflin,33755,NYJ,"DT,DE",,W (Sep 30),NYJ to Jax,Sun 1:00 pm @ Chi
Sep 2,Kevin Givens,32321,SF,DT,NA,W (Sep 30),SF to Hou,Sun 4:25 pm vs Den
Sep 2,Troy Reeder,32135,NYJ,LB,,W (Sep 30),Det to NYJ,Sun 1:00 pm @ Chi
Sep 1,Erick Hunter,43081,NE,LB,,W (Sep 30),Det to NE,Sun 1:00 pm @ Buf
Sep 1,Davon Booth,43060,Ind,RB,NA,W (Sep 30),Cle to Ind,Sun 9:30 am @ Was
Sep 1,Jalen Hunt,42963,Jax,DT,NA,W (Sep 30),Jax to NE,Sun 1:00 pm @ Cin
Sep 1,Toriano Pride Jr.,42842,Cle,CB,,W (Sep 30),Buf to Cle,Thu 8:15 pm vs Pit
Sep 1,Mitch Van Vooren,42547,NE,TE,NA,W (Sep 30),NE to Dal,Sun 1:00 pm @ Buf
Sep 1,Tre Watson,42430,Mia,TE,NA,W (Sep 30),KC to Mia,Sun 4:05 pm @ Min
Sep 1,Jared Harrison-Hunte,42410,Ari,DE,NA,W (Sep 30),Car to Ari,Sun 1:00 pm @ NYG
Sep 1,Patrick Herbert,42204,LAC,TE,NA,W (Sep 30),Jax to LAC,Sun 4:25 pm @ Sea
Sep 1,Joshua Simon,42186,Atl,TE,NA,W (Sep 30),Atl to Was,Mon 8:15 pm @ NO
Sep 1,Zion Childress,42155,Car,S,NA,W (Sep 30),Dal to Car,Sun 8:20 pm vs Det
Sep 1,Garmon Randolph,42143,Cin,LB,NA,W (Sep 30),LAC to Cin,Sun 1:00 pm vs Jax
Sep 1,Car'lin Vigers,42148,Pit,CB,NA,W (Sep 30),Was to Pit,Thu 8:15 pm @ Cle
Sep 1,Will Sheppard,42089,Mia,WR,NA,W (Sep 30),GB to Mia,Sun 4:05 pm @ Min
Sep 1,Trikweze Bridges,42033,Cin,"S,CB",NA,W (Sep 30),Dal to Cin,Sun 1:00 pm vs Jax
Sep 1,Robert Longerbeam,41998,Atl,CB,,W (Sep 30),Bal to Phi,Mon 8:15 pm @ NO
Sep 1,Bradyn Swinson,41932,Pit,"LB,DE",NA,W (Sep 30),NE to Pit,Thu 8:15 pm @ Cle
Sep 1,Hayden Rucci,41692,LAC,TE,,W (Sep 30),SF to Jax,Sun 4:25 pm @ Sea
Sep 1,Shemar Bartholomew,41532,Ten,CB,NA,W (Sep 30),GB to Ten,Sun 1:00 pm @ Bal
Sep 1,Messiah Swinson,41463,Cle,TE,NA,W (Sep 30),GB to Cle,Thu 8:15 pm vs Pit
Sep 1,Kedon Slovis,41476,GB,QB,NA,W (Sep 30),Ari to GB,Sun 1:00 pm @ TB
Sep 1,Anthony Goodlow,41448,Car,DE,NA,W (Sep 30),Pit to Car,Sun 8:20 pm vs Det
Sep 1,Jordan Miller,41385,Mia,DT,NA,W (Sep 30),Den to Mia,Sun 4:05 pm @ Min
Sep 1,Jack Westover,41352,Was,"RB,TE",NA,W (Sep 30),NE to Was,Sun 9:30 am vs Ind
Sep 1,Reddy Steward,41330,Dal,CB,NA,W (Sep 30),Dal to Was,Sun 1:00 pm @ Hou
Sep 1,Amari Gainer,41160,Mia,LB,NA,W (Sep 30),NE to Mia,Sun 4:05 pm @ Min
Sep 1,Jaylin Simpson,41025,Mia,"S,CB",,W (Sep 30),GB to Mia,Sun 4:05 pm @ Min
Sep 1,Jaleel McLaughlin,40696,Cle,RB,,W (Sep 30),Den to Cle,Thu 8:15 pm vs Pit
Sep 1,Kaevon Merriweather,40684,Jax,S,NA,W (Sep 30),Hou to Jax,Sun 1:00 pm @ Cin
Sep 1,Zavier Scott,40539,Chi,RB,NA,W (Sep 30),Min to Chi,Sun 1:00 pm vs NYJ
Sep 1,Liam Anderson,40522,Mia,LB,NA,W (Sep 30),Cin to Mia,Sun 4:05 pm @ Min
Sep 1,Mitchell Tinsley,40313,Cin,WR,,W (Sep 30),Cin to Hou,Sun 1:00 pm vs Jax
Sep 1,Jose Ramirez,40215,NE,LB,,W (Sep 30),Phi to NE,Sun 1:00 pm @ Buf
Sep 1,Darrell Luter Jr.,40186,LV,CB,,W (Sep 30),SF to LV,Sun 4:25 pm vs KC
Sep 1,Charlie Jones,40158,NYG,WR,,W (Sep 30),Cin to NYG,Sun 1:00 pm vs Ari
Sep 1,Cedric Tillman,40093,NO,WR,NA,W (Sep 30),Cle to NO,Mon 8:15 pm vs Atl
Sep 1,Mazi Smith,40044,Mia,DT,NA,W (Sep 30),NYJ to Mia,Sun 4:05 pm @ Min
Sep 1,Stone Smartt,34637,NO,TE,NA,W (Sep 30),Phi to NO,Mon 8:15 pm vs Atl
Sep 1,Brandon Johnson,34571,Pit,WR,NA,W (Sep 30),LV to Pit,Thu 8:15 pm @ Cle
Sep 1,Zaire Mitchell-Paden,34489,Hou,TE,NA,W (Sep 30),NO to Hou,Sun 1:00 pm vs Dal
Sep 1,Elijah Garcia,34339,Dal,"DL,DE",NA,W (Sep 30),Car to Dal,Sun 1:00 pm @ Hou
Sep 1,Sam Williams,34011,Cle,"LB,DE",,W (Sep 30),Dal to Cle,Thu 8:15 pm vs Pit
Sep 1,Naquan Jones,33833,SF,DT,,W (Sep 30),Hou to Min,Sun 4:25 pm vs Den
Sep 1,Buddy Johnson,33528,Chi,LB,NA,W (Sep 30),LV to Chi,Sun 1:00 pm vs NYJ
Sep 1,Chris Williams,33220,Cle,DT,NA,W (Sep 30),Atl to Cle,Thu 8:15 pm vs Pit
Sep 1,Noah Igbinoghene,32700,Cle,CB,,W (Sep 30),Sea to Cle,Thu 8:15 pm vs Pit
Sep 1,Tyrel Dodson,32411,Car,LB,,W (Sep 30),Mia to Car,Sun 8:20 pm vs Det
Sep 1,Easton Stick,31998,TB,QB,NA,W (Sep 30),Ind to TB,Sun 1:00 pm vs GB
Sep 1,Isaac Yiadom,31069,Was,CB,,W (Sep 30),NO to Was,Sun 9:30 am vs Ind
Sep 1,Melvin Smith Jr.,42431,KC,CB,NA,W (Sep 30),KC to Ten,Sun 4:25 pm @ LV
Sep 1,Jared Ivey,42358,Atl,"LB,DE",,W (Sep 30),Sea to Atl,Mon 8:15 pm @ NO
Sep 1,Nazir Stackhouse,42241,Ten,DT,,W (Sep 30),GB to Ten,Sun 1:00 pm @ Bal
Sep 1,Jaydon Blue,41935,Phi,RB,NA,W (Sep 30),Dal to Phi,Sun 1:00 pm vs LAR
Sep 1,Trevin Wallace,40956,NYJ,LB,,W (Sep 30),Car to NYJ,Sun 1:00 pm @ Chi
Sep 1,Blake Grupe,40296,NYJ,K,NA,W (Sep 30),Ind to NYJ,Sun 1:00 pm @ Chi
Sep 1,Owen Pappoe,40200,Ten,LB,NA,W (Sep 30),Ari to Ten,Sun 1:00 pm @ Bal
Sep 1,Yasir Abdullah,40183,Atl,LB,,W (Sep 30),Jax to Atl,Mon 8:15 pm @ NO
Sep 1,Jake Moody,40129,Bal,K,NA,W (Sep 30),Was to Bal,Sun 1:00 pm vs Ten
Sep 1,Terrell Burgess,32774,Ten,S,,W (Sep 30),NO to Ten,Sun 1:00 pm @ Bal
Sep 1,Greg Dortch,32523,Buf,WR,,W (Sep 30),Det to Buf,Sun 1:00 pm vs NE
Sep 1,Ben Barten,43326,NYJ,DT,NA,W (Sep 30),NFC to AFC,Sun 1:00 pm @ Chi
Sep 1,Cody White,32948,LV,WR,,W (Sep 30),NFC to AFC,Sun 4:25 pm vs KC
Sep 1,Mason Reiger,42889,Phi,DE,NA,W (Sep 30),AFC to NFC,Sun 1:00 pm vs LAR
Sep 1,Tahj Washington,41104,Mia,WR,NA,W (Sep 30),NFC to AFC,Sun 4:05 pm @ Min
Sep 1,Jha'Quan Jackson,41065,Hou,WR,NA,W (Sep 30),NFC to AFC,Sun 1:00 pm vs Dal
Sep 1,Mitch Van Vooren,42547,NE,TE,NA,W (Sep 30),NFC to AFC,Sun 1:00 pm @ Buf
Sep 1,Kenneth Harris,43365,Ind,CB,NA,W (Sep 30),NE to Ind,Sun 9:30 am @ Was
Sep 1,Mason Reiger,42889,Phi,DE,NA,W (Sep 30),Mia to Phi,Sun 1:00 pm vs LAR
Sep 1,Cody White,32948,LV,WR,,W (Sep 30),Sea to LV,Sun 4:25 pm vs KC
Aug 31,Kenneth Harris,43365,Ind,CB,NA,W (Sep 30),Ind to NE,Sun 9:30 am @ Was
Aug 31,Ben Barten,43326,NYJ,DT,NA,W (Sep 30),NYG to NYJ,Sun 1:00 pm @ Chi
Aug 31,Tanner Wall,43134,Mia,S,NA,W (Sep 30),NYJ to Mia,Sun 4:05 pm @ Min
Aug 31,Mitch Van Vooren,42547,NE,TE,NA,W (Sep 30),Dal to NE,Sun 1:00 pm @ Buf
Aug 31,Tommy Akingbesote,42024,Buf,DT,NA,W (Sep 30),Jax to Buf,Sun 1:00 pm vs NE
Aug 31,Tahj Washington,41104,Mia,WR,NA,W (Sep 30),Phi to Mia,Sun 4:05 pm @ Min
Aug 31,Jha'Quan Jackson,41065,Hou,WR,NA,W (Sep 30),TB to Hou,Sun 1:00 pm vs Dal
Aug 31,Jai'Onte' McMillan,43454,Ind,CB,NA,W (Sep 30),Mia to Ind,Sun 9:30 am @ Was
Aug 31,TeRah Edwards,42102,Car,DT,,W (Sep 30),AFC to NFC,Sun 8:20 pm vs Det
Aug 31,Avery Smith,42934,Sea,CB,,W (Sep 30),AFC to NFC,Sun 4:25 pm vs LAC
Aug 31,Kaleb Johnson,41881,GB,RB,,W (Sep 30),AFC to NFC,Sun 1:00 pm @ TB
Aug 31,Kyle McCord,41971,Mia,QB,,W (Sep 30),NFC to AFC,Sun 4:05 pm @ Min
Aug 31,Hunter Long,33469,Ari,TE,,W (Sep 30),AFC to NFC,Sun 1:00 pm @ NYG
Aug 31,Aaron Donald,27541,LAR,"DT,DE",,W (Sep 30),to NFC,Sun 1:00 pm @ Phi
Aug 31,Jah Joyner,42299,SF,DE,NA,W (Sep 30),to NFC,Sun 4:25 pm vs Den
Aug 31,Avery Smith,42934,Sea,CB,,W (Sep 30),LAC to Sea,Sun 4:25 pm vs LAC
Aug 31,TeRah Edwards,42102,Car,DT,,W (Sep 30),LAC to Car,Sun 8:20 pm vs Det
Aug 30,Mark Redman,42323,GB,TE,,W (Sep 30),LAR to GB,Sun 1:00 pm @ TB
Aug 30,Kaleb Johnson,41881,GB,RB,,W (Sep 30),Pit to GB,Sun 1:00 pm @ TB
Aug 30,Zamir White,34078,NO,RB,NA,W (Sep 30),NO to SF,Mon 8:15 pm vs Atl
Aug 30,Kyle McCord,41971,Mia,QB,,W (Sep 30),GB to Mia,Sun 4:05 pm @ Min
Aug 30,David Agoha,40482,Den,DE,NA,W (Sep 30),Ten to Den,Sun 4:25 pm @ SF
Aug 30,Clark Phillips III,40146,Chi,CB,,W (Sep 30),Atl to Chi,Sun 1:00 pm vs NYJ
Aug 30,Gervon Dexter Sr.,40091,Atl,"DL,DT",,W (Sep 30),Chi to Atl,Mon 8:15 pm @ NO
Aug 30,Hunter Long,33469,Ari,TE,,W (Sep 30),Jax to Ari,Sun 1:00 pm @ NYG
Aug 30,Corey Kiner,42386,NE,RB,,W (Sep 30),NFC to AFC,Sun 1:00 pm @ Buf
Aug 30,Kobe Prentice,43022,NE,WR,NA,W (Sep 30),NFC to AFC,Sun 1:00 pm @ Buf
Aug 30,C.J. Okoye,40483,NYG,"DL,DT",,W (Sep 30),AFC to NFC,Sun 1:00 pm vs Ari
Aug 30,Kobe Prentice,43022,NE,WR,NA,W (Sep 30),NYG to NE,Sun 1:00 pm @ Buf
Aug 30,Josiah Deguara,32764,Phi,TE,NA,W (Sep 30),NYG to SF,Sun 1:00 pm vs LAR
Aug 29,Corey Kiner,42386,NE,RB,,W (Sep 30),Ari to NE,Sun 1:00 pm @ Buf
Aug 29,Quinn Ewers,42037,Jax,QB,,W (Sep 30),Mia to Jax,Sun 1:00 pm @ Cin
Aug 29,Terrion Arnold,40902,Sea,CB,CEL,W (Sep 30),Det to Sea,Sun 4:25 pm vs LAC
Aug 29,Bobby Okereke,31921,Car,LB,,W (Sep 30),NYG to Car,Sun 8:20 pm vs Det
Aug 29,C.J. Okoye,40483,NYG,"DL,DT",,W (Sep 30),Bal to NYG,Sun 1:00 pm vs Ari
Aug 28,Tutu Atwell,33445,LAR,WR,,W (Sep 30),AFC to NFC,Sun 1:00 pm @ Phi
Aug 28,Eric Scott,40217,Det,CB,NA,W (Sep 30),AFC to NFC,Sun 8:20 pm @ Car
Aug 28,Jarquez Hunter,41919,Mia,RB,NA,W (Sep 30),NFC to AFC,Sun 4:05 pm @ Min
Aug 28,Tahj Washington,41104,Mia,WR,NA,W (Sep 30),AFC to NFC,Sun 4:05 pm @ Min
Aug 28,Jonnu Smith,30213,GB,TE,,W (Sep 30),AFC to NFC,Sun 1:00 pm @ TB
Aug 27,Jarquez Hunter,41919,Mia,RB,NA,W (Sep 30),LAR to Mia,Sun 4:05 pm @ Min
Aug 27,Eric Scott,40217,Det,CB,NA,W (Sep 30),KC to Det,Sun 8:20 pm @ Car
Aug 27,Mekhi Blackmon,40103,Cle,CB,,W (Sep 30),Ind to Cle,Thu 8:15 pm vs Pit
Aug 27,Tutu Atwell,33445,LAR,WR,,W (Sep 30),Mia to LAR,Sun 1:00 pm @ Phi
Aug 27,Jonnu Smith,30213,GB,TE,,W (Sep 30),Pit to GB,Sun 1:00 pm @ TB
Aug 27,Tahj Washington,41104,Mia,WR,NA,W (Sep 30),Mia to Phi,Sun 4:05 pm @ Min
Aug 27,Joshuah Bledsoe,33576,Was,S,NA,W (Sep 30),to NFC,Sun 9:30 am vs Ind
Aug 27,Boogie Basham,33449,Was,LB,NA,W (Sep 30),to NFC,Sun 9:30 am vs Ind
Aug 27,Michael Barrett,41121,Bal,LB,NA,W (Sep 30),to AFC,Sun 1:00 pm vs Ten
Aug 27,Derek Parish,40254,Hou,DE,NA,W (Sep 30),to AFC,Sun 1:00 pm vs Dal
Aug 27,Coleman Bennett,43187,Mia,RB,NA,W (Sep 30),NFC to AFC,Sun 4:05 pm @ Min
Aug 27,Jaheim Thomas,43611,Mia,LB,NA,W (Sep 30),to AFC,Sun 4:05 pm @ Min
Aug 27,David Long Jr.,31911,NO,CB,IR,W (Sep 30),AFC to NFC,Mon 8:15 pm vs Atl
Aug 27,Kobe Prentice,43022,NE,WR,NA,W (Sep 30),AFC to NFC,Sun 1:00 pm @ Buf
Aug 27,Matthew Henry,43615,TB,WR,NA,W (Sep 30),to NFC,Sun 1:00 pm vs GB
Aug 27,Israel Antwine,34241,Den,DT,NA,W (Sep 30),to AFC,Sun 4:25 pm @ SF
Aug 27,Jha'Quan Jackson,41065,Hou,WR,NA,W (Sep 30),AFC to NFC,Sun 1:00 pm vs Dal
Aug 27,Ron Stone Jr.,41161,Den,DE,NA,W (Sep 30),to AFC,Sun 4:25 pm @ SF
Aug 26,Kenneth Harris,43365,Ind,CB,NA,W (Sep 30),NE to Ind,Sun 9:30 am @ Was
Aug 26,Kobe Prentice,43022,NE,WR,NA,W (Sep 30),NE to NYG,Sun 1:00 pm @ Buf
Aug 26,Jha'Quan Jackson,41065,Hou,WR,NA,W (Sep 30),Hou to TB,Sun 1:00 pm vs Dal
Aug 26,Josiah Deguara,32764,Phi,TE,NA,W (Sep 30),SF to NYG,Sun 1:00 pm vs LAR
Aug 26,David Long Jr.,31911,NO,CB,IR,W (Sep 30),Ind to NO,Mon 8:15 pm vs Atl
Aug 26,Coleman Bennett,43187,Mia,RB,NA,W (Sep 30),Chi to Mia,Sun 4:05 pm @ Min
Aug 26,Quindell Johnson,40386,Was,S,NA,W (Sep 30),to NFC,Sun 9:30 am vs Ind
Aug 26,Dyontae Johnson,40536,Ten,LB,NA,W (Sep 30),to AFC,Sun 1:00 pm @ Bal
Aug 26,Josh Minkins,42288,Ari,S,NA,W (Sep 30),to NFC,Sun 1:00 pm @ NYG
Aug 26,Ryan Miller,40676,Mia,WR,,W (Sep 30),NFC to AFC,Sun 4:05 pm @ Min
Aug 26,Antonio Grier Jr.,41285,Chi,LB,NA,W (Sep 30),to NFC,Sun 1:00 pm vs NYJ
Aug 26,Viliami Fehoko Jr.,40140,SF,DE,,W (Sep 30),AFC to NFC,Sun 4:25 pm vs Den
Aug 25,Tysheem Johnson,42399,Sea,S,NA,W (Sep 30),Atl to Sea,Sun 4:25 pm vs LAC
Aug 25,Ryan Miller,40676,Mia,WR,,W (Sep 30),NYG to Mia,Sun 4:05 pm @ Min
Aug 25,Brandon Hill,40249,Pit,S,NA,W (Sep 30),LV to Pit,Thu 8:15 pm @ Cle
Aug 25,Tre Hawkins III,40228,Min,CB,NA,W (Sep 30),Was to Min,Sun 4:05 pm vs Mia
Aug 25,Viliami Fehoko Jr.,40140,SF,DE,,W (Sep 30),Ind to SF,Sun 4:25 pm vs Den
Aug 25,Jaylon Guilbeau,43021,Pit,CB,NA,W (Sep 30),NFC to AFC,Thu 8:15 pm @ Cle
Aug 25,Matt Lauter,43130,Min,TE,NA,W (Sep 30),AFC to NFC,Sun 4:05 pm vs Mia
Aug 25,Roydell Williams,43466,Det,RB,NA,W (Sep 30),AFC to NFC,Sun 8:20 pm @ Car
Aug 25,Jason Taylor II,40287,Det,S,NA,W (Sep 30),to NFC,Sun 8:20 pm @ Car
Aug 25,Daniel Carlson,31137,NO,K,,W (Sep 30),AFC to NFC,Mon 8:15 pm vs Atl
Aug 25,Jordan Mims,40631,Phi,RB,NA,W (Sep 30),AFC to NFC,Sun 1:00 pm vs LAR
Aug 25,Steven Gilmore,40753,LAR,CB,NA,W (Sep 30),to NFC,Sun 1:00 pm @ Phi
Aug 25,Jonathan Harris,32254,Min,"DT,DE",NA,W (Sep 30),to NFC,Sun 4:05 pm vs Mia
Aug 25,Hudson Clark,42302,Ari,S,NA,W (Sep 30),AFC to NFC,Sun 1:00 pm @ NYG
Aug 25,Devyn Bobby,43612,Ari,S,NA,W (Sep 30),to NFC,Sun 1:00 pm @ NYG
Aug 25,Alex Tecza,43609,Pit,RB,NA,W (Sep 30),to AFC,Thu 8:15 pm @ Cle
Aug 25,Jaylen Mahoney,41623,Phi,S,NA,W (Sep 30),to NFC,Sun 1:00 pm vs LAR
Aug 25,Mitch Van Vooren,42547,NE,TE,NA,W (Sep 30),AFC to NFC,Sun 1:00 pm @ Buf
Aug 25,Jordan Mims,40631,Phi,RB,NA,W (Sep 30),Ten to Phi,Sun 1:00 pm vs LAR
Aug 24,Roydell Williams,43466,Det,RB,NA,W (Sep 30),Ind to Det,Sun 8:20 pm @ Car
Aug 24,Reid Carrico,43448,Ten,LB,NA,W (Sep 30),Cle to Ten,Sun 1:00 pm @ Bal
Aug 24,Matt Lauter,43130,Min,TE,NA,W (Sep 30),Ten to Min,Sun 4:05 pm vs Mia
Aug 24,Devean Deal,43008,LAR,"LB,DE",NA,W (Sep 30),Sea to LAR,Sun 1:00 pm @ Phi
Aug 24,Ethan Conner,42965,Mia,TE,NA,W (Sep 30),Jax to Mia,Sun 4:05 pm @ Min
Aug 24,Niles King,42924,KC,"LB,DE",NA,W (Sep 30),LAC to KC,Sun 4:25 pm @ LV
Aug 24,Mitch Van Vooren,42547,NE,TE,NA,W (Sep 30),NE to Dal,Sun 1:00 pm @ Buf
Aug 24,Hudson Clark,42302,Ari,S,NA,W (Sep 30),LV to Ari,Sun 1:00 pm @ NYG
Aug 24,Jaylen Reed,41991,NE,S,,W (Sep 30),Hou to NE,Sun 1:00 pm @ Buf
Aug 24,Kayshon Boutte,40224,Hou,WR,,W (Sep 30),NE to Hou,Sun 1:00 pm vs Dal
Aug 24,Jaylon Guilbeau,43021,Pit,CB,NA,W (Sep 30),Car to Pit,Thu 8:15 pm @ Cle
Aug 24,Deuce Vaughn,40240,Hou,RB,NA,W (Sep 30),Den to Hou,Sun 1:00 pm vs Dal
Aug 24,Zamir White,34078,NO,RB,NA,W (Sep 30),SF to NO,Mon 8:15 pm vs Atl
Aug 24,Daniel Carlson,31137,NO,K,,W (Sep 30),LV to NO,Mon 8:15 pm vs Atl
Aug 24,Deion Jones,29285,SF,LB,NA,W (Sep 30),NO to SF,Sun 4:25 pm vs Den
Aug 24,Gary Jennings,31952,LAC,WR,NA,W (Sep 30),to AFC,Sun 4:25 pm @ Sea
Aug 24,Dante Barnett,42398,Cle,"DT,DE",NA,W (Sep 30),NFC to AFC,Thu 8:15 pm vs Pit
Aug 23,Anthony Dunn Jr.,43259,NYJ,DE,NA,W (Sep 30),KC to NYJ,Sun 1:00 pm @ Chi
Aug 23,Tanner Wall,43134,Mia,S,NA,W (Sep 30),Mia to NYJ,Sun 4:05 pm @ Min
Aug 23,Dominic Richardson,43034,NYJ,RB,NA,W (Sep 30),Ten to NYJ,Sun 1:00 pm @ Chi
Aug 23,Dante Barnett,42398,Cle,"DT,DE",NA,W (Sep 30),GB to Cle,Thu 8:15 pm vs Pit
Aug 23,Tommy Akingbesote,42024,Buf,DT,NA,W (Sep 30),Buf to Jax,Sun 1:00 pm vs NE
Aug 23,George Odum,31373,Hou,S,NA,W (Sep 30),Ind to Hou,Sun 1:00 pm vs Dal
Aug 23,Derek Barnett,30127,Cle,DE,,W (Sep 30),Hou to Cle,Thu 8:15 pm vs Pit
Aug 23,Jai'Onte' McMillan,43454,Ind,CB,NA,W (Sep 30),Ind to Mia,Sun 9:30 am @ Was
Aug 23,Caleb Johnson,33907,Hou,LB,NA,W (Sep 30),Mia to Hou,Sun 1:00 pm vs Dal
Aug 22,Julian Hicks,41451,Sea,WR,NA,W (Sep 30),GB to Sea,Sun 4:25 pm vs LAC
Aug 22,Tanoh Kpassagnon,30172,Ten,DE,IR,W (Sep 30),to AFC,Sun 1:00 pm @ Bal
Aug 22,Milo Eifler,33696,Ten,LB,IR,W (Sep 30),NFC to AFC,Sun 1:00 pm @ Bal
Aug 22,Sterling Shepard,29274,NYJ,WR,NA,W (Sep 30),NFC to AFC,Sun 1:00 pm @ Chi
Aug 22,Stephen Dix Jr.,43438,Mia,LB,NA,W (Sep 30),NFC to AFC,Sun 4:05 pm @ Min
Aug 22,Zay Jones,30150,Hou,WR,NA,W (Sep 30),NFC to AFC,Sun 1:00 pm vs Dal
Aug 21,Stephen Dix Jr.,43438,Mia,LB,NA,W (Sep 30),Ari to Mia,Sun 4:05 pm @ Min
Aug 21,Milo Eifler,33696,Ten,LB,IR,W (Sep 30),SF to Ten,Sun 1:00 pm @ Bal
Aug 21,Zay Jones,30150,Hou,WR,NA,W (Sep 30),Ari to Hou,Sun 1:00 pm vs Dal
Aug 21,Sterling Shepard,29274,NYJ,WR,NA,W (Sep 30),TB to Hou,Sun 1:00 pm @ Chi
Aug 21,JJ Galbreath,42275,Ind,TE,NA,W (Sep 30),Pit to Ind,Sun 9:30 am @ Was
Aug 21,Eric Johnson II,34115,GB,DT,NA,W (Sep 30),Min to Atl,Sun 1:00 pm @ TB
Aug 21,Drew Biber,43470,Cle,TE,NA,W (Sep 30),NFC to AFC,Thu 8:15 pm vs Pit
Aug 20,Drew Biber,43470,Cle,TE,NA,W (Sep 30),GB to Cle,Thu 8:15 pm vs Pit
Aug 20,Taylor Rapp,31893,Den,S,NA,W (Sep 30),Buf to Den,Sun 4:25 pm @ SF
Aug 20,Junior Bergen,42032,NYJ,WR,NA,W (Sep 30),NFC to AFC,Sun 1:00 pm @ Chi
Aug 20,Ben Barten,43326,NYJ,DT,NA,W (Sep 30),AFC to NFC,Sun 1:00 pm @ Chi
Aug 20,Jamil Muhammad,42318,Cle,"LB,DE",NA,W (Sep 30),NFC to AFC,Thu 8:15 pm vs Pit
Aug 20,D'Ernest Johnson,32608,Ten,RB,NA,W (Sep 30),to AFC,Sun 1:00 pm @ Bal
Aug 19,Liam Clifford,43465,LAC,WR,NA,W (Sep 30),Ind to LAC,Sun 4:25 pm @ Sea
Aug 19,Ben Barten,43326,NYJ,DT,NA,W (Sep 30),NYJ to NYG,Sun 1:00 pm @ Chi
Aug 19,Jamil Muhammad,42318,Cle,"LB,DE",NA,W (Sep 30),Car to Cle,Thu 8:15 pm vs Pit
Aug 19,Julian Hicks,41451,Sea,WR,NA,W (Sep 30),Sea to GB,Sun 4:25 pm vs LAC
Aug 19,Trevon Diggs,32721,Sea,CB,NA,W (Sep 30),Dal to Sea,Sun 4:25 pm vs LAC
Aug 19,Junior Bergen,42032,NYJ,WR,NA,W (Sep 30),SF to NYJ,Sun 1:00 pm @ Chi
Aug 19,Cam Jones,40557,KC,LB,NA,W (Sep 30),NYJ to KC,Sun 4:25 pm @ LV
Aug 19,Arden Walker,42939,GB,LB,NA,W (Sep 30),Min to GB,Sun 1:00 pm @ TB
Aug 19,Za'Darius Smith,28510,Atl,"LB,DE",,W (Sep 30),to NFC,Mon 8:15 pm @ NO
Aug 19,Tyler Moore,43464,Ind,TE,NA,W (Sep 30),NFC to AFC,Sun 9:30 am @ Was
Aug 19,Najee Harris,33412,NYG,RB,,W (Sep 30),AFC to NFC,Sun 1:00 pm vs Ari
Aug 19,Tre' McKitty,33485,Was,TE,NA,W (Sep 30),to NFC,Sun 9:30 am vs Ind
Aug 19,Greg Gaines,31966,Buf,DT,,W (Sep 30),NFC to AFC,Sun 1:00 pm vs NE
Aug 19,Keenan Garber,42257,NYJ,CB,NA,W (Sep 30),to AFC,Sun 1:00 pm @ Chi
Aug 19,Alex Bachman,32124,LAR,WR,NA,W (Sep 30),AFC to NFC,Sun 1:00 pm @ Phi
Aug 19,Maurice Hurst,31110,Was,DT,NA,W (Sep 30),to NFC,Sun 9:30 am vs Ind
Aug 18,Tyler Moore,43464,Ind,TE,NA,W (Sep 30),NYG to Ind,Sun 9:30 am @ Was
Aug 18,Alex Bachman,32124,LAR,WR,NA,W (Sep 30),LV to LAR,Sun 1:00 pm @ Phi
Aug 18,Greg Gaines,31966,Buf,DT,,W (Sep 30),TB to Buf,Sun 1:00 pm vs NE
Aug 18,Ben Patterson,42949,Cle,WR,NA,W (Sep 30),Jax to Cle,Thu 8:15 pm vs Pit
Aug 18,Seth Coleman-Lyles,42450,Mia,DE,NA,W (Sep 30),Ind to Mia,Sun 4:05 pm @ Min
Aug 18,Nate Lynn,41436,NYJ,"LB,DE",NA,W (Sep 30),Ten to NYJ,Sun 1:00 pm @ Chi
Aug 18,Najee Harris,33412,NYG,RB,,W (Sep 30),LAC to NYG,Sun 1:00 pm vs Ari
Aug 18,Keenan Allen,26699,Ind,WR,,W (Sep 30),LAC to Ind,Sun 9:30 am @ Was
Aug 18,Anthony Hankerson,43149,Sea,RB,NA,W (Sep 30),AFC to NFC,Sun 4:25 pm vs LAC
Aug 18,Kenny Dyson,41688,Min,LB,NA,W (Sep 30),to NFC,Sun 4:05 pm vs Mia
Aug 18,Baylon Spector,34187,Jax,LB,NA,W (Sep 30),to AFC,Sun 1:00 pm @ Cin
Aug 18,Power Echols,42045,Sea,LB,NA,W (Sep 30),AFC to NFC,Sun 4:25 pm vs LAC
Aug 18,Craig Reynolds,32596,Was,RB,NA,W (Sep 30),to NFC,Sun 9:30 am vs Ind
Aug 18,Jermaine Terry,42446,Cle,TE,NA,W (Sep 30),to AFC,Thu 8:15 pm vs Pit
Aug 18,Deantre Prince,41024,Chi,CB,NA,W (Sep 30),to NFC,Sun 1:00 pm vs NYJ
Aug 18,Barika Kpeenu,43482,TB,RB,NA,W (Sep 30),to NFC,Sun 1:00 pm vs GB
Aug 18,Julian Hicks,41451,Sea,WR,NA,W (Sep 30),to NFC,Sun 4:25 pm vs LAC
Aug 18,Chandler Martin,42470,NYG,LB,NA,W (Sep 30),AFC to NFC,Sun 1:00 pm vs Ari
Aug 18,Bryce Hall,32828,Hou,CB,NA,W (Sep 30),to AFC,Sun 1:00 pm vs Dal
Aug 18,Cam Rice,43483,Mia,DT,NA,W (Sep 30),to AFC,Sun 4:05 pm @ Min
Aug 18,Isaiah Bolden,40262,Phi,CB,NA,W (Sep 30),to NFC,Sun 1:00 pm vs LAR
Aug 18,Bryce Phillips,43198,Min,CB,NA,W (Sep 30),AFC to NFC,Sun 4:05 pm vs Mia
Aug 18,Corey Mayfield Jr.,40661,Ten,CB,NA,W (Sep 30),to AFC,Sun 1:00 pm @ Bal
Aug 18,Krys Barnes,33221,Cle,LB,NA,W (Sep 30),Car to Was,Thu 8:15 pm vs Pit
Aug 17,Chandler Martin,42470,NYG,LB,NA,W (Sep 30),Bal to NYG,Sun 1:00 pm vs Ari
Aug 17,Beaux Collins,42194,Atl,WR,IR-R,W (Sep 30),NYG to Atl,Mon 8:15 pm @ NO
Aug 17,Victor Dimukeje,33598,SF,"LB,DE",NA,W (Sep 30),NYG to SF,Sun 4:25 pm vs Den
Aug 17,Marcus Davenport,30984,Chi,DE,NA,W (Sep 30),Det to Chi,Sun 1:00 pm vs NYJ
Aug 17,Bryce Phillips,43198,Min,CB,NA,W (Sep 30),KC to Min,Sun 4:05 pm vs Mia
Aug 17,Anthony Hankerson,43149,Sea,RB,NA,W (Sep 30),Mia to Sea,Sun 4:25 pm vs LAC
Aug 17,Robert McDaniel,42149,TB,S,NA,W (Sep 30),Was to TB,Sun 1:00 pm vs GB
Aug 17,Power Echols,42045,Sea,LB,NA,W (Sep 30),Hou to Sea,Sun 4:25 pm vs LAC
Aug 17,Otis Reese IV,40708,Buf,LB,NA,W (Sep 30),NE to Buf,Sun 1:00 pm vs NE
Aug 17,Jake Haener,40144,NYG,QB,NA,W (Sep 30),NO to NYG,Sun 1:00 pm vs Ari
Aug 17,Noah Brown,30352,LV,WR,NA,W (Sep 30),NFC to AFC,Sun 4:25 pm vs KC
Aug 17,Dominic Richardson,43034,NYJ,RB,NA,W (Sep 30),NFC to AFC,Sun 1:00 pm @ Chi
Aug 17,Travis Clayton,41103,Buf,DT,NA,W (Sep 30),to AFC,Sun 1:00 pm vs NE
Aug 17,Jonathan Ward,33088,Bal,RB,NA,W (Sep 30),to AFC,Sun 1:00 pm vs Ten
Aug 17,Keveion'ta Spears,43481,Ari,DT,NA,W (Sep 30),to NFC,Sun 1:00 pm @ NYG
Aug 17,Ekow Boye-Doe,40719,Det,CB,NA,W (Sep 30),to NFC,Sun 8:20 pm @ Car
Aug 17,Noah Brown,30352,LV,WR,NA,W (Sep 30),Was to LV,Sun 4:25 pm vs KC
Aug 17,Von Miller,24789,Dal,"LB,DE",,W (Sep 30),Was to Dal,Sun 1:00 pm @ Hou
Aug 16,Matt Lauter,43130,Min,TE,NA,W (Sep 30),LV to Ten,Sun 4:05 pm vs Mia
Aug 16,Dominic Richardson,43034,NYJ,RB,NA,W (Sep 30),Dal to Ten,Sun 1:00 pm @ Chi
Aug 16,Cam Riley,42282,Mia,LB,NA,W (Sep 30),Ten to Mia,Sun 4:05 pm @ Min
Aug 16,Brett Rypien,32221,Hou,QB,NA,W (Sep 30),NFC to AFC,Sun 1:00 pm vs Dal
Aug 16,Baylor Cupp,41556,Ari,TE,NA,W (Sep 30),to NFC,Sun 1:00 pm @ NYG
Aug 16,Tre Stewart,42271,Ari,RB,NA,W (Sep 30),to NFC,Sun 1:00 pm @ NYG
Aug 15,Matthew McDoom,43177,Cin,CB,NA,W (Sep 30),Bal to Cin,Sun 1:00 pm vs Jax
Aug 15,Brett Rypien,32221,Hou,QB,NA,W (Sep 30),Min to Hou,Sun 1:00 pm vs Dal
Aug 15,Folorunso Fatukasi,31150,LV,DT,,W (Sep 30),Hou to LV,Sun 4:25 pm vs KC
Aug 15,Trayveon Williams,32014,Det,RB,NA,W (Sep 30),Cle to Det,Sun 8:20 pm @ Car
Aug 15,Brandon George,42108,Phi,LB,NA,W (Sep 30),AFC to NFC,Sun 1:00 pm vs LAR
Aug 15,Sione Takitaki,31912,Min,LB,NA,W (Sep 30),AFC to NFC,Sun 4:05 pm vs Mia
Aug 15,Trayveon Williams,32014,Det,RB,NA,W (Sep 30),AFC to NFC,Sun 8:20 pm @ Car
Aug 14,Brandon Johnson,42179,Phi,"S,CB",NA,W (Sep 30),Sea to Phi,Sun 1:00 pm vs LAR
Aug 14,Brandon George,42108,Phi,LB,NA,W (Sep 30),KC to Phi,Sun 1:00 pm vs LAR
Aug 14,Otis Reese IV,40708,Buf,LB,NA,W (Sep 30),Buf to NE,Sun 1:00 pm vs NE
Aug 14,Sione Takitaki,31912,Min,LB,NA,W (Sep 30),Hou to Min,Sun 4:05 pm vs Mia
Aug 14,David Long Jr.,31911,NO,CB,IR,W (Sep 30),NFC to AFC,Mon 8:15 pm vs Atl
Aug 14,Monty Rice,33480,LAR,LB,NA,W (Sep 30),to NFC,Sun 1:00 pm @ Phi
Aug 14,Kemon Hall,32542,Ten,CB,NA,W (Sep 30),NFC to AFC,Sun 1:00 pm @ Bal
Aug 14,Sam Webb,34562,NYG,CB,NA,W (Sep 30),AFC to NFC,Sun 1:00 pm vs Ari
Aug 14,DJ James,41084,NE,CB,NA,W (Sep 30),NFC to AFC,Sun 1:00 pm @ Buf
Aug 13,DJ James,41084,NE,CB,NA,W (Sep 30),NYG to NE,Sun 1:00 pm @ Buf
Aug 13,Sam Webb,34562,NYG,CB,NA,W (Sep 30),Cle to NYG,Sun 1:00 pm vs Ari
Aug 13,Kemon Hall,32542,Ten,CB,NA,W (Sep 30),TB to Ten,Sun 1:00 pm @ Bal
Aug 13,Ugo Amadi,31964,NYG,S,NA,W (Sep 30),NO to NYG,Sun 1:00 pm vs Ari
Aug 13,David Long Jr.,31911,NO,CB,IR,W (Sep 30),NYG to Ind,Mon 8:15 pm vs Atl
Aug 13,Tyron Herring,42252,NE,CB,NA,W (Sep 30),Cle to NE,Sun 1:00 pm @ Buf
Aug 13,JaMycal Hasty,33199,NE,RB,NA,W (Sep 30),to AFC,Sun 1:00 pm @ Buf
Aug 13,Kahlil Saunders,43337,NO,DT,NA,W (Sep 30),AFC to NFC,Mon 8:15 pm vs Atl
Aug 13,K.J. Henry,40203,Pit,"LB,DE",NA,W (Sep 30),NFC to AFC,Thu 8:15 pm @ Cle
Aug 13,Luke Lachey,42041,Hou,TE,NA,W (Sep 30),NFC to AFC,Sun 1:00 pm vs Dal
Aug 13,Jeremiah McClendon,42945,Cle,CB,NA,W (Sep 30),NFC to AFC,Thu 8:15 pm vs Pit
Aug 13,Jordan Mims,40631,Phi,RB,NA,W (Sep 30),NFC to AFC,Sun 1:00 pm vs LAR
Aug 13,Darren Waller,28592,Car,TE,,W (Sep 30),AFC to NFC,Sun 8:20 pm vs Det
Aug 13,Zamir White,34078,NO,RB,NA,W (Sep 30),AFC to NFC,Mon 8:15 pm vs Atl
Aug 13,Tra Fluellen,41773,GB,S,NA,W (Sep 30),to NFC,Sun 1:00 pm @ TB
Aug 13,Montrell Washington,34118,NYG,WR,NA,W (Sep 30),AFC to NFC,Sun 1:00 pm vs Ari
Aug 13,Austin Reed,41220,Bal,QB,NA,W (Sep 30),to AFC,Sun 1:00 pm vs Ten
Aug 13,Elandon Roberts,29448,Pit,LB,NA,W (Sep 30),LV to Pit,Thu 8:15 pm @ Cle
Aug 13,Darren Waller,28592,Car,TE,,W (Sep 30),Mia to Car,Sun 8:20 pm vs Det
Aug 12,Kahlil Saunders,43337,NO,DT,NA,W (Sep 30),Mia to NO,Mon 8:15 pm vs Atl
Aug 12,Jeremiah McClendon,42945,Cle,CB,NA,W (Sep 30),NO to Cle,Thu 8:15 pm vs Pit
Aug 12,Luke Lachey,42041,Hou,TE,NA,W (Sep 30),GB to Hou,Sun 1:00 pm vs Dal
Aug 12,Xavier Thomas,41013,SF,"LB,DE",SUSP,W (Sep 30),Ari to SF,Sun 4:25 pm vs Den
Aug 12,Anthony Kendall,40711,Buf,CB,NA,W (Sep 30),Cle to Buf,Sun 1:00 pm vs NE
Aug 12,Jordan Mims,40631,Phi,RB,NA,W (Sep 30),Min to Ten,Sun 1:00 pm vs LAR
Aug 12,K.J. Henry,40203,Pit,"LB,DE",NA,W (Sep 30),SF to Pit,Thu 8:15 pm @ Cle
Aug 12,Montrell Washington,34118,NYG,WR,NA,W (Sep 30),Hou to NYG,Sun 1:00 pm vs Ari
Aug 12,Hassan Haskins,34087,NE,RB,NA,W (Sep 30),LAC to NE,Sun 1:00 pm @ Buf
Aug 12,Zamir White,34078,NO,RB,NA,W (Sep 30),LV to SF,Mon 8:15 pm vs Atl
Aug 12,Jermar Jefferson,33644,Min,RB,NA,W (Sep 30),Ari to Min,Sun 4:05 pm vs Mia
Aug 12,Brandon Hill,40249,Pit,S,NA,W (Sep 30),NFC to AFC,Thu 8:15 pm @ Cle
Aug 12,Byron Cowart,31991,Was,DT,NA,W (Sep 30),to NFC,Sun 9:30 am vs Ind
Aug 12,Dae'Quan Wright,42885,Cle,TE,NA,W (Sep 30),NFC to AFC,Thu 8:15 pm vs Pit
Aug 12,Omar Brown,41531,GB,S,NA,W (Sep 30),AFC to NFC,Sun 1:00 pm @ TB
Aug 12,Boog Smith,42462,Sea,LB,NA,W (Sep 30),to NFC,Sun 4:25 pm vs LAC
Aug 12,Elijah Mitchell,33582,KC,RB,NA,W (Sep 30),NFC to AFC,Sun 4:25 pm @ LV
Aug 12,Amari Burney,40235,Jax,LB,NA,W (Sep 30),to AFC,Sun 1:00 pm @ Cin
Aug 12,Nick Muse,34183,Atl,TE,,W (Sep 30),AFC to NFC,Mon 8:15 pm @ NO
Aug 12,Curtis Jacobs,41465,Was,LB,NA,W (Sep 30),to NFC,Sun 9:30 am vs Ind
Aug 11,Dae'Quan Wright,42885,Cle,TE,NA,W (Sep 30),Phi to Cle,Thu 8:15 pm vs Pit
Aug 11,Omar Brown,41531,GB,S,NA,W (Sep 30),Mia to GB,Sun 1:00 pm @ TB
Aug 11,Brandon Hill,40249,Pit,S,NA,W (Sep 30),Chi to LV,Thu 8:15 pm @ Cle
Aug 11,DJ Turner,33813,LV,WR,NA,W (Sep 30),Hou to LV,Sun 4:25 pm vs KC
Aug 11,Elijah Mitchell,33582,KC,RB,NA,W (Sep 30),Phi to KC,Sun 4:25 pm @ LV
Aug 11,Nick Muse,34183,Atl,TE,,W (Sep 30),NYJ to Atl,Mon 8:15 pm @ NO
Aug 11,Emmanuel Ogbah,29266,KC,DE,NA,W (Sep 30),Jax to KC,Sun 4:25 pm @ LV
Aug 11,Roman Parodie,42098,TB,CB,NA,W (Sep 30),to NFC,Sun 1:00 pm vs GB
Aug 11,Nick McCloud,33818,Chi,CB,NA,W (Sep 30),NFC to AFC,Sun 1:00 pm vs NYJ
Aug 11,Brien Taylor,43476,NO,DT,NA,W (Sep 30),to NFC,Mon 8:15 pm vs Atl
Aug 11,Ja'Quinden Jackson,42214,Phi,RB,NA,W (Sep 30),AFC to NFC,Sun 1:00 pm vs LAR
Aug 11,Ray-Ray McCloud III,31157,Chi,WR,NA,W (Sep 30),to NFC,Sun 1:00 pm vs NYJ
Aug 11,Trey Dean III,40543,GB,S,NA,W (Sep 30),to NFC,Sun 1:00 pm @ TB
Aug 11,David Blay,43154,Phi,DT,NA,W (Sep 30),AFC to NFC,Sun 1:00 pm vs LAR
Aug 11,Malakai Williams,43477,NO,DE,NA,W (Sep 30),to NFC,Mon 8:15 pm vs Atl
Aug 11,Isaiah Winstead,40466,Pit,WR,NA,W (Sep 30),to AFC,Thu 8:15 pm @ Cle
Aug 11,Zech McPhearson,33511,LAR,CB,NA,W (Sep 30),to NFC,Sun 1:00 pm @ Phi
Aug 11,Trey Sermon,33476,Atl,RB,IR,W (Sep 30),to NFC,Mon 8:15 pm @ NO
Aug 11,Juwann Winfree,32019,Hou,WR,NA,W (Sep 30),to AFC,Sun 1:00 pm vs Dal
Aug 11,Justin Jones,43478,Sea,RB,NA,W (Sep 30),to NFC,Sun 4:25 pm vs LAC
Aug 11,Cornell Powell,33569,Pit,WR,NA,W (Sep 30),to AFC,Thu 8:15 pm @ Cle
Aug 11,Colton Dowell,40263,SF,WR,NA,W (Sep 30),AFC to NFC,Sun 4:25 pm vs Den
Aug 11,JT Woods,34035,NYG,S,NA,W (Sep 30),to NFC,Sun 1:00 pm vs Ari
Aug 11,Xavier Williams,43480,TB,S,NA,W (Sep 30),to NFC,Sun 1:00 pm vs GB
Aug 11,Cameron Sample,33499,Atl,DE,NA,W (Sep 30),AFC to NFC,Mon 8:15 pm @ NO
Aug 11,Kemon Hall,32542,Ten,CB,NA,W (Sep 30),Ten to TB,Sun 1:00 pm @ Bal
Aug 10,Nick McCloud,33818,Chi,CB,NA,W (Sep 30),Chi to Mia,Sun 1:00 pm vs NYJ
Aug 10,Kemon Hall,32542,Ten,CB,NA,W (Sep 30),TB to Ten,Sun 1:00 pm @ Bal
Aug 10,David Blay,43154,Phi,DT,NA,W (Sep 30),NE to Phi,Sun 1:00 pm vs LAR
Aug 10,Chris Hilton Jr.,42987,GB,WR,NA,W (Sep 30),Was to GB,Sun 1:00 pm @ TB
Aug 10,Ja'Quinden Jackson,42214,Phi,RB,NA,W (Sep 30),Jax to Phi,Sun 1:00 pm vs LAR
Aug 10,Andre Carter II,40303,LAC,"LB,DE",NA,W (Sep 30),Mia to LAC,Sun 4:25 pm @ Sea
Aug 10,Sam Roberts,34156,Atl,"DL,DT,DE",NA,W (Sep 30),NYG to Atl,Mon 8:15 pm @ NO
Aug 10,Cameron Sample,33499,Atl,DE,NA,W (Sep 30),Cin to Atl,Mon 8:15 pm @ NO
Aug 10,Colton Dowell,40263,SF,WR,NA,W (Sep 30),Pit to SF,Sun 4:25 pm vs Den
Aug 10,Tarron Jackson,33579,Phi,"LB,DE",NA,W (Sep 30),SF to Phi,Sun 1:00 pm vs LAR
Aug 10,Kyle Trask,33452,Car,QB,NA,W (Sep 30),to NFC,Sun 8:20 pm vs Det
Aug 10,Jordan Washington,43472,Sea,CB,NA,W (Sep 30),to NFC,Sun 4:25 pm vs LAC
Aug 10,Israel Mukuamu,33615,Pit,S,NA,W (Sep 30),to AFC,Thu 8:15 pm @ Cle
Aug 10,Nick Muse,34183,Atl,TE,,W (Sep 30),NFC to AFC,Mon 8:15 pm @ NO
Aug 10,Shawn Bowman,41512,Ari,TE,NA,W (Sep 30),to NFC,Sun 1:00 pm @ NYG
Aug 10,Jeremiah Moon,34397,Car,"LB,DE",NA,W (Sep 30),AFC to NFC,Sun 8:20 pm vs Det
Aug 10,Bump Cooper Jr.,41545,Det,CB,NA,W (Sep 30),to NFC,Sun 8:20 pm @ Car
Aug 10,Joshua Dobbs,30248,Det,QB,,W (Sep 30),to NFC,Sun 8:20 pm @ Car
Aug 10,Grant Finley,43473,NYG,RB,NA,W (Sep 30),to NFC,Sun 1:00 pm vs Ari
Aug 10,William Wright,43384,Chi,CB,NA,W (Sep 30),to NFC,Sun 1:00 pm vs NYJ
Aug 10,Eric Butler,43475,NE,S,NA,W (Sep 30),to AFC,Sun 1:00 pm @ Buf
Aug 10,Patrick Jenkins,42543,Cle,DT,NA,W (Sep 30),to AFC,Thu 8:15 pm vs Pit
Aug 10,Daniel Rickert,43474,LAR,"LB,DE",IR,W (Sep 30),to NFC,Sun 1:00 pm @ Phi
Aug 10,Eugene Asante,42170,Ari,LB,NA,W (Sep 30),to NFC,Sun 1:00 pm @ NYG
Aug 10,Ricardo Hallman,43479,Den,CB,NA,W (Sep 30),to AFC,Sun 4:25 pm @ SF
Aug 10,Kisean Johnson,42475,GB,WR,NA,W (Sep 30),to NFC,Sun 1:00 pm @ TB
Aug 10,Beanie Bishop Jr.,41136,Chi,CB,SUSP,W (Sep 30),AFC to NFC,Sun 1:00 pm vs NYJ
Aug 9,Beanie Bishop Jr.,41136,Chi,CB,SUSP,W (Sep 30),Pit to Chi,Sun 1:00 pm vs NYJ
Aug 9,Chase Lucas,34193,SF,CB,NA,W (Sep 30),TB to SF,Sun 4:25 pm vs Den
Aug 9,Nick Muse,34183,Atl,TE,,W (Sep 30),Det to NYJ,Mon 8:15 pm @ NO
Aug 9,Amen Ogbongbemiga,33680,Det,LB,NA,W (Sep 30),Chi to Det,Sun 8:20 pm @ Car
Aug 9,Teddy Bridgewater,27560,TB,QB,NA,W (Sep 30),Det to TB,Sun 1:00 pm vs GB
Aug 9,Jeremiah Moon,34397,Car,"LB,DE",NA,W (Sep 30),Pit to Car,Sun 8:20 pm vs Det
Aug 9,Joseph Vaughn,42603,Sea,LB,NA,W (Sep 30),Ind to Sea,Sun 4:25 pm vs LAC
Aug 9,Jared Bartlett,42459,Jax,LB,IR,W (Sep 30),Ari to Jax,Sun 1:00 pm @ Cin
Aug 9,Omar Brown,41531,GB,S,NA,W (Sep 30),GB to Mia,Sun 1:00 pm @ TB
Aug 9,J. Bernard-Converse,40236,NYG,"S,CB",IR,W (Sep 30),Cle to NYG,Sun 1:00 pm vs Ari
Aug 9,Kyrese Rowan,42527,NO,WR,NA,W (Sep 30),to AFC,Mon 8:15 pm vs Atl
Aug 9,Owen Wright,40639,Hou,RB,NA,W (Sep 30),NFC to AFC,Sun 1:00 pm vs Dal
Aug 9,Joseph Vaughn,42603,Sea,LB,NA,W (Sep 30),AFC to NFC,Sun 4:25 pm vs LAC
Aug 9,Jared Bartlett,42459,Jax,LB,IR,W (Sep 30),NFC to AFC,Sun 1:00 pm @ Cin
Aug 9,Brandon Hill,40249,Pit,S,NA,W (Sep 30),AFC to NFC,Thu 8:15 pm @ Cle
Aug 9,Omar Brown,41531,GB,S,NA,W (Sep 30),NFC to AFC,Sun 1:00 pm @ TB
Aug 9,J. Bernard-Converse,40236,NYG,"S,CB",IR,W (Sep 30),AFC to NFC,Sun 1:00 pm vs Ari
Aug 9,Power Echols,42045,Sea,LB,NA,W (Sep 30),NFC to AFC,Sun 4:25 pm vs LAC
Aug 9,Charles Snowden,33914,LV,"LB,DE",SUSP,W (Sep 30),NFC to AFC,Sun 4:25 pm vs KC
Aug 8,Power Echols,42045,Sea,LB,NA,W (Sep 30),Sea to Hou,Sun 4:25 pm vs LAC
Aug 8,Owen Wright,40639,Hou,RB,NA,W (Sep 30),TB to Hou,Sun 1:00 pm vs Dal
Aug 8,Sam Webb,34562,NYG,CB,NA,W (Sep 30),Den to Cle,Sun 1:00 pm vs Ari
Aug 8,Charles Snowden,33914,LV,"LB,DE",SUSP,W (Sep 30),Dal to LV,Sun 4:25 pm vs KC
Aug 8,Brandon Johnson,42179,Phi,"S,CB",NA,W (Sep 30),Phi to Sea,Sun 1:00 pm vs LAR
Aug 8,Brandon Hill,40249,Pit,S,NA,W (Sep 30),LV to Chi,Thu 8:15 pm @ Cle
Aug 8,DJ Davidson,34103,NYG,"DL,DT,DE",NA,W (Sep 30),Was to NYG,Sun 1:00 pm vs Ari
Aug 8,Haggai Ndubuisi,40481,Hou,DT,NA,W (Sep 30),NFC to AFC,Sun 1:00 pm vs Dal
Aug 8,Lance Mason,43012,Pit,TE,NA,W (Sep 30),NFC to AFC,Thu 8:15 pm @ Cle
Aug 8,J. Bernard-Converse,40236,NYG,"S,CB",IR,W (Sep 30),NFC to AFC,Sun 1:00 pm vs Ari
Aug 8,Colton Dowell,40263,SF,WR,NA,W (Sep 30),NFC to AFC,Sun 4:25 pm vs Den
Aug 8,Kyre Duplessis,43458,Den,WR,NA,W (Sep 30),NFC to AFC,Sun 4:25 pm @ SF
Aug 8,Power Echols,42045,Sea,LB,NA,W (Sep 30),to NFC,Sun 4:25 pm vs LAC
Aug 8,Joseph Vaughn,42603,Sea,LB,NA,W (Sep 30),NFC to AFC,Sun 4:25 pm vs LAC
Aug 8,Jamon Johnson,42239,Bal,LB,NA,W (Sep 30),NFC to AFC,Sun 1:00 pm vs Ten
Aug 8,Xavier Woods,30304,Chi,S,,W (Sep 30),AFC to NFC,Sun 1:00 pm vs NYJ
Aug 8,Kristian Wilkerson,33349,Atl,WR,NA,W (Sep 30),to NFC,Mon 8:15 pm @ NO
Aug 8,Jashaun Corbin,34665,Dal,RB,NA,W (Sep 30),to NFC,Sun 1:00 pm @ Hou
Aug 8,Omar Brown,41531,GB,S,NA,W (Sep 30),AFC to NFC,Sun 1:00 pm @ TB
Aug 8,Colton Dowell,40263,SF,WR,NA,W (Sep 30),SF to Pit,Sun 4:25 pm vs Den
Aug 8,A.T. Perry,40242,Den,WR,NA,W (Sep 30),Pit to Den,Sun 4:25 pm @ SF
Aug 7,Kyre Duplessis,43458,Den,WR,NA,W (Sep 30),Sea to Den,Sun 4:25 pm @ SF
Aug 7,Ahmari Harvey,43385,Mia,CB,NA,W (Sep 30),Pit to Mia,Sun 4:05 pm @ Min
Aug 7,Tanner Wall,43134,Mia,S,NA,W (Sep 30),LV to Mia,Sun 4:05 pm @ Min
Aug 7,Lance Mason,43012,Pit,TE,NA,W (Sep 30),Sea to Pit,Thu 8:15 pm @ Cle
Aug 7,Jamon Johnson,42239,Bal,LB,NA,W (Sep 30),GB to Bal,Sun 1:00 pm vs Ten
Aug 7,Omar Brown,41531,GB,S,NA,W (Sep 30),Mia to GB,Sun 1:00 pm @ TB
Aug 7,Haggai Ndubuisi,40481,Hou,DT,NA,W (Sep 30),TB to Hou,Sun 1:00 pm vs Dal
Aug 7,J. Bernard-Converse,40236,NYG,"S,CB",IR,W (Sep 30),NYG to Cle,Sun 1:00 pm vs Ari
Aug 7,Xavier Woods,30304,Chi,S,,W (Sep 30),Ten to Chi,Sun 1:00 pm vs NYJ
Aug 7,Deion Jones,29285,SF,LB,NA,W (Sep 30),TB to NO,Sun 4:25 pm vs Den
Aug 7,Jeadyn Lukus,43244,Cle,CB,NA,W (Sep 30),Ten to Cle,Thu 8:15 pm vs Pit
Aug 7,Joseph Vaughn,42603,Sea,LB,NA,W (Sep 30),Sea to Ind,Sun 4:25 pm vs LAC
Aug 7,Beaux Collins,42194,Atl,WR,IR-R,W (Sep 30),Dal to NYG,Mon 8:15 pm @ NO
Aug 7,Ben Stille,34537,Det,DT,NA,W (Sep 30),Atl to Det,Sun 8:20 pm @ Car
Aug 7,Brock Lampe,42293,Buf,RB,NA,W (Sep 30),AFC to NFC,Sun 1:00 pm vs NE
Aug 7,Ja'Markis Weston,42232,NYJ,"LB,DE",NA,W (Sep 30),NFC to AFC,Sun 1:00 pm @ Chi
Aug 7,Keidron Smith,40654,Chi,"DB,CB",NA,W (Sep 30),AFC to NFC,Sun 1:00 pm vs NYJ
Aug 7,Zack Kuntz,40255,Dal,TE,NA,W (Sep 30),AFC to NFC,Sun 1:00 pm @ Hou
Aug 7,Jared Bartlett,42459,Jax,LB,IR,W (Sep 30),AFC to NFC,Sun 1:00 pm @ Cin
Aug 7,Lawrence Keys,41275,Buf,WR,NA,W (Sep 30),NFC to AFC,Sun 1:00 pm vs NE
Aug 7,Pharaoh Brown,30627,Ind,TE,NA,W (Sep 30),NFC to AFC,Sun 9:30 am @ Was
Aug 7,Dominique Hampton,41039,Ten,"LB,S,CB",NA,W (Sep 30),NFC to AFC,Sun 1:00 pm @ Bal
Aug 7,Jared Bartlett,42459,Jax,LB,IR,W (Sep 30),Jax to Ari,Sun 1:00 pm @ Cin
Aug 7,Ja'Markis Weston,42232,NYJ,"LB,DE",NA,W (Sep 30),Sea to NYJ,Sun 1:00 pm @ Chi
Aug 7,Beaux Collins,42194,Atl,WR,IR-R,W (Sep 30),NYG to Dal,Mon 8:15 pm @ NO
Aug 7,Brandon Johnson,42179,Phi,"S,CB",NA,W (Sep 30),Sea to Phi,Sun 1:00 pm vs LAR
Aug 7,Lawrence Keys,41275,Buf,WR,NA,W (Sep 30),Det to Buf,Sun 1:00 pm vs NE
Aug 7,Keidron Smith,40654,Chi,"DB,CB",NA,W (Sep 30),NYJ to Atl,Sun 1:00 pm vs NYJ
Aug 7,Garrett Nelson,40657,NO,"LB,DE",NA,W (Sep 30),Sea to NO,Mon 8:15 pm vs Atl
Aug 7,Zack Kuntz,40255,Dal,TE,NA,W (Sep 30),NYJ to Dal,Sun 1:00 pm @ Hou
Aug 7,Jahlani Tavai,31875,Jax,"LB,DE",,W (Sep 30),NE to Jax,Sun 1:00 pm @ Cin
Aug 6,Junior Tafuna,42366,Hou,DT,NA,W (Sep 30),Hou to NYJ,Sun 1:00 pm vs Dal
Aug 6,Brock Lampe,42293,Buf,RB,NA,W (Sep 30),NE to Sea,Sun 1:00 pm vs NE
Aug 6,Pharaoh Brown,30627,Ind,TE,NA,W (Sep 30),Ari to Ind,Sun 9:30 am @ Was
Aug 6,Dominique Hampton,41039,Ten,"LB,S,CB",NA,W (Sep 30),Chi to Ten,Sun 1:00 pm @ Bal
Aug 6,Otis Reese IV,40708,Buf,LB,NA,W (Sep 30),NE to Buf,Sun 1:00 pm vs NE
Aug 6,Dare Ogunbowale,30860,Hou,RB,,W (Sep 30),Hou to LV,Sun 1:00 pm vs Dal
Aug 6,Luke Lachey,42041,Hou,TE,NA,W (Sep 30),Hou to GB,Sun 1:00 pm vs Dal
Aug 6,Cole Burgess,41502,Pit,WR,IR,W (Sep 30),Cin to Pit,Thu 8:15 pm @ Cle
Aug 6,Lawrence Keys,41275,Buf,WR,NA,W (Sep 30),Buf to Det,Sun 1:00 pm vs NE
Aug 6,Luke Lachey,42041,Hou,TE,NA,W (Sep 30),AFC to NFC,Sun 1:00 pm vs Dal
Aug 6,David Long Jr.,31911,NO,CB,IR,W (Sep 30),to NFC,Mon 8:15 pm vs Atl
Aug 6,Jeff Weimer,43469,KC,WR,NA,W (Sep 30),to AFC,Sun 4:25 pm @ LV
Aug 6,TJ Harden,43051,Sea,RB,NA,W (Sep 30),AFC to NFC,Sun 4:25 pm vs LAC
Aug 6,Drew Biber,43470,Cle,TE,NA,W (Sep 30),to NFC,Thu 8:15 pm vs Pit
Aug 6,Lawrence Keys,41275,Buf,WR,NA,W (Sep 30),AFC to NFC,Sun 1:00 pm vs NE
Aug 6,Tarik Black,33797,Det,WR,NA,W (Sep 30),AFC to NFC,Sun 8:20 pm @ Car
Aug 6,Stefon Diggs,28534,Was,WR,,Monday Night Madison,AFC to NFC,Sun 9:30 am vs Ind
Aug 6,Fatorma Mulbah,42230,Mia,DT,NA,W (Sep 30),to AFC,Sun 4:05 pm @ Min
Aug 6,Cameron Sample,33499,Atl,DE,NA,W (Sep 30),NFC to AFC,Mon 8:15 pm @ NO
Aug 6,Chris Myarick,32442,LV,TE,NA,W (Sep 30),to AFC,Sun 4:25 pm vs KC
Aug 6,Connor Hulstein,43471,NYJ,TE,NA,W (Sep 30),to AFC,Sun 1:00 pm @ Chi
Aug 6,DJ James,41084,NE,CB,NA,W (Sep 30),to NFC,Sun 1:00 pm @ Buf
Aug 5,Jeremiah Franklin,43463,Mia,TE,NA,W (Sep 30),NE to Mia,Sun 4:05 pm @ Min
Aug 5,TJ Harden,43051,Sea,RB,NA,W (Sep 30),Cle to Sea,Sun 4:25 pm vs LAC
Aug 5,Seth Coleman-Lyles,42450,Mia,DE,NA,W (Sep 30),Mia to Ind,Sun 4:05 pm @ Min
Aug 5,Zack Kuntz,40255,Dal,TE,NA,W (Sep 30),LV to NYJ,Sun 1:00 pm @ Hou
Aug 5,Tarik Black,33797,Det,WR,NA,W (Sep 30),Mia to Det,Sun 8:20 pm @ Car
Aug 5,Cameron Sample,33499,Atl,DE,NA,W (Sep 30),SF to Cin,Mon 8:15 pm @ NO
Aug 5,Stefon Diggs,28534,Was,WR,,Monday Night Madison,NE to Was,Sun 9:30 am vs Ind
Aug 5,KhaDarel Hodge,31769,SF,WR,,W (Sep 30),Atl to SF,Sun 4:25 pm vs Den
Aug 5,Ogbo Okoronkwo,31130,SF,"LB,DE",,W (Sep 30),Phi to SF,Sun 4:25 pm vs Den
Aug 5,Montrell Washington,34118,NYG,WR,NA,W (Sep 30),to AFC,Sun 1:00 pm vs Ari
Aug 5,Jakobie Keeney-James,42246,Pit,WR,NA,W (Sep 30),NFC to AFC,Thu 8:15 pm @ Cle
Aug 5,Tejhaun Palmer,41079,NE,WR,NA,W (Sep 30),NFC to AFC,Sun 1:00 pm @ Buf
Aug 5,Marlon Tuipulotu,33577,Atl,DT,NA,W (Sep 30),AFC to NFC,Mon 8:15 pm @ NO
Aug 5,Coziah Izzard,42426,Cle,DT,NA,W (Sep 30),NFC to AFC,Thu 8:15 pm vs Pit
Aug 5,Roc Taylor,42279,Car,WR,NA,W (Sep 30),to NFC,Sun 8:20 pm vs Det
Aug 5,Luke Lachey,42041,Hou,TE,NA,W (Sep 30),NFC to AFC,Sun 1:00 pm vs Dal
Aug 5,Marlen Sewell,43282,Chi,S,NA,W (Sep 30),AFC to NFC,Sun 1:00 pm vs NYJ
Aug 5,Lawrence Keys,41275,Buf,WR,NA,W (Sep 30),NFC to AFC,Sun 1:00 pm vs NE
Aug 5,Raheem Blackshear,34617,Det,RB,NA,W (Sep 30),to NFC,Sun 8:20 pm @ Car
Aug 5,Tyler Hall,33058,Cle,CB,NA,W (Sep 30),NFC to AFC,Thu 8:15 pm vs Pit
Aug 5,Gee Scott,42290,NE,WR,NA,W (Sep 30),NYJ to NE,Sun 1:00 pm @ Buf
Aug 5,Luke Lachey,42041,Hou,TE,NA,W (Sep 30),GB to Hou,Sun 1:00 pm vs Dal
Aug 5,Lawrence Keys,41275,Buf,WR,NA,W (Sep 30),Det to Buf,Sun 1:00 pm vs NE
Aug 5,Elijah Cooks,40374,Car,WR,NA,W (Sep 30),Phi to Car,Sun 8:20 pm vs Det
Aug 5,Marlon Tuipulotu,33577,Atl,DT,NA,W (Sep 30),KC to Atl,Mon 8:15 pm @ NO
Aug 4,Coziah Izzard,42426,Cle,DT,NA,W (Sep 30),NO to Cle,Thu 8:15 pm vs Pit
Aug 4,Tejhaun Palmer,41079,NE,WR,NA,W (Sep 30),Ari to NE,Sun 1:00 pm @ Buf
Aug 4,Marlen Sewell,43282,Chi,S,NA,W (Sep 30),KC to Chi,Sun 1:00 pm vs NYJ
Aug 4,Jakobie Keeney-James,42246,Pit,WR,NA,W (Sep 30),GB to Pit,Thu 8:15 pm @ Cle
Aug 4,Cole Burgess,41502,Pit,WR,IR,W (Sep 30),Pit to Cin,Thu 8:15 pm @ Cle
Aug 4,Garrett Nelson,40657,NO,"LB,DE",NA,W (Sep 30),NO to Sea,Mon 8:15 pm vs Atl
Aug 4,Tyler Hall,33058,Cle,CB,NA,W (Sep 30),Sea to Cle,Thu 8:15 pm vs Pit
Aug 4,Fabian Moreau,30194,Was,CB,,W (Sep 30),Min to Was,Sun 9:30 am vs Ind
Aug 4,Ahkello Witherspoon,30179,LAR,"DB,CB",NA,W (Sep 30),Was to LAR,Sun 1:00 pm @ Phi
Aug 4,Cam Horsley,42370,Ari,DT,NA,W (Sep 30),AFC to NFC,Sun 1:00 pm @ NYG
Aug 4,Mekhi Rodgers,43468,Ind,CB,NA,W (Sep 30),to AFC,Sun 9:30 am @ Was
Aug 4,Tarik Black,33797,Det,WR,NA,W (Sep 30),NFC to AFC,Sun 8:20 pm @ Car
Aug 4,Travis Bell,40283,Cle,DT,NA,W (Sep 30),to AFC,Thu 8:15 pm vs Pit
Aug 4,Charles Snowden,33914,LV,"LB,DE",SUSP,W (Sep 30),AFC to NFC,Sun 4:25 pm vs KC
Aug 4,Nick Muse,34183,Atl,TE,,W (Sep 30),to NFC,Mon 8:15 pm @ NO
Aug 4,Casey Rogers,41405,NE,DT,NA,W (Sep 30),to AFC,Sun 1:00 pm @ Buf
Aug 4,Evan Hull,40169,Ari,RB,NA,W (Sep 30),NO to Ari,Sun 1:00 pm @ NYG
Aug 4,Charles Snowden,33914,LV,"LB,DE",SUSP,W (Sep 30),LV to Dal,Sun 4:25 pm vs KC
Aug 3,Cam Horsley,42370,Ari,DT,NA,W (Sep 30),Ten to Ari,Sun 1:00 pm @ NYG
Aug 3,Tarik Black,33797,Det,WR,NA,W (Sep 30),Det to Mia,Sun 8:20 pm @ Car
Aug 3,Derrick Canteen,42536,Ten,CB,NA,W (Sep 30),NFC to AFC,Sun 1:00 pm @ Bal
Aug 3,Evan Hull,40169,Ari,RB,NA,W (Sep 30),AFC to NFC,Sun 1:00 pm @ NYG
Aug 3,Jadeveon Clowney,27529,Hou,DE,Q,W (Sep 30),NFC to AFC,Sun 1:00 pm vs Dal
Aug 3,Ja'Markis Weston,42232,NYJ,"LB,DE",NA,W (Sep 30),AFC to NFC,Sun 1:00 pm @ Chi
Aug 3,Roydell Williams,43466,Det,RB,NA,W (Sep 30),to AFC,Sun 8:20 pm @ Car
Aug 3,Charles Snowden,33914,LV,"LB,DE",SUSP,W (Sep 30),NFC to AFC,Sun 4:25 pm vs KC
Aug 3,Jarod Washington,43467,Min,CB,NA,W (Sep 30),to NFC,Sun 4:05 pm vs Mia
Aug 3,Darnell Savage,31853,Was,"S,CB",NA,W (Sep 30),AFC to NFC,Sun 9:30 am vs Ind
Aug 3,Jared Bartlett,42459,Jax,LB,IR,W (Sep 30),NFC to AFC,Sun 1:00 pm @ Cin
Aug 3,Khalil Herbert,33605,Atl,RB,NA,W (Sep 30),AFC to NFC,Mon 8:15 pm @ NO
Aug 3,Titus Leo,40219,SF,DE,NA,W (Sep 30),to NFC,Sun 4:25 pm vs Den
Aug 3,Mario Goodrich III,34382,Ten,CB,NA,W (Sep 30),to AFC,Sun 1:00 pm @ Bal
Aug 3,Quinton Newsome,41391,Ari,CB,NA,W (Sep 30),to NFC,Sun 1:00 pm @ NYG
Aug 3,Liam Clifford,43465,LAC,WR,NA,W (Sep 30),to AFC,Sun 4:25 pm @ Sea
Aug 3,Ja'Markis Weston,42232,NYJ,"LB,DE",NA,W (Sep 30),NYJ to Sea,Sun 1:00 pm @ Chi
Aug 3,Charles Snowden,33914,LV,"LB,DE",SUSP,W (Sep 30),Dal to LV,Sun 4:25 pm vs KC
Aug 3,Khalil Herbert,33605,Atl,RB,NA,W (Sep 30),NYJ to SF,Mon 8:15 pm @ NO
Aug 2,Laki Tasi,42457,Ten,DT,NA,W (Sep 30),LV to Ten,Sun 1:00 pm @ Bal
Aug 2,Hudson Clark,42302,Ari,S,NA,W (Sep 30),Ten to LV,Sun 1:00 pm @ NYG
Aug 2,Evan Hull,40169,Ari,RB,NA,W (Sep 30),Hou to NO,Sun 1:00 pm @ NYG
Aug 2,Khalen Saunders,31916,Ten,DT,NA,W (Sep 30),NYJ to Ten,Sun 1:00 pm @ Bal
Aug 2,Darnell Savage,31853,Was,"S,CB",NA,W (Sep 30),Pit to Was,Sun 9:30 am vs Ind
Aug 2,Jadeveon Clowney,27529,Hou,DE,Q,W (Sep 30),Dal to Hou,Sun 1:00 pm vs Dal
Aug 2,Derrick Canteen,42536,Ten,CB,NA,W (Sep 30),SF to Ten,Sun 1:00 pm @ Bal
Aug 2,Jared Bartlett,42459,Jax,LB,IR,W (Sep 30),Ari to Jax,Sun 1:00 pm @ Cin
Aug 2,Devin White,31837,Det,LB,,W (Sep 30),AFC to NFC,Sun 8:20 pm @ Car
Aug 2,Ben Barten,43326,NYJ,DT,NA,W (Sep 30),NFC to AFC,Sun 1:00 pm @ Chi
Aug 2,Ja'Markis Weston,42232,NYJ,"LB,DE",NA,W (Sep 30),NFC to AFC,Sun 1:00 pm @ Chi
Aug 2,Ethan Hurkett,43120,KC,DE,NA,W (Sep 30),to AFC,Sun 4:25 pm @ LV
Aug 2,Sione Takitaki,31912,Min,LB,NA,W (Sep 30),to AFC,Sun 4:05 pm vs Mia
Aug 2,Joseph Vaughn,42603,Sea,LB,NA,W (Sep 30),AFC to NFC,Sun 4:25 pm vs LAC
Aug 2,Brodric Martin-Rhodes,40122,Ari,"DL,DT",NA,W (Sep 30),AFC to NFC,Sun 1:00 pm @ NYG
Aug 2,Tanner McLachlan,41066,SF,TE,NA,W (Sep 30),AFC to NFC,Sun 4:25 pm vs Den
Aug 1,Joseph Vaughn,42603,Sea,LB,NA,W (Sep 30),Ind to Sea,Sun 4:25 pm vs LAC
Aug 1,Gee Scott,42290,NE,WR,NA,W (Sep 30),NE to NYJ,Sun 1:00 pm @ Buf
Aug 1,Ja'Markis Weston,42232,NYJ,"LB,DE",NA,W (Sep 30),Sea to NYJ,Sun 1:00 pm @ Chi
Aug 1,Tanner McLachlan,41066,SF,TE,NA,W (Sep 30),LAC to SF,Sun 4:25 pm vs Den
Aug 1,Devin White,31837,Det,LB,,W (Sep 30),LV to Det,Sun 8:20 pm @ Car
Aug 1,Rayshawn Jenkins,30226,Pit,S,,W (Sep 30),Cle to Pit,Thu 8:15 pm @ Cle
Aug 1,Ben Barten,43326,NYJ,DT,NA,W (Sep 30),NYG to NYJ,Sun 1:00 pm @ Chi
Aug 1,Brodric Martin-Rhodes,40122,Ari,"DL,DT",NA,W (Sep 30),KC to Ari,Sun 1:00 pm @ NYG
Aug 1,Haggai Ndubuisi,40481,Hou,DT,NA,W (Sep 30),Hou to TB,Sun 1:00 pm vs Dal
Aug 1,Chamon Metayer,43035,Car,TE,NA,W (Sep 30),AFC to NFC,Sun 8:20 pm vs Det
Aug 1,D.J. Miller,41557,Buf,CB,NA,W (Sep 30),to AFC,Sun 1:00 pm vs NE
Aug 1,Tanner McLachlan,41066,SF,TE,NA,W (Sep 30),NFC to AFC,Sun 4:25 pm vs Den
Aug 1,Trenton Irwin,32438,SF,WR,NA,W (Sep 30),to NFC,Sun 4:25 pm vs Den
Aug 1,Cam Camper,42212,NYJ,WR,NA,W (Sep 30),to AFC,Sun 1:00 pm @ Chi
Aug 1,Brenden Rice,41098,LV,WR,NA,W (Sep 30),NFC to AFC,Sun 4:25 pm vs KC
Aug 1,Kaden Prather,42020,GB,WR,NA,W (Sep 30),to NFC,Sun 1:00 pm @ TB
Aug 1,Haggai Ndubuisi,40481,Hou,DT,NA,W (Sep 30),AFC to NFC,Sun 1:00 pm vs Dal
Jul 31,Chamon Metayer,43035,Car,TE,NA,W (Sep 30),Pit to Car,Sun 8:20 pm vs Det
Jul 31,Gee Scott,42290,NE,WR,NA,W (Sep 30),NYJ to NE,Sun 1:00 pm @ Buf
Jul 31,Lenny Krieg,41782,GB,K,NA,W (Sep 30),GB to Atl,Sun 1:00 pm @ TB
Jul 31,Brenden Rice,41098,LV,WR,NA,W (Sep 30),GB to LV,Sun 4:25 pm vs KC
Jul 31,Tanner McLachlan,41066,SF,TE,NA,W (Sep 30),SF to LAC,Sun 4:25 pm vs Den
Jul 31,Zack Kuntz,40255,Dal,TE,NA,W (Sep 30),NYJ to LV,Sun 1:00 pm @ Hou
Jul 31,Josiah Deguara,32764,Phi,TE,NA,W (Sep 30),Ari to SF,Sun 1:00 pm vs LAR
Jul 31,Sam Webb,34562,NYG,CB,NA,W (Sep 30),Cle to Den,Sun 1:00 pm vs Ari
Jul 31,Gabriel Benyard,43333,Car,WR,NA,W (Sep 30),AFC to NFC,Sun 8:20 pm vs Det
Jul 31,Dante Pettis,31014,Buf,WR,NA,W (Sep 30),NFC to AFC,Sun 1:00 pm vs NE
Jul 31,Hudson Clark,42302,Ari,S,NA,W (Sep 30),to AFC,Sun 1:00 pm @ NYG
Jul 31,Quincy Skinner Jr.,42187,GB,WR,NA,W (Sep 30),to AFC,Sun 1:00 pm @ TB
Jul 31,Anfernee Orji,40340,NYG,"LB,DE",NA,W (Sep 30),AFC to NFC,Sun 1:00 pm vs Ari
Jul 31,Jalen Virgil,34579,Ari,WR,NA,W (Sep 30),AFC to NFC,Sun 1:00 pm @ NYG
Jul 31,Jalen Virgil,34579,Ari,WR,NA,W (Sep 30),Buf to Ari,Sun 1:00 pm @ NYG
Jul 31,Deebo Samuel Sr.,31868,SF,WR,,Max’s TD Bombers,Was to SF,Sun 4:25 pm vs Den
Jul 31,Dante Pettis,31014,Buf,WR,NA,W (Sep 30),NO to Buf,Sun 1:00 pm vs NE
Jul 30,Anfernee Orji,40340,NYG,"LB,DE",NA,W (Sep 30),Ten to NYG,Sun 1:00 pm vs Ari
Jul 30,Gabriel Benyard,43333,Car,WR,NA,W (Sep 30),Buf to Car,Sun 8:20 pm vs Det
Jul 30,Ross Blacklock,32709,NYG,DE,NA,W (Sep 30),Atl to NYG,Sun 1:00 pm vs Ari
Jul 30,Cooper Rush,30788,Atl,QB,,W (Sep 30),AFC to NFC,Mon 8:15 pm @ NO
Jul 30,Andre Carter II,40303,LAC,"LB,DE",NA,W (Sep 30),NFC to AFC,Sun 4:25 pm @ Sea
Jul 30,Ifeatu Melifonwu,33489,TB,S,,W (Sep 30),AFC to NFC,Sun 1:00 pm vs GB
Jul 30,K.J. Henry,40203,Pit,"LB,DE",NA,W (Sep 30),AFC to NFC,Thu 8:15 pm @ Cle
Jul 30,Trevor Siemian,28638,Ten,QB,NA,W (Sep 30),NFC to AFC,Sun 1:00 pm @ Bal
Jul 30,DJ Turner,33813,LV,WR,NA,W (Sep 30),to AFC,Sun 4:25 pm vs KC
Jul 30,Haggai Ndubuisi,40481,Hou,DT,NA,W (Sep 30),NFC to AFC,Sun 1:00 pm vs Dal
Jul 30,Travis Shaw,43450,TB,DT,NA,W (Sep 30),AFC to NFC,Sun 1:00 pm vs GB
Jul 30,River Cracraft,30955,Was,WR,NA,W (Sep 30),to NFC,Sun 9:30 am vs Ind
Jul 30,Kyre Duplessis,43458,Den,WR,NA,W (Sep 30),Det to Sea,Sun 4:25 pm @ SF
Jul 29,Travis Shaw,43450,TB,DT,NA,W (Sep 30),NE to TB,Sun 1:00 pm vs GB
Jul 29,Casey Washington,41074,Car,WR,NA,W (Sep 30),Atl to Car,Sun 8:20 pm vs Det
Jul 29,Haggai Ndubuisi,40481,Hou,DT,NA,W (Sep 30),TB to Hou,Sun 1:00 pm vs Dal
Jul 29,K.J. Henry,40203,Pit,"LB,DE",NA,W (Sep 30),Pit to SF,Thu 8:15 pm @ Cle
Jul 29,Ifeatu Melifonwu,33489,TB,S,,W (Sep 30),Mia to TB,Sun 1:00 pm vs GB
Jul 29,Andre Carter II,40303,LAC,"LB,DE",NA,W (Sep 30),Was to Mia,Sun 4:25 pm @ Sea
Jul 29,Cooper Rush,30788,Atl,QB,,W (Sep 30),Bal to Atl,Mon 8:15 pm @ NO
Jul 29,Anthony Firkser,30571,Det,TE,NA,W (Sep 30),Was to Det,Sun 8:20 pm @ Car
Jul 29,Trevor Siemian,28638,Ten,QB,NA,W (Sep 30),Atl to Ten,Sun 1:00 pm @ Bal
Jul 29,Beanie Bishop Jr.,41136,Chi,CB,SUSP,W (Sep 30),NO to Pit,Sun 1:00 pm vs NYJ
Jul 29,Jay Tufele,33494,NYJ,DT,NA,W (Sep 30),Det to NYJ,Sun 1:00 pm @ Chi
Jul 29,Patrick Johnson,33622,LV,LB,,W (Sep 30),to AFC,Sun 4:25 pm vs KC
Jul 29,Thomas Yassmin,41397,GB,TE,IR,W (Sep 30),AFC to NFC,Sun 1:00 pm @ TB
Jul 29,Tyler Moore,43464,Ind,TE,NA,W (Sep 30),to NFC,Sun 9:30 am @ Was
Jul 29,Corey Ballentine,32012,Jax,CB,NA,W (Sep 30),NFC to AFC,Sun 1:00 pm @ Cin
Jul 29,Quinton Bell,32062,SF,"LB,DE",NA,W (Sep 30),AFC to NFC,Sun 4:25 pm vs Den
Jul 29,Marlon Davidson,32717,NYG,"DT,DE",NA,W (Sep 30),to NFC,Sun 1:00 pm vs Ari
Jul 29,Beanie Bishop Jr.,41136,Chi,CB,SUSP,W (Sep 30),NFC to AFC,Sun 1:00 pm vs NYJ
Jul 29,Jay Tufele,33494,NYJ,DT,NA,W (Sep 30),NFC to AFC,Sun 1:00 pm @ Chi
Jul 29,Jordan Mims,40631,Phi,RB,NA,W (Sep 30),AFC to NFC,Sun 1:00 pm vs LAR
Jul 29,Thomas Yassmin,41397,GB,TE,IR,W (Sep 30),LAC to GB,Sun 1:00 pm @ TB
Jul 29,Quinton Bell,32062,SF,"LB,DE",NA,W (Sep 30),Mia to SF,Sun 4:25 pm vs Den
Jul 28,Mike Reid,42265,NO,CB,,W (Sep 30),Car to NO,Mon 8:15 pm vs Atl
Jul 28,Dane Jackson,32909,Buf,CB,NA,W (Sep 30),Jax to Buf,Sun 1:00 pm vs NE
Jul 28,Corey Ballentine,32012,Jax,CB,NA,W (Sep 30),Dal to Jax,Sun 1:00 pm @ Cin
Jul 28,Lenny Krieg,41782,GB,K,NA,W (Sep 30),Atl to GB,Sun 1:00 pm @ TB
Jul 28,Jordan Mims,40631,Phi,RB,NA,W (Sep 30),Ten to Min,Sun 1:00 pm vs LAR
Jul 28,Buddy Johnson,33528,Chi,LB,NA,W (Sep 30),NFC to AFC,Sun 1:00 pm vs NYJ
Jul 28,Jamal Adams,30119,Min,LB,IR,W (Sep 30),AFC to NFC,Sun 4:05 pm vs Mia
Jul 28,Deven Thompkins,34520,LV,WR,NA,W (Sep 30),NFC to AFC,Sun 4:25 pm vs KC
Jul 28,Alex Cook,40530,LAR,S,NA,W (Sep 30),to NFC,Sun 1:00 pm @ Phi
Jul 28,Deven Thompkins,34520,LV,WR,NA,W (Sep 30),Atl to LV,Sun 4:25 pm vs KC
Jul 28,Buddy Johnson,33528,Chi,LB,NA,W (Sep 30),Dal to LV,Sun 1:00 pm vs NYJ
Jul 28,Clelin Ferrell,31836,Mia,DE,NA,W (Sep 30),LAC to Mia,Sun 4:05 pm @ Min
Jul 28,Jamal Adams,30119,Min,LB,IR,W (Sep 30),LV to Min,Sun 4:05 pm vs Mia
Jul 27,Troy Reeder,32135,NYJ,LB,,W (Sep 30),LAR to Det,Sun 1:00 pm @ Chi
Jul 27,Jeremiah Franklin,43463,Mia,TE,NA,W (Sep 30),to AFC,Sun 4:05 pm @ Min
Jul 27,Kyon Barrs,41656,Car,DT,NA,W (Sep 30),to NFC,Sun 8:20 pm vs Det
Jul 26,DeCarlos Nicholson,43067,Car,CB,NA,W (Sep 30),AFC to NFC,Sun 8:20 pm vs Det
Jul 26,Cam Jones,40557,KC,LB,NA,W (Sep 30),NFC to AFC,Sun 4:25 pm @ LV
Jul 26,C.J. Ravenell,41582,NYG,DE,NA,W (Sep 30),NFC to AFC,Sun 1:00 pm vs Ari
Jul 26,Kobe Prentice,43022,NE,WR,NA,W (Sep 30),NFC to AFC,Sun 1:00 pm @ Buf
Jul 26,Tanner McLachlan,41066,SF,TE,NA,W (Sep 30),AFC to NFC,Sun 4:25 pm vs Den
Jul 25,DeCarlos Nicholson,43067,Car,CB,NA,W (Sep 30),Cle to Car,Sun 8:20 pm vs Det
Jul 25,Kobe Prentice,43022,NE,WR,NA,W (Sep 30),Car to NE,Sun 1:00 pm @ Buf
Jul 25,Jared Bartlett,42459,Jax,LB,IR,W (Sep 30),Car to Ari,Sun 1:00 pm @ Cin
Jul 25,C.J. Ravenell,41582,NYG,DE,NA,W (Sep 30),NYG to Ten,Sun 1:00 pm vs Ari
Jul 25,Tanner McLachlan,41066,SF,TE,NA,W (Sep 30),LAC to SF,Sun 4:25 pm vs Den
Jul 25,Cam Jones,40557,KC,LB,NA,W (Sep 30),NYG to NYJ,Sun 4:25 pm @ LV
Jul 25,Elijah Garcia,34339,Dal,"DL,DE",NA,W (Sep 30),NYG to Car,Sun 1:00 pm @ Hou
Jul 25,Cam Gill,33272,Car,LB,NA,W (Sep 30),to NFC,Sun 8:20 pm vs Det
Jul 25,Chris Moore,29341,Bal,WR,,W (Sep 30),NFC to AFC,Sun 1:00 pm vs Ten
Jul 25,Chris Moore,29341,Bal,WR,,W (Sep 30),Was to Bal,Sun 1:00 pm vs Ten
Jul 24,Nazeeh Johnson,34215,Ten,CB,NA,W (Sep 30),KC to Ten,Sun 1:00 pm @ Bal
Jul 24,Nick Vannett,29328,Bal,TE,NA,W (Sep 30),LAR to Sea,Sun 1:00 pm vs Ten
Jul 24,Caden Prieskorn,42243,Car,TE,NA,W (Sep 30),AFC to NFC,Sun 8:20 pm vs Det
Jul 23,Caden Prieskorn,42243,Car,TE,NA,W (Sep 30),Cle to Car,Sun 8:20 pm vs Det
Jul 23,Coziah Izzard,42426,Cle,DT,NA,W (Sep 30),Ari to NO,Thu 8:15 pm vs Pit
Jul 23,Michael Woods II,34158,Den,WR,NA,W (Sep 30),GB to Den,Sun 4:25 pm @ SF
Jul 23,Riley Wilson,43378,NE,LB,NA,W (Sep 30),NFC to AFC,Sun 1:00 pm @ Buf
Jul 23,Mitch Van Vooren,42547,NE,TE,NA,W (Sep 30),to AFC,Sun 1:00 pm @ Buf
Jul 23,Michael Woods II,34158,Den,WR,NA,W (Sep 30),NFC to AFC,Sun 4:25 pm @ SF
Jul 23,Riley Wilson,43378,NE,LB,NA,W (Sep 30),TB to NE,Sun 1:00 pm @ Buf
Jul 22,Coziah Izzard,42426,Cle,DT,NA,W (Sep 30),NO to Ari,Thu 8:15 pm vs Pit
Jul 22,Harrison Bryant,32785,Hou,TE,NA,W (Sep 30),NFC to AFC,Sun 1:00 pm vs Dal
Jul 22,Damarri Mathis,34071,Cle,CB,IR,W (Sep 30),NFC to AFC,Thu 8:15 pm vs Pit
Jul 22,Brandon Johnson,42179,Phi,"S,CB",NA,W (Sep 30),Phi to Sea,Sun 1:00 pm vs LAR
Jul 22,Harrison Bryant,32785,Hou,TE,NA,W (Sep 30),Sea to Hou,Sun 1:00 pm vs Dal
Jul 21,Damarri Mathis,34071,Cle,CB,IR,W (Sep 30),Car to Cle,Thu 8:15 pm vs Pit
Jul 15,Will Grier,31932,Dal,QB,NA,W (Sep 30),Car to Dal,Sun 1:00 pm @ Hou
Jul 15,Deven Thompkins,34520,LV,WR,NA,W (Sep 30),AFC to NFC,Sun 4:25 pm vs KC
Jul 14,Quentin Skinner,42223,Buf,WR,NA,W (Sep 30),NYJ to Buf,Sun 1:00 pm vs NE
Jul 14,Deven Thompkins,34520,LV,WR,NA,W (Sep 30),Buf to Atl,Sun 4:25 pm vs KC
Jul 14,Quentin Skinner,42223,Buf,WR,NA,W (Sep 30),NYJ to Buf,Sun 1:00 pm vs NE
Jul 14,Deven Thompkins,34520,LV,WR,NA,W (Sep 30),Buf to Atl,Sun 4:25 pm vs KC
Jul 8,C.J. Ravenell,41582,NYG,DE,NA,W (Sep 30),AFC to NFC,Sun 1:00 pm vs Ari
Jul 7,C.J. Ravenell,41582,NYG,DE,NA,W (Sep 30),Ten to NYG,Sun 1:00 pm vs Ari
Jul 7,Rasul Douglas,30212,Was,CB,,W (Sep 30),AFC to NFC,Sun 9:30 am vs Ind
Jul 6,Rasul Douglas,30212,Was,CB,,W (Sep 30),Mia to Was,Sun 9:30 am vs Ind
Jul 1,Cardinals,,Ari,OFF,,W (Sep 30),to NFC,Sun 1:00 pm @ NYG
Jul 1,Bills,,Buf,OFF,,W (Sep 30),to AFC,Sun 1:00 pm vs NE
Jul 1,Dolphins,,Mia,OFF,,W (Sep 30),to AFC,Sun 4:05 pm @ Min
Jul 1,Titans,,Ten,OFF,,W (Sep 30),to AFC,Sun 1:00 pm @ Bal
Jul 1,Texans,,Hou,OFF,,W (Sep 30),to AFC,Sun 1:00 pm vs Dal
Jul 1,Broncos,,Den,OFF,,W (Sep 30),to AFC,Sun 4:25 pm @ SF
Jul 1,49ers,,SF,OFF,,W (Sep 30),to NFC,Sun 4:25 pm vs Den
Jul 1,Bears,,Chi,OFF,,W (Sep 30),to NFC,Sun 1:00 pm vs NYJ
Jul 1,Cowboys,,Dal,OFF,,W (Sep 30),to NFC,Sun 1:00 pm @ Hou
Jul 1,Saints,,NO,OFF,,W (Sep 30),to NFC,Mon 8:15 pm vs Atl
Jul 1,Seahawks,,Sea,OFF,,W (Sep 30),to NFC,Sun 4:25 pm vs LAC
Jul 1,Lions,,Det,OFF,,W (Sep 30),to NFC,Sun 8:20 pm @ Car
Jul 1,Eagles,,Phi,OFF,,W (Sep 30),to NFC,Sun 1:00 pm vs LAR
Jul 1,Rams,,LAR,OFF,,W (Sep 30),to NFC,Sun 1:00 pm @ Phi
Jul 1,Ravens,,Bal,OFF,,W (Sep 30),to AFC,Sun 1:00 pm vs Ten
Jul 1,Vikings,,Min,OFF,,W (Sep 30),to NFC,Sun 4:05 pm vs Mia
Jul 1,Commanders,,Was,OFF,,W (Sep 30),to NFC,Sun 9:30 am vs Ind
Jul 1,Jets,,NYJ,OFF,,W (Sep 30),to AFC,Sun 1:00 pm @ Chi
Jul 1,Buccaneers,,TB,OFF,,W (Sep 30),to NFC,Sun 1:00 pm vs GB
Jul 1,Browns,,Cle,OFF,,W (Sep 30),to AFC,Thu 8:15 pm vs Pit
Jul 1,Colts,,Ind,OFF,,W (Sep 30),to AFC,Sun 9:30 am @ Was
Jul 1,Packers,,GB,OFF,,W (Sep 30),to NFC,Sun 1:00 pm @ TB
Jul 1,Giants,,NYG,OFF,,W (Sep 30),to NFC,Sun 1:00 pm vs Ari
Jul 1,Chargers,,LAC,OFF,,W (Sep 30),to AFC,Sun 4:25 pm @ Sea
Jul 1,Steelers,,Pit,OFF,,W (Sep 30),to AFC,Thu 8:15 pm @ Cle
Jul 1,Raiders,,LV,OFF,,W (Sep 30),to AFC,Sun 4:25 pm vs KC
Jul 1,Chiefs,,KC,OFF,,W (Sep 30),to AFC,Sun 4:25 pm @ LV
Jul 1,Bengals,,Cin,OFF,,W (Sep 30),to AFC,Sun 1:00 pm vs Jax
Jul 1,Patriots,,NE,OFF,,W (Sep 30),to AFC,Sun 1:00 pm @ Buf
Jul 1,Jaguars,,Jax,OFF,,W (Sep 30),to AFC,Sun 1:00 pm @ Cin
Jul 1,Falcons,,Atl,OFF,,W (Sep 30),to NFC,Mon 8:15 pm @ NO
Jul 1,Panthers,,Car,OFF,,W (Sep 30),to NFC,Sun 8:20 pm vs Det
Jun 26,Michael Woods II,34158,Den,WR,NA,W (Sep 30),AFC to NFC,Sun 4:25 pm @ SF
Jun 25,Ahmari Harvey,43385,Mia,CB,NA,W (Sep 30),Den to Pit,Sun 4:05 pm @ Min
Jun 25,Michael Woods II,34158,Den,WR,NA,W (Sep 30),Den to GB,Sun 4:25 pm @ SF
Jun 21,Blake Cotton,43462,Den,CB,NA,W (Sep 30),to AFC,Sun 4:25 pm @ SF
Jun 21,Devonnsha Maxwell,40471,Atl,DT,NA,W (Sep 30),to NFC,Mon 8:15 pm @ NO
Jun 20,Lawrence Keys,41275,Buf,WR,NA,W (Sep 30),to NFC,Sun 1:00 pm vs NE
Jun 19,Ian Wheeler,41322,Buf,RB,NA,W (Sep 30),to AFC,Sun 1:00 pm vs NE
Jun 19,Charles Snowden,33914,LV,"LB,DE",SUSP,W (Sep 30),AFC to NFC,Sun 4:25 pm vs KC
Jun 19,Ameer Speed,40206,Dal,CB,,W (Sep 30),to NFC,Sun 1:00 pm @ Hou
Jun 19,Denzel Mims,32729,Dal,WR,NA,W (Sep 30),to NFC,Sun 1:00 pm @ Hou
Jun 18,Charles Snowden,33914,LV,"LB,DE",SUSP,W (Sep 30),LV to Dal,Sun 4:25 pm vs KC
Jun 18,Tanner Brown,40376,NO,K,NA,W (Sep 30),to NFC,Mon 8:15 pm vs Atl
Jun 18,Mason Pline,41368,KC,TE,NA,W (Sep 30),NFC to AFC,Sun 4:25 pm @ LV
Jun 18,Michael Woods II,34158,Den,WR,NA,W (Sep 30),NFC to AFC,Sun 4:25 pm @ SF
Jun 18,Lucky Jackson,40791,Det,WR,NA,W (Sep 30),to NFC,Sun 8:20 pm @ Car
Jun 18,Tay Martin,34319,Det,WR,,W (Sep 30),to NFC,Sun 8:20 pm @ Car
Jun 18,Shaun Wade,33548,Phi,CB,NA,W (Sep 30),AFC to NFC,Sun 1:00 pm vs LAR
Jun 18,Jalen Moreno-Cropper,40774,NO,WR,NA,W (Sep 30),to NFC,Mon 8:15 pm vs Atl
Jun 18,Juice Wells Jr.,42444,Atl,WR,NA,W (Sep 30),to NFC,Mon 8:15 pm @ NO
Jun 18,Tarik Black,33797,Det,WR,NA,W (Sep 30),to NFC,Sun 8:20 pm @ Car
Jun 18,Keshawn Banks,40446,Atl,LB,NA,W (Sep 30),to NFC,Mon 8:15 pm @ NO
Jun 18,Hunter Dekkers,42537,NO,QB,NA,W (Sep 30),to NFC,Mon 8:15 pm vs Atl
Jun 18,Mason Pline,41368,KC,TE,NA,W (Sep 30),NO to KC,Sun 4:25 pm @ LV
Jun 18,Michael Woods II,34158,Den,WR,NA,W (Sep 30),GB to Den,Sun 4:25 pm @ SF
Jun 17,Elijah Garcia,34339,Dal,"DL,DE",NA,W (Sep 30),Atl to NYG,Sun 1:00 pm @ Hou
Jun 17,Shaun Wade,33548,Phi,CB,NA,W (Sep 30),Mia to Phi,Sun 1:00 pm vs LAR
Jun 17,Kaden Davis,34569,Chi,WR,NA,W (Sep 30),to NFC,Sun 1:00 pm vs NYJ
Jun 17,Michael Woods II,34158,Den,WR,NA,W (Sep 30),AFC to NFC,Sun 4:25 pm @ SF
Jun 17,Jahvaree Ritzie,42480,Min,"DT,DE",NA,W (Sep 30),AFC to NFC,Sun 4:05 pm vs Mia
Jun 17,Shaun Wade,33548,Phi,CB,NA,W (Sep 30),to AFC,Sun 1:00 pm vs LAR
Jun 17,Sean Fresch Jr.,43461,Den,CB,NA,W (Sep 30),to AFC,Sun 4:25 pm @ SF
Jun 17,Jalyn Holmes,31072,Ten,DE,NA,W (Sep 30),NFC to AFC,Sun 1:00 pm @ Bal
Jun 17,Marshall Lang,42353,Min,TE,NA,W (Sep 30),AFC to NFC,Sun 4:05 pm vs Mia
Jun 17,Tony Fields II,33541,Chi,LB,IR-R,W (Sep 30),to NFC,Sun 1:00 pm vs NYJ
Jun 17,Erik Ezukanma,34081,Phi,WR,NA,W (Sep 30),to NFC,Sun 1:00 pm vs LAR
Jun 17,Joe Tryon-Shoyinka,33420,Cle,"LB,DE",NA,W (Sep 30),NFC to AFC,Thu 8:15 pm vs Pit
Jun 16,Jahvaree Ritzie,42480,Min,"DT,DE",NA,W (Sep 30),NE to Min,Sun 4:05 pm vs Mia
Jun 16,Marshall Lang,42353,Min,TE,NA,W (Sep 30),NE to Min,Sun 4:05 pm vs Mia
Jun 16,Michael Woods II,34158,Den,WR,NA,W (Sep 30),Den to GB,Sun 4:25 pm @ SF
Jun 16,Joe Tryon-Shoyinka,33420,Cle,"LB,DE",NA,W (Sep 30),Phi to Cle,Thu 8:15 pm vs Pit
Jun 16,Jalyn Holmes,31072,Ten,DE,NA,W (Sep 30),Was to Ten,Sun 1:00 pm @ Bal
Jun 16,Luke Lachey,42041,Hou,TE,NA,W (Sep 30),AFC to NFC,Sun 1:00 pm vs Dal
Jun 16,Levi Wentz,43241,Pit,WR,NA,W (Sep 30),NFC to AFC,Thu 8:15 pm @ Cle
Jun 16,Major Burns,42046,Mia,S,NA,W (Sep 30),to AFC,Sun 4:05 pm @ Min
Jun 16,Keith Taylor,33554,Atl,CB,NA,W (Sep 30),AFC to NFC,Mon 8:15 pm @ NO
Jun 16,Hakeem Butler,31935,Den,WR,NA,W (Sep 30),to AFC,Sun 4:25 pm @ SF
Jun 15,Levi Wentz,43241,Pit,WR,NA,W (Sep 30),Sea to Pit,Thu 8:15 pm @ Cle
Jun 15,Luke Lachey,42041,Hou,TE,NA,W (Sep 30),Hou to GB,Sun 1:00 pm vs Dal
Jun 15,Keith Taylor,33554,Atl,CB,NA,W (Sep 30),Jax to Atl,Mon 8:15 pm @ NO
Jun 12,Kenny Yeboah,33705,Ari,TE,NA,W (Sep 30),to NFC,Sun 1:00 pm @ NYG
Jun 12,Joaquin Davis,42072,Pit,WR,NA,W (Sep 30),NFC to AFC,Thu 8:15 pm @ Cle
Jun 12,Deven Thompkins,34520,LV,WR,NA,W (Sep 30),NFC to AFC,Sun 4:25 pm vs KC
Jun 11,Deven Thompkins,34520,LV,WR,NA,W (Sep 30),Atl to Buf,Sun 4:25 pm vs KC
Jun 11,Joaquin Davis,42072,Pit,WR,NA,W (Sep 30),Min to Pit,Thu 8:15 pm @ Cle
Jun 11,Jordan Mims,40631,Phi,RB,NA,W (Sep 30),NFC to AFC,Sun 1:00 pm vs LAR
Jun 11,A.J. Epenesa,32724,Phi,"LB,DE",NA,W (Sep 30),to NFC,Sun 1:00 pm vs LAR
Jun 11,Chandler Martin,42470,NYG,LB,NA,W (Sep 30),NFC to AFC,Sun 1:00 pm vs Ari
Jun 11,Jordan Mims,40631,Phi,RB,NA,W (Sep 30),SF to Ten,Sun 1:00 pm vs LAR
Jun 11,Sincere McCormick,34551,SF,RB,NA,W (Sep 30),Ari to SF,Sun 4:25 pm vs Den
Jun 11,Brandon Johnson,34571,Pit,WR,NA,W (Sep 30),Pit to LV,Thu 8:15 pm @ Cle
Jun 10,Chandler Martin,42470,NYG,LB,NA,W (Sep 30),Phi to Bal,Sun 1:00 pm vs Ari
Jun 10,Tomon Fox,34669,LAR,LB,NA,W (Sep 30),to NFC,Sun 1:00 pm @ Phi
Jun 9,Malick Meiga,43460,Sea,WR,NA,W (Sep 30),to NFC,Sun 4:25 pm vs LAC
Jun 9,B.T. Potter,40321,TB,K,NA,W (Sep 30),to NFC,Sun 1:00 pm vs GB
Jun 8,Jalen Walthall,43193,NYJ,WR,NA,W (Sep 30),Hou to NYJ,Sun 1:00 pm @ Chi
Jun 8,L'Jarius Sneed,32808,KC,CB,,W (Sep 30),Ten to KC,Sun 4:25 pm @ LV
Jun 7,Zion Wilson,43459,Phi,DT,NA,W (Sep 30),to NFC,Sun 1:00 pm vs LAR
Jun 5,Kyre Duplessis,43458,Den,WR,NA,W (Sep 30),to NFC,Sun 4:25 pm @ SF
Jun 5,Isaiah Oliver,31028,Ten,S,NA,W (Sep 30),AFC to NFC,Sun 1:00 pm @ Bal
Jun 5,Louis Hansen,43457,Hou,TE,NA,W (Sep 30),to AFC,Sun 1:00 pm vs Dal
Jun 5,Gee Scott,42290,NE,WR,NA,W (Sep 30),to AFC,Sun 1:00 pm @ Buf
Jun 5,Benton Whitley,34332,NE,"LB,DE",NA,W (Sep 30),NFC to AFC,Sun 1:00 pm @ Buf
Jun 5,Benton Whitley,34332,NE,"LB,DE",NA,W (Sep 30),TB to Cle,Sun 1:00 pm @ Buf
Jun 4,Jamin Davis,33407,Pit,"LB,DE",NA,W (Sep 30),LV to Pit,Thu 8:15 pm @ Cle
Jun 4,Dane Jackson,32909,Buf,CB,NA,W (Sep 30),Buf to Jax,Sun 1:00 pm vs NE
Jun 4,Isaiah Oliver,31028,Ten,S,NA,W (Sep 30),NYJ to Ari,Sun 1:00 pm @ Bal
Jun 4,Trayvon Rudolph,43439,Min,WR,NA,W (Sep 30),Sea to Min,Sun 4:05 pm vs Mia
Jun 4,Michael Briscoe,43242,Min,WR,NA,W (Sep 30),Sea to Min,Sun 4:05 pm vs Mia
Jun 4,Robert Tonyan,30777,Pit,TE,,W (Sep 30),KC to Pit,Thu 8:15 pm @ Cle
Jun 4,Jaden Smith,42568,Dal,WR,NA,W (Sep 30),to NFC,Sun 1:00 pm @ Hou
Jun 4,Younghoe Koo,30426,NYG,K,NA,W (Sep 30),AFC to NFC,Sun 1:00 pm vs Ari
Jun 4,Chandler Martin,42470,NYG,LB,NA,W (Sep 30),AFC to NFC,Sun 1:00 pm vs Ari
Jun 3,Chandler Martin,42470,NYG,LB,NA,W (Sep 30),Bal to Phi,Sun 1:00 pm vs Ari
Jun 3,Jason Sanders,31199,NYJ,K,,W (Sep 30),Mia to NYJ,Sun 1:00 pm @ Chi
Jun 3,Younghoe Koo,30426,NYG,K,NA,W (Sep 30),NYJ to NYG,Sun 1:00 pm vs Ari
Jun 3,Ashtyn Davis,32738,SF,S,,W (Sep 30),AFC to NFC,Sun 4:25 pm vs Den
Jun 3,Markees Watts,40691,TB,"LB,DE",NA,W (Sep 30),AFC to NFC,Sun 1:00 pm vs GB
Jun 3,Makari Paige,42198,NYG,S,NA,W (Sep 30),AFC to NFC,Sun 1:00 pm vs Ari
Jun 3,Jalen Reagor,32691,Mia,WR,NA,W (Sep 30),to AFC,Sun 4:05 pm @ Min
Jun 3,Jason Sanders,31199,NYJ,K,,W (Sep 30),NFC to AFC,Sun 1:00 pm @ Chi
Jun 3,Elijah Mitchell,33582,KC,RB,NA,W (Sep 30),AFC to NFC,Sun 4:25 pm @ LV
Jun 3,Jermar Jefferson,33644,Min,RB,NA,W (Sep 30),SF to Ari,Sun 4:05 pm vs Mia
Jun 3,Ashtyn Davis,32738,SF,S,,W (Sep 30),Mia to SF,Sun 4:25 pm vs Den
Jun 2,Markees Watts,40691,TB,"LB,DE",NA,W (Sep 30),Cle to TB,Sun 1:00 pm vs GB
Jun 2,Makari Paige,42198,NYG,S,NA,W (Sep 30),Pit to NYG,Sun 1:00 pm vs Ari
Jun 2,Elijah Mitchell,33582,KC,RB,NA,W (Sep 30),KC to Phi,Sun 4:25 pm @ LV
Jun 2,Jason Sanders,31199,NYJ,K,,W (Sep 30),NYG to Mia,Sun 1:00 pm @ Chi
Jun 2,Anthony Firkser,30571,Det,TE,NA,W (Sep 30),Det to Was,Sun 8:20 pm @ Car
Jun 2,Quinton Bohanna,33580,Jax,DT,NA,W (Sep 30),to AFC,Sun 1:00 pm @ Cin
Jun 2,Odell Beckham Jr.,27540,NYG,WR,NA,W (Sep 30),to NFC,Sun 1:00 pm vs Ari
Jun 2,Jared Verse,40894,Cle,"DL,LB,DE",,W (Sep 30),NFC to AFC,Thu 8:15 pm vs Pit
Jun 2,Chandler Martin,42470,NYG,LB,NA,W (Sep 30),NFC to AFC,Sun 1:00 pm vs Ari
Jun 2,Da'Quan Felton,42201,NYJ,WR,NA,W (Sep 30),NFC to AFC,Sun 1:00 pm @ Chi
Jun 2,Myles Garrett,30114,LAR,"LB,DE",IR,W (Sep 30),AFC to NFC,Sun 1:00 pm @ Phi
Jun 2,A.J. Brown,31883,NE,WR,IR,Monday Night Madison,NFC to AFC,Sun 1:00 pm @ Buf
Jun 2,Braxton Berrios,31180,NYG,WR,,W (Sep 30),AFC to NFC,Sun 1:00 pm vs Ari
Jun 2,Lenny Krieg,41782,GB,K,NA,W (Sep 30),AFC to NFC,Sun 1:00 pm @ TB
Jun 2,JuJu Smith-Schuster,30175,NYG,WR,NA,W (Sep 30),AFC to NFC,Sun 1:00 pm vs Ari
Jun 2,Jai'Onte' McMillan,43454,Ind,CB,NA,W (Sep 30),to AFC,Sun 9:30 am @ Was
Jun 2,Romello Brinson,43150,Dal,WR,NA,W (Sep 30),AFC to NFC,Sun 1:00 pm @ Hou
Jun 2,Easton Stick,31998,TB,QB,NA,W (Sep 30),NFC to AFC,Sun 1:00 pm vs GB
Jun 2,Chase Wilson,43453,NYJ,LB,NA,W (Sep 30),to AFC,Sun 1:00 pm @ Chi
Jun 1,Romello Brinson,43150,Dal,WR,NA,W (Sep 30),Mia to Dal,Sun 1:00 pm @ Hou
Jun 1,Chandler Martin,42470,NYG,LB,NA,W (Sep 30),Phi to Bal,Sun 1:00 pm vs Ari
Jun 1,Da'Quan Felton,42201,NYJ,WR,NA,W (Sep 30),NYG to NYJ,Sun 1:00 pm @ Chi
Jun 1,Daryl Porter,42064,Pit,CB,NA,W (Sep 30),Buf to Pit,Thu 8:15 pm @ Cle
Jun 1,Jared Verse,40894,Cle,"DL,LB,DE",,W (Sep 30),LAR to Cle,Thu 8:15 pm vs Pit
Jun 1,Easton Stick,31998,TB,QB,NA,W (Sep 30),Atl to Ind,Sun 1:00 pm vs GB
Jun 1,A.J. Brown,31883,NE,WR,IR,Monday Night Madison,Phi to NE,Sun 1:00 pm @ Buf
Jun 1,JuJu Smith-Schuster,30175,NYG,WR,NA,W (Sep 30),KC to NYG,Sun 1:00 pm vs Ari
Jun 1,Myles Garrett,30114,LAR,"LB,DE",IR,W (Sep 30),Cle to LAR,Sun 1:00 pm @ Phi
Jun 1,Mac Dalena,42107,Buf,WR,NA,W (Sep 30),KC to Buf,Sun 1:00 pm vs NE
Jun 1,Lenny Krieg,41782,GB,K,NA,W (Sep 30),NYJ to Atl,Sun 1:00 pm @ TB
Jun 1,Samori Toure,34214,Phi,WR,NA,W (Sep 30),NO to Phi,Sun 1:00 pm vs LAR
Jun 1,Braxton Berrios,31180,NYG,WR,,W (Sep 30),Hou to NYG,Sun 1:00 pm vs Ari
May 29,Younghoe Koo,30426,NYG,K,NA,W (Sep 30),to AFC,Sun 1:00 pm vs Ari
May 29,Jordan Mims,40631,Phi,RB,NA,W (Sep 30),to NFC,Sun 1:00 pm vs LAR
May 29,Jermar Jefferson,33644,Min,RB,NA,W (Sep 30),to NFC,Sun 4:05 pm vs Mia
May 28,Sincere McCormick,34551,SF,RB,NA,W (Sep 30),SF to Ari,Sun 4:25 pm vs Den
May 28,Jackson Sirmon,41332,NO,LB,NA,W (Sep 30),to NFC,Mon 8:15 pm vs Atl
May 28,D. Flannigan-Fowles,32319,Buf,LB,NA,W (Sep 30),NFC to AFC,Sun 1:00 pm vs NE
May 28,Irv Charles,34356,Sea,WR,IR-R,W (Sep 30),AFC to NFC,Sun 4:25 pm vs LAC
May 28,Josh Tupou,30586,NYG,DT,,W (Sep 30),to NFC,Sun 1:00 pm vs Ari
May 28,Jha'Quan Jackson,41065,Hou,WR,NA,W (Sep 30),to AFC,Sun 1:00 pm vs Dal
May 28,Brandon Hayes,43451,Phi,WR,NA,W (Sep 30),to NFC,Sun 1:00 pm vs LAR
May 27,D. Flannigan-Fowles,32319,Buf,LB,NA,W (Sep 30),NYG to Buf,Sun 1:00 pm vs NE
May 27,Irv Charles,34356,Sea,WR,IR-R,W (Sep 30),NYJ to Sea,Sun 4:25 pm vs LAC
May 27,Jahvaree Ritzie,42480,Min,"DT,DE",NA,W (Sep 30),Pit to NE,Sun 4:05 pm vs Mia
May 26,Tyron Herring,42252,NE,CB,NA,W (Sep 30),NE to Cle,Sun 1:00 pm @ Buf
May 26,K.C. Ossai,42363,Hou,LB,IR,W (Sep 30),Mia to Hou,Sun 1:00 pm vs Dal
May 22,Isaiahh Loudermilk,33544,NYJ,DT,NA,W (Sep 30),AFC to NFC,Sun 1:00 pm @ Chi
May 22,Carlos Washington Jr.,40420,Mia,RB,NA,W (Sep 30),NFC to AFC,Sun 4:05 pm @ Min
May 21,Carlos Washington Jr.,40420,Mia,RB,NA,W (Sep 30),Atl to Mia,Sun 4:05 pm @ Min
May 21,Isaiahh Loudermilk,33544,NYJ,DT,NA,W (Sep 30),Pit to Min,Sun 1:00 pm @ Chi
May 21,Heinrich Haarberg,43449,Car,TE,NA,W (Sep 30),to NFC,Sun 8:20 pm vs Det
May 21,Cedrick Wilson Jr.,31178,Det,WR,NA,W (Sep 30),AFC to NFC,Sun 8:20 pm @ Car
May 21,Nathan Peterman,30284,Atl,QB,NA,W (Sep 30),AFC to NFC,Mon 8:15 pm @ NO
May 21,Clayton Tune,40188,GB,QB,NA,W (Sep 30),AFC to NFC,Sun 1:00 pm @ TB
May 21,Travis Shaw,43450,TB,DT,NA,W (Sep 30),to AFC,Sun 1:00 pm vs GB
May 21,Xavier Thomas,41013,SF,"LB,DE",SUSP,W (Sep 30),AFC to NFC,Sun 4:25 pm vs Den
May 21,Salvon Ahmed,33265,Chi,RB,NA,W (Sep 30),AFC to NFC,Sun 1:00 pm vs NYJ
May 21,Anthony Johnson Jr.,40282,Chi,S,O,W (Sep 30),NYG to Chi,Sun 1:00 pm vs NYJ
May 21,Salvon Ahmed,33265,Chi,RB,NA,W (Sep 30),Ind to Chi,Sun 1:00 pm vs NYJ
May 20,Brodric Martin-Rhodes,40122,Ari,"DL,DT",NA,W (Sep 30),LV to KC,Sun 1:00 pm @ NYG
May 20,Cedrick Wilson Jr.,31178,Det,WR,NA,W (Sep 30),Mia to Det,Sun 8:20 pm @ Car
May 20,Xavier Thomas,41013,SF,"LB,DE",SUSP,W (Sep 30),Hou to Ari,Sun 4:25 pm vs Den
May 20,Clayton Tune,40188,GB,QB,NA,W (Sep 30),Hou to GB,Sun 1:00 pm @ TB
May 20,Isaiah Thomas,34179,Cin,DE,NA,W (Sep 30),Den to Cin,Sun 1:00 pm vs Jax
May 20,Nathan Peterman,30284,Atl,QB,NA,W (Sep 30),Den to Atl,Mon 8:15 pm @ NO
May 20,Reid Carrico,43448,Ten,LB,NA,W (Sep 30),to AFC,Sun 1:00 pm @ Bal
May 20,Marlon Jones,43447,GB,CB,IR,W (Sep 30),to NFC,Sun 1:00 pm @ TB
May 20,Markees Watts,40691,TB,"LB,DE",NA,W (Sep 30),NFC to AFC,Sun 1:00 pm vs GB
May 20,Montrell Johnson Jr.,42173,Car,RB,NA,W (Sep 30),Ari to Car,Sun 8:20 pm vs Det
May 19,Brandon Hill,40249,Pit,S,NA,W (Sep 30),Den to LV,Thu 8:15 pm @ Cle
May 19,Isaiah Wooden,41226,LAC,WR,NA,W (Sep 30),Cle to LAC,Sun 4:25 pm @ Sea
May 19,Markees Watts,40691,TB,"LB,DE",NA,W (Sep 30),TB to Cle,Sun 1:00 pm vs GB
May 19,Tamon Lynum,43446,Pit,CB,NA,W (Sep 30),to AFC,Thu 8:15 pm @ Cle
May 19,Tywone Malone,43444,Car,DT,NA,W (Sep 30),to NFC,Sun 8:20 pm vs Det
May 19,Miles Davis,43445,Car,RB,NA,W (Sep 30),to NFC,Sun 8:20 pm vs Det
May 19,Anderson Castle,43443,Ind,RB,NA,W (Sep 30),to AFC,Sun 9:30 am @ Was
May 18,Montrell Johnson Jr.,42173,Car,RB,NA,W (Sep 30),Car to Ari,Sun 8:20 pm vs Det
May 18,Terrill Davis,43442,Min,WR,NA,W (Sep 30),to NFC,Sun 4:05 pm vs Mia
May 15,Brodric Martin-Rhodes,40122,Ari,"DL,DT",NA,W (Sep 30),KC to LV,Sun 1:00 pm @ NYG
May 15,E.J. Warner,43402,Den,QB,NA,W (Sep 30),to AFC,Sun 4:25 pm @ SF
May 15,Xavier Holmes,43431,NE,"LB,DE",NA,W (Sep 30),to AFC,Sun 1:00 pm @ Buf
May 15,Nathan Peterman,30284,Atl,QB,NA,W (Sep 30),to AFC,Mon 8:15 pm @ NO
May 15,Jy Gilmore,43375,TB,CB,NA,W (Sep 30),to NFC,Sun 1:00 pm vs GB
May 15,Smith Vilbert,43388,Min,DE,NA,W (Sep 30),to NFC,Sun 4:05 pm vs Mia
May 15,Rodney McGraw,43341,Mia,DE,NA,W (Sep 30),to AFC,Sun 4:05 pm @ Min
May 15,Brock Rechsteiner,43435,NO,WR,SUSP,W (Sep 30),to NFC,Mon 8:15 pm vs Atl
May 15,Dean Patterson IV,43423,TB,WR,NA,W (Sep 30),to NFC,Sun 1:00 pm vs GB
May 15,Rodney Hammond Jr.,43399,Den,RB,NA,W (Sep 30),to AFC,Sun 4:25 pm @ SF
May 15,John Miller,43415,Den,LB,NA,W (Sep 30),to AFC,Sun 4:25 pm @ SF
May 15,Tamatoa McDonough,43405,Den,DE,NA,W (Sep 30),to AFC,Sun 4:25 pm @ SF
May 15,Kenneth Harris,43365,Ind,CB,NA,W (Sep 30),to AFC,Sun 9:30 am @ Was
May 15,Jahari Rogers,43418,Den,CB,NA,W (Sep 30),to AFC,Sun 4:25 pm @ SF
May 15,DQ Smith,43419,Den,S,NA,W (Sep 30),to AFC,Sun 4:25 pm @ SF
May 15,Paul Geelen,43395,Den,K,NA,W (Sep 30),to AFC,Sun 4:25 pm @ SF
May 15,Daveren Rayner,43427,Atl,LB,NA,W (Sep 30),to NFC,Mon 8:15 pm @ NO
May 15,Stephen Dix Jr.,43438,Mia,LB,NA,W (Sep 30),to NFC,Sun 4:05 pm @ Min
May 15,Nuer Gatkuoth,43398,Den,DE,NA,W (Sep 30),to AFC,Sun 4:25 pm @ SF
May 15,Ayden Garnes,43356,TB,CB,,W (Sep 30),to NFC,Sun 1:00 pm vs GB
May 15,Andrew Jones,43409,Den,LB,NA,W (Sep 30),to AFC,Sun 4:25 pm @ SF
May 15,Jaden Keller,43422,NYJ,LB,NA,W (Sep 30),to AFC,Sun 1:00 pm @ Chi
May 15,Rashad Rochelle,43440,Sea,WR,NA,W (Sep 30),to NFC,Sun 4:25 pm vs LAC
May 15,Josh Celiscar,43394,Den,DE,NA,W (Sep 30),to AFC,Sun 4:25 pm @ SF
May 15,Ross Blacklock,32709,NYG,DE,NA,W (Sep 30),to NFC,Sun 1:00 pm vs Ari
May 15,Josiah Green,43358,TB,DT,NA,W (Sep 30),to NFC,Sun 1:00 pm vs GB
May 15,DeVonta Smith,43369,Car,CB,NA,W (Sep 30),to NFC,Sun 8:20 pm vs Det
May 15,Brandon Hill,40249,Pit,S,NA,W (Sep 30),to AFC,Thu 8:15 pm @ Cle
May 15,Cade Denhoff,43332,Buf,"LB,DE",NA,W (Sep 30),to AFC,Sun 1:00 pm vs NE
May 15,Jordan Nubin,43417,Den,RB,NA,W (Sep 30),to AFC,Sun 4:25 pm @ SF
May 15,Kekoura Tarnue,43404,Den,S,NA,W (Sep 30),to AFC,Sun 4:25 pm @ SF
May 15,Brett Weaver,43412,Den,TE,NA,W (Sep 30),to AFC,Sun 4:25 pm @ SF
May 15,K'Von Wallace,32797,Bal,S,NA,W (Sep 30),to AFC,Sun 1:00 pm vs Ten
May 15,Paul Manning,43403,Den,CB,NA,W (Sep 30),to AFC,Sun 4:25 pm @ SF
May 15,Mante Morrow,43441,LAC,WR,NA,W (Sep 30),to AFC,Sun 4:25 pm @ Sea
May 15,Stone Eby,43391,Den,TE,NA,W (Sep 30),to AFC,Sun 4:25 pm @ SF
May 15,Isaiah Thomas,34179,Cin,DE,NA,W (Sep 30),to AFC,Sun 1:00 pm vs Jax
May 15,Wayne Matthews III,43429,Chi,LB,NA,W (Sep 30),to NFC,Sun 1:00 pm vs NYJ
May 15,Herbert Gums,43397,Den,DT,NA,W (Sep 30),to AFC,Sun 4:25 pm @ SF
May 15,Peter Manuma,43426,NE,S,NA,W (Sep 30),to AFC,Sun 1:00 pm @ Buf
May 15,Luke Lachey,42041,Hou,TE,NA,W (Sep 30),NFC to AFC,Sun 1:00 pm vs Dal
May 15,Samuel Dankah,43389,Den,"LB,DE",NA,W (Sep 30),to AFC,Sun 4:25 pm @ SF
May 15,Ben Barten,43326,NYJ,DT,NA,W (Sep 30),to NFC,Sun 1:00 pm @ Chi
May 15,Randy Franklin,43390,Den,S,NA,W (Sep 30),to AFC,Sun 4:25 pm @ SF
May 15,Kahlil Saunders,43337,NO,DT,NA,W (Sep 30),to AFC,Mon 8:15 pm vs Atl
May 15,Larry Worth III,43434,SF,LB,NA,W (Sep 30),to NFC,Sun 4:25 pm vs Den
May 15,Parker Petersen,43372,Car,DT,NA,W (Sep 30),to NFC,Sun 8:20 pm vs Det
May 15,Trent Howland,43406,Den,RB,NA,W (Sep 30),to AFC,Sun 4:25 pm @ SF
May 15,Ahmari Harvey,43385,Mia,CB,NA,W (Sep 30),to AFC,Sun 4:05 pm @ Min
May 15,Julius Davis,43392,Den,RB,NA,W (Sep 30),to AFC,Sun 4:25 pm @ SF
May 15,Kadarius Calloway,43424,TB,RB,NA,W (Sep 30),to NFC,Sun 1:00 pm vs GB
May 15,Riley Wilson,43378,NE,LB,NA,W (Sep 30),to NFC,Sun 1:00 pm @ Buf
May 15,Bangally Kamara,43425,Min,LB,NA,W (Sep 30),to NFC,Sun 4:05 pm vs Mia
May 15,Kyron Hudson,43432,Chi,WR,NA,W (Sep 30),to NFC,Sun 1:00 pm vs NYJ
May 15,Tommy Thomas,43408,Den,WR,NA,W (Sep 30),to AFC,Sun 4:25 pm @ SF
May 15,Xavier Thomas,41013,SF,"LB,DE",SUSP,W (Sep 30),NFC to AFC,Sun 4:25 pm vs Den
May 15,James Ester,41459,Mia,DT,NA,W (Sep 30),NFC to AFC,Sun 4:05 pm @ Min
May 15,Yasir Holmes,43421,TB,LB,NA,W (Sep 30),to NFC,Sun 1:00 pm vs GB
May 15,Trayvon Rudolph,43439,Min,WR,NA,W (Sep 30),to NFC,Sun 4:05 pm vs Mia
May 15,Ja'Qurious Conley,43359,TB,S,NA,W (Sep 30),to NFC,Sun 1:00 pm vs GB
May 15,Eric O'Neill,43436,Det,DE,,W (Sep 30),to NFC,Sun 8:20 pm @ Car
May 15,Max Harris,43400,Den,LB,NA,W (Sep 30),to AFC,Sun 4:25 pm @ SF
May 15,Tyce Westland,43413,Den,DE,NA,W (Sep 30),to AFC,Sun 4:25 pm @ SF
May 15,Hunter Peck,43416,Den,DE,NA,W (Sep 30),to AFC,Sun 4:25 pm @ SF
May 15,Johnny Pascuzzi,43433,LAC,TE,NA,W (Sep 30),to AFC,Sun 4:25 pm @ Sea
May 15,DJ Herman,43428,Mia,LB,,W (Sep 30),to AFC,Sun 4:05 pm @ Min
May 15,Ian Conerly-Goodly,43396,Den,S,NA,W (Sep 30),to AFC,Sun 4:25 pm @ SF
May 15,Zxavian Harris,43325,NO,DT,NA,W (Sep 30),to NFC,Mon 8:15 pm vs Atl
May 15,Malcolm DeWalt IV,43381,Atl,CB,,W (Sep 30),to NFC,Mon 8:15 pm @ NO
May 14,Luke Lachey,42041,Hou,TE,NA,W (Sep 30),GB to Hou,Sun 1:00 pm vs Dal
May 14,James Ester,41459,Mia,DT,NA,W (Sep 30),GB to Mia,Sun 4:05 pm @ Min
May 14,Xavier Thomas,41013,SF,"LB,DE",SUSP,W (Sep 30),Ari to Hou,Sun 4:25 pm vs Den
May 14,Khalid Kareem,32817,SF,"LB,DE",,W (Sep 30),Atl to NYG,Sun 4:25 pm vs Den
May 14,Makari Paige,42198,NYG,S,NA,W (Sep 30),to AFC,Sun 1:00 pm vs Ari
May 14,Brenden Rice,41098,LV,WR,NA,W (Sep 30),AFC to NFC,Sun 4:25 pm vs KC
May 14,Xavier Thomas,41013,SF,"LB,DE",SUSP,W (Sep 30),AFC to NFC,Sun 4:25 pm vs Den
May 14,Laki Tasi,42457,Ten,DT,NA,W (Sep 30),to AFC,Sun 1:00 pm @ Bal
May 14,Brodric Martin-Rhodes,40122,Ari,"DL,DT",NA,W (Sep 30),LV to KC,Sun 1:00 pm @ NYG
May 14,Benito Jones,33239,LV,DT,NA,W (Sep 30),Mia to LV,Sun 4:25 pm vs KC
May 14,Tim Patrick,30511,NYJ,WR,IR,W (Sep 30),Jax to NYJ,Sun 1:00 pm @ Chi
May 13,Brenden Rice,41098,LV,WR,NA,W (Sep 30),LV to GB,Sun 4:25 pm vs KC
May 13,Xavier Thomas,41013,SF,"LB,DE",SUSP,W (Sep 30),Hou to Ari,Sun 4:25 pm vs Den
May 13,Luke Lachey,42041,Hou,TE,NA,W (Sep 30),Hou to GB,Sun 1:00 pm vs Dal
May 13,MJ Devonshire Jr.,41101,GB,CB,NA,W (Sep 30),Buf to GB,Sun 1:00 pm @ TB
May 13,Michael Woods II,34158,Den,WR,NA,W (Sep 30),to AFC,Sun 4:25 pm @ SF
May 13,Shane Zylstra,33803,NE,TE,NA,W (Sep 30),NFC to AFC,Sun 1:00 pm @ Buf
May 13,Myles Purchase,42129,LAC,CB,NA,W (Sep 30),to AFC,Sun 4:25 pm @ Sea
May 13,Luke Lachey,42041,Hou,TE,NA,W (Sep 30),AFC to NFC,Sun 1:00 pm vs Dal
May 13,MJ Devonshire Jr.,41101,GB,CB,NA,W (Sep 30),AFC to NFC,Sun 1:00 pm @ TB
May 12,Shane Zylstra,33803,NE,TE,NA,W (Sep 30),Det to Buf,Sun 1:00 pm @ Buf
May 12,Evan Hull,40169,Ari,RB,NA,W (Sep 30),NFC to AFC,Sun 1:00 pm @ NYG
May 12,Cameron McGrone,33565,LV,LB,NA,W (Sep 30),to AFC,Sun 4:25 pm vs KC
May 12,Jon Rhattigan,33862,Chi,LB,NA,W (Sep 30),AFC to NFC,Sun 1:00 pm vs NYJ
May 11,Evan Hull,40169,Ari,RB,NA,W (Sep 30),NO to Hou,Sun 1:00 pm @ NYG
May 11,Jon Rhattigan,33862,Chi,LB,NA,W (Sep 30),LV to Chi,Sun 1:00 pm vs NYJ
May 11,Mike Danna,32847,Buf,"LB,DE",,W (Sep 30),KC to Buf,Sun 1:00 pm vs NE
May 11,David Njoku,30142,LAC,TE,IR,W (Sep 30),Cle to LAC,Sun 4:25 pm @ Sea
May 11,Ameer Abdullah,28442,Jax,RB,,W (Sep 30),Ind to Jax,Sun 1:00 pm @ Cin
May 11,Caden Fordham,43374,TB,LB,NA,W (Sep 30),to NFC,Sun 1:00 pm vs GB
May 11,Lincoln Pare,43339,Ind,RB,NA,W (Sep 30),to AFC,Sun 9:30 am @ Was
May 11,E.J. Horton,43328,Ind,WR,NA,W (Sep 30),to AFC,Sun 9:30 am @ Was
May 11,Jordan Dunbar,43335,Buf,CB,NA,W (Sep 30),to AFC,Sun 1:00 pm vs NE
May 11,Keelan Marion,43377,Atl,WR,NA,W (Sep 30),to NFC,Mon 8:15 pm @ NO
May 11,Sahmir Hagans,43327,Ind,WR,NA,W (Sep 30),to AFC,Sun 9:30 am @ Was
May 11,Jordon Vaughn,43329,Ind,RB,NA,W (Sep 30),to AFC,Sun 9:30 am @ Was
May 11,Kentrel Bullock,43342,Cin,RB,NA,W (Sep 30),to AFC,Sun 1:00 pm vs Jax
May 11,Jamal Haynes,43345,Cin,RB,NA,W (Sep 30),to AFC,Sun 1:00 pm vs Jax
May 11,Le'Meke Brockington,43376,Atl,WR,NA,W (Sep 30),to NFC,Mon 8:15 pm @ NO
May 11,Jackson Acker,43331,Buf,RB,NA,W (Sep 30),to AFC,Sun 1:00 pm vs NE
May 11,Drew Stevens,43370,Was,K,,W (Sep 30),to NFC,Sun 9:30 am vs Ind
May 11,Parker Robertson,43386,Den,S,NA,W (Sep 30),to AFC,Sun 4:25 pm @ SF
May 11,Nathan Voorhis,43355,NYJ,DE,NA,W (Sep 30),to AFC,Sun 1:00 pm @ Chi
May 11,Brandon Frazier,43379,Atl,TE,NA,W (Sep 30),to NFC,Mon 8:15 pm @ NO
May 11,Omari Kelly,43346,Chi,WR,NA,W (Sep 30),to NFC,Sun 1:00 pm vs NYJ
May 11,Kenny Fletcher Jr.,43357,Ind,TE,NA,W (Sep 30),to NFC,Sun 9:30 am @ Was
May 11,Isaiah Smith,43371,Car,LB,NA,W (Sep 30),to NFC,Sun 8:20 pm vs Det
May 11,Squirrel White,43349,Chi,WR,NA,W (Sep 30),to NFC,Sun 1:00 pm vs NYJ
May 11,Damon Bankston,43354,GB,RB,NA,W (Sep 30),to NFC,Sun 1:00 pm @ TB
May 11,Nick DeGennaro,43363,NE,WR,NA,W (Sep 30),to AFC,Sun 1:00 pm @ Buf
May 11,Gabriel Benyard,43333,Car,WR,NA,W (Sep 30),to AFC,Sun 8:20 pm vs Det
May 11,Kolbe Katsis,43382,Den,WR,NA,W (Sep 30),to AFC,Sun 4:25 pm @ SF
May 11,Jimmy Kibble,43368,NE,WR,NA,W (Sep 30),to AFC,Sun 1:00 pm @ Buf
May 11,Cameron Dorner,43364,NE,WR,NA,W (Sep 30),to AFC,Sun 1:00 pm @ Buf
May 11,Nate Evans,43350,Cle,CB,NA,W (Sep 30),to AFC,Thu 8:15 pm vs Pit
May 11,Myles Montgomery,43367,NE,RB,IR,W (Sep 30),to AFC,Sun 1:00 pm @ Buf
May 10,Mac Dalena,42107,Buf,WR,NA,W (Sep 30),NYJ to KC,Sun 1:00 pm vs NE
May 10,Scotty Miller,32040,Chi,WR,NA,W (Sep 30),AFC to NFC,Sun 1:00 pm vs NYJ
May 9,Scotty Miller,32040,Chi,WR,NA,W (Sep 30),Pit to Chi,Sun 1:00 pm vs NYJ
May 9,Hal Presley III,42060,KC,WR,NA,W (Sep 30),Ten to KC,Sun 4:25 pm @ LV
May 9,Courtney Jackson,42071,Ten,WR,NA,W (Sep 30),NFC to AFC,Sun 1:00 pm @ Bal
May 9,Garrett Nelson,40657,NO,"LB,DE",NA,W (Sep 30),AFC to NFC,Mon 8:15 pm vs Atl
May 9,Elijah Chatman,41634,Cle,DT,IR,W (Sep 30),NFC to AFC,Thu 8:15 pm vs Pit
May 9,Jaden Dugger,42775,SF,LB,,W (Sep 30),to NFC,Sun 4:25 pm vs Den
May 9,Swayze Bozeman,41554,Cin,LB,,W (Sep 30),NFC to AFC,Sun 1:00 pm vs Jax
May 9,Courtney Jackson,42071,Ten,WR,NA,W (Sep 30),Sea to Ten,Sun 1:00 pm @ Bal
May 9,Elijah Chatman,41634,Cle,DT,IR,W (Sep 30),NYG to Cle,Thu 8:15 pm vs Pit
May 8,Swayze Bozeman,41554,Cin,LB,,W (Sep 30),NYG to Cin,Sun 1:00 pm vs Jax
May 8,Garrett Nelson,40657,NO,"LB,DE",NA,W (Sep 30),Den to NO,Mon 8:15 pm vs Atl
May 8,Jacoby Windmon,41165,Pit,LB,NA,W (Sep 30),NFC to AFC,Thu 8:15 pm @ Cle
May 8,Marlon Tuipulotu,33577,Atl,DT,NA,W (Sep 30),NFC to AFC,Mon 8:15 pm @ NO
May 8,Dominic Bailey,43296,Hou,DT,NA,W (Sep 30),to AFC,Sun 1:00 pm vs Dal
May 8,Clayton Tune,40188,GB,QB,NA,W (Sep 30),to AFC,Sun 1:00 pm @ TB
May 8,John Bullock,42099,TB,LB,NA,W (Sep 30),AFC to NFC,Sun 1:00 pm vs GB
May 8,Jauan Jennings,32887,Min,WR,,W (Sep 30),SF to Min,Sun 4:05 pm vs Mia
May 7,John Bullock,42099,TB,LB,NA,W (Sep 30),Ind to TB,Sun 1:00 pm vs GB
May 7,Courtney Jackson,42071,Ten,WR,NA,W (Sep 30),NYG to Sea,Sun 1:00 pm @ Bal
May 7,Marlon Tuipulotu,33577,Atl,DT,NA,W (Sep 30),NYG to KC,Mon 8:15 pm @ NO
May 7,Darren Hall,33496,Atl,CB,NA,W (Sep 30),Ari to Atl,Mon 8:15 pm @ NO
May 7,Nasir Adderley,31892,LAC,S,NA,W (Sep 30),Ind to LAC,Sun 4:25 pm @ Sea
May 7,Jacoby Windmon,41165,Pit,LB,NA,W (Sep 30),Car to Pit,Thu 8:15 pm @ Cle
May 6,Kaidon Salter,42982,Ten,QB,NA,W (Sep 30),to AFC,Sun 1:00 pm @ Bal
May 6,Jalon Daniels,42919,TB,QB,,W (Sep 30),to NFC,Sun 1:00 pm vs GB
May 6,Deshawn McCuin,43174,TB,S,NA,W (Sep 30),to NFC,Sun 1:00 pm vs GB
May 6,Olasunkonmi Agunloye,43038,Bal,DT,NA,W (Sep 30),to AFC,Sun 1:00 pm vs Ten
May 6,Anthony Lucas,43079,Det,DE,NA,W (Sep 30),to NFC,Sun 8:20 pm @ Car
May 6,Thaddeus Dixon,43210,NYG,CB,IR,W (Sep 30),to NFC,Sun 1:00 pm vs Ari
May 6,Anthony Hankerson,43149,Sea,RB,NA,W (Sep 30),to AFC,Sun 4:25 pm vs LAC
May 6,Malik McClain,43159,NYJ,WR,,W (Sep 30),to AFC,Sun 1:00 pm @ Chi
May 6,Sawyer Robertson,42893,LV,QB,NA,W (Sep 30),to AFC,Sun 4:25 pm vs KC
May 6,Chris Thomas,43249,LV,LB,NA,W (Sep 30),to AFC,Sun 4:25 pm vs KC
May 6,Terion Stewart,43119,KC,RB,NA,W (Sep 30),to AFC,Sun 4:25 pm @ LV
May 6,Tahj Chambers,43104,Ind,LB,,W (Sep 30),to AFC,Sun 9:30 am @ Was
May 6,Noah Whittington,43197,Hou,RB,NA,W (Sep 30),to AFC,Sun 1:00 pm vs Dal
May 6,Luke Drzewiecki,43056,Bal,K,NA,W (Sep 30),to AFC,Sun 1:00 pm vs Ten
May 6,Mory Bamba,43216,NYJ,CB,NA,W (Sep 30),to AFC,Sun 1:00 pm @ Chi
May 6,Robert Henry Jr.,42986,Was,RB,NA,W (Sep 30),to NFC,Sun 9:30 am vs Ind
May 6,Sean Brown,43192,Den,WR,NA,W (Sep 30),to AFC,Sun 4:25 pm @ SF
May 6,Eric Rivers Jr.,42990,TB,WR,NA,W (Sep 30),to NFC,Sun 1:00 pm vs GB
May 6,Xavier Loyd,43281,KC,WR,NA,W (Sep 30),to AFC,Sun 4:25 pm @ LV
May 6,Cam Miller,43186,Car,CB,NA,W (Sep 30),to NFC,Sun 8:20 pm vs Det
May 6,Dominic Zvada,43171,NYG,K,,W (Sep 30),to NFC,Sun 1:00 pm vs Ari
May 6,Joshua Pitsenberger,43098,Hou,RB,NA,W (Sep 30),to AFC,Sun 1:00 pm vs Dal
May 6,Chris Freeman,43103,Hou,K,NA,W (Sep 30),to AFC,Sun 1:00 pm vs Dal
May 6,Isaiah Jacobs,43090,GB,RB,NA,W (Sep 30),to NFC,Sun 1:00 pm @ TB
May 6,Kendrick Blackshire,43167,NYJ,LB,NA,W (Sep 30),to AFC,Sun 1:00 pm @ Chi
May 6,Mason Reiger,42889,Phi,DE,NA,W (Sep 30),to AFC,Sun 1:00 pm vs LAR
May 6,Ethan Sanchez,43175,SF,K,NA,W (Sep 30),to NFC,Sun 4:25 pm vs Den
May 6,Louis Moore,43148,Mia,S,NA,W (Sep 30),to AFC,Sun 4:05 pm @ Min
May 6,Cameron Ross,43069,Den,WR,NA,W (Sep 30),to AFC,Sun 4:25 pm @ SF
May 6,Quentin Moore,43206,Was,TE,NA,W (Sep 30),to NFC,Sun 9:30 am vs Ind
May 6,Donaven McCulley,43147,Mia,WR,NA,W (Sep 30),to AFC,Sun 4:05 pm @ Min
May 6,Nick Andersen,43151,LAR,S,NA,W (Sep 30),to NFC,Sun 1:00 pm @ Phi
May 6,Treyvhon Saunders,43196,Hou,WR,NA,W (Sep 30),to AFC,Sun 1:00 pm vs Dal
May 6,West Weeks,43107,Ind,LB,NA,W (Sep 30),to AFC,Sun 9:30 am @ Was
May 6,Kevorian Barnes,43168,NYG,RB,NA,W (Sep 30),to NFC,Sun 1:00 pm vs Ari
May 6,Jalen Logan-Redding,43223,LAR,DT,NA,W (Sep 30),to NFC,Sun 1:00 pm @ Phi
May 6,Luke Altmyer,42899,Det,QB,NA,W (Sep 30),to NFC,Sun 8:20 pm @ Car
May 6,Colby Humphrey,43024,SF,CB,NA,W (Sep 30),to NFC,Sun 4:25 pm vs Den
May 6,Miles Kitselman,43082,Det,TE,NA,W (Sep 30),to NFC,Sun 8:20 pm @ Car
May 6,Jalen Walthall,43193,NYJ,WR,NA,W (Sep 30),to AFC,Sun 1:00 pm @ Chi
May 6,Chris Hilton Jr.,42987,GB,WR,NA,W (Sep 30),to NFC,Sun 1:00 pm @ TB
May 6,Marlen Sewell,43282,Chi,S,NA,W (Sep 30),to AFC,Sun 1:00 pm vs NYJ
May 6,Noah Short,42991,TB,WR,NA,W (Sep 30),to NFC,Sun 1:00 pm vs GB
May 6,De'Shawn Rucker,43084,Det,CB,NA,W (Sep 30),to NFC,Sun 8:20 pm @ Car
May 6,Kobe Prentice,43022,NE,WR,NA,W (Sep 30),to NFC,Sun 1:00 pm @ Buf
May 6,Austin Brown,43108,Ind,S,NA,W (Sep 30),to AFC,Sun 9:30 am @ Was
May 6,Romello Brinson,43150,Dal,WR,NA,W (Sep 30),to AFC,Sun 1:00 pm @ Hou
May 6,Myles Rowser,43010,Sea,S,NA,W (Sep 30),to NFC,Sun 4:25 pm vs LAC
May 6,Jordan Crook,43007,Sea,LB,NA,W (Sep 30),to NFC,Sun 4:25 pm vs LAC
May 6,Nikhai Hill-Green,43143,LAR,LB,NA,W (Sep 30),to NFC,Sun 1:00 pm @ Phi
May 6,Collin Wright,43101,Hou,CB,,W (Sep 30),to AFC,Sun 1:00 pm vs Dal
May 6,Will Ferrin,43169,NYJ,K,NA,W (Sep 30),to AFC,Sun 1:00 pm @ Chi
May 6,Mitchell Melton,43106,Ind,DE,NA,W (Sep 30),to AFC,Sun 9:30 am @ Was
May 6,David Blay,43154,Phi,DT,NA,W (Sep 30),to AFC,Sun 1:00 pm vs LAR
May 6,Tony Grimes,42976,Car,CB,NA,W (Sep 30),to NFC,Sun 8:20 pm vs Det
May 6,Chase Curtis,43164,NYJ,TE,NA,W (Sep 30),to AFC,Sun 1:00 pm @ Chi
May 6,Haynes King,42904,Car,QB,,W (Sep 30),to NFC,Sun 8:20 pm vs Det
May 6,Fred Davis II,42988,Was,CB,NA,W (Sep 30),to NFC,Sun 9:30 am vs Ind
May 6,Joseph Manjack,43076,Den,WR,NA,W (Sep 30),to AFC,Sun 4:25 pm @ SF
May 6,Tyreak Sapp,43077,Cle,DE,NA,W (Sep 30),to AFC,Thu 8:15 pm vs Pit
May 6,Ken Seals,43111,KC,QB,NA,W (Sep 30),to AFC,Sun 4:25 pm @ LV
May 6,Marcus Burke,42975,Ten,WR,NA,W (Sep 30),to AFC,Sun 1:00 pm @ Bal
May 6,Brent Austin,43064,Den,CB,NA,W (Sep 30),to AFC,Sun 4:25 pm @ SF
May 6,Mark Gronowski,43146,Hou,QB,NA,W (Sep 30),to AFC,Sun 1:00 pm vs Dal
May 6,Chandler Morris,42883,TB,QB,NA,W (Sep 30),to NFC,Sun 1:00 pm vs GB
May 6,DeShawn Hanika,43239,Ind,TE,NA,W (Sep 30),to AFC,Sun 9:30 am @ Was
May 6,Lardarius Webb Jr.,43040,Bal,"S,CB",NA,W (Sep 30),to AFC,Sun 1:00 pm vs Ten
May 6,Khalil Jacobs,43278,NE,LB,IR,W (Sep 30),to AFC,Sun 1:00 pm @ Buf
May 6,Chip Trayanum,43213,NYJ,RB,IR,W (Sep 30),to AFC,Sun 1:00 pm @ Chi
May 6,Marc Stampley II,43011,Sea,S,NA,W (Sep 30),to NFC,Sun 4:25 pm vs LAC
May 6,Channing Canada,43153,NE,CB,,W (Sep 30),to AFC,Sun 1:00 pm @ Buf
May 6,Jaylon Guilbeau,43021,Pit,CB,NA,W (Sep 30),to NFC,Thu 8:15 pm @ Cle
May 6,Caullin Lacy,43165,NYJ,WR,NA,W (Sep 30),to AFC,Sun 1:00 pm @ Chi
May 6,Daniel Sobkowicz,43195,Hou,WR,NA,W (Sep 30),to AFC,Sun 1:00 pm vs Dal
May 6,Dasan McCullough,43190,Den,LB,NA,W (Sep 30),to AFC,Sun 4:25 pm @ SF
May 6,Eni Falayi,43088,GB,TE,NA,W (Sep 30),to NFC,Sun 1:00 pm @ TB
May 6,Sam Scott,43209,NYJ,RB,NA,W (Sep 30),to AFC,Sun 1:00 pm @ Chi
May 6,Jaden Bradley,43092,Was,WR,NA,W (Sep 30),to NFC,Sun 9:30 am vs Ind
May 6,DT Sheffield,43158,NYJ,WR,NA,W (Sep 30),to AFC,Sun 1:00 pm @ Chi
May 6,Zacch Pickens,40111,Atl,"DL,DT",NA,W (Sep 30),AFC to NFC,Mon 8:15 pm @ NO
May 6,Donovan Branch,43121,KC,LB,NA,W (Sep 30),to AFC,Sun 4:25 pm @ LV
May 6,Tyreek Chappell,42908,Min,CB,IR,W (Sep 30),to NFC,Sun 4:05 pm vs Mia
May 6,Deshawn McKnight,42989,TB,DT,NA,W (Sep 30),to NFC,Sun 1:00 pm vs GB
May 6,Al'zillion Hamilton,43218,LAR,CB,NA,W (Sep 30),to NFC,Sun 1:00 pm @ Phi
May 6,Raylen Sharpe,43102,Ind,WR,NA,W (Sep 30),to AFC,Sun 9:30 am @ Was
May 6,Jack Pyburn,42992,KC,"LB,DE",,W (Sep 30),to NFC,Sun 4:25 pm @ LV
May 6,Jonathan Brady,43287,LV,WR,NA,W (Sep 30),to AFC,Sun 4:25 pm vs KC
May 6,Duce Chestnut,43208,SF,S,NA,W (Sep 30),to NFC,Sun 4:25 pm vs Den
May 6,Ademola Faleye,43109,TB,TE,NA,W (Sep 30),to NFC,Sun 1:00 pm vs GB
May 6,Mekhi Mews,43166,NO,WR,NA,W (Sep 30),to NFC,Mon 8:15 pm vs Atl
May 6,Le'Veon Moss,42890,Mia,RB,NA,W (Sep 30),to AFC,Sun 4:05 pm @ Min
May 6,Payton Zdroik,43220,LAR,DT,NA,W (Sep 30),to NFC,Sun 1:00 pm @ Phi
May 6,Stephen Hall,43095,Hou,CB,NA,W (Sep 30),to AFC,Sun 1:00 pm vs Dal
May 6,Jake Retzlaff,43004,Sea,QB,NA,W (Sep 30),to NFC,Sun 4:25 pm vs LAC
May 6,Al-Jay Henderson,43110,NYJ,RB,NA,W (Sep 30),to AFC,Sun 1:00 pm @ Chi
May 6,Taurean York,42888,Den,LB,NA,W (Sep 30),to AFC,Sun 4:25 pm @ SF
May 6,Rene Konga,43145,Mia,DT,IR,W (Sep 30),to AFC,Sun 4:05 pm @ Min
May 6,Dane Key,43188,Den,WR,NA,W (Sep 30),to AFC,Sun 4:25 pm @ SF
May 6,Aidan Keanaaina,43191,Det,DT,NA,W (Sep 30),to NFC,Sun 8:20 pm @ Car
May 6,Malik Spencer,43202,Was,S,NA,W (Sep 30),to NFC,Sun 9:30 am vs Ind
May 6,Tanner Arkin,43152,NE,TE,,W (Sep 30),to AFC,Sun 1:00 pm @ Buf
May 6,Jerry Wilson,42943,LAC,CB,NA,W (Sep 30),to AFC,Sun 4:25 pm @ Sea
May 6,Javin Wright,43099,TB,LB,NA,W (Sep 30),to NFC,Sun 1:00 pm vs GB
May 6,Nyzier Fourqurean,43224,LAR,CB,NA,W (Sep 30),to NFC,Sun 1:00 pm @ Phi
May 6,Aamaris Brown,43080,Det,CB,NA,W (Sep 30),to NFC,Sun 8:20 pm @ Car
May 6,Anquin Barnes Jr.,43214,NYG,DT,NA,W (Sep 30),to NFC,Sun 1:00 pm vs Ari
May 6,Isiah King,43288,Phi,LB,NA,W (Sep 30),to NFC,Sun 1:00 pm vs LAR
May 6,Jalen McMurray,42993,Ten,CB,NA,W (Sep 30),to AFC,Sun 1:00 pm @ Bal
May 6,Jaxson Moi,43207,LAR,DT,NA,W (Sep 30),to NFC,Sun 1:00 pm @ Phi
May 6,Sabastian Harsh,43194,Hou,DE,,W (Sep 30),to AFC,Sun 1:00 pm vs Dal
May 6,Cam Ball,43105,Ind,DT,NA,W (Sep 30),to AFC,Sun 9:30 am @ Was
May 6,Aaron Hall,43020,Car,DT,,W (Sep 30),to NFC,Sun 8:20 pm vs Det
May 5,Zacch Pickens,40111,Atl,"DL,DT",NA,W (Sep 30),KC to NYG,Mon 8:15 pm @ NO
May 5,DJ Reader,29400,NYG,DT,,W (Sep 30),Det to NYG,Sun 1:00 pm vs Ari
May 5,Dante Fowler Jr.,28391,Sea,"LB,DE",,W (Sep 30),Dal to Sea,Sun 4:25 pm vs LAC
May 5,Tyrod Taylor,24967,GB,QB,,W (Sep 30),AFC to NFC,Sun 1:00 pm @ TB
May 5,Kaleb Elarms-Orr,42748,Buf,LB,,W (Sep 30),to AFC,Sun 1:00 pm vs NE
May 5,Wade Woodaz,42745,Hou,LB,,W (Sep 30),to AFC,Sun 1:00 pm vs Dal
May 5,Kyle Louis,42760,Mia,"LB,S",IR,W (Sep 30),to AFC,Sun 4:05 pm @ Min
May 5,Devin Pringle,43032,Chi,CB,NA,W (Sep 30),to NFC,Sun 1:00 pm vs NYJ
May 5,Maximus Pulley,43211,LAR,S,,W (Sep 30),to NFC,Sun 1:00 pm @ Phi
May 5,Eric Gentry,43042,Cin,LB,NA,W (Sep 30),to AFC,Sun 1:00 pm vs Jax
May 5,Zelmar Vedder,43122,KC,CB,NA,W (Sep 30),to AFC,Sun 4:25 pm @ LV
May 5,Derrick Moore,42666,Det,DE,,W (Sep 30),to NFC,Sun 8:20 pm @ Car
May 5,Bobby Jamison-Travis,42808,NYG,DT,,W (Sep 30),to NFC,Sun 1:00 pm vs Ari
May 5,Jahmeer Carter,42931,LAC,DE,NA,W (Sep 30),to AFC,Sun 4:25 pm @ Sea
May 5,Nadame Tucker,42891,Cle,"LB,DE",NA,W (Sep 30),to AFC,Thu 8:15 pm vs Pit
May 5,Karon Prunty,42783,NE,CB,,W (Sep 30),to AFC,Sun 1:00 pm @ Buf
May 5,Miles Scott,42868,Den,S,NA,W (Sep 30),to AFC,Sun 4:25 pm @ SF
May 5,Zion Young,42667,Bal,"LB,DE",,W (Sep 30),to AFC,Sun 1:00 pm vs Ten
May 5,Carlos Allen Jr.,42997,Atl,DT,NA,W (Sep 30),to NFC,Mon 8:15 pm @ NO
May 5,Uar Bernard,42873,Phi,DT,NA,W (Sep 30),to NFC,Sun 1:00 pm vs LAR
May 5,Gabriel Plascencia,43025,Chi,K,NA,W (Sep 30),to NFC,Sun 1:00 pm vs NYJ
May 5,Eddie Walls III,43141,LAR,"LB,DE",IR,W (Sep 30),to NFC,Sun 1:00 pm @ Phi
May 5,Ja'Mori Maclin,43013,Buf,WR,NA,W (Sep 30),to AFC,Sun 1:00 pm vs NE
May 5,Marvin Jones Jr.,43006,Was,"LB,DE",O,W (Sep 30),to NFC,Sun 9:30 am vs Ind
May 5,Malachi Lawrence,42645,Dal,"LB,DE",,W (Sep 30),to NFC,Sun 1:00 pm @ Hou
May 5,Jack Dingle,43049,Cin,LB,NA,W (Sep 30),to AFC,Sun 1:00 pm vs Jax
May 5,Jack Velling,43178,Atl,TE,NA,W (Sep 30),to NFC,Mon 8:15 pm @ NO
May 5,Harold Perkins Jr.,42837,Atl,LB,,W (Sep 30),to NFC,Mon 8:15 pm @ NO
May 5,Christen Miller,42664,NO,DT,Q,W (Sep 30),to NFC,Mon 8:15 pm vs Atl
May 5,Max Llewellyn,42860,Mia,DE,NA,W (Sep 30),to AFC,Sun 4:05 pm @ Min
May 5,Noah Thomas,43033,Cin,WR,NA,W (Sep 30),to AFC,Sun 1:00 pm vs Jax
May 5,Jake Golday,42673,Min,LB,,W (Sep 30),to NFC,Sun 4:05 pm vs Mia
May 5,CJ Allen,42675,Ind,LB,,W (Sep 30),to AFC,Sun 9:30 am @ Was
May 5,Jake Haener,40144,NYG,QB,NA,W (Sep 30),AFC to NFC,Sun 1:00 pm vs Ari
May 5,Zane Durant,42770,Buf,"DT,DE",IR-R,W (Sep 30),to AFC,Sun 1:00 pm vs NE
May 5,Max Bredeson,42799,Min,RB,,W (Sep 30),to NFC,Sun 4:05 pm vs Mia
May 5,Kole Wilson,43066,Cle,WR,NA,W (Sep 30),to AFC,Thu 8:15 pm vs Pit
May 5,Bud Clark,42686,Sea,S,IR,W (Sep 30),to NFC,Sun 4:25 pm vs LAC
May 5,Wesley Williams,42741,Jax,DE,,W (Sep 30),to AFC,Sun 1:00 pm @ Cin
May 5,KC Eziomume,43028,Chi,CB,NA,W (Sep 30),to NFC,Sun 1:00 pm vs NYJ
May 5,Treydan Stukes,42660,LV,"S,CB",Q,W (Sep 30),to AFC,Sun 4:25 pm vs KC
May 5,Tim Keenan III,42854,LV,DT,NA,W (Sep 30),to NFC,Sun 4:25 pm vs KC
May 5,Romello Height,42692,SF,"LB,DE",Q,W (Sep 30),to NFC,Sun 4:25 pm vs Den
May 5,George Gumbs Jr.,42786,Ind,DE,,W (Sep 30),to AFC,Sun 9:30 am @ Was
May 5,Daylan Carnell,43037,Pit,LB,NA,W (Sep 30),to AFC,Thu 8:15 pm @ Cle
May 5,Namdi Obiazor,42834,NE,LB,,W (Sep 30),to AFC,Sun 1:00 pm @ Buf
May 5,Gracen Halton,42729,SF,"DT,DE",Q,W (Sep 30),to NFC,Sun 4:25 pm vs Den
May 5,Jeffrey M'ba,43100,Was,"DT,DE",NA,W (Sep 30),to NFC,Sun 9:30 am vs Ind
May 5,Isaiah Nwokobia,43046,Cin,S,NA,W (Sep 30),to AFC,Sun 1:00 pm vs Jax
May 5,Davon Booth,43060,Ind,RB,NA,W (Sep 30),to AFC,Sun 9:30 am @ Was
May 5,Prince Dorbah,43019,Buf,"LB,DE",NA,W (Sep 30),to AFC,Sun 1:00 pm vs NE
May 5,Anthony Hill Jr.,42682,Ten,LB,,W (Sep 30),to AFC,Sun 1:00 pm @ Bal
May 5,Joshua Josephs,42784,Was,"DL,LB,DE",,W (Sep 30),to NFC,Sun 9:30 am vs Ind
May 5,Karson Sharar,42805,Ari,LB,,W (Sep 30),to NFC,Sun 1:00 pm @ NYG
May 5,Domonique Orange,42704,Min,DT,,W (Sep 30),to NFC,Sun 4:05 pm vs Mia
May 5,Lorenzo Styles Jr.,42800,NO,S,IR,W (Sep 30),to NFC,Mon 8:15 pm vs Atl
May 5,Logan Fano,42894,Cle,DE,NA,W (Sep 30),to AFC,Thu 8:15 pm vs Pit
May 5,Quindarius Dunnigan,42958,Jax,DE,NA,W (Sep 30),to AFC,Sun 1:00 pm @ Cin
May 5,Darrell Jackson Jr.,42725,NYJ,DT,,W (Sep 30),to AFC,Sun 1:00 pm @ Chi
May 5,Josh Kattus,43058,Cin,TE,NA,W (Sep 30),to AFC,Sun 1:00 pm vs Jax
May 5,CJ Nunnally IV,43179,Atl,DE,NA,W (Sep 30),to NFC,Mon 8:15 pm @ NO
May 5,Chandler Rivers,42776,Bal,CB,,W (Sep 30),to AFC,Sun 1:00 pm vs Ten
May 5,Tyre West,42844,Det,DE,NA,W (Sep 30),to NFC,Sun 8:20 pm @ Car
May 5,Jaheim Bell,41106,Pit,TE,NA,W (Sep 30),NFC to AFC,Thu 8:15 pm @ Cle
May 5,Kayden McDonald,42658,Hou,DT,IR,W (Sep 30),to AFC,Sun 1:00 pm vs Dal
May 5,TJ Parker,42657,Buf,"LB,DE",,W (Sep 30),to AFC,Sun 1:00 pm vs NE
May 5,Rayshaun Benny,42872,Bal,"DT,DE",NA,W (Sep 30),to AFC,Sun 1:00 pm vs Ten
May 5,TJ Harden,43051,Sea,RB,NA,W (Sep 30),to AFC,Sun 4:25 pm vs LAC
May 5,T.J. Bollers,42962,Jax,DT,NA,W (Sep 30),to AFC,Sun 1:00 pm @ Cin
May 5,Khordae Sydnor,43065,Cle,DE,NA,W (Sep 30),to AFC,Thu 8:15 pm vs Pit
May 5,Jimmy Rolder,42740,Det,LB,,W (Sep 30),to NFC,Sun 8:20 pm @ Car
May 5,Jack Strand,42898,Atl,QB,,W (Sep 30),to NFC,Mon 8:15 pm @ NO
May 5,Wesley Bailey,43137,LAR,"LB,DE",,W (Sep 30),to NFC,Sun 1:00 pm @ Phi
May 5,Red Murdock,42879,Den,LB,NA,W (Sep 30),to AFC,Sun 4:25 pm @ SF
May 5,Kevin Jobity Jr.,43144,Pit,DT,,W (Sep 30),to AFC,Thu 8:15 pm @ Cle
May 5,Chris McClellan,42699,GB,DT,,W (Sep 30),to NFC,Sun 1:00 pm @ TB
May 5,Monkell Goodwine,42915,Min,DT,NA,W (Sep 30),to NFC,Sun 4:05 pm vs Mia
May 5,Jerand Bradley,42936,LAC,TE,NA,W (Sep 30),to AFC,Sun 4:25 pm @ Sea
May 5,Hayden Large,43027,Chi,TE,IR,W (Sep 30),to NFC,Sun 1:00 pm vs NYJ
May 5,AJ Haulcy,42700,Ind,S,,W (Sep 30),to AFC,Sun 9:30 am @ Was
May 5,Anterio Thompson,42830,Atl,DT,NFI-R,W (Sep 30),to NFC,Mon 8:15 pm @ NO
May 5,Jackie Marshall,42806,Ten,DT,,W (Sep 30),to AFC,Sun 1:00 pm @ Bal
May 5,Terry Webb,42928,LAC,DT,NA,W (Sep 30),to AFC,Sun 4:25 pm @ Sea
May 5,DeMonte Capehart,42766,TB,DT,,W (Sep 30),to NFC,Sun 1:00 pm vs GB
May 5,Skyler Gill-Howard,42827,Det,DT,,W (Sep 30),to NFC,Sun 8:20 pm @ Car
May 5,Jacob Rodriguez,42665,Mia,LB,,W (Sep 30),to AFC,Sun 4:05 pm @ Min
May 5,Jadon Canady,42731,KC,CB,,W (Sep 30),to AFC,Sun 4:25 pm @ LV
May 5,Devan Boykin,43043,Pit,CB,NA,W (Sep 30),to AFC,Thu 8:15 pm @ Cle
May 5,Jack Kelly,42815,NYG,LB,,W (Sep 30),to NFC,Sun 1:00 pm vs Ari
May 5,Jaishawn Barham,42714,Dal,"LB,DE",,W (Sep 30),to NFC,Sun 1:00 pm @ Hou
May 5,Josiah Trotter,42668,TB,LB,Q,W (Sep 30),to NFC,Sun 1:00 pm vs GB
May 5,Zakee Wheatley,42785,Car,S,,W (Sep 30),to NFC,Sun 8:20 pm vs Det
May 5,R Mason Thomas,42662,KC,DE,,W (Sep 30),to AFC,Sun 4:25 pm @ LV
May 5,Kamari Ramsey,42765,Hou,S,,W (Sep 30),to AFC,Sun 1:00 pm vs Dal
May 5,Dion Wilson Jr.,43266,Bal,DT,NA,W (Sep 30),to AFC,Sun 1:00 pm vs Ten
May 5,Kaleb Proctor,42726,Ari,DT,IR,W (Sep 30),to NFC,Sun 1:00 pm @ NYG
May 5,Albert Regis,42703,Jax,DT,Q,W (Sep 30),to AFC,Sun 1:00 pm @ Cin
May 5,Aaron Anderson,43052,Cle,WR,NA,W (Sep 30),to AFC,Thu 8:15 pm vs Pit
May 5,Keldric Faulk,42653,Ten,DE,,W (Sep 30),to AFC,Sun 1:00 pm @ Bal
May 5,Malik Rutherford,42998,Atl,WR,NA,W (Sep 30),to NFC,Mon 8:15 pm @ NO
May 5,Miller Moss,42902,Chi,QB,NA,W (Sep 30),to NFC,Sun 1:00 pm vs NYJ
May 5,Michael Taaffe,42787,Mia,S,,W (Sep 30),to AFC,Sun 4:05 pm @ Min
May 5,Skyler Thomas,34638,LAC,S,NA,W (Sep 30),to NFC,Sun 4:25 pm @ Sea
May 5,Nick Barrett,42777,LAC,DT,,W (Sep 30),to AFC,Sun 4:25 pm @ Sea
May 5,Coleman Bennett,43187,Mia,RB,NA,W (Sep 30),to NFC,Sun 4:05 pm @ Min
May 5,Bryson Eason,42971,KC,DT,,W (Sep 30),to NFC,Sun 4:25 pm @ LV
May 5,Devean Deal,43008,LAR,"LB,DE",NA,W (Sep 30),to NFC,Sun 1:00 pm @ Phi
May 5,Jordan van den Berg,42835,Chi,DT,,W (Sep 30),to NFC,Sun 1:00 pm vs NYJ
May 5,Lee Hunter,42671,Car,DT,,W (Sep 30),to NFC,Sun 8:20 pm vs Det
May 5,Tyler Onyedim,42688,Den,"DT,DE",,W (Sep 30),to AFC,Sun 4:25 pm @ SF
May 5,Jalon Kilgore,42769,Buf,S,,W (Sep 30),to AFC,Sun 1:00 pm vs NE
May 5,Trent Battle,42978,Atl,RB,NA,W (Sep 30),to NFC,Mon 8:15 pm @ NO
May 5,Jacobian Guillory,42926,LAC,DT,NA,W (Sep 30),to AFC,Sun 4:25 pm @ Sea
May 5,Mikail Kamara,42884,SF,"LB,DE",IR,W (Sep 30),to NFC,Sun 4:25 pm vs Den
May 5,Riley Nowakowski,42803,Pit,"RB,TE",,W (Sep 30),to AFC,Thu 8:15 pm @ Cle
May 5,Justin Jefferson,42774,Cle,LB,,W (Sep 30),to AFC,Thu 8:15 pm vs Pit
May 5,Dani Dennis-Sutton,42742,GB,"LB,DE",,W (Sep 30),to NFC,Sun 1:00 pm @ TB
May 5,Cian Slone,43250,LV,"LB,DE",NA,W (Sep 30),to AFC,Sun 4:25 pm vs KC
May 5,Ethan Burke,43047,Bal,"LB,DE",,W (Sep 30),to AFC,Sun 1:00 pm vs Ten
May 5,Eli Heidenreich,42852,Pit,RB,,W (Sep 30),to AFC,Thu 8:15 pm @ Cle
May 5,Kendal Daniels,42756,Atl,LB,,W (Sep 30),to NFC,Mon 8:15 pm @ NO
May 5,Michael Coats Jr.,43070,Cle,CB,NA,W (Sep 30),to AFC,Thu 8:15 pm vs Pit
May 5,Gabe Jacas,42677,NE,"LB,DE",,W (Sep 30),to AFC,Sun 1:00 pm @ Buf
May 5,DeShon Singleton,43124,KC,S,NA,W (Sep 30),to AFC,Sun 4:25 pm @ LV
May 5,Keyshaun Elliott,42792,Chi,LB,,W (Sep 30),to NFC,Sun 1:00 pm vs NYJ
May 5,Theron Gaines,43184,Buf,LB,NA,W (Sep 30),to AFC,Sun 1:00 pm vs NE
May 5,Jalen Huskey,42722,Jax,S,,W (Sep 30),to AFC,Sun 1:00 pm @ Cin
May 5,VJ Payne,42850,NYJ,S,IR-R,W (Sep 30),to AFC,Sun 1:00 pm @ Chi
May 5,Keyshawn James-Newby,42874,Phi,"LB,DE",NA,W (Sep 30),to NFC,Sun 1:00 pm vs LAR
May 5,Zion Washington,43063,Cle,S,NA,W (Sep 30),to AFC,Thu 8:15 pm vs Pit
May 5,Bryce Phillips,43198,Min,CB,NA,W (Sep 30),to AFC,Sun 4:05 pm vs Mia
May 5,Landon Robinson,42848,Cin,DT,,W (Sep 30),to AFC,Sun 1:00 pm vs Jax
May 5,Gabriel Rubio,42832,Pit,"DT,DE",,W (Sep 30),to AFC,Thu 8:15 pm @ Cle
May 5,Akheem Mesidor,42644,LAC,"LB,DE",,W (Sep 30),to AFC,Sun 4:25 pm @ Sea
May 5,Kani Walker,43017,Buf,CB,NA,W (Sep 30),to AFC,Sun 1:00 pm vs NE
May 5,Cash Jones,42881,Atl,RB,NA,W (Sep 30),to NFC,Mon 8:15 pm @ NO
May 5,Devyn Perkins,43269,LV,S,NA,W (Sep 30),to AFC,Sun 4:25 pm vs KC
May 5,Jayden Loving,43026,Chi,DT,,W (Sep 30),to NFC,Sun 1:00 pm vs NYJ
May 5,Cashius Howell,42663,Cin,DE,,W (Sep 30),to AFC,Sun 1:00 pm vs Jax
May 5,Parker Hughes,42862,Jax,LB,IR,W (Sep 30),to AFC,Sun 1:00 pm @ Cin
May 5,James Thompson Jr.,42968,SF,DE,O,W (Sep 30),to NFC,Sun 4:25 pm vs Den
May 5,Quintayvious Hutchins,42869,NE,"LB,DE",IR,W (Sep 30),to AFC,Sun 1:00 pm @ Buf
May 5,Jakobe Thomas,42720,Min,S,,W (Sep 30),to NFC,Sun 4:05 pm vs Mia
May 5,Emmanuel McNeil-Warren,42680,Cle,S,,W (Sep 30),to AFC,Thu 8:15 pm vs Pit
May 5,Trey Moore,42752,Mia,LB,IR-R,W (Sep 30),to AFC,Sun 4:05 pm @ Min
May 5,Kody Huisman,43016,Buf,DT,NA,W (Sep 30),to AFC,Sun 1:00 pm vs NE
May 5,Aiden Fisher,42865,Hou,LB,,W (Sep 30),to AFC,Sun 1:00 pm vs Dal
May 5,Jackson Kuwatch,42849,Car,LB,,W (Sep 30),to NFC,Sun 8:20 pm vs Det
May 5,Keionte Scott,42738,TB,CB,,W (Sep 30),to NFC,Sun 1:00 pm vs GB
May 5,Peter Woods,42651,KC,DT,,W (Sep 30),to AFC,Sun 4:25 pm @ LV
May 5,Jalen Hunt,42963,Jax,DT,NA,W (Sep 30),to AFC,Sun 1:00 pm @ Cin
May 5,Zach Durfee,42855,Jax,DE,IR-R,W (Sep 30),to AFC,Sun 1:00 pm @ Cin
May 5,RJ Maryland,43087,GB,TE,NA,W (Sep 30),to NFC,Sun 1:00 pm @ TB
May 5,Ceyair Wright,43048,Cin,CB,NA,W (Sep 30),to AFC,Sun 1:00 pm vs Jax
May 5,Robert Spears-Jennings,42846,Pit,S,,W (Sep 30),to AFC,Thu 8:15 pm @ Cle
May 5,Desmond Reid,43185,Buf,RB,NA,W (Sep 30),to AFC,Sun 1:00 pm vs NE
May 5,Keyron Crawford,42689,LV,"LB,DE",IR,W (Sep 30),to AFC,Sun 4:25 pm vs KC
May 5,Caden Curry,42836,Ind,DE,,W (Sep 30),to AFC,Sun 9:30 am @ Was
May 5,Bryce Boettcher,42757,Ind,LB,,W (Sep 30),to AFC,Sun 9:30 am @ Was
May 5,Vinny Anthony II,42996,Atl,WR,NA,W (Sep 30),to NFC,Mon 8:15 pm @ NO
May 5,Aidan Hubbard,43005,Sea,"LB,DE",NA,W (Sep 30),to NFC,Sun 4:25 pm vs LAC
May 5,DeCarlos Nicholson,43067,Car,CB,NA,W (Sep 30),to AFC,Sun 8:20 pm vs Det
May 5,Bernard Gooden,43073,Cle,DT,NA,W (Sep 30),to AFC,Thu 8:15 pm vs Pit
May 5,Michael Dansby,42877,Sea,CB,NA,W (Sep 30),to NFC,Sun 4:25 pm vs LAC
May 4,Jaheim Bell,41106,Pit,TE,NA,W (Sep 30),Phi to Pit,Thu 8:15 pm @ Cle
May 4,Zack Kuntz,40255,Dal,TE,NA,W (Sep 30),Mia to NYJ,Sun 1:00 pm @ Hou
May 4,Skylar Thompson,34203,Bal,QB,IR,W (Sep 30),Pit to Bal,Sun 1:00 pm vs Ten
May 4,Tyrod Taylor,24967,GB,QB,,W (Sep 30),NYJ to GB,Sun 1:00 pm @ TB
May 4,Jake Haener,40144,NYG,QB,NA,W (Sep 30),KC to NO,Sun 1:00 pm vs Ari
May 4,Caleb Offord,43201,LV,CB,NA,W (Sep 30),to AFC,Sun 4:25 pm vs KC
May 4,Tucker Large,43162,Phi,S,NFI-R,W (Sep 30),to NFC,Sun 1:00 pm vs LAR
May 4,Amari McNeill,43260,KC,DT,NA,W (Sep 30),to AFC,Sun 4:25 pm @ LV
May 4,Omari Evans,43261,KC,WR,NA,W (Sep 30),to AFC,Sun 4:25 pm @ LV
May 4,Jeadyn Lukus,43244,Cle,CB,NA,W (Sep 30),to AFC,Thu 8:15 pm vs Pit
May 4,Tommy Dunn,43072,Dal,DT,NA,W (Sep 30),to NFC,Sun 1:00 pm @ Hou
May 4,Cole Brevard,43257,KC,DT,NA,W (Sep 30),to AFC,Sun 4:25 pm @ LV
May 4,Anthony Dunn Jr.,43259,NYJ,DE,NA,W (Sep 30),to AFC,Sun 1:00 pm @ Chi
May 4,Devin Lafayette,43247,LV,S,NA,W (Sep 30),to AFC,Sun 4:25 pm vs KC
May 4,Levi Wentz,43241,Pit,WR,NA,W (Sep 30),to NFC,Thu 8:15 pm @ Cle
May 4,D. Perkins-McAllister,43264,KC,CB,NA,W (Sep 30),to AFC,Sun 4:25 pm @ LV
May 4,Kelvin Gilliam,43075,Dal,DT,IR,W (Sep 30),to NFC,Sun 1:00 pm @ Hou
May 4,Ty Pezza,43002,Bal,TE,NA,W (Sep 30),to AFC,Sun 1:00 pm vs Ten
May 4,Dominic DeLuca,43062,Bal,LB,NA,W (Sep 30),to AFC,Sun 1:00 pm vs Ten
May 4,Patrick Gurd,43272,LV,TE,NA,W (Sep 30),to AFC,Sun 4:25 pm vs KC
May 4,Michael Briscoe,43242,Min,WR,NA,W (Sep 30),to NFC,Sun 4:05 pm vs Mia
May 4,Jaden Nixon,43265,GB,RB,NA,W (Sep 30),to NFC,Sun 1:00 pm @ TB
May 4,Sean Brown,43205,Ten,LB,NA,W (Sep 30),to AFC,Sun 1:00 pm @ Bal
May 4,Murvin Kenion III,43199,GB,S,NA,W (Sep 30),to NFC,Sun 1:00 pm @ TB
May 4,Mani Powell,43245,Ten,LB,NA,W (Sep 30),to AFC,Sun 1:00 pm @ Bal
May 4,DJ Withers,43071,Dal,DT,NA,W (Sep 30),to NFC,Sun 1:00 pm @ Hou
May 4,Jacob De Jesus,43258,KC,WR,NA,W (Sep 30),to AFC,Sun 4:25 pm @ LV
May 4,Damon Payne,43262,KC,DT,NA,W (Sep 30),to AFC,Sun 4:25 pm @ LV
May 4,Elijah Tau-Tolliver,43268,Bal,RB,NA,W (Sep 30),to AFC,Sun 1:00 pm vs Ten
May 4,Corey Rucker,43248,LV,WR,IR,W (Sep 30),to AFC,Sun 4:25 pm vs KC
May 4,Camden Brown,43059,Dal,WR,,W (Sep 30),to NFC,Sun 1:00 pm @ Hou
May 3,Harrison Wallace III,42979,Ari,WR,NA,W (Sep 30),to NFC,Sun 1:00 pm @ NYG
May 3,Jameson Geers,43212,Ari,TE,IR,W (Sep 30),to NFC,Sun 1:00 pm @ NYG
May 3,Wydett Williams Jr.,42981,Ari,S,,W (Sep 30),to NFC,Sun 1:00 pm @ NYG
May 3,Elijah Culp,43176,Ind,CB,NA,W (Sep 30),to NFC,Sun 9:30 am @ Was
May 3,Max Tomczak,43015,Buf,WR,NA,W (Sep 30),to AFC,Sun 1:00 pm vs NE
May 3,Cameron Robertson,43173,Ari,DE,NA,W (Sep 30),to NFC,Sun 1:00 pm @ NYG
May 3,Damonic Williams,42980,Ari,DT,NA,W (Sep 30),to NFC,Sun 1:00 pm @ NYG
May 2,Aaron Graves,43050,Bal,DT,NA,W (Sep 30),to AFC,Sun 1:00 pm vs Ten
May 2,Dae'Quan Wright,42885,Cle,TE,NA,W (Sep 30),to NFC,Thu 8:15 pm vs Pit
May 2,Genesis Smith,42753,LAC,S,,W (Sep 30),to AFC,Sun 4:25 pm @ Sea
May 2,Kyron Drones,42900,GB,QB,NA,W (Sep 30),to NFC,Sun 1:00 pm @ TB
May 2,TJ Quinn,43091,GB,LB,NA,W (Sep 30),to NFC,Sun 1:00 pm @ TB
May 2,EJ Smith,43115,KC,RB,NA,W (Sep 30),to AFC,Sun 4:25 pm @ LV
May 2,Jordan Hudson,43061,Dal,WR,NA,W (Sep 30),to NFC,Sun 1:00 pm @ Hou
May 2,Xavier Nwankpa,43123,KC,S,,W (Sep 30),to AFC,Sun 4:25 pm @ LV
May 2,Wesley Bissainthe,43118,KC,LB,NA,W (Sep 30),to AFC,Sun 4:25 pm @ LV
May 2,Deontae Lawson,42886,Phi,LB,NA,W (Sep 30),to NFC,Sun 1:00 pm vs LAR
May 2,J. Michael Gyllenborg,43116,KC,TE,IR,W (Sep 30),to AFC,Sun 4:25 pm @ LV
May 2,J. Michael Sturdivant,43085,GB,WR,,W (Sep 30),to NFC,Sun 1:00 pm @ TB
May 2,Dontae McMillan,43182,Bal,RB,NA,W (Sep 30),to AFC,Sun 1:00 pm vs Ten
May 2,Reid Williford,43044,Bal,LB,NA,W (Sep 30),to AFC,Sun 1:00 pm vs Ten
May 2,LT Overton,42759,Dal,DE,,W (Sep 30),to NFC,Sun 1:00 pm @ Hou
May 2,Octavian Smith Jr.,43180,Bal,WR,NA,W (Sep 30),to AFC,Sun 1:00 pm vs Ten
May 2,Kapena Gushiken,43163,Ind,S,,W (Sep 30),to NFC,Sun 9:30 am @ Was
May 2,Silas Walters,43054,TB,S,NA,W (Sep 30),to AFC,Sun 1:00 pm vs GB
May 2,Jahquez Robinson,43183,Bal,S,IR,W (Sep 30),to AFC,Sun 1:00 pm vs Ten
May 2,Trey Smack,42838,GB,K,,W (Sep 30),to NFC,Sun 1:00 pm @ TB
May 2,Matthew McDoom,43177,Cin,CB,NA,W (Sep 30),to AFC,Sun 1:00 pm vs Jax
May 2,Uso Seumalo,43009,Sea,DT,NA,W (Sep 30),to NFC,Sun 4:25 pm vs LAC
May 2,Jeff Caldwell,42880,KC,WR,IR,W (Sep 30),to AFC,Sun 4:25 pm @ LV
May 2,Langston Patterson,43068,Dal,LB,NA,W (Sep 30),to NFC,Sun 1:00 pm @ Hou
May 2,Jaydn Ott,42895,KC,RB,NA,W (Sep 30),to AFC,Sun 4:25 pm @ LV
May 2,Michael Trigg,42887,Dal,TE,NA,W (Sep 30),to NFC,Sun 1:00 pm @ Hou
May 2,Vincent Anthony Jr.,43117,SF,DE,NA,W (Sep 30),to AFC,Sun 4:25 pm vs Den
May 2,Dominic Richardson,43034,NYJ,RB,NA,W (Sep 30),to NFC,Sun 1:00 pm @ Chi
May 2,Cortez Braham Jr.,43181,Bal,WR,NA,W (Sep 30),to AFC,Sun 1:00 pm vs Ten
May 2,Lance Mason,43012,Pit,TE,NA,W (Sep 30),to NFC,Thu 8:15 pm @ Cle
May 2,DJ Rogers,43055,Dal,TE,IR,W (Sep 30),to NFC,Sun 1:00 pm @ Hou
May 2,Joshua Weru,43156,Phi,"LB,DE",NA,W (Sep 30),to NFC,Sun 1:00 pm vs LAR
May 2,Nyjalik Kelly,43086,GB,DE,NA,W (Sep 30),to NFC,Sun 1:00 pm @ TB
May 2,Ali Gaye,40293,Hou,"LB,DE",IR,W (Sep 30),Ten to Hou,Sun 1:00 pm vs Dal
May 1,CJ Williams,42825,Jax,WR,,W (Sep 30),to AFC,Sun 1:00 pm @ Cin
May 1,Julian Neal,42721,Sea,CB,,W (Sep 30),to NFC,Sun 4:25 pm vs LAC
May 1,Keith Abney II,42771,Det,CB,,W (Sep 30),to NFC,Sun 8:20 pm @ Car
May 1,Josh Cameron,42813,Jax,WR,,W (Sep 30),to AFC,Sun 1:00 pm @ Cin
May 1,Chris Johnson,42649,Mia,CB,,W (Sep 30),to AFC,Sun 4:05 pm @ Min
May 1,Gary Smith III,43132,LV,DT,NA,W (Sep 30),to AFC,Sun 4:25 pm vs KC
May 1,Hezekiah Masses,42779,LV,CB,,W (Sep 30),to AFC,Sun 4:25 pm vs KC
May 1,Jam Miller,42867,NE,RB,NA,W (Sep 30),to AFC,Sun 1:00 pm @ Buf
May 1,Behren Morton,42856,NE,QB,,W (Sep 30),to AFC,Sun 1:00 pm @ Buf
May 1,Xavian Sorey Jr.,43131,LV,LB,NA,W (Sep 30),to AFC,Sun 4:25 pm vs KC
May 1,Anthony Smith,42840,Dal,WR,NA,W (Sep 30),to NFC,Sun 1:00 pm @ Hou
May 1,Devin Moore,42736,Dal,CB,IR-R,W (Sep 30),to NFC,Sun 1:00 pm @ Hou
May 1,Latrell McCutchin Sr.,42897,Ten,CB,NA,W (Sep 30),to AFC,Sun 1:00 pm @ Bal
May 1,Will Lee III,42751,Car,CB,,W (Sep 30),to NFC,Sun 8:20 pm vs Det
May 1,Deion Burks,42876,Ind,WR,,W (Sep 30),to AFC,Sun 9:30 am @ Was
May 1,Chase Roberts,43126,LV,WR,NA,W (Sep 30),to AFC,Sun 4:25 pm vs KC
May 1,Calais Campbell,8827,Bal,"DT,DE",,W (Sep 30),NFC to AFC,Sun 1:00 pm vs Ten
May 1,Tanner Wall,43134,Mia,S,NA,W (Sep 30),to AFC,Sun 4:05 pm @ Min
May 1,E. Henderson Jr.,42821,Sea,WR,NA,W (Sep 30),to NFC,Sun 4:25 pm vs LAC
May 1,Andre Fuller,42858,Sea,CB,NA,W (Sep 30),to NFC,Sun 4:25 pm vs LAC
May 1,Roman Hemby,42941,LV,RB,NA,W (Sep 30),to AFC,Sun 4:25 pm vs KC
May 1,Bishop Fitzgerald,42994,Det,S,,W (Sep 30),to AFC,Sun 8:20 pm @ Car
May 1,Tacario Davis,42694,Cin,CB,,W (Sep 30),to AFC,Sun 1:00 pm vs Jax
May 1,Deven Eastern,42864,Sea,DT,NA,W (Sep 30),to NFC,Sun 4:25 pm vs LAC
May 1,Davison Igbinosun,42684,Buf,CB,,W (Sep 30),to AFC,Sun 1:00 pm vs NE
May 1,Barion Brown,42812,NO,WR,Q,W (Sep 30),to NFC,Mon 8:15 pm vs Atl
May 1,Jaren Kanak,42847,Ten,TE,IR,W (Sep 30),to AFC,Sun 1:00 pm @ Bal
May 1,Brandon Cisse,42674,GB,CB,,W (Sep 30),to NFC,Sun 1:00 pm @ TB
May 1,D'Angelo Ponds,42672,NYJ,CB,,W (Sep 30),to AFC,Sun 1:00 pm @ Chi
May 1,Malik Benson,42817,LV,WR,,W (Sep 30),to AFC,Sun 4:25 pm vs KC
May 1,Charles Demmings,42795,Min,CB,O,W (Sep 30),to NFC,Sun 4:05 pm vs Mia
May 1,Jack Endries,42843,Cin,TE,,W (Sep 30),to AFC,Sun 1:00 pm vs Jax
May 1,Domani Jackson,42823,GB,CB,NA,W (Sep 30),to NFC,Sun 1:00 pm @ TB
May 1,Garrett Nussmeier,42871,KC,QB,,W (Sep 30),to AFC,Sun 4:25 pm @ LV
May 1,Malik Muhammad II,42746,Chi,CB,,W (Sep 30),to NFC,Sun 1:00 pm vs NYJ
May 1,Toriano Pride Jr.,42842,Cle,CB,,W (Sep 30),to AFC,Thu 8:15 pm vs Pit
May 1,Jacob Clark,43128,LV,QB,NA,W (Sep 30),to AFC,Sun 4:25 pm vs KC
May 1,Daylen Everette,42707,Pit,CB,,W (Sep 30),to AFC,Thu 8:15 pm @ Cle
May 1,Brandon Cleveland,42851,LV,DT,NA,W (Sep 30),to AFC,Sun 4:25 pm vs KC
May 1,Lewis Bond,42826,Hou,WR,NA,W (Sep 30),to AFC,Sun 1:00 pm vs Dal
May 1,Cole Wisniewski,42866,Phi,S,NA,W (Sep 30),to NFC,Sun 1:00 pm vs LAR
May 1,Dillon Thieneman,42647,Chi,S,,W (Sep 30),to NFC,Sun 1:00 pm vs NYJ
May 1,Dallen Bentley,42878,Den,TE,,W (Sep 30),to AFC,Sun 4:25 pm @ SF
May 1,Matt Lauter,43130,Min,TE,NA,W (Sep 30),to AFC,Sun 4:05 pm vs Mia
May 1,Seth McGowan,42859,Ind,RB,,W (Sep 30),to AFC,Sun 9:30 am @ Was
May 1,Tyren Montgomery,42896,Ten,WR,NA,W (Sep 30),to AFC,Sun 1:00 pm @ Bal
May 1,Hank Beatty,43094,Ten,WR,NA,W (Sep 30),to AFC,Sun 1:00 pm @ Bal
May 1,Dalton Johnson,42788,LV,S,,W (Sep 30),to AFC,Sun 4:25 pm vs KC
May 1,Ephesians Prysock,42761,SF,CB,,W (Sep 30),to NFC,Sun 4:25 pm vs Den
May 1,TJ Hall Jr.,42841,NO,CB,NA,W (Sep 30),to NFC,Mon 8:15 pm vs Atl
May 1,E.J. Williams Jr.,43129,Car,WR,NA,W (Sep 30),to AFC,Sun 8:20 pm vs Det
May 1,Athan Kaliakmanis,42845,Was,QB,,W (Sep 30),to NFC,Sun 9:30 am vs Ind
May 1,Jermod McCoy,42723,LV,CB,,W (Sep 30),to AFC,Sun 4:25 pm vs KC
May 1,Shad Banks Jr.,42985,Ten,LB,NA,W (Sep 30),to AFC,Sun 1:00 pm @ Bal
May 1,Taylen Green,42804,Cle,QB,,W (Sep 30),to AFC,Thu 8:15 pm vs Pit
May 1,Bauer Sharp,42807,TB,TE,,W (Sep 30),to NFC,Sun 1:00 pm vs GB
May 1,CJ Daniels,42819,LAR,WR,,W (Sep 30),to NFC,Sun 1:00 pm @ Phi
May 1,Avieon Terrell,42670,Atl,CB,,W (Sep 30),to NFC,Mon 8:15 pm @ NO
May 1,Carsen Ryan,42870,Cle,TE,,W (Sep 30),to AFC,Thu 8:15 pm vs Pit
May 1,Colton Hood,42659,NYG,CB,,W (Sep 30),to NFC,Sun 1:00 pm vs Ari
Apr 30,Calais Campbell,8827,Bal,"DT,DE",,W (Sep 30),Ari to Bal,Sun 1:00 pm vs Ten
Apr 30,Eric Johnson II,34115,GB,DT,NA,W (Sep 30),Ind to Min,Sun 1:00 pm @ TB
Apr 30,Shelby Harris,27763,NYG,DT,,W (Sep 30),AFC to NFC,Sun 1:00 pm vs Ari
Apr 30,Eric Johnson II,34115,GB,DT,NA,W (Sep 30),AFC to NFC,Sun 1:00 pm @ TB
Apr 30,Darryl Peterson III,43203,LAR,LB,NA,W (Sep 30),to NFC,Sun 1:00 pm @ Phi
Apr 30,Leki Fotu,32784,NYG,DT,NA,W (Sep 30),to NFC,Sun 1:00 pm vs Ari
Apr 30,ShunDerrick Powell,42460,Phi,RB,NA,W (Sep 30),AFC to NFC,Sun 1:00 pm vs LAR
Apr 30,Harrison Bryant,32785,Hou,TE,NA,W (Sep 30),AFC to NFC,Sun 1:00 pm vs Dal
Apr 30,Joe Fagnano,43003,Bal,QB,,W (Sep 30),to AFC,Sun 1:00 pm vs Ten
Apr 30,Jay Tufele,33494,NYJ,DT,NA,W (Sep 30),AFC to NFC,Sun 1:00 pm @ Chi
Apr 30,Ben VanSumeren,40518,KC,RB,,W (Sep 30),NFC to AFC,Sun 4:25 pm @ LV
Apr 30,Joe Bachie,33108,Det,LB,NA,W (Sep 30),AFC to NFC,Sun 8:20 pm @ Car
Apr 30,Harrison Bryant,32785,Hou,TE,NA,W (Sep 30),Hou to Sea,Sun 1:00 pm vs Dal
Apr 29,ShunDerrick Powell,42460,Phi,RB,NA,W (Sep 30),KC to Phi,Sun 1:00 pm vs LAR
Apr 29,Ben VanSumeren,40518,KC,RB,,W (Sep 30),Phi to Buf,Sun 4:25 pm @ LV
Apr 29,Jay Tufele,33494,NYJ,DT,NA,W (Sep 30),NYJ to Det,Sun 1:00 pm @ Chi
Apr 29,Joe Bachie,33108,Det,LB,NA,W (Sep 30),Ind to Det,Sun 8:20 pm @ Car
Apr 29,Shelby Harris,27763,NYG,DT,,W (Sep 30),Cle to NYG,Sun 1:00 pm vs Ari
Apr 29,David Bailey,42624,NYJ,"LB,DE",,W (Sep 30),to AFC,Sun 1:00 pm @ Chi
Apr 29,Antonio Williams,42693,Was,WR,,W (Sep 30),to NFC,Sun 9:30 am vs Ind
Apr 29,Oscar Delp,42695,NO,TE,,W (Sep 30),to NFC,Mon 8:15 pm vs Atl
Apr 29,Jordyn Tyson,42630,NO,WR,IR-R,W (Sep 30),to NFC,Mon 8:15 pm vs Atl
Apr 29,Chris Brazzell II,42705,Car,WR,IR,W (Sep 30),to NFC,Sun 8:20 pm vs Det
Apr 29,Chris Bell,42716,Mia,WR,,W (Sep 30),to AFC,Sun 4:05 pm @ Min
Apr 29,Joe Royer,42772,Cle,TE,NFI-R,W (Sep 30),to AFC,Thu 8:15 pm vs Pit
Apr 29,Eli Stowers,42676,Phi,TE,IR,W (Sep 30),to NFC,Sun 1:00 pm vs LAR
Apr 29,Marlin Klein,42681,Hou,TE,,W (Sep 30),to AFC,Sun 1:00 pm vs Dal
Apr 29,Will Kacmarek,42709,Mia,TE,,W (Sep 30),to AFC,Sun 4:05 pm @ Min
Apr 29,Seydou Traore,42790,Mia,TE,,W (Sep 30),to AFC,Sun 4:05 pm @ Min
Apr 29,Mike Washington Jr.,42744,LV,RB,,W (Sep 30),to AFC,Sun 4:25 pm vs KC
Apr 29,Bryce Lance,42758,NO,WR,,W (Sep 30),to NFC,Mon 8:15 pm vs Atl
Apr 29,Kaelon Black,42712,SF,RB,,W (Sep 30),to NFC,Sun 4:25 pm vs Den
Apr 29,Drey Norwood,43142,LAR,CB,NA,W (Sep 30),to NFC,Sun 1:00 pm @ Phi
Apr 29,Kenyon Sadiq,42638,NYJ,TE,,W (Sep 30),to AFC,Sun 1:00 pm @ Chi
Apr 29,Diego Pavia,43001,Bal,QB,NA,W (Sep 30),to AFC,Sun 1:00 pm vs Ten
Apr 29,Rueben Bain Jr.,42637,TB,"LB,DE",Q,W (Sep 30),to NFC,Sun 1:00 pm vs GB
Apr 29,Jonah Coleman,42730,Den,RB,IR,W (Sep 30),to AFC,Sun 4:25 pm @ SF
Apr 29,Omar Cooper Jr.,42652,NYJ,WR,IR,W (Sep 30),to AFC,Sun 1:00 pm @ Chi
Apr 29,Zachariah Branch,42701,Atl,WR,,W (Sep 30),to NFC,Mon 8:15 pm @ NO
Apr 29,Rohan Jones,43139,LAR,TE,NA,W (Sep 30),to NFC,Sun 1:00 pm @ Phi
Apr 29,Fernando Mendoza,42623,LV,QB,,W (Sep 30),to AFC,Sun 4:25 pm vs KC
Apr 29,Cody Hardy,43161,NYJ,TE,NA,W (Sep 30),to NFC,Sun 1:00 pm @ Chi
Apr 29,Skyler Bell,42747,Buf,WR,,W (Sep 30),to AFC,Sun 1:00 pm vs NE
Apr 29,Erick Hunter,43081,NE,LB,,W (Sep 30),to NFC,Sun 1:00 pm @ Buf
Apr 29,Colbie Young,42762,Cin,WR,O,W (Sep 30),to AFC,Sun 1:00 pm vs Jax
Apr 29,Makai Lemon,42642,Phi,WR,,W (Sep 30),to NFC,Sun 1:00 pm vs LAR
Apr 29,Kyle Dixon,43155,NE,WR,NA,W (Sep 30),to AFC,Sun 1:00 pm @ Buf
Apr 29,Carnell Tate,42626,Ten,WR,,W (Sep 30),to AFC,Sun 1:00 pm @ Bal
Apr 29,Sincere McCormick,34551,SF,RB,NA,W (Sep 30),to NFC,Sun 4:25 pm vs Den
Apr 29,Reggie Virgil,42791,Ari,WR,,W (Sep 30),to NFC,Sun 1:00 pm @ NYG
Apr 29,Dan Villari,43138,LAR,TE,NA,W (Sep 30),to NFC,Sun 1:00 pm @ Phi
Apr 29,Kaden Wetjen,42743,Pit,WR,,W (Sep 30),to AFC,Thu 8:15 pm @ Cle
Apr 29,KC Concepcion Jr.,42646,Cle,WR,,Steel City,to AFC,Thu 8:15 pm vs Pit
Apr 29,Lake McRee,43036,Pit,TE,NA,W (Sep 30),to AFC,Thu 8:15 pm @ Cle
Apr 29,Elijah Sarratt,42737,Bal,WR,,W (Sep 30),to AFC,Sun 1:00 pm vs Ten
Apr 29,Cade Klubnik,42732,NYJ,QB,,W (Sep 30),to AFC,Sun 1:00 pm @ Chi
Apr 29,Max Klare,42683,LAR,TE,,W (Sep 30),to NFC,Sun 1:00 pm @ Phi
Apr 29,Kaytron Allen,42809,Was,RB,,W (Sep 30),to NFC,Sun 9:30 am vs Ind
Apr 29,Demond Claiborne,42820,Min,RB,,W (Sep 30),to NFC,Sun 4:05 pm vs Mia
Apr 29,Carson Beck,42687,Ari,QB,,W (Sep 30),to NFC,Sun 1:00 pm @ NYG
Apr 29,Adam Randall,42780,Bal,RB,IR-R,W (Sep 30),to AFC,Sun 1:00 pm vs Ten
Apr 29,Zavion Thomas,42711,Chi,WR,,W (Sep 30),to NFC,Sun 1:00 pm vs NYJ
Apr 29,Denzel Boston,42661,Cle,WR,,W (Sep 30),to AFC,Thu 8:15 pm vs Pit
Apr 29,Emmett Johnson,42796,KC,RB,,W (Sep 30),to AFC,Sun 4:25 pm @ LV
Apr 29,Caleb Banks,42640,Min,DT,,W (Sep 30),to NFC,Sun 4:05 pm vs Mia
Apr 29,Laith Marjan,43136,Pit,K,NA,W (Sep 30),to AFC,Thu 8:15 pm @ Cle
Apr 29,Ty Simpson,42635,LAR,QB,,W (Sep 30),to NFC,Sun 1:00 pm @ Phi
Apr 29,Sonny Styles,42629,Was,LB,,W (Sep 30),to NFC,Sun 9:30 am vs Ind
Apr 29,Sam Roush,42691,Chi,TE,,W (Sep 30),to NFC,Sun 1:00 pm vs NYJ
Apr 29,Cole Payton,42801,Phi,QB,NA,W (Sep 30),to NFC,Sun 1:00 pm vs LAR
Apr 29,Jadarian Price,42654,Sea,RB,,Dave’s Bone Crushers,to NFC,Sun 4:25 pm vs LAC
Apr 29,Matt Hibner,42755,Bal,TE,,W (Sep 30),to AFC,Sun 1:00 pm vs Ten
Apr 29,Tanner Koziol,42797,Jax,TE,,W (Sep 30),to AFC,Sun 1:00 pm @ Cin
Apr 29,Martin Emerson Jr.,34024,NO,CB,Q,W (Sep 30),AFC to NFC,Mon 8:15 pm vs Atl
Apr 29,Nate Boerkircher,42678,Jax,TE,,W (Sep 30),to AFC,Sun 1:00 pm @ Cin
Apr 29,Drew Allar,42698,Pit,QB,,W (Sep 30),to AFC,Thu 8:15 pm @ Cle
Apr 29,Ted Hurst III,42706,TB,WR,,W (Sep 30),to NFC,Sun 1:00 pm vs GB
Apr 29,Justin Joly,42764,Mia,TE,,W (Sep 30),to AFC,Sun 4:05 pm @ Min
Apr 29,Dean Connors,43140,LAR,RB,NA,W (Sep 30),to NFC,Sun 1:00 pm @ Phi
Apr 29,Germie Bernard,42669,Pit,WR,,W (Sep 30),to AFC,Thu 8:15 pm @ Cle
Apr 29,Caleb Downs,42633,Dal,S,,W (Sep 30),to NFC,Sun 1:00 pm @ Hou
Apr 29,Mansoor Delane,42628,KC,CB,,W (Sep 30),to AFC,Sun 4:25 pm @ LV
Apr 29,Ja'Kobi Lane,42702,Bal,WR,IR,W (Sep 30),to AFC,Sun 1:00 pm vs Ten
Apr 29,Jeremiyah Love,42625,Ari,RB,,Monday Night Madison,to NFC,Sun 1:00 pm @ NYG
Apr 29,Chamon Metayer,43035,Car,TE,NA,W (Sep 30),to AFC,Sun 8:20 pm vs Det
Apr 29,Brenen Thompson,42727,LAC,WR,Q,W (Sep 30),to AFC,Sun 4:25 pm @ Sea
Apr 29,Eli Raridon,42717,NE,TE,Q,W (Sep 30),to AFC,Sun 1:00 pm @ Buf
Apr 29,Malachi Fields,42696,NYG,WR,,W (Sep 30),to NFC,Sun 1:00 pm vs Ari
Apr 29,Josh Cuevas,42782,Bal,TE,,W (Sep 30),to AFC,Sun 1:00 pm vs Ten
Apr 29,Matthew Caldwell,42901,LAR,QB,IR,W (Sep 30),to NFC,Sun 1:00 pm @ Phi
Apr 29,Caleb Douglas,42697,Mia,WR,Q,W (Sep 30),to AFC,Sun 4:05 pm @ Min
Apr 29,Arvell Reese,42627,NYG,LB,,W (Sep 30),to NFC,Sun 1:00 pm vs Ari
Apr 29,Kendrick Law,42798,Det,WR,IR,W (Sep 30),to NFC,Sun 8:20 pm @ Car
Apr 29,Nicholas Singleton,42763,Ten,RB,,W (Sep 30),to AFC,Sun 1:00 pm @ Bal
Apr 29,Cyrus Allen,42773,KC,WR,,W (Sep 30),to AFC,Sun 4:25 pm @ LV
Apr 29,De'Zhaun Stribling,42655,SF,WR,IR,Maybe Mitchell,to NFC,Sun 4:25 pm vs Den
Apr 29,Kansei Matsuzawa,43135,LV,K,NA,W (Sep 30),to AFC,Sun 4:25 pm vs KC
Apr 29,Kevin Coleman Jr.,42768,Mia,WR,,W (Sep 30),to AFC,Sun 4:05 pm @ Min
Apr 28,Martin Emerson Jr.,34024,NO,CB,Q,W (Sep 30),Cle to NO,Mon 8:15 pm vs Atl
Apr 28,Elijah Mitchell,33582,KC,RB,NA,W (Sep 30),NE to KC,Sun 4:25 pm @ LV
Apr 28,Michael Burton,28556,Cle,RB,,W (Sep 30),Den to Cle,Thu 8:15 pm vs Pit
Apr 28,Jacob Thomas,42920,Min,S,,W (Sep 30),to NFC,Sun 4:05 pm vs Mia
Apr 28,Dashawn Jones,42944,NO,CB,NA,W (Sep 30),to NFC,Mon 8:15 pm vs Atl
Apr 28,Ethan Conner,42965,Mia,TE,NA,W (Sep 30),to AFC,Sun 4:05 pm @ Min
Apr 28,Ben Patterson,42949,Cle,WR,NA,W (Sep 30),to AFC,Thu 8:15 pm vs Pit
Apr 28,M. Valdes-Scantling,31144,LAC,WR,,W (Sep 30),AFC to NFC,Sun 4:25 pm @ Sea
Apr 28,Alex Bullock,42957,Jax,WR,NA,W (Sep 30),to AFC,Sun 1:00 pm @ Cin
Apr 28,Will Pauling,42969,SF,WR,NA,W (Sep 30),to NFC,Sun 4:25 pm vs Den
Apr 28,CJ Donaldson,42940,NO,RB,,W (Sep 30),to NFC,Mon 8:15 pm vs Atl
Apr 28,Niles King,42924,KC,"LB,DE",NA,W (Sep 30),to AFC,Sun 4:25 pm @ LV
Apr 28,Marcus Allen,42907,Min,CB,NA,W (Sep 30),to NFC,Sun 4:05 pm vs Mia
Apr 28,Devin Neal Jr.,42961,Jax,S,NA,W (Sep 30),to AFC,Sun 1:00 pm @ Cin
Apr 28,Kejon Owens,42912,Min,RB,NA,W (Sep 30),to NFC,Sun 4:05 pm vs Mia
Apr 28,Tyler Johnson,32831,NYJ,WR,NA,W (Sep 30),AFC to NFC,Sun 1:00 pm @ Chi
Apr 28,Dillon Bell,42914,Min,WR,NA,W (Sep 30),to NFC,Sun 4:05 pm vs Mia
Apr 28,J'Mari Taylor,42882,Jax,RB,NA,W (Sep 30),to AFC,Sun 1:00 pm @ Cin
Apr 28,Devon Marshall,42966,Jax,CB,NA,W (Sep 30),to AFC,Sun 1:00 pm @ Cin
Apr 28,Marcus Sanders Jr.,42913,Min,WR,NA,W (Sep 30),to NFC,Sun 4:05 pm vs Mia
Apr 28,Bryan Thomas Jr.,42953,Jax,DE,,W (Sep 30),to AFC,Sun 1:00 pm @ Cin
Apr 28,Noah Avinger,42929,LAC,S,NA,W (Sep 30),to AFC,Sun 4:25 pm @ Sea
Apr 28,Rodney Shelley,42932,LAC,CB,,W (Sep 30),to AFC,Sun 4:25 pm @ Sea
Apr 28,Arden Walker,42939,GB,LB,NA,W (Sep 30),to NFC,Sun 1:00 pm @ TB
Apr 28,Lander Barton,42933,LAC,LB,NA,W (Sep 30),to AFC,Sun 4:25 pm @ Sea
Apr 28,Jay'Viar Suggs,42955,NO,DT,NA,W (Sep 30),to NFC,Mon 8:15 pm vs Atl
Apr 28,Brandon Johnson,34571,Pit,WR,NA,W (Sep 30),to AFC,Thu 8:15 pm @ Cle
Apr 28,Jordan Botelho,42906,Min,LB,NA,W (Sep 30),to NFC,Sun 4:05 pm vs Mia
Apr 28,Joey Aguilar,42903,Jax,QB,NA,W (Sep 30),to AFC,Sun 1:00 pm @ Cin
Apr 28,Cam'Ron Stewart,42909,Min,LB,NA,W (Sep 30),to NFC,Sun 4:05 pm vs Mia
Apr 28,Jeremiah McClendon,42945,Cle,CB,NA,W (Sep 30),to NFC,Thu 8:15 pm vs Pit
Apr 28,Scooby Williams,42937,Min,LB,NA,W (Sep 30),to NFC,Sun 4:05 pm vs Mia
Apr 28,Michael Wortham,42950,Jax,WR,NA,W (Sep 30),to AFC,Sun 1:00 pm @ Cin
Apr 28,Brady Boyd,42959,Jax,WR,NA,W (Sep 30),to AFC,Sun 1:00 pm @ Cin
Apr 28,Devonte Ross,42930,LAC,WR,NA,W (Sep 30),to AFC,Sun 4:25 pm @ Sea
Apr 28,Gregory Desrosiers,42922,LAC,RB,NA,W (Sep 30),to AFC,Sun 4:25 pm @ Sea
Apr 28,Khalil Dinkins,42972,SF,TE,NA,W (Sep 30),to NFC,Sun 4:25 pm vs Den
Apr 28,Sincere Brown,42925,LAC,WR,NA,W (Sep 30),to AFC,Sun 4:25 pm @ Sea
Apr 28,Mason Shipley,42948,NO,K,NA,W (Sep 30),to NFC,Mon 8:15 pm vs Atl
Apr 28,Keli Lawson,42918,Min,LB,NA,W (Sep 30),to NFC,Sun 4:05 pm vs Mia
Apr 28,DeMarvin Leal,34040,Pit,"LB,DE",NA,W (Sep 30),NFC to AFC,Thu 8:15 pm @ Cle
Apr 28,Avery Smith,42934,Sea,CB,,W (Sep 30),to AFC,Sun 4:25 pm vs LAC
Apr 28,Da'Veawn Armstead,42911,Min,CB,NA,W (Sep 30),to NFC,Sun 4:05 pm vs Mia
Apr 28,Keeshawn Silver,42946,NO,DT,NA,W (Sep 30),to NFC,Mon 8:15 pm vs Atl
Apr 28,Jalen Stroman,42967,SF,S,NA,W (Sep 30),to NFC,Sun 4:25 pm vs Den
Apr 28,Preston Hodge,42964,Jax,CB,NA,W (Sep 30),to AFC,Sun 1:00 pm @ Cin
Apr 28,Wesley Grimes,42970,SF,WR,NA,W (Sep 30),to NFC,Sun 4:25 pm vs Den
Apr 28,Shaleak Knotts,42917,Min,WR,NA,W (Sep 30),to NFC,Sun 4:05 pm vs Mia
Apr 28,Luke Wysong,42938,Min,WR,NA,W (Sep 30),to NFC,Sun 4:05 pm vs Mia
Apr 28,Trebor Pena,42951,Jax,WR,NA,W (Sep 30),to AFC,Sun 1:00 pm @ Cin
Apr 28,Devin Grant,42923,LAC,S,NA,W (Sep 30),to AFC,Sun 4:25 pm @ Sea
Apr 28,Michael Heldman,42947,KC,DE,NA,W (Sep 30),to NFC,Sun 4:25 pm @ LV
Apr 28,Evan Svoboda,42927,LAC,TE,NA,W (Sep 30),to AFC,Sun 4:25 pm @ Sea
Apr 28,Curtis Robinson,33902,Dal,LB,NA,W (Sep 30),SF to Dal,Sun 1:00 pm @ Hou
Apr 28,Tyler Johnson,32831,NYJ,WR,NA,W (Sep 30),NYJ to Dal,Sun 1:00 pm @ Chi
Apr 28,M. Valdes-Scantling,31144,LAC,WR,,W (Sep 30),Pit to Dal,Sun 4:25 pm @ Sea
Apr 27,Patrick McMorris,41057,SF,S,NA,W (Sep 30),Ari to SF,Sun 4:25 pm vs Den
Apr 27,Elijah Cooks,40374,Car,WR,NA,W (Sep 30),NO to Phi,Sun 8:20 pm vs Det
Apr 27,DeMarvin Leal,34040,Pit,"LB,DE",NA,W (Sep 30),NYG to Pit,Thu 8:15 pm @ Cle
Apr 27,Anfernee Jennings,32757,NO,"LB,DE",Q,W (Sep 30),AFC to NFC,Mon 8:15 pm vs Atl
Apr 27,Anfernee Jennings,32757,NO,"LB,DE",Q,W (Sep 30),NE to NO,Mon 8:15 pm vs Atl
Apr 26,Tyree Wilson,40043,NO,DE,,W (Sep 30),AFC to NFC,Mon 8:15 pm vs Atl
Apr 25,Tyree Wilson,40043,NO,DE,,W (Sep 30),LV to NO,Mon 8:15 pm vs Atl
Apr 25,Dee Winters,40227,Dal,LB,,W (Sep 30),SF to Dal,Sun 1:00 pm @ Hou
Apr 25,Jonathan Greenard,32760,Phi,"LB,DE",,W (Sep 30),Min to Phi,Sun 1:00 pm vs LAR
Apr 21,Jaylon Hutchings,41756,Chi,DT,NA,W (Sep 30),Min to Chi,Sun 1:00 pm vs NYJ
Apr 21,Will Grier,31932,Dal,QB,NA,W (Sep 30),Dal to Car,Sun 1:00 pm @ Hou
Apr 21,Xavier Guillory,42340,Bal,WR,NA,W (Sep 30),to AFC,Sun 1:00 pm vs Ten
Apr 19,Dexter Lawrence II,31849,Cin,"DL,DT",,W (Sep 30),NFC to AFC,Sun 1:00 pm vs Jax
Apr 19,Dexter Lawrence II,31849,Cin,"DL,DT",,W (Sep 30),NYG to Cin,Sun 1:00 pm vs Jax
Apr 18,Maason Smith,40916,Atl,"DT,DE",,W (Sep 30),AFC to NFC,Mon 8:15 pm @ NO
Apr 18,Tyron Herring,42252,NE,CB,NA,W (Sep 30),NFC to AFC,Sun 1:00 pm @ Buf
Apr 18,Ruke Orhorhoro,40925,Jax,"DT,DE",,W (Sep 30),NFC to AFC,Sun 1:00 pm @ Cin
Apr 17,Tyron Herring,42252,NE,CB,NA,W (Sep 30),GB to NE,Sun 1:00 pm @ Buf
Apr 17,Ruke Orhorhoro,40925,Jax,"DT,DE",,W (Sep 30),Atl to Jax,Sun 1:00 pm @ Cin
Apr 17,Maason Smith,40916,Atl,"DT,DE",,W (Sep 30),Jax to Atl,Mon 8:15 pm @ NO
Apr 15,Nasir Adderley,31892,LAC,S,NA,W (Sep 30),to AFC,Sun 4:25 pm @ Sea
Apr 14,Brandon Allen,29435,NYG,QB,NA,W (Sep 30),AFC to NFC,Sun 1:00 pm vs Ari
Apr 13,Haggai Ndubuisi,40481,Hou,DT,NA,W (Sep 30),to NFC,Sun 1:00 pm vs Dal
Apr 11,Jack Jones,34077,SF,CB,,W (Sep 30),AFC to NFC,Sun 4:25 pm vs Den
Apr 11,Swayze Bozeman,41554,Cin,LB,,W (Sep 30),to NFC,Sun 1:00 pm vs Jax
Apr 10,Cameron Sample,33499,Atl,DE,NA,W (Sep 30),AFC to NFC,Mon 8:15 pm @ NO
Apr 10,Kemon Hall,32542,Ten,CB,NA,W (Sep 30),AFC to NFC,Sun 1:00 pm @ Bal
Apr 8,Tyrod Taylor,24967,GB,QB,,W (Sep 30),to AFC,Sun 1:00 pm @ TB
Apr 8,Leonard Floyd,29243,Atl,"LB,DE",NA,W (Sep 30),to NFC,Mon 8:15 pm @ NO
Apr 8,Shane Zylstra,33803,NE,TE,NA,W (Sep 30),to NFC,Sun 1:00 pm @ Buf
Apr 8,Anthony Kendall,40711,Buf,CB,NA,W (Sep 30),to AFC,Sun 1:00 pm vs NE
Apr 8,Scotty Miller,32040,Chi,WR,NA,W (Sep 30),to AFC,Sun 1:00 pm vs NYJ
Apr 8,Austin Johnson,29277,Buf,DT,NA,W (Sep 30),to AFC,Sun 1:00 pm vs NE
Apr 8,Jordan Poyer,26841,Buf,S,NA,W (Sep 30),to AFC,Sun 1:00 pm vs NE
Apr 8,Derrick Canteen,42536,Ten,CB,NA,W (Sep 30),to NFC,Sun 1:00 pm @ Bal
Apr 8,Neville Hewitt,28935,NYG,LB,NA,W (Sep 30),to NFC,Sun 1:00 pm vs Ari
Apr 8,Caleb Johnson,33907,Hou,LB,NA,W (Sep 30),to AFC,Sun 1:00 pm vs Dal
Apr 8,Kurt Hinish,34600,Hou,DT,NA,W (Sep 30),to AFC,Sun 1:00 pm vs Dal
Apr 8,Mike Pennel,28085,KC,DT,NA,W (Sep 30),to AFC,Sun 4:25 pm @ LV
Apr 8,Donald Parham Jr.,32456,Pit,TE,NA,W (Sep 30),to AFC,Thu 8:15 pm @ Cle
Apr 8,Antonio Hamilton Sr.,29957,Was,CB,NA,W (Sep 30),to NFC,Sun 9:30 am vs Ind
Apr 8,Chris Board,31750,NYG,LB,NA,W (Sep 30),to NFC,Sun 1:00 pm vs Ari
Apr 8,Daniel Ekuale,31454,Pit,DT,NA,W (Sep 30),to AFC,Thu 8:15 pm @ Cle
Apr 8,George Odum,31373,Hou,S,NA,W (Sep 30),to AFC,Sun 1:00 pm vs Dal
Apr 8,Anthony Firkser,30571,Det,TE,NA,W (Sep 30),to NFC,Sun 8:20 pm @ Car
Apr 8,Zamir White,34078,NO,RB,NA,W (Sep 30),to AFC,Mon 8:15 pm vs Atl
Apr 8,Chris Wormley,30187,Ind,DT,NA,W (Sep 30),to AFC,Sun 9:30 am @ Was
Apr 8,Skylar Thompson,34203,Bal,QB,IR,W (Sep 30),to AFC,Sun 1:00 pm vs Ten
Apr 8,KhaDarel Hodge,31769,SF,WR,,W (Sep 30),to NFC,Sun 4:25 pm vs Den
Apr 8,Earnest Brown IV,33562,Ten,DE,NA,W (Sep 30),to AFC,Sun 1:00 pm @ Bal
Apr 8,Preston Smith,28426,Was,"LB,DE",NA,W (Sep 30),to NFC,Sun 9:30 am vs Ind
Apr 8,Jonnu Smith,30213,GB,TE,,W (Sep 30),to AFC,Sun 1:00 pm @ TB
Apr 8,M. Valdes-Scantling,31144,LAC,WR,,W (Sep 30),to AFC,Sun 4:25 pm @ Sea
Apr 8,Dane Jackson,32909,Buf,CB,NA,W (Sep 30),to AFC,Sun 1:00 pm vs NE
Apr 8,Mason Pline,41368,KC,TE,NA,W (Sep 30),to NFC,Sun 4:25 pm @ LV
Apr 8,Josh Paschal,34001,Det,DE,NA,W (Sep 30),to NFC,Sun 8:20 pm @ Car
Apr 8,Benito Jones,33239,LV,DT,NA,W (Sep 30),to AFC,Sun 4:25 pm vs KC
Apr 8,Jihad Ward,29278,Min,"LB,DE",NA,W (Sep 30),to AFC,Sun 4:05 pm vs Mia
Apr 8,Paschal Ekeji,42613,NYJ,DE,NA,W (Sep 30),to AFC,Sun 1:00 pm @ Chi
Apr 8,Jacob Slade,40435,Pit,DT,NA,W (Sep 30),to AFC,Thu 8:15 pm @ Cle
Apr 8,Sheldon Day,29337,Was,DT,NA,W (Sep 30),to NFC,Sun 9:30 am vs Ind
Apr 8,Jon Rhattigan,33862,Chi,LB,NA,W (Sep 30),to AFC,Sun 1:00 pm vs NYJ
Apr 8,Joey Bosa,29237,Buf,DE,NA,W (Sep 30),to AFC,Sun 1:00 pm vs NE
Apr 8,Germaine Pratt,31904,Ind,LB,NA,W (Sep 30),to AFC,Sun 9:30 am @ Was
Apr 8,Deebo Samuel Sr.,31868,SF,WR,,Max’s TD Bombers,to NFC,Sun 4:25 pm vs Den
Apr 8,Donovan Wilson,32045,Dal,S,NA,W (Sep 30),to NFC,Sun 1:00 pm @ Hou
Apr 8,Dean Lowry,29371,NYG,DT,NA,W (Sep 30),to AFC,Sun 1:00 pm vs Ari
Apr 8,Brian Asamoah II,34022,Cin,LB,NA,W (Sep 30),to AFC,Sun 1:00 pm vs Jax
Apr 8,Stefon Diggs,28534,Was,WR,,Monday Night Madison,to AFC,Sun 9:30 am vs Ind
Apr 8,Hassan Haskins,34087,NE,RB,NA,W (Sep 30),to AFC,Sun 1:00 pm @ Buf
Apr 8,Noah Brown,30352,LV,WR,NA,W (Sep 30),to NFC,Sun 4:25 pm vs KC
Apr 8,Joe Bachie,33108,Det,LB,NA,W (Sep 30),to AFC,Sun 8:20 pm @ Car
Apr 8,Sam Webb,34562,NYG,CB,NA,W (Sep 30),to AFC,Sun 1:00 pm vs Ari
Apr 8,Von Miller,24789,Dal,"LB,DE",,W (Sep 30),to NFC,Sun 1:00 pm @ Hou
Apr 8,Jacob Phillips,32767,Ind,LB,NA,W (Sep 30),to AFC,Sun 9:30 am @ Was
Apr 8,Wyett Ekeler,42615,Ind,"S,CB",NA,W (Sep 30),to AFC,Sun 9:30 am @ Was
Apr 8,Calais Campbell,8827,Bal,"DT,DE",,W (Sep 30),to NFC,Sun 1:00 pm vs Ten
Apr 8,Tyler Johnson,32831,NYJ,WR,NA,W (Sep 30),to AFC,Sun 1:00 pm @ Chi
Apr 8,Dicaprio Bootle,33878,Det,CB,NA,W (Sep 30),to NFC,Sun 8:20 pm @ Car
Apr 8,Brandon Allen,29435,NYG,QB,NA,W (Sep 30),to AFC,Sun 1:00 pm vs Ari
Apr 8,Cedrick Wilson Jr.,31178,Det,WR,NA,W (Sep 30),to AFC,Sun 8:20 pm @ Car
Apr 8,D. Flannigan-Fowles,32319,Buf,LB,NA,W (Sep 30),to NFC,Sun 1:00 pm vs NE
Apr 8,A.J. Woods,41223,Atl,CB,NA,W (Sep 30),to NFC,Mon 8:15 pm @ NO
Apr 8,DJ Reader,29400,NYG,DT,,W (Sep 30),to NFC,Sun 1:00 pm vs Ari
Apr 8,Bryce Ford-Wheaton,40529,NYG,WR,NA,W (Sep 30),to NFC,Sun 1:00 pm vs Ari
Apr 8,Josh Woods,31753,Atl,LB,,W (Sep 30),to NFC,Mon 8:15 pm @ NO
Apr 8,Myles Bryant,33319,Cle,CB,NA,W (Sep 30),to AFC,Thu 8:15 pm vs Pit
Apr 8,Alex Bachman,32124,LAR,WR,NA,W (Sep 30),to AFC,Sun 1:00 pm @ Phi
Apr 8,Kemon Hall,32542,Ten,CB,NA,W (Sep 30),to AFC,Sun 1:00 pm @ Bal
Apr 8,Nick McCloud,33818,Chi,CB,NA,W (Sep 30),to NFC,Sun 1:00 pm vs NYJ
Apr 8,Josiah Deguara,32764,Phi,TE,NA,W (Sep 30),to NFC,Sun 1:00 pm vs LAR
Apr 8,Darren Waller,28592,Car,TE,,W (Sep 30),to AFC,Sun 8:20 pm vs Det
Apr 8,Anthony Walker Jr.,30274,Ind,LB,NA,W (Sep 30),to AFC,Sun 9:30 am @ Was
Apr 8,Victor Dimukeje,33598,SF,"LB,DE",NA,W (Sep 30),to NFC,Sun 4:25 pm vs Den
Apr 8,David Olajiga,41526,Bal,DT,NA,W (Sep 30),to AFC,Sun 1:00 pm vs Ten
Apr 8,Dante Pettis,31014,Buf,WR,NA,W (Sep 30),to NFC,Sun 1:00 pm vs NE
Apr 8,Jack Jones,34077,SF,CB,,W (Sep 30),to AFC,Sun 4:25 pm vs Den
Apr 8,Deon Bush,29358,KC,S,NA,W (Sep 30),to AFC,Sun 4:25 pm @ LV
Apr 8,Zach Cunningham,30170,Det,LB,NA,W (Sep 30),to NFC,Sun 8:20 pm @ Car
Apr 8,Xavier Woods,30304,Chi,S,,W (Sep 30),to AFC,Sun 1:00 pm vs NYJ
Apr 8,Mike Edwards,31931,KC,S,NA,W (Sep 30),to AFC,Sun 4:25 pm @ LV
Apr 8,Eric Kendricks,28433,SF,LB,NA,W (Sep 30),to NFC,Sun 4:25 pm vs Den
Apr 8,Tyler Hall,33058,Cle,CB,NA,W (Sep 30),to NFC,Thu 8:15 pm vs Pit
Apr 8,Chris Moore,29341,Bal,WR,,W (Sep 30),to NFC,Sun 1:00 pm vs Ten
Apr 8,Ezekiel Turner,31324,Det,LB,NA,W (Sep 30),to NFC,Sun 8:20 pm @ Car
Apr 8,Jeremiah Moon,34397,Car,"LB,DE",NA,W (Sep 30),to AFC,Sun 8:20 pm vs Det
Apr 8,Nick Vannett,29328,Bal,TE,NA,W (Sep 30),to NFC,Sun 1:00 pm vs Ten
Apr 8,Perrion Winfrey,34064,Dal,DT,NA,W (Sep 30),to NFC,Sun 1:00 pm @ Hou
Apr 8,Khalen Saunders,31916,Ten,DT,NA,W (Sep 30),to AFC,Sun 1:00 pm @ Bal
Apr 8,Matt Prater,8565,Buf,K,NA,W (Sep 30),to AFC,Sun 1:00 pm vs NE
Apr 8,Eric Scott,40217,Det,CB,NA,W (Sep 30),to AFC,Sun 8:20 pm @ Car
Apr 8,Sterling Shepard,29274,NYJ,WR,NA,W (Sep 30),to NFC,Sun 1:00 pm @ Chi
Apr 8,Khalid Kareem,32817,SF,"LB,DE",,W (Sep 30),to NFC,Sun 4:25 pm vs Den
Apr 8,Michael Burton,28556,Cle,RB,,W (Sep 30),to AFC,Thu 8:15 pm vs Pit
Apr 8,Derek Barnett,30127,Cle,DE,,W (Sep 30),to AFC,Thu 8:15 pm vs Pit
Apr 8,Layne Pryor,42612,Hou,TE,NA,W (Sep 30),to AFC,Sun 1:00 pm vs Dal
Apr 8,Byron Murphy II,40895,Sea,DT,,W (Sep 30),to NFC,Sun 4:25 pm vs LAC
Apr 8,Brandin Cooks,27548,SF,WR,NA,W (Sep 30),to NFC,Sun 4:25 pm vs Den
Apr 8,Gabe Davis,32798,Buf,WR,NA,W (Sep 30),to AFC,Sun 1:00 pm vs NE
Apr 8,Easton Stick,31998,TB,QB,NA,W (Sep 30),to NFC,Sun 1:00 pm vs GB
Apr 8,Treven Ma'ae,42307,LV,"DT,DE",NA,W (Sep 30),to AFC,Sun 4:25 pm vs KC
Apr 8,Tarron Jackson,33579,Phi,"LB,DE",NA,W (Sep 30),to NFC,Sun 1:00 pm vs LAR
Apr 8,Tim Patrick,30511,NYJ,WR,IR,W (Sep 30),to AFC,Sun 1:00 pm @ Chi
Apr 8,Krys Barnes,33221,Cle,LB,NA,W (Sep 30),to NFC,Thu 8:15 pm vs Pit
Apr 8,Kareem Hunt,30199,KC,RB,NA,W (Sep 30),to AFC,Sun 4:25 pm @ LV
Apr 8,Chase Edmonds,31104,Was,RB,NA,W (Sep 30),to NFC,Sun 9:30 am vs Ind
Apr 8,Daniel Carlson,31137,NO,K,,W (Sep 30),to AFC,Mon 8:15 pm vs Atl
Apr 8,DeAndre Hopkins,26650,Bal,WR,NA,W (Sep 30),to AFC,Sun 1:00 pm vs Ten
Apr 8,Ben VanSumeren,40518,KC,RB,,W (Sep 30),to NFC,Sun 4:25 pm @ LV
Apr 8,Rayshawn Jenkins,30226,Pit,S,,W (Sep 30),to AFC,Thu 8:15 pm @ Cle
Apr 8,Will Grier,31932,Dal,QB,NA,W (Sep 30),to NFC,Sun 1:00 pm @ Hou
Apr 8,Khalil Herbert,33605,Atl,RB,NA,W (Sep 30),to AFC,Mon 8:15 pm @ NO
Apr 8,Damien Alford,42622,NO,WR,NA,W (Sep 30),to NFC,Mon 8:15 pm vs Atl
Apr 8,Jamal Adams,30119,Min,LB,IR,W (Sep 30),to AFC,Sun 4:05 pm vs Mia
Apr 8,Isaiahh Loudermilk,33544,NYJ,DT,NA,W (Sep 30),to AFC,Sun 1:00 pm @ Chi
Apr 8,Haason Reddick,30126,TB,"LB,DE",NA,W (Sep 30),to NFC,Sun 1:00 pm vs GB
Apr 8,Jalen Mills,29467,Det,S,NA,W (Sep 30),to NFC,Sun 8:20 pm @ Car
Apr 8,Joshua Cephus,41411,Jax,WR,NA,W (Sep 30),to AFC,Sun 1:00 pm @ Cin
Apr 8,Emmanuel Ogbah,29266,KC,DE,NA,W (Sep 30),to AFC,Sun 4:25 pm @ LV
Apr 8,Michael Davis,30422,NO,CB,NA,W (Sep 30),to NFC,Mon 8:15 pm vs Atl
Apr 8,Dawuane Smoot,30181,Jax,DE,NA,W (Sep 30),to AFC,Sun 1:00 pm @ Cin
Apr 8,Coby Bryant,34065,Chi,S,IR,W (Sep 30),to NFC,Sun 1:00 pm vs NYJ
Apr 8,Jay Tufele,33494,NYJ,DT,NA,W (Sep 30),to AFC,Sun 1:00 pm @ Chi
Apr 8,Qwuantrezz Knight,34317,Was,"S,CB",NA,W (Sep 30),to NFC,Sun 9:30 am vs Ind
Apr 8,Buddy Johnson,33528,Chi,LB,NA,W (Sep 30),to NFC,Sun 1:00 pm vs NYJ
Apr 8,Greg Gaines,31966,Buf,DT,,W (Sep 30),to NFC,Sun 1:00 pm vs NE
Apr 8,Ben Stille,34537,Det,DT,NA,W (Sep 30),to NFC,Sun 8:20 pm @ Car
Apr 8,L'Jarius Sneed,32808,KC,CB,,W (Sep 30),to AFC,Sun 4:25 pm @ LV
Apr 8,Walter Nolen III,41801,Ari,"DT,DE",,W (Sep 30),to NFC,Sun 1:00 pm @ NYG
Apr 8,D.J. Montgomery,32283,Ind,WR,IR,W (Sep 30),to AFC,Sun 9:30 am @ Was
Apr 8,Jahlani Tavai,31875,Jax,"LB,DE",,W (Sep 30),to AFC,Sun 1:00 pm @ Cin
Apr 8,Artie Burns,29259,Mia,CB,NA,W (Sep 30),to AFC,Sun 4:05 pm @ Min
Apr 8,Miles Sanders,31885,Dal,RB,NA,W (Sep 30),to NFC,Sun 1:00 pm @ Hou
Apr 8,Aaron Rodgers,7200,Pit,QB,,W (Sep 30),to AFC,Thu 8:15 pm @ Cle
Apr 8,Antonio Gibson,32736,NE,RB,NA,W (Sep 30),to AFC,Sun 1:00 pm @ Buf
Apr 8,Anfernee Jennings,32757,NO,"LB,DE",Q,W (Sep 30),to AFC,Mon 8:15 pm vs Atl
Apr 8,Lavonte David,25768,TB,LB,NA,W (Sep 30),to NFC,Sun 1:00 pm vs GB
Apr 8,Tommy Akingbesote,42024,Buf,DT,NA,W (Sep 30),to AFC,Sun 1:00 pm vs NE
Apr 8,Velus Jones Jr.,34027,Sea,"WR,RB",NA,W (Sep 30),to NFC,Sun 4:25 pm vs LAC
Apr 8,Shaq Thompson,28413,Buf,LB,NA,W (Sep 30),to AFC,Sun 1:00 pm vs NE
Apr 8,Amen Ogbongbemiga,33680,Det,LB,NA,W (Sep 30),to NFC,Sun 8:20 pm @ Car
Apr 8,Larry Ogunjobi,30178,Buf,DT,NA,W (Sep 30),to AFC,Sun 1:00 pm vs NE
Apr 8,Kevin Givens,32321,SF,DT,NA,W (Sep 30),to NFC,Sun 4:25 pm vs Den
Apr 8,Nick Chubb,31005,Hou,RB,NA,W (Sep 30),to AFC,Sun 1:00 pm vs Dal
Apr 8,Kristian Williams,42387,Den,DT,NA,W (Sep 30),to AFC,Sun 4:25 pm @ SF
Apr 8,Damarri Mathis,34071,Cle,CB,IR,W (Sep 30),to NFC,Thu 8:15 pm vs Pit
Apr 8,Nazeeh Johnson,34215,Ten,CB,NA,W (Sep 30),to AFC,Sun 1:00 pm @ Bal
Apr 8,Dare Ogunbowale,30860,Hou,RB,,W (Sep 30),to AFC,Sun 1:00 pm vs Dal
Apr 8,Ogbo Okoronkwo,31130,SF,"LB,DE",,W (Sep 30),to NFC,Sun 4:25 pm vs Den
Apr 8,Brandon Crossley,42286,NE,CB,NA,W (Sep 30),to AFC,Sun 1:00 pm @ Buf
Apr 8,Clelin Ferrell,31836,Mia,DE,NA,W (Sep 30),to AFC,Sun 4:05 pm @ Min
Apr 8,Isaiah Oliver,31028,Ten,S,NA,W (Sep 30),to AFC,Sun 1:00 pm @ Bal
Apr 8,Beanie Bishop Jr.,41136,Chi,CB,SUSP,W (Sep 30),to NFC,Sun 1:00 pm vs NYJ
Apr 8,Brandon Graham,23988,Phi,DE,NA,W (Sep 30),to NFC,Sun 1:00 pm vs LAR
Apr 8,Eddie Goldman,28427,Was,DT,NA,W (Sep 30),to NFC,Sun 9:30 am vs Ind
Apr 8,Kyu Blu Kelly,40187,LV,CB,NA,W (Sep 30),to AFC,Sun 4:25 pm vs KC
Apr 8,Alexander Mattison,31934,Mia,RB,NA,W (Sep 30),to AFC,Sun 4:05 pm @ Min
Apr 8,Devin Veresuk,42618,Ind,LB,NA,W (Sep 30),to AFC,Sun 9:30 am @ Was
Apr 8,J.J. Russell,34514,Ari,LB,NA,W (Sep 30),to NFC,Sun 1:00 pm @ NYG
Apr 8,Taven Bryan,30999,Bal,DT,NA,W (Sep 30),to AFC,Sun 1:00 pm vs Ten
Apr 8,Trayveon Williams,32014,Det,RB,NA,W (Sep 30),to AFC,Sun 8:20 pm @ Car
Apr 8,Terell Smith,40175,Was,CB,NA,W (Sep 30),to NFC,Sun 9:30 am vs Ind
Apr 8,Andrew Farmer II,40362,SF,"LB,DE",IR,W (Sep 30),to NFC,Sun 4:25 pm vs Den
Apr 8,Jauan Jennings,32887,Min,WR,,W (Sep 30),to NFC,Sun 4:05 pm vs Mia
Apr 8,Tyquan Lewis,31034,Ind,DE,NA,W (Sep 30),to AFC,Sun 9:30 am @ Was
Apr 8,Folorunso Fatukasi,31150,LV,DT,,W (Sep 30),to AFC,Sun 4:25 pm vs KC
Apr 8,Trevon Diggs,32721,Sea,CB,NA,W (Sep 30),to NFC,Sun 4:25 pm vs LAC
Apr 8,Ochaun Mathis,40241,NYJ,"LB,DE",NA,W (Sep 30),to AFC,Sun 1:00 pm @ Chi
Apr 8,Jalyn Holmes,31072,Ten,DE,NA,W (Sep 30),to NFC,Sun 1:00 pm @ Bal
Apr 8,Isaiah Iton,41254,NE,DT,NA,W (Sep 30),to AFC,Sun 1:00 pm @ Buf
Apr 8,Harrison Bryant,32785,Hou,TE,NA,W (Sep 30),to AFC,Sun 1:00 pm vs Dal
Apr 8,Matt Milano,30276,Buf,LB,NA,W (Sep 30),to AFC,Sun 1:00 pm vs NE
Apr 8,Denico Autry,28266,Hou,DE,NA,W (Sep 30),to AFC,Sun 1:00 pm vs Dal
Apr 8,Keaontay Ingram,34157,KC,RB,NA,W (Sep 30),to AFC,Sun 4:25 pm @ LV
Apr 8,Markees Watts,40691,TB,"LB,DE",NA,W (Sep 30),to NFC,Sun 1:00 pm vs GB
Apr 8,Darren Hall,33496,Atl,CB,NA,W (Sep 30),to NFC,Mon 8:15 pm @ NO
Apr 8,Max Hurleman,42516,Pit,"WR,RB",O,W (Sep 30),to AFC,Thu 8:15 pm @ Cle
Apr 8,Tyree Jackson,32415,Was,TE,NA,W (Sep 30),to NFC,Sun 9:30 am vs Ind
Apr 8,Marcus Davenport,30984,Chi,DE,NA,W (Sep 30),to NFC,Sun 1:00 pm vs NYJ
Apr 8,Deion Jones,29285,SF,LB,NA,W (Sep 30),to NFC,Sun 4:25 pm vs Den
Apr 8,Ifeatu Melifonwu,33489,TB,S,,W (Sep 30),to AFC,Sun 1:00 pm vs GB
Apr 8,Curtis Samuel,30153,Buf,WR,NA,W (Sep 30),to AFC,Sun 1:00 pm vs NE
Apr 8,Tyreek Hill,29399,Mia,WR,NA,W (Sep 30),to AFC,Sun 4:05 pm @ Min
Apr 8,Martin Emerson Jr.,34024,NO,CB,Q,W (Sep 30),to AFC,Mon 8:15 pm vs Atl
Apr 8,Travis Vokolek,40643,Ari,TE,NA,W (Sep 30),to NFC,Sun 1:00 pm @ NYG
Apr 8,Coziah Izzard,42426,Cle,DT,NA,W (Sep 30),to NFC,Thu 8:15 pm vs Pit
Apr 8,Chase Lucas,34193,SF,CB,NA,W (Sep 30),to NFC,Sun 4:25 pm vs Den
Apr 8,Jimmy Garoppolo,27590,LAR,QB,NA,W (Sep 30),to NFC,Sun 1:00 pm @ Phi
Apr 8,Bilal Nichols,31115,Ari,"DT,DE",NA,W (Sep 30),to NFC,Sun 1:00 pm @ NYG
Apr 8,Andre Carter II,40303,LAC,"LB,DE",NA,W (Sep 30),to NFC,Sun 4:25 pm @ Sea
Apr 8,JuJu Smith-Schuster,30175,NYG,WR,NA,W (Sep 30),to AFC,Sun 1:00 pm vs Ari
Apr 8,Ameer Abdullah,28442,Jax,RB,,W (Sep 30),to AFC,Sun 1:00 pm @ Cin
Apr 8,David Sills V,32418,TB,WR,IR-R,W (Sep 30),to NFC,Sun 1:00 pm vs GB
Apr 8,Jabrill Peppers,30138,Pit,S,NA,W (Sep 30),to AFC,Thu 8:15 pm @ Cle
Apr 8,John Wolford,31803,Min,QB,NA,W (Sep 30),to NFC,Sun 4:05 pm vs Mia
Apr 8,Elijah Roberts,41943,TB,DE,,W (Sep 30),to NFC,Sun 1:00 pm vs GB
Apr 8,Rasul Douglas,30212,Was,CB,,W (Sep 30),to AFC,Sun 9:30 am vs Ind
Apr 8,Fabian Moreau,30194,Was,CB,,W (Sep 30),to NFC,Sun 9:30 am vs Ind
Apr 8,Will Dissly,31090,LAC,TE,NA,W (Sep 30),to AFC,Sun 4:25 pm @ Sea
Apr 8,Jaquelin Roy,40192,NE,DT,NA,W (Sep 30),to AFC,Sun 1:00 pm @ Buf
Apr 8,Dee Eskridge,33444,Mia,WR,NA,W (Sep 30),to AFC,Sun 4:05 pm @ Min
Apr 8,Salvon Ahmed,33265,Chi,RB,NA,W (Sep 30),to AFC,Sun 1:00 pm vs NYJ
Apr 8,Kenneth Murray Jr.,32693,Hou,LB,NA,W (Sep 30),to NFC,Sun 1:00 pm vs Dal
Apr 8,Najee Harris,33412,NYG,RB,,W (Sep 30),to AFC,Sun 1:00 pm vs Ari
Apr 8,Marshon Lattimore,30124,Was,CB,NA,W (Sep 30),to NFC,Sun 9:30 am vs Ind
Apr 8,Cooper Rush,30788,Atl,QB,,W (Sep 30),to AFC,Mon 8:15 pm @ NO
Apr 8,Dante Barnett,42398,Cle,"DT,DE",NA,W (Sep 30),to NFC,Thu 8:15 pm vs Pit
Apr 8,Raheem Mostert,28654,LV,RB,NA,W (Sep 30),to AFC,Sun 4:25 pm vs KC
Apr 8,Deneric Prince,40570,NE,RB,NA,W (Sep 30),to AFC,Sun 1:00 pm @ Buf
Apr 8,Jadeveon Clowney,27529,Hou,DE,Q,W (Sep 30),to NFC,Sun 1:00 pm vs Dal
Apr 8,Antwaun Powell-Ryland,41976,Cin,"LB,DE",NA,W (Sep 30),to AFC,Sun 1:00 pm vs Jax
Apr 8,Anthony Johnson Jr.,40282,Chi,S,O,W (Sep 30),to NFC,Sun 1:00 pm vs NYJ
Apr 8,Darius Robinson,40906,Ari,DE,,W (Sep 30),to NFC,Sun 1:00 pm @ NYG
Apr 8,Jalen Reeves-Maybin,30237,Chi,LB,NA,W (Sep 30),to NFC,Sun 1:00 pm vs NYJ
Apr 8,Robert Tonyan,30777,Pit,TE,,W (Sep 30),to AFC,Thu 8:15 pm @ Cle
Apr 8,DaQuan Jones,27640,NE,DT,,W (Sep 30),to AFC,Sun 1:00 pm @ Buf
Apr 8,Jeff Okudah,32673,Min,CB,NA,W (Sep 30),to NFC,Sun 4:05 pm vs Mia
Apr 8,Garrett Nelson,40657,NO,"LB,DE",NA,W (Sep 30),to AFC,Mon 8:15 pm vs Atl
Apr 8,Malik Heath,40445,Atl,WR,NA,W (Sep 30),to NFC,Mon 8:15 pm @ NO
Apr 8,B.J. Green II,42218,Jax,DE,IR,W (Sep 30),to AFC,Sun 1:00 pm @ Cin
Apr 8,Jeff Driskel,29441,Was,QB,NA,W (Sep 30),to NFC,Sun 9:30 am vs Ind
Apr 8,Josh Reynolds,30230,NYJ,WR,NA,W (Sep 30),to AFC,Sun 1:00 pm @ Chi
Apr 8,Jimmie Ward,27558,Hou,S,NA,W (Sep 30),to AFC,Sun 1:00 pm vs Dal
Apr 8,Eric Johnson II,34115,GB,DT,NA,W (Sep 30),to AFC,Sun 1:00 pm @ TB
Apr 8,Trent Taylor,30290,SF,WR,NA,W (Sep 30),to NFC,Sun 4:25 pm vs Den
Apr 8,Leonard Taylor III,41335,NE,DT,,W (Sep 30),to AFC,Sun 1:00 pm @ Buf
Apr 8,DeAndre Carter,28947,Cle,WR,NA,W (Sep 30),to AFC,Thu 8:15 pm vs Pit
Apr 8,Bobby Wagner,25757,Was,LB,NA,W (Sep 30),to NFC,Sun 9:30 am vs Ind
Apr 8,Logan Wilson,32735,Dal,LB,NA,W (Sep 30),to NFC,Sun 1:00 pm @ Hou
Apr 8,Brent Urban,27662,Bal,DE,NA,W (Sep 30),to AFC,Sun 1:00 pm vs Ten
Apr 8,David Njoku,30142,LAC,TE,IR,W (Sep 30),to AFC,Sun 4:25 pm @ Sea
Apr 8,John FitzPatrick,34169,Cle,TE,NA,W (Sep 30),to NFC,Thu 8:15 pm vs Pit
Apr 8,Janarius Robinson,33522,KC,DE,NA,W (Sep 30),to AFC,Sun 4:25 pm @ LV
Apr 8,Mike Danna,32847,Buf,"LB,DE",,W (Sep 30),to AFC,Sun 1:00 pm vs NE
Apr 8,C.J. Goodwin,28289,Dal,CB,NA,W (Sep 30),to NFC,Sun 1:00 pm @ Hou
Apr 8,Dante Fowler Jr.,28391,Sea,"LB,DE",,W (Sep 30),to NFC,Sun 4:25 pm vs LAC
Apr 8,Kris Boyd,32049,NYJ,CB,NA,W (Sep 30),to AFC,Sun 1:00 pm @ Chi
Apr 8,Austin Ekeler,30423,Was,RB,,W (Sep 30),to NFC,Sun 9:30 am vs Ind
Apr 8,Bobby Okereke,31921,Car,LB,,W (Sep 30),to NFC,Sun 8:20 pm vs Det
Apr 8,Alex Johnson,41403,LAR,CB,NA,W (Sep 30),to NFC,Sun 1:00 pm @ Phi
Apr 8,Terrell Edmunds,30998,LV,S,NA,W (Sep 30),to AFC,Sun 4:25 pm vs KC
Apr 8,Ian Thomas,31071,LV,TE,,W (Sep 30),to AFC,Sun 4:25 pm vs KC
Apr 8,Quinton Bell,32062,SF,"LB,DE",NA,W (Sep 30),to AFC,Sun 4:25 pm vs Den
Apr 8,Jalyn Armour-Davis,34075,Ten,CB,NA,W (Sep 30),to AFC,Sun 1:00 pm @ Bal
Apr 8,Braxton Berrios,31180,NYG,WR,,W (Sep 30),to AFC,Sun 1:00 pm vs Ari
Apr 8,Adoree' Jackson,30131,Phi,CB,NA,W (Sep 30),to NFC,Sun 1:00 pm vs LAR
Apr 8,Arthur Maulet,30415,Det,CB,NA,W (Sep 30),to NFC,Sun 8:20 pm @ Car
Apr 8,Jerome Baker,31043,Cle,LB,NA,W (Sep 30),to AFC,Thu 8:15 pm vs Pit
Apr 8,Tyler Lockett,28457,LV,WR,NA,W (Sep 30),to AFC,Sun 4:25 pm vs KC
Apr 8,Hunter Renfrow,31981,Car,WR,NA,W (Sep 30),to NFC,Sun 8:20 pm vs Det
Apr 8,Troy Reeder,32135,NYJ,LB,,W (Sep 30),to NFC,Sun 1:00 pm @ Chi
Apr 8,Pharaoh Brown,30627,Ind,TE,NA,W (Sep 30),to NFC,Sun 9:30 am @ Was
Apr 8,Ugo Amadi,31964,NYG,S,NA,W (Sep 30),to NFC,Sun 1:00 pm vs Ari
Apr 8,Taylor Rapp,31893,Den,S,NA,W (Sep 30),to AFC,Sun 4:25 pm @ SF
Apr 8,Curtis Robinson,33902,Dal,LB,NA,W (Sep 30),to NFC,Sun 1:00 pm @ Hou
Apr 8,Marcedes Lewis,7777,Den,TE,NA,W (Sep 30),to AFC,Sun 4:25 pm @ SF
Apr 8,Joe Mixon,30161,Hou,RB,O,W (Sep 30),to AFC,Sun 1:00 pm vs Dal
Apr 8,Elandon Roberts,29448,Pit,LB,NA,W (Sep 30),to AFC,Thu 8:15 pm @ Cle
Apr 8,Ashtyn Davis,32738,SF,S,,W (Sep 30),to AFC,Sun 4:25 pm vs Den
Apr 8,Cameron Jordan,24811,NO,DE,,W (Sep 30),to NFC,Mon 8:15 pm vs Atl
Apr 8,Zach Ertz,26658,Phi,TE,,W (Sep 30),to NFC,Sun 1:00 pm vs LAR
Apr 8,Popo Aumavae,41301,Car,DT,NA,W (Sep 30),to NFC,Sun 8:20 pm vs Det
Apr 8,James Proche II,32871,Ten,WR,NA,W (Sep 30),to AFC,Sun 1:00 pm @ Bal
Apr 8,Mykel Williams,41796,SF,"LB,DE",PUP-R,W (Sep 30),to NFC,Sun 4:25 pm vs Den
Apr 8,Kyle Van Noy,27568,Min,"LB,DE",,W (Sep 30),to AFC,Sun 4:05 pm vs Mia
Apr 8,Brett Rypien,32221,Hou,QB,NA,W (Sep 30),to NFC,Sun 1:00 pm vs Dal
Apr 8,Zay Jones,30150,Hou,WR,NA,W (Sep 30),to NFC,Sun 1:00 pm vs Dal
Apr 8,Tucker Fisk,34625,LAC,TE,NA,W (Sep 30),to AFC,Sun 4:25 pm @ Sea
Apr 8,Keenan Allen,26699,Ind,WR,,W (Sep 30),to AFC,Sun 9:30 am @ Was
Apr 8,Cameron Sample,33499,Atl,DE,NA,W (Sep 30),to AFC,Mon 8:15 pm @ NO
Apr 8,Samson Ebukam,30238,Atl,"LB,DE",Q,W (Sep 30),to NFC,Mon 8:15 pm @ NO
Apr 8,TeRah Edwards,42102,Car,DT,,W (Sep 30),to AFC,Sun 8:20 pm vs Det
Apr 8,Mario Edwards Jr.,28423,Hou,DT,Q,W (Sep 30),to AFC,Sun 1:00 pm vs Dal
Apr 8,Anfernee Orji,40340,NYG,"LB,DE",NA,W (Sep 30),to AFC,Sun 1:00 pm vs Ari
Apr 8,Avonte Maddox,31095,Det,"S,CB",IR,W (Sep 30),to NFC,Sun 8:20 pm @ Car
Apr 8,Shelby Harris,27763,NYG,DT,,W (Sep 30),to AFC,Sun 1:00 pm vs Ari
Apr 8,Harrison Smith,25739,Min,S,,W (Sep 30),to NFC,Sun 4:05 pm vs Mia
Apr 8,Logan Hall,33988,Hou,DE,,W (Sep 30),to AFC,Sun 1:00 pm vs Dal
Apr 8,Yetur Gross-Matos,32707,SF,DE,NA,W (Sep 30),to NFC,Sun 4:25 pm vs Den
Apr 8,Tre'Davious White,30140,Buf,CB,NA,W (Sep 30),to AFC,Sun 1:00 pm vs NE
Apr 8,Chris Lammons,31359,Ind,CB,NA,W (Sep 30),to AFC,Sun 9:30 am @ Was
Apr 8,Devin White,31837,Det,LB,,W (Sep 30),to AFC,Sun 8:20 pm @ Car
Apr 8,Russell Wilson,25785,NYG,QB,NA,W (Sep 30),to NFC,Sun 1:00 pm vs Ari
Apr 8,Taysom Hill,30614,NO,TE,NA,W (Sep 30),to NFC,Mon 8:15 pm vs Atl
Apr 6,Bo Richter,41216,Min,LB,,W (Sep 30),to NFC,Sun 4:05 pm vs Mia
Apr 6,Zaire Barnes,40233,NYG,LB,,W (Sep 30),to NFC,Sun 1:00 pm vs Ari
Apr 6,Tim Smith,41974,Ind,DT,,W (Sep 30),to AFC,Sun 9:30 am @ Was
Apr 6,Connor Bazelak,42084,TB,QB,NA,W (Sep 30),to NFC,Sun 1:00 pm vs GB
Apr 6,Jonah Williams,33263,NO,DE,NA,W (Sep 30),to NFC,Mon 8:15 pm vs Atl
Apr 6,Denzel Perryman,28436,LAC,LB,IR,W (Sep 30),to AFC,Sun 4:25 pm @ Sea
Apr 6,Joey Slye,32384,Ten,K,,W (Sep 30),to AFC,Sun 1:00 pm @ Bal
Apr 6,Dylan Horton,40151,Hou,DE,IR,W (Sep 30),to AFC,Sun 1:00 pm vs Dal
Apr 6,Minkah Fitzpatrick,30981,NYJ,S,Q,W (Sep 30),to AFC,Sun 1:00 pm @ Chi
Apr 6,Charlie Jones,40158,NYG,WR,,W (Sep 30),to AFC,Sun 1:00 pm vs Ari
Apr 6,Nick Emmanwori,41820,Sea,S,,W (Sep 30),to NFC,Sun 4:25 pm vs LAC
Apr 6,Tyler Loop,41988,Bal,K,,Owl Out Blitz,to AFC,Sun 1:00 pm vs Ten
Apr 6,Jalan Gaines,42356,Sea,LB,NA,W (Sep 30),to NFC,Sun 4:25 pm vs LAC
Apr 6,Larrell Murchison,32844,LAR,"DT,DE",NA,W (Sep 30),to NFC,Sun 1:00 pm @ Phi
Apr 6,Mike Brown,34232,NE,S,NA,W (Sep 30),to AFC,Sun 1:00 pm @ Buf
Apr 6,Omarr Norman-Lott,41848,KC,DT,PUP-R,W (Sep 30),to AFC,Sun 4:25 pm @ LV
Apr 6,Jaylen Waddle,33394,Den,WR,,Owl Out Blitz,to AFC,Sun 4:25 pm @ SF
Apr 6,Kimani Vidal,41052,LAC,RB,,W (Sep 30),to AFC,Sun 4:25 pm @ Sea
Apr 6,Matthew Stafford,9265,LAR,QB,,JGrahnasaurs,to NFC,Sun 1:00 pm @ Phi
Apr 6,Dameon Pierce,34063,Phi,RB,NA,W (Sep 30),to NFC,Sun 1:00 pm vs LAR
Apr 6,Mack Hollins,30231,NE,WR,,W (Sep 30),to AFC,Sun 1:00 pm @ Buf
Apr 6,Leonard Williams,28394,Sea,"DL,DT,DE",,W (Sep 30),to NFC,Sun 4:25 pm vs LAC
Apr 6,T.J. Edwards,32403,Chi,LB,,W (Sep 30),to NFC,Sun 1:00 pm vs NYJ
Apr 6,Derrick Barnes,33501,Det,LB,,W (Sep 30),to NFC,Sun 8:20 pm @ Car
Apr 6,Nate Valcarcel,42328,LAR,S,NA,W (Sep 30),to NFC,Sun 1:00 pm @ Phi
Apr 6,Cobee Bryant,42193,Atl,CB,NA,W (Sep 30),to NFC,Mon 8:15 pm @ NO
Apr 6,Eric Murray,29340,Jax,S,,W (Sep 30),to AFC,Sun 1:00 pm @ Cin
Apr 6,Seth Henigan,42205,Ind,QB,NA,W (Sep 30),to AFC,Sun 9:30 am @ Was
Apr 6,Keisean Nixon,32348,GB,CB,,W (Sep 30),to NFC,Sun 1:00 pm @ TB
Apr 6,Matt Dickerson,31612,Jax,"DT,DE",,W (Sep 30),to AFC,Sun 1:00 pm @ Cin
Apr 6,Theo Wease Jr.,42161,LAC,WR,NA,W (Sep 30),to AFC,Sun 4:25 pm @ Sea
Apr 6,Nic Scourton,41836,Car,"LB,DE",IR,W (Sep 30),to NFC,Sun 8:20 pm vs Det
Apr 6,T.J. Slaton Jr.,33561,Cin,"DL,DT",,W (Sep 30),to AFC,Sun 1:00 pm vs Jax
Apr 6,Tyquan Thornton,34005,KC,WR,,W (Sep 30),to AFC,Sun 4:25 pm @ LV
Apr 6,Joe Milton III,41060,Dal,QB,NA,W (Sep 30),to NFC,Sun 1:00 pm @ Hou
Apr 6,Jeremy Ruckert,34057,NYJ,TE,,W (Sep 30),to AFC,Sun 1:00 pm @ Chi
Apr 6,Darrick Forrest,33551,SF,S,IR,W (Sep 30),to NFC,Sun 4:25 pm vs Den
Apr 6,Isaiah Johnson,41427,Mia,CB,NA,W (Sep 30),to AFC,Sun 4:05 pm @ Min
Apr 6,Jayson Jones,42324,TB,DT,NA,W (Sep 30),to NFC,Sun 1:00 pm vs GB
Apr 6,Qadir Ismail,41562,Chi,TE,NA,W (Sep 30),to NFC,Sun 1:00 pm vs NYJ
Apr 6,Puka Nacua,40168,LAR,WR,Q,Owl Out Blitz,to NFC,Sun 1:00 pm @ Phi
Apr 6,JJ Roberts,42442,TB,S,NA,W (Sep 30),to NFC,Sun 1:00 pm vs GB
Apr 6,Bud Dupree,28410,LAC,LB,,W (Sep 30),to AFC,Sun 4:25 pm @ Sea
Apr 6,Tank Dell,40097,Hou,WR,IR-R,W (Sep 30),to AFC,Sun 1:00 pm vs Dal
Apr 6,Brennan Jackson,41011,LV,"LB,DE",IR,W (Sep 30),to AFC,Sun 4:25 pm vs KC
Apr 6,Natrone Brooks,40745,Det,CB,NA,W (Sep 30),to NFC,Sun 8:20 pm @ Car
Apr 6,Chad Muma,34026,NE,LB,NA,W (Sep 30),to AFC,Sun 1:00 pm @ Buf
Apr 6,Jeremiah Martin,40508,Chi,"LB,DE",NA,W (Sep 30),to NFC,Sun 1:00 pm vs NYJ
Apr 6,Devin Duvernay,32762,Ari,WR,,W (Sep 30),to NFC,Sun 1:00 pm @ NYG
Apr 6,Josh Blackwell,34375,Chi,"DB,CB",,W (Sep 30),to NFC,Sun 1:00 pm vs NYJ
Apr 6,Jimmy Horn Jr.,41999,Cle,WR,NA,W (Sep 30),to NFC,Thu 8:15 pm vs Pit
Apr 6,Jack Cochrane,34432,KC,LB,,W (Sep 30),to AFC,Sun 4:25 pm @ LV
Apr 6,Jonah Laulu,41107,LV,"DL,DT",,W (Sep 30),to AFC,Sun 4:25 pm vs KC
Apr 6,Dorian Mausi,42268,Ten,LB,IR-R,W (Sep 30),to AFC,Sun 1:00 pm @ Bal
Apr 6,Greg Rousseau,33418,Buf,"LB,DE",,W (Sep 30),to AFC,Sun 1:00 pm vs NE
Apr 6,Elijah Higgins,40226,Ari,TE,,W (Sep 30),to NFC,Sun 1:00 pm @ NYG
Apr 6,JL Skinner,40230,Den,S,,W (Sep 30),to AFC,Sun 4:25 pm @ SF
Apr 6,Eku Leota,40574,Ari,LB,,W (Sep 30),to NFC,Sun 1:00 pm @ NYG
Apr 6,Daniel Jones,31838,Ind,QB,,W (Sep 30),to AFC,Sun 9:30 am @ Was
Apr 6,Brenden Rice,41098,LV,WR,NA,W (Sep 30),to AFC,Sun 4:25 pm vs KC
Apr 6,Tykee Smith,40953,TB,"DB,S",,W (Sep 30),to NFC,Sun 1:00 pm vs GB
Apr 6,Jeffery Simmons,31851,Ten,"DT,DE",,W (Sep 30),to AFC,Sun 1:00 pm @ Bal
Apr 6,Roger McCreary,33990,Det,CB,,W (Sep 30),to NFC,Sun 8:20 pm @ Car
Apr 6,Devonte Wyatt,33983,GB,"DL,DT",,W (Sep 30),to NFC,Sun 1:00 pm @ TB
Apr 6,Ahmani Marshall,42092,Car,RB,NA,W (Sep 30),to AFC,Sun 8:20 pm vs Det
Apr 6,Tanner McCalister,40599,KC,S,NA,W (Sep 30),to AFC,Sun 4:25 pm @ LV
Apr 6,Starling Thomas V,40593,Ari,CB,,W (Sep 30),to NFC,Sun 1:00 pm @ NYG
Apr 6,Edgerrin Cooper,40938,GB,LB,Q,W (Sep 30),to NFC,Sun 1:00 pm @ TB
Apr 6,Isaiah Land,40779,Dal,"LB,DE",NA,W (Sep 30),to NFC,Sun 1:00 pm @ Hou
Apr 6,Jaylin Lane,41920,Was,WR,,W (Sep 30),to NFC,Sun 9:30 am vs Ind
Apr 6,Jordan Burch,41880,Ari,"LB,DE",,W (Sep 30),to NFC,Sun 1:00 pm @ NYG
Apr 6,Mohamed Kamara,41029,TB,"DL,LB,DE",IR,W (Sep 30),to NFC,Sun 1:00 pm vs GB
Apr 6,Julian Blackmon,32755,NO,"DB,S",,W (Sep 30),to NFC,Mon 8:15 pm vs Atl
Apr 6,Lathan Ransom,41912,Car,S,,W (Sep 30),to NFC,Sun 8:20 pm vs Det
Apr 6,Marcus Banks,41267,TB,S,NA,W (Sep 30),to NFC,Sun 1:00 pm vs GB
Apr 6,Commanders,,Was,DEF,,W (Sep 30),to NFC,Sun 9:30 am vs Ind
Apr 6,Tre Brown,33525,NYJ,CB,IR,W (Sep 30),to AFC,Sun 1:00 pm @ Chi
Apr 6,KeAndre Lambert-Smith,41944,LAC,WR,IR,W (Sep 30),to AFC,Sun 4:25 pm @ Sea
Apr 6,Chris Smith II,40178,NYJ,S,NA,W (Sep 30),to AFC,Sun 1:00 pm @ Chi
Apr 6,Carlos Washington Jr.,40420,Mia,RB,NA,W (Sep 30),to NFC,Sun 4:05 pm @ Min
Apr 6,Jamin Davis,33407,Pit,"LB,DE",NA,W (Sep 30),to AFC,Thu 8:15 pm @ Cle
Apr 6,John Franklin-Myers,31105,Ten,"DL,DE",,W (Sep 30),to AFC,Sun 1:00 pm @ Bal
Apr 6,Roy Robertson-Harris,29920,NYG,"DL,DT,DE",IR,W (Sep 30),to NFC,Sun 1:00 pm vs Ari
Apr 6,T'Vondre Sweat,40919,NYJ,"DL,DT",,W (Sep 30),to AFC,Sun 1:00 pm @ Chi
Apr 6,Ben Sims,40335,Mia,TE,NA,W (Sep 30),to AFC,Sun 4:05 pm @ Min
Apr 6,Chandler Martin,42470,NYG,LB,NA,W (Sep 30),to NFC,Sun 1:00 pm vs Ari
Apr 6,Patrick Taylor Jr.,33235,SF,RB,NA,W (Sep 30),to NFC,Sun 4:25 pm vs Den
Apr 6,Maliek Collins,29301,Cle,DT,,W (Sep 30),to AFC,Thu 8:15 pm vs Pit
Apr 6,Viliami Fehoko Jr.,40140,SF,DE,,W (Sep 30),to AFC,Sun 4:25 pm vs Den
Apr 6,Da'Quan Felton,42201,NYJ,WR,NA,W (Sep 30),to NFC,Sun 1:00 pm @ Chi
Apr 6,Luke Gifford,32205,SF,LB,,W (Sep 30),to NFC,Sun 4:25 pm vs Den
Apr 6,Andre Cisco,33453,NYJ,S,,W (Sep 30),to AFC,Sun 1:00 pm @ Chi
Apr 6,Anthony Gould,41046,Ind,WR,,W (Sep 30),to AFC,Sun 9:30 am @ Was
Apr 6,Alijah Huzzie,42361,Hou,CB,NA,W (Sep 30),to AFC,Sun 1:00 pm vs Dal
Apr 6,Poona Ford,31477,LAR,DT,,W (Sep 30),to NFC,Sun 1:00 pm @ Phi
Apr 6,Nazir Stackhouse,42241,Ten,DT,,W (Sep 30),to NFC,Sun 1:00 pm @ Bal
Apr 6,Deonte Banks,40053,NYG,CB,Q,W (Sep 30),to NFC,Sun 1:00 pm vs Ari
Apr 6,Antoine Winfield Jr.,32715,TB,S,,W (Sep 30),to NFC,Sun 1:00 pm vs GB
Apr 6,B.J. Hill,31039,Cin,DT,Q,W (Sep 30),to AFC,Sun 1:00 pm vs Jax
Apr 6,Ko Kieft,34174,TB,TE,,W (Sep 30),to NFC,Sun 1:00 pm vs GB
Apr 6,Irv Charles,34356,Sea,WR,IR-R,W (Sep 30),to AFC,Sun 4:25 pm vs LAC
Apr 6,Elijah Simmons,42225,TB,DT,,W (Sep 30),to NFC,Sun 1:00 pm vs GB
Apr 6,Dallas Turner,40904,Min,"LB,DE",,W (Sep 30),to NFC,Sun 4:05 pm vs Mia
Apr 6,Chaz Chambliss,42183,Min,"LB,DE",,W (Sep 30),to NFC,Sun 4:05 pm vs Mia
Apr 6,Mike Evans,27535,SF,WR,Q,Owl Out Blitz,to NFC,Sun 4:25 pm vs Den
Apr 6,Dontae Manning,42188,Chi,CB,NA,W (Sep 30),to NFC,Sun 1:00 pm vs NYJ
Apr 6,Jerome Ford,34112,Min,RB,NA,W (Sep 30),to NFC,Sun 4:05 pm vs Mia
Apr 6,Jahdae Walker,42400,Chi,WR,,W (Sep 30),to NFC,Sun 1:00 pm vs NYJ
Apr 6,Devon Witherspoon,40056,Sea,CB,,W (Sep 30),to NFC,Sun 4:25 pm vs LAC
Apr 6,Naquan Jones,33833,SF,DT,,W (Sep 30),to AFC,Sun 4:25 pm vs Den
Apr 6,Rico Payton,41190,NYG,CB,IR,W (Sep 30),to NFC,Sun 1:00 pm vs Ari
Apr 6,Patrick Mahomes,30123,KC,QB,,JGrahnasaurs,to AFC,Sun 4:25 pm @ LV
Apr 6,Justin Barron,42154,Dal,LB,NA,W (Sep 30),to NFC,Sun 1:00 pm @ Hou
Apr 6,A'Shawn Robinson,29280,TB,"DL,DT,DE",,W (Sep 30),to NFC,Sun 1:00 pm vs GB
Apr 6,Tyrice Knight,41000,Sea,LB,,W (Sep 30),to NFC,Sun 4:25 pm vs LAC
Apr 6,Bryce Pierre,42274,Car,TE,NA,W (Sep 30),to NFC,Sun 8:20 pm vs Det
Apr 6,Broncos,,Den,DEF,,Jason's Jazzy Team,to AFC,Sun 4:25 pm @ SF
Apr 6,Montez Sweat,31858,Chi,"DL,DE",,W (Sep 30),to NFC,Sun 1:00 pm vs NYJ
Apr 6,Milton Williams,33461,NE,"DT,DE",,W (Sep 30),to AFC,Sun 1:00 pm @ Buf
Apr 6,Thomas Yassmin,41397,GB,TE,IR,W (Sep 30),to AFC,Sun 1:00 pm @ TB
Apr 6,Jordan Moore,42057,Cin,WR,NA,W (Sep 30),to AFC,Sun 1:00 pm vs Jax
Apr 6,Tre Hawkins III,40228,Min,CB,NA,W (Sep 30),to NFC,Sun 4:05 pm vs Mia
Apr 6,Cam Lampkin,41527,LAR,CB,NA,W (Sep 30),to NFC,Sun 1:00 pm @ Phi
Apr 6,Riley Moss,40112,Den,CB,,W (Sep 30),to AFC,Sun 4:25 pm @ SF
Apr 6,Brian Branch,40067,Det,"DB,S",PUP-R,W (Sep 30),to NFC,Sun 8:20 pm @ Car
Apr 6,Demario Davis,25787,NYJ,LB,,W (Sep 30),to AFC,Sun 1:00 pm @ Chi
Apr 6,P.J. Mustipher,40693,NYG,DT,NA,W (Sep 30),to NFC,Sun 1:00 pm vs Ari
Apr 6,Brevin Jordan,33535,Hou,TE,,W (Sep 30),to AFC,Sun 1:00 pm vs Dal
Apr 6,Smael Mondon Jr.,41947,Phi,LB,,W (Sep 30),to NFC,Sun 1:00 pm vs LAR
Apr 6,Shavon Revel Jr.,41863,Dal,CB,Q,W (Sep 30),to NFC,Sun 1:00 pm @ Hou
Apr 6,Kenneth Grant,41798,Mia,DT,IR-R,W (Sep 30),to AFC,Sun 4:05 pm @ Min
Apr 6,Elijah Mitchell,33582,KC,RB,NA,W (Sep 30),to AFC,Sun 4:25 pm @ LV
Apr 6,Calijah Kancey,40049,TB,"DL,DE",,W (Sep 30),to NFC,Sun 1:00 pm vs GB
Apr 6,Marvin Mims Jr.,40090,Den,WR,Q,W (Sep 30),to AFC,Sun 4:25 pm @ SF
Apr 6,Jerry Tillery,31860,Ind,"DT,DE",,W (Sep 30),to AFC,Sun 9:30 am @ Was
Apr 6,Theo Johnson,41003,NYG,TE,,W (Sep 30),to NFC,Sun 1:00 pm vs Ari
Apr 6,Tommy Eichenberg,41032,LV,LB,,W (Sep 30),to AFC,Sun 4:25 pm vs KC
Apr 6,Durham Smythe,31093,Bal,TE,,W (Sep 30),to AFC,Sun 1:00 pm vs Ten
Apr 6,Sam Williams,34011,Cle,"LB,DE",,W (Sep 30),to NFC,Thu 8:15 pm vs Pit
Apr 6,Truman Jones,40559,Ten,"LB,DE",,W (Sep 30),to AFC,Sun 1:00 pm @ Bal
Apr 6,D'Anthony Bell,34475,Sea,S,NA,W (Sep 30),to NFC,Sun 4:25 pm vs LAC
Apr 6,SirVocea Dennis,40194,TB,LB,,W (Sep 30),to NFC,Sun 1:00 pm vs GB
Apr 6,Kyler Baugh,41181,Pit,DT,NA,W (Sep 30),to AFC,Thu 8:15 pm @ Cle
Apr 6,Bam Martin-Scott,42260,Car,LB,IR-R,W (Sep 30),to NFC,Sun 8:20 pm vs Det
Apr 6,James Pierre,32939,Min,CB,,W (Sep 30),to NFC,Sun 4:05 pm vs Mia
Apr 6,Sean Tucker,40742,TB,RB,,W (Sep 30),to NFC,Sun 1:00 pm vs GB
Apr 6,Anthony Campbell,42544,GB,DT,Q,W (Sep 30),to NFC,Sun 1:00 pm @ TB
Apr 6,Cam Miller,41964,Mia,QB,NA,W (Sep 30),to AFC,Sun 4:05 pm @ Min
Apr 6,De'Von Achane,40118,Mia,RB,IR,Jason's Jazzy Team,to AFC,Sun 4:05 pm @ Min
Apr 6,Daniel Hardy,34191,Chi,LB,,W (Sep 30),to NFC,Sun 1:00 pm vs NYJ
Apr 6,Nnamdi Madubuike,32741,Bal,"DT,DE",,W (Sep 30),to AFC,Sun 1:00 pm vs Ten
Apr 6,Charlie Kolar,34084,LAC,TE,D,W (Sep 30),to AFC,Sun 4:25 pm @ Sea
Apr 6,Marcus Jones,34041,NE,"DB,CB",,W (Sep 30),to AFC,Sun 1:00 pm @ Buf
Apr 6,P.J. Locke,32164,Dal,S,IR,W (Sep 30),to NFC,Sun 1:00 pm @ Hou
Apr 6,Jeremy Chinn,32734,LV,S,,W (Sep 30),to AFC,Sun 4:25 pm vs KC
Apr 6,DeAngelo Malone,34038,Atl,LB,PUP-R,W (Sep 30),to NFC,Mon 8:15 pm @ NO
Apr 6,Brenton Strange,40078,Jax,TE,,W (Sep 30),to AFC,Sun 1:00 pm @ Cin
Apr 6,Christian Elliss,33778,NE,LB,,W (Sep 30),to AFC,Sun 1:00 pm @ Buf
Apr 6,Woody Marks,41902,Hou,RB,,JGrahnasaurs,to AFC,Sun 1:00 pm vs Dal
Apr 6,Otito Ogbonnia,34116,Dal,DT,,W (Sep 30),to NFC,Sun 1:00 pm @ Hou
Apr 6,Dell Pettus,41413,NE,S,IR,W (Sep 30),to AFC,Sun 1:00 pm @ Buf
Apr 6,Denzel Burke,41960,Ari,CB,,W (Sep 30),to NFC,Sun 1:00 pm @ NYG
Apr 6,Brayden Willis,40261,SF,TE,,W (Sep 30),to NFC,Sun 4:25 pm vs Den
Apr 6,Ja'Corey Brooks,42482,Was,WR,NA,W (Sep 30),to NFC,Sun 9:30 am vs Ind
Apr 6,Chase Young,32672,NO,"DL,DE",,W (Sep 30),to NFC,Mon 8:15 pm vs Atl
Apr 6,Brady Russell,40519,Sea,"RB,TE",,W (Sep 30),to NFC,Sun 4:25 pm vs LAC
Apr 6,Jaret Patterson,33706,Min,RB,NA,W (Sep 30),to AFC,Sun 4:05 pm vs Mia
Apr 6,Luke Grimm,42104,LAC,WR,NA,W (Sep 30),to AFC,Sun 4:25 pm @ Sea
Apr 6,Jarrett Stidham,31965,Den,QB,,W (Sep 30),to AFC,Sun 4:25 pm @ SF
Apr 6,Drew Sanders,40109,Den,LB,NA,W (Sep 30),to AFC,Sun 4:25 pm @ SF
Apr 6,Julius Chestnut,34451,Ten,RB,,W (Sep 30),to AFC,Sun 1:00 pm @ Bal
Apr 6,Jacob Parrish,41869,TB,CB,,W (Sep 30),to NFC,Sun 1:00 pm vs GB
Apr 6,Malcolm Roach,33118,Den,"DL,DT",,W (Sep 30),to AFC,Sun 4:25 pm @ SF
Apr 6,Qwan'tez Stiggers,41020,NYJ,CB,,W (Sep 30),to AFC,Sun 1:00 pm @ Chi
Apr 6,Dexter Lawrence II,31849,Cin,"DL,DT",,W (Sep 30),to NFC,Sun 1:00 pm vs Jax
Apr 6,Odafe Oweh,33419,Was,LB,,W (Sep 30),to NFC,Sun 9:30 am vs Ind
Apr 6,Kam Arnold,42495,KC,LB,NA,W (Sep 30),to AFC,Sun 4:25 pm @ LV
Apr 6,Ray Davis,40980,Buf,RB,,W (Sep 30),to AFC,Sun 1:00 pm vs NE
Apr 6,Jalon Walker,41800,Atl,"LB,DE",IR,W (Sep 30),to NFC,Mon 8:15 pm @ NO
Apr 6,Will McDonald IV,40038,NYJ,"DL,DE",,W (Sep 30),to AFC,Sun 1:00 pm @ Chi
Apr 6,Divine Deablo,33468,Atl,LB,,W (Sep 30),to NFC,Mon 8:15 pm @ NO
Apr 6,JJ Pegues,41995,LV,DT,,W (Sep 30),to AFC,Sun 4:25 pm vs KC
Apr 6,Chauncey Golston,33472,NYG,"DT,DE",,W (Sep 30),to NFC,Sun 1:00 pm vs Ari
Apr 6,Jaylinn Hawkins,32804,Bal,S,,W (Sep 30),to AFC,Sun 1:00 pm vs Ten
Apr 6,Sauce Gardner,33959,Ind,CB,,W (Sep 30),to AFC,Sun 9:30 am @ Was
Apr 6,Mark Perry,41432,GB,S,NA,W (Sep 30),to NFC,Sun 1:00 pm @ TB
Apr 6,Mykal Walker,32789,NYJ,LB,NA,W (Sep 30),to AFC,Sun 1:00 pm @ Chi
Apr 6,Cam Lewis,32416,Chi,"S,CB",Q,W (Sep 30),to NFC,Sun 1:00 pm vs NYJ
Apr 6,Travis Hunter,41787,Jax,WR,,W (Sep 30),to AFC,Sun 1:00 pm @ Cin
Apr 6,Jack Sawyer,41909,Pit,"LB,DE",,W (Sep 30),to AFC,Thu 8:15 pm @ Cle
Apr 6,Jalin Conyers,42167,Mia,TE,NA,W (Sep 30),to AFC,Sun 4:05 pm @ Min
Apr 6,Isaiah Wooden,41226,LAC,WR,NA,W (Sep 30),to AFC,Sun 4:25 pm @ Sea
Apr 6,Jared Verse,40894,Cle,"DL,LB,DE",,W (Sep 30),to NFC,Thu 8:15 pm vs Pit
Apr 6,Isaiah Foskey,40082,Cin,DE,NA,W (Sep 30),to AFC,Sun 1:00 pm vs Jax
Apr 6,John Ridgeway III,34134,NO,DT,,W (Sep 30),to NFC,Mon 8:15 pm vs Atl
Apr 6,Bo Melton,34185,GB,WR,,W (Sep 30),to NFC,Sun 1:00 pm @ TB
Apr 6,Jayden Daniels,40896,Was,QB,Q,Steel City,to NFC,Sun 9:30 am vs Ind
Apr 6,Blake Cashman,31989,Min,LB,,W (Sep 30),to NFC,Sun 4:05 pm vs Mia
Apr 6,Saints,,NO,DEF,,W (Sep 30),to NFC,Mon 8:15 pm vs Atl
Apr 6,Matt Henningsen,34161,Den,DE,IR,W (Sep 30),to AFC,Sun 4:25 pm @ SF
Apr 6,Omar Brown,41531,GB,S,NA,W (Sep 30),to AFC,Sun 1:00 pm @ TB
Apr 6,Tyrion Ingram-Dawkins,41925,Min,"DT,DE",,W (Sep 30),to NFC,Sun 4:05 pm vs Mia
Apr 6,Dolphins,,Mia,DEF,,W (Sep 30),to AFC,Sun 4:05 pm @ Min
Apr 6,Arik Armstead,28405,Jax,"DL,DT,DE",,W (Sep 30),to AFC,Sun 1:00 pm @ Cin
Apr 6,Eric Gray,40198,Cle,RB,NA,W (Sep 30),to NFC,Thu 8:15 pm vs Pit
Apr 6,Deone Walker,41894,Buf,DT,,W (Sep 30),to AFC,Sun 1:00 pm vs NE
Apr 6,Tyler Bass,32858,Buf,K,,W (Sep 30),to AFC,Sun 1:00 pm vs NE
Apr 6,Kendall Williamson,40248,LAC,"DB,S",,W (Sep 30),to AFC,Sun 4:25 pm @ Sea
Apr 6,Carrington Valentine,40274,GB,CB,,W (Sep 30),to NFC,Sun 1:00 pm @ TB
Apr 6,Jalen Kimber,42375,Cin,CB,NA,W (Sep 30),to AFC,Sun 1:00 pm vs Jax
Apr 6,Ty Chandler,34125,NO,RB,IR,W (Sep 30),to NFC,Mon 8:15 pm vs Atl
Apr 6,Stephen Carlson,32273,Chi,TE,NA,W (Sep 30),to NFC,Sun 1:00 pm vs NYJ
Apr 6,Joe Tryon-Shoyinka,33420,Cle,"LB,DE",NA,W (Sep 30),to NFC,Thu 8:15 pm vs Pit
Apr 6,Reddy Steward,41330,Dal,CB,NA,W (Sep 30),to NFC,Sun 1:00 pm @ Hou
Apr 6,Caleb Lohner,42027,Den,TE,IR-R,W (Sep 30),to AFC,Sun 4:25 pm @ SF
Apr 6,Trace Ford,42453,NYG,"LB,DE",NA,W (Sep 30),to NFC,Sun 1:00 pm vs Ari
Apr 6,Malik Hooker,30128,Dal,S,Q,W (Sep 30),to NFC,Sun 1:00 pm @ Hou
Apr 6,Lan Larison,42284,NE,RB,NA,W (Sep 30),to AFC,Sun 1:00 pm @ Buf
Apr 6,T.J. Watt,30143,Pit,"LB,DE",,W (Sep 30),to AFC,Thu 8:15 pm @ Cle
Apr 6,Dorian Strong,42002,Buf,CB,NFI-R,W (Sep 30),to AFC,Sun 1:00 pm vs NE
Apr 6,Nic Jones,40284,NYG,CB,,W (Sep 30),to NFC,Sun 1:00 pm vs Ari
Apr 6,Giants,,NYG,DEF,,Max’s TD Bombers,to NFC,Sun 1:00 pm vs Ari
Apr 6,Sydney Brown,40123,Atl,S,,W (Sep 30),to NFC,Mon 8:15 pm @ NO
Apr 6,Mike Gesicki,31012,Cin,TE,,W (Sep 30),to AFC,Sun 1:00 pm vs Jax
Apr 6,Nick Folk,8432,Atl,K,,W (Sep 30),to NFC,Mon 8:15 pm @ NO
Apr 6,Joe Flacco,8795,Cin,QB,,W (Sep 30),to AFC,Sun 1:00 pm vs Jax
Apr 6,Mitchell Trubisky,30115,Ten,QB,,W (Sep 30),to AFC,Sun 1:00 pm @ Bal
Apr 6,Grover Stewart,30257,Ind,DT,,W (Sep 30),to AFC,Sun 9:30 am @ Was
Apr 6,Kaiir Elam,33978,LAC,CB,NA,W (Sep 30),to AFC,Sun 4:25 pm @ Sea
Apr 6,Jordan Watkins,41917,SF,WR,,W (Sep 30),to NFC,Sun 4:25 pm vs Den
Apr 6,Daijahn Anthony,41114,Cin,S,NA,W (Sep 30),to AFC,Sun 1:00 pm vs Jax
Apr 6,Jonathan Taylor,32711,Ind,RB,,Max’s TD Bombers,to AFC,Sun 9:30 am @ Was
Apr 6,Matt Gay,31977,LV,K,,W (Sep 30),to AFC,Sun 4:25 pm vs KC
Apr 6,Xavier McKinney,32706,GB,S,,W (Sep 30),to NFC,Sun 1:00 pm @ TB
Apr 6,Donovan Ezeiruaku,41829,Dal,"LB,DE",,W (Sep 30),to NFC,Sun 1:00 pm @ Hou
Apr 6,Mark Redman,42323,GB,TE,,W (Sep 30),to NFC,Sun 1:00 pm @ TB
Apr 6,Jaden Robinson,42070,NYG,CB,NA,W (Sep 30),to AFC,Sun 1:00 pm vs Ari
Apr 6,Traeshon Holden,42151,Dal,WR,NA,W (Sep 30),to NFC,Sun 1:00 pm @ Hou
Apr 6,Patrick McMorris,41057,SF,S,NA,W (Sep 30),to NFC,Sun 4:25 pm vs Den
Apr 6,Warren Brinson,41984,GB,DT,Q,W (Sep 30),to NFC,Sun 1:00 pm @ TB
Apr 6,Treylon Burks,33973,Was,WR,,W (Sep 30),to NFC,Sun 9:30 am vs Ind
Apr 6,Cole Bishop,40912,Buf,S,,W (Sep 30),to AFC,Sun 1:00 pm vs NE
Apr 6,Demetrius Knight Jr.,41834,Cin,LB,,W (Sep 30),to AFC,Sun 1:00 pm vs Jax
Apr 6,Lawrence Cager,33329,Was,TE,NA,W (Sep 30),to NFC,Sun 9:30 am vs Ind
Apr 6,RJ Mickens,41987,LAC,S,,W (Sep 30),to AFC,Sun 4:25 pm @ Sea
Apr 6,Dominique Robinson,34130,Hou,DE,,W (Sep 30),to AFC,Sun 1:00 pm vs Dal
Apr 6,Gavin Bartholomew,41994,Min,TE,,W (Sep 30),to NFC,Sun 4:05 pm vs Mia
Apr 6,Jahan Dotson,33971,Atl,WR,,W (Sep 30),to NFC,Mon 8:15 pm @ NO
Apr 6,Travon Walker,33956,Jax,"LB,DE",,W (Sep 30),to AFC,Sun 1:00 pm @ Cin
Apr 6,Lucas Krull,34654,Den,TE,NA,W (Sep 30),to AFC,Sun 4:25 pm @ SF
Apr 6,Dayton Wade,41262,Bal,WR,NA,W (Sep 30),to AFC,Sun 1:00 pm vs Ten
Apr 6,Jonathan Mingo,40073,Dal,WR,,W (Sep 30),to NFC,Sun 1:00 pm @ Hou
Apr 6,Elijah Molden,33488,LAC,"S,CB",Q,W (Sep 30),to AFC,Sun 4:25 pm @ Sea
Apr 6,David Agoha,40482,Den,DE,NA,W (Sep 30),to AFC,Sun 4:25 pm @ SF
Apr 6,Jalin Hyatt,40128,NYG,WR,NA,W (Sep 30),to NFC,Sun 1:00 pm vs Ari
Apr 6,Braelon Allen,40981,NYJ,RB,,W (Sep 30),to AFC,Sun 1:00 pm @ Chi
Apr 6,Josh Fuga,42103,LAC,DE,NA,W (Sep 30),to AFC,Sun 4:25 pm @ Sea
Apr 6,Dak Prescott,29369,Dal,QB,,Max’s TD Bombers,to NFC,Sun 1:00 pm @ Hou
Apr 6,Chidobe Awuzie,30173,Bal,CB,,W (Sep 30),to AFC,Sun 1:00 pm vs Ten
Apr 6,Shedrick Jackson,40491,Bal,WR,NA,W (Sep 30),to AFC,Sun 1:00 pm vs Ten
Apr 6,Savion Williams,41851,GB,WR,IR-R,W (Sep 30),to NFC,Sun 1:00 pm @ TB
Apr 6,B. Washington Jr.,32840,Bal,"DT,DE",,W (Sep 30),to AFC,Sun 1:00 pm vs Ten
Apr 6,Joshua Farmer,41898,NE,"DT,DE",,W (Sep 30),to AFC,Sun 1:00 pm @ Buf
Apr 6,Montaric Brown,34178,Jax,CB,,W (Sep 30),to AFC,Sun 1:00 pm @ Cin
Apr 6,Dennis Houston,34592,TB,WR,NA,W (Sep 30),to NFC,Sun 1:00 pm vs GB
Apr 6,Lance McCutcheon,34330,Ten,WR,NA,W (Sep 30),to AFC,Sun 1:00 pm @ Bal
Apr 6,RJ Harvey,41845,Den,RB,,Max’s TD Bombers,to AFC,Sun 4:25 pm @ SF
Apr 6,Kyonte Hamilton,42011,Hou,DT,NA,W (Sep 30),to AFC,Sun 1:00 pm vs Dal
Apr 6,Jalen Davis,31534,Cin,CB,IR,W (Sep 30),to AFC,Sun 1:00 pm vs Jax
Apr 6,Eric Wilson,30448,Min,LB,,W (Sep 30),to NFC,Sun 4:05 pm vs Mia
Apr 6,Foster Moreau,31969,Hou,TE,,W (Sep 30),to AFC,Sun 1:00 pm vs Dal
Apr 6,Chris Williams,33220,Cle,DT,NA,W (Sep 30),to NFC,Thu 8:15 pm vs Pit
Apr 6,Jordan Davis,33968,Phi,DT,,W (Sep 30),to NFC,Sun 1:00 pm vs LAR
Apr 6,Corey Thornton,42264,Car,CB,NA,W (Sep 30),to NFC,Sun 8:20 pm vs Det
Apr 6,Cory Trice Jr.,40256,Pit,CB,NA,W (Sep 30),to AFC,Thu 8:15 pm @ Cle
Apr 6,Kalen King,41129,Ari,CB,,W (Sep 30),to NFC,Sun 1:00 pm @ NYG
Apr 6,Tahj Washington,41104,Mia,WR,NA,W (Sep 30),to AFC,Sun 4:05 pm @ Min
Apr 6,Keydrain Calligan,42540,Ten,CB,NA,W (Sep 30),to AFC,Sun 1:00 pm @ Bal
Apr 6,Chris Manhertz,28365,NYG,TE,,W (Sep 30),to NFC,Sun 1:00 pm vs Ari
Apr 6,Jamari Thrash,41016,Cle,WR,NA,W (Sep 30),to AFC,Thu 8:15 pm vs Pit
Apr 6,Derion Kendrick,34168,Dal,"DB,CB",NA,W (Sep 30),to NFC,Sun 1:00 pm @ Hou
Apr 6,Tyler Shough,41825,NO,QB,,Monday Night Madison,to NFC,Mon 8:15 pm vs Atl
Apr 6,Yahya Black,41950,Pit,"DT,DE",,W (Sep 30),to AFC,Thu 8:15 pm @ Cle
Apr 6,Johnathan Baldwin II,42236,GB,"S,CB",IR,W (Sep 30),to NFC,Sun 1:00 pm @ TB
Apr 6,Greg Newsome II,33414,NYG,CB,,W (Sep 30),to NFC,Sun 1:00 pm vs Ari
Apr 6,Alex Austin,40286,Mia,CB,NA,W (Sep 30),to AFC,Sun 4:05 pm @ Min
Apr 6,Tetairoa McMillan,41793,Car,WR,,Dave’s Bone Crushers,to NFC,Sun 8:20 pm vs Det
Apr 6,Cole Turner,34105,Mia,TE,IR,W (Sep 30),to AFC,Sun 4:05 pm @ Min
Apr 6,Titans,,Ten,DEF,,W (Sep 30),to AFC,Sun 1:00 pm @ Bal
Apr 6,Keith Taylor,33554,Atl,CB,NA,W (Sep 30),to AFC,Mon 8:15 pm @ NO
Apr 6,Isaiah Likely,34095,NYG,TE,,Max’s TD Bombers,to NFC,Sun 1:00 pm vs Ari
Apr 6,Derrick Henry,29279,Bal,RB,,JGrahnasaurs,to AFC,Sun 1:00 pm vs Ten
Apr 6,Joe Burrow,32671,Cin,QB,,Locked In Michelle,to AFC,Sun 1:00 pm vs Jax
Apr 6,Jarquez Hunter,41919,Mia,RB,NA,W (Sep 30),to NFC,Sun 4:05 pm @ Min
Apr 6,Jason Pinnock,33563,NYG,S,,W (Sep 30),to NFC,Sun 1:00 pm vs Ari
Apr 6,Elijah Moore,33422,Phi,WR,,W (Sep 30),to NFC,Sun 1:00 pm vs LAR
Apr 6,Bubba Thomas,42354,Sea,DT,NA,W (Sep 30),to NFC,Sun 4:25 pm vs LAC
Apr 6,Trent Sherfield,31320,Buf,WR,NA,W (Sep 30),to AFC,Sun 1:00 pm vs NE
Apr 6,Nick Niemann,33573,GB,LB,,W (Sep 30),to NFC,Sun 1:00 pm @ TB
Apr 6,Anthony Richardson Sr.,40040,Ind,QB,,W (Sep 30),to AFC,Sun 9:30 am @ Was
Apr 6,Tre Tomlinson,40237,SF,CB,NA,W (Sep 30),to NFC,Sun 4:25 pm vs Den
Apr 6,Joshua Palmer,33465,Buf,WR,,W (Sep 30),to AFC,Sun 1:00 pm vs NE
Apr 6,Saquon Barkley,30972,Phi,RB,,Monday Night Madison,to NFC,Sun 1:00 pm vs LAR
Apr 6,Nate Carter,42196,KC,RB,NA,W (Sep 30),to NFC,Sun 4:25 pm @ LV
Apr 6,Devaughn Vele,41097,NO,WR,,W (Sep 30),to NFC,Mon 8:15 pm vs Atl
Apr 6,Tanner Conner,34513,NE,TE,NA,W (Sep 30),to NFC,Sun 1:00 pm @ Buf
Apr 6,K'Lavon Chaisson,32690,Was,"LB,DE",,W (Sep 30),to NFC,Sun 9:30 am vs Ind
Apr 6,Al-Quadin Muhammad,30309,TB,"LB,DE",,W (Sep 30),to NFC,Sun 1:00 pm vs GB
Apr 6,Dante Miller,40874,NYG,RB,NA,W (Sep 30),to NFC,Sun 1:00 pm vs Ari
Apr 6,Jordan James,41933,SF,RB,,W (Sep 30),to NFC,Sun 4:25 pm vs Den
Apr 6,Alontae Taylor,34004,Ten,CB,,W (Sep 30),to AFC,Sun 1:00 pm @ Bal
Apr 6,Trenton Simpson,40116,Bal,LB,,W (Sep 30),to AFC,Sun 1:00 pm vs Ten
Apr 6,Logan Lee,41070,Pit,"DL,DT",IR,W (Sep 30),to AFC,Thu 8:15 pm @ Cle
Apr 6,Israel Abanikanda,40165,Dal,RB,NA,W (Sep 30),to NFC,Sun 1:00 pm @ Hou
Apr 6,Tanner McLachlan,41066,SF,TE,NA,W (Sep 30),to AFC,Sun 4:25 pm vs Den
Apr 6,Jay Higgins IV,42336,Bal,LB,,W (Sep 30),to AFC,Sun 1:00 pm vs Ten
Apr 6,Dayo Odeyingbo,33442,Chi,DE,,W (Sep 30),to NFC,Sun 1:00 pm vs NYJ
Apr 6,E.J. Speed,31996,Hou,LB,PUP-R,W (Sep 30),to AFC,Sun 1:00 pm vs Dal
Apr 6,Sean Clifford,40173,Cin,QB,NA,W (Sep 30),to AFC,Sun 1:00 pm vs Jax
Apr 6,Jelani Woods,34029,NYJ,TE,,W (Sep 30),to AFC,Sun 1:00 pm @ Chi
Apr 6,Ronnie Harrison Jr.,31063,Mia,"DB,LB,S",IR,W (Sep 30),to AFC,Sun 4:05 pm @ Min
Apr 6,Anthony Goodlow,41448,Car,DE,NA,W (Sep 30),to AFC,Sun 8:20 pm vs Det
Apr 6,Pat Surtain II,33397,Den,CB,,W (Sep 30),to AFC,Sun 4:25 pm @ SF
Apr 6,John Bates,33512,Was,TE,,W (Sep 30),to NFC,Sun 9:30 am vs Ind
Apr 6,Mohamoud Diabate,40598,Ten,LB,NA,W (Sep 30),to AFC,Sun 1:00 pm @ Bal
Apr 6,Isaiah Bond,42598,Cle,WR,,W (Sep 30),to AFC,Thu 8:15 pm vs Pit
Apr 6,Sam Ehlinger,33606,Den,QB,,W (Sep 30),to AFC,Sun 4:25 pm @ SF
Apr 6,Garrett Greene,42091,TB,WR,NA,W (Sep 30),to NFC,Sun 1:00 pm vs GB
Apr 6,Sean McKeon,33101,Ind,TE,NA,W (Sep 30),to AFC,Sun 9:30 am @ Was
Apr 6,Max Brosmer,42075,Min,QB,,W (Sep 30),to NFC,Sun 4:05 pm vs Mia
Apr 6,Josh Ross,34404,Min,LB,NA,W (Sep 30),to NFC,Sun 4:05 pm vs Mia
Apr 6,Ashton Gillotte,41886,KC,DE,,W (Sep 30),to AFC,Sun 4:25 pm @ LV
Apr 6,Darius Alexander,41856,NYG,"DT,DE",,W (Sep 30),to NFC,Sun 1:00 pm vs Ari
Apr 6,Jake Haener,40144,NYG,QB,NA,W (Sep 30),to AFC,Sun 1:00 pm vs Ari
Apr 6,Brenton Cox Jr.,40439,GB,"LB,DE",,W (Sep 30),to NFC,Sun 1:00 pm @ TB
Apr 6,Miles Battle,41493,Mia,CB,NA,W (Sep 30),to AFC,Sun 4:05 pm @ Min
Apr 6,Marques Sigle,41946,SF,"S,CB",,W (Sep 30),to NFC,Sun 4:25 pm vs Den
Apr 6,Rayuan Lane III,41978,Jax,S,,W (Sep 30),to AFC,Sun 1:00 pm @ Cin
Apr 6,Zayne Anderson,33877,Mia,S,,W (Sep 30),to AFC,Sun 4:05 pm @ Min
Apr 6,Justin Herbert,32676,LAC,QB,,Sunday Kevin,to AFC,Sun 4:25 pm @ Sea
Apr 6,Nick Jackson,42505,TB,LB,NA,W (Sep 30),to NFC,Sun 1:00 pm vs GB
Apr 6,Jonathon Brooks,40926,Car,RB,IR,Sunday Kevin,to NFC,Sun 8:20 pm vs Det
Apr 6,Carson Steele,41464,Phi,RB,NA,W (Sep 30),to NFC,Sun 1:00 pm vs LAR
Apr 6,Chris Blair,33376,Atl,WR,,W (Sep 30),to NFC,Mon 8:15 pm @ NO
Apr 6,Jarran Reed,29289,Sea,"DT,DE",,W (Sep 30),to NFC,Sun 4:25 pm vs LAC
Apr 6,Thomas Incoom,40698,Car,LB,,W (Sep 30),to NFC,Sun 8:20 pm vs Det
Apr 6,Andre Baccellia,32943,Ari,WR,NA,W (Sep 30),to NFC,Sun 1:00 pm @ NYG
Apr 6,Jowon Briggs,41116,NYJ,"DT,DE",,W (Sep 30),to AFC,Sun 1:00 pm @ Chi
Apr 6,Jay Toia,42003,Ari,DT,NA,W (Sep 30),to NFC,Sun 1:00 pm @ NYG
Apr 6,Andre' Sam,41384,Phi,S,IR,W (Sep 30),to NFC,Sun 1:00 pm vs LAR
Apr 6,Christian Braswell,40208,Jax,CB,,W (Sep 30),to AFC,Sun 1:00 pm @ Cin
Apr 6,Shemar Jean-Charles,33566,Sea,CB,NA,W (Sep 30),to NFC,Sun 4:25 pm vs LAC
Apr 6,Braiden McGregor,41328,NYJ,DE,,W (Sep 30),to AFC,Sun 1:00 pm @ Chi
Apr 6,Lonnie Johnson Jr.,31886,Mia,"S,CB",NA,W (Sep 30),to AFC,Sun 4:05 pm @ Min
Apr 6,Marcus Harris,41109,KC,"DL,DT",NA,W (Sep 30),to AFC,Sun 4:25 pm @ LV
Apr 6,Deatrich Wise Jr.,30244,Was,"DL,DE",PUP-R,W (Sep 30),to NFC,Sun 9:30 am vs Ind
Apr 6,Ihmir Smith-Marsette,33545,Car,WR,NA,W (Sep 30),to NFC,Sun 8:20 pm vs Det
Apr 6,Azeez Ojulari,33438,LV,LB,NA,W (Sep 30),to NFC,Sun 4:25 pm vs KC
Apr 6,DeMarcco Hellams,40278,Atl,S,,W (Sep 30),to NFC,Mon 8:15 pm @ NO
Apr 6,William Bradley-King,33628,SF,"LB,DE",NA,W (Sep 30),to NFC,Sun 4:25 pm vs Den
Apr 6,Julian Okwara,32737,Cle,"LB,DE",NA,W (Sep 30),to AFC,Thu 8:15 pm vs Pit
Apr 6,Jordan Mason,34320,Min,RB,IR,Locked In Michelle,to NFC,Sun 4:05 pm vs Mia
Apr 6,Steelers,,Pit,DEF,,Max’s TD Bombers,to AFC,Thu 8:15 pm @ Cle
Apr 6,Brian Robinson,34054,Atl,RB,,W (Sep 30),to NFC,Mon 8:15 pm @ NO
Apr 6,Chargers,,LAC,DEF,,W (Sep 30),to AFC,Sun 4:25 pm @ Sea
Apr 6,Ben Skowronek,33637,Pit,WR,,W (Sep 30),to AFC,Thu 8:15 pm @ Cle
Apr 6,Dante Stills,40244,Ari,"DT,DE",,W (Sep 30),to NFC,Sun 1:00 pm @ NYG
Apr 6,Alvin Kamara,30180,NO,RB,,W (Sep 30),to NFC,Mon 8:15 pm vs Atl
Apr 6,Dominic Lovett,42043,Det,WR,NA,W (Sep 30),to NFC,Sun 8:20 pm @ Car
Apr 6,Isaiah Rodgers,32881,Min,CB,,W (Sep 30),to NFC,Sun 4:05 pm vs Mia
Apr 6,Zach Allen,31897,Den,DE,,W (Sep 30),to AFC,Sun 4:25 pm @ SF
Apr 6,Julian Hill,40629,NE,TE,IR,W (Sep 30),to AFC,Sun 1:00 pm @ Buf
Apr 6,Trikweze Bridges,42033,Cin,"S,CB",NA,W (Sep 30),to NFC,Sun 1:00 pm vs Jax
Apr 6,Andre Szmyt,40496,Cle,K,,W (Sep 30),to AFC,Thu 8:15 pm vs Pit
Apr 6,Nohl Williams,41874,KC,CB,,W (Sep 30),to AFC,Sun 4:25 pm @ LV
Apr 6,Austin Booker,41042,Chi,"DL,DE",,W (Sep 30),to NFC,Sun 1:00 pm vs NYJ
Apr 6,Tanner Ingle,40389,LAR,"DB,S",NA,W (Sep 30),to NFC,Sun 1:00 pm @ Phi
Apr 6,Christian Benford,34141,Buf,CB,Q,W (Sep 30),to AFC,Sun 1:00 pm vs NE
Apr 6,Upton Stout,41884,SF,CB,,W (Sep 30),to NFC,Sun 4:25 pm vs Den
Apr 6,Moliki Matavao,42006,NO,TE,IR,W (Sep 30),to NFC,Mon 8:15 pm vs Atl
Apr 6,Nate Adkins,40702,Den,TE,,W (Sep 30),to AFC,Sun 4:25 pm @ SF
Apr 6,Ennis Rakestraw Jr.,40936,Det,"DB,CB",,W (Sep 30),to NFC,Sun 8:20 pm @ Car
Apr 6,Terrel Bernard,34045,Buf,LB,,W (Sep 30),to AFC,Sun 1:00 pm vs NE
Apr 6,Gabe Hall,41381,Phi,DT,NA,W (Sep 30),to NFC,Sun 1:00 pm vs LAR
Apr 6,Donte Kent,42026,Pit,CB,PUP-R,W (Sep 30),to AFC,Thu 8:15 pm @ Cle
Apr 6,K.C. Ossai,42363,Hou,LB,IR,W (Sep 30),to AFC,Sun 1:00 pm vs Dal
Apr 6,Mitchell Tinsley,40313,Cin,WR,,W (Sep 30),to AFC,Sun 1:00 pm vs Jax
Apr 6,Davante Adams,27581,LAR,WR,,JGrahnasaurs,to NFC,Sun 1:00 pm @ Phi
Apr 6,Julian Love,31940,Sea,S,Q,W (Sep 30),to NFC,Sun 4:25 pm vs LAC
Apr 6,Bo Nix,40875,Den,QB,,Steel City,to AFC,Sun 4:25 pm @ SF
Apr 6,Michael Hoecht,33252,Buf,"LB,DE",,W (Sep 30),to AFC,Sun 1:00 pm vs NE
Apr 6,Jack Kiser,41901,Jax,LB,,W (Sep 30),to AFC,Sun 1:00 pm @ Cin
Apr 6,Elijah Garcia,34339,Dal,"DL,DE",NA,W (Sep 30),to NFC,Sun 1:00 pm @ Hou
Apr 6,Evan Engram,30136,Den,TE,,W (Sep 30),to AFC,Sun 4:25 pm @ SF
Apr 6,Tonka Hemingway,41893,LV,DT,,W (Sep 30),to AFC,Sun 4:25 pm vs KC
Apr 6,Rodney Thomas II,34195,Sea,S,,W (Sep 30),to NFC,Sun 4:25 pm vs LAC
Apr 6,Jeremiah Trotter Jr.,41015,Phi,LB,,W (Sep 30),to NFC,Sun 1:00 pm vs LAR
Apr 6,Ji'Ayir Brown,40106,SF,S,,W (Sep 30),to NFC,Sun 4:25 pm vs Den
Apr 6,Brycen Tremayne,40407,Car,WR,,W (Sep 30),to NFC,Sun 8:20 pm vs Det
Apr 6,Adedayo Odeleye,34301,Dal,DE,NA,W (Sep 30),to NFC,Sun 1:00 pm @ Hou
Apr 6,Jackson Hawes,41959,Buf,TE,,W (Sep 30),to AFC,Sun 1:00 pm vs NE
Apr 6,Drake London,33963,Atl,WR,,Dave’s Bone Crushers,to NFC,Mon 8:15 pm @ NO
Apr 6,Ty Hamilton,41934,LAR,"DT,DE",,W (Sep 30),to NFC,Sun 1:00 pm @ Phi
Apr 6,Eric Stokes,33417,LV,CB,,W (Sep 30),to AFC,Sun 4:25 pm vs KC
Apr 6,Isaiah Raikes,42371,Ten,"DT,DE",NA,W (Sep 30),to AFC,Sun 1:00 pm @ Bal
Apr 6,Tre Avery,34449,Cle,CB,NA,W (Sep 30),to AFC,Thu 8:15 pm vs Pit
Apr 6,Josh Uche,32730,Mia,"LB,DE",,W (Sep 30),to AFC,Sun 4:05 pm @ Min
Apr 6,Jacob Saylors,40474,Det,RB,,W (Sep 30),to NFC,Sun 8:20 pm @ Car
Apr 6,John Metchie III,33999,Car,WR,,W (Sep 30),to NFC,Sun 8:20 pm vs Det
Apr 6,Drew Ogletree,34148,Ind,TE,,W (Sep 30),to AFC,Sun 9:30 am @ Was
Apr 6,Dre Greenlaw,31980,SF,LB,Q,W (Sep 30),to NFC,Sun 4:25 pm vs Den
Apr 6,Colby Wooden,40132,NO,DT,,W (Sep 30),to AFC,Mon 8:15 pm vs Atl
Apr 6,Jake Bates,40835,Det,K,,W (Sep 30),to NFC,Sun 8:20 pm @ Car
Apr 6,Micheal Clemons,34073,Ind,DE,IR,W (Sep 30),to AFC,Sun 9:30 am @ Was
Apr 6,Javon Kinlaw,32684,Was,DT,,W (Sep 30),to NFC,Sun 9:30 am vs Ind
Apr 6,Brian Burns,31848,NYG,"LB,DE",IR,W (Sep 30),to NFC,Sun 1:00 pm vs Ari
Apr 6,Jabbar Muhammad,42221,Jax,CB,NA,W (Sep 30),to AFC,Sun 1:00 pm @ Cin
Apr 6,Anthony Nelson,31939,TB,LB,,W (Sep 30),to NFC,Sun 1:00 pm vs GB
Apr 6,Karene Reid,42080,Den,LB,,W (Sep 30),to AFC,Sun 4:25 pm @ SF
Apr 6,Travis Hunter,41787,Jax,WR,,W (Sep 30),to AFC,Sun 1:00 pm @ Cin
Apr 6,Dalys Beanum,42344,NO,CB,NA,W (Sep 30),to NFC,Mon 8:15 pm vs Atl
Apr 6,D'Andre Swift,32705,Chi,RB,,Owl Out Blitz,to NFC,Sun 1:00 pm vs NYJ
Apr 6,Carlton Davis III,31033,NE,CB,,W (Sep 30),to AFC,Sun 1:00 pm @ Buf
Apr 6,Cornelius Johnson,41099,Bal,WR,NA,W (Sep 30),to AFC,Sun 1:00 pm vs Ten
Apr 6,Cam Hart,41028,LAC,CB,,W (Sep 30),to AFC,Sun 4:25 pm @ Sea
Apr 6,Dalen Cambre,42200,NYG,WR,NA,W (Sep 30),to NFC,Sun 1:00 pm vs Ari
Apr 6,Darius Slayton,32003,Ind,WR,,W (Sep 30),to NFC,Sun 9:30 am @ Was
Apr 6,Troy Franklin,41009,Den,WR,,W (Sep 30),to AFC,Sun 4:25 pm @ SF
Apr 6,Collin Oliver,41945,GB,"LB,DE",IR-R,W (Sep 30),to NFC,Sun 1:00 pm @ TB
Apr 6,Maxen Hook,42177,Sea,S,NA,W (Sep 30),to NFC,Sun 4:25 pm vs LAC
Apr 6,Donovan McMillon,42083,Cle,S,,W (Sep 30),to AFC,Thu 8:15 pm vs Pit
Apr 6,Phil Mafah,42018,NYG,RB,NA,W (Sep 30),to NFC,Sun 1:00 pm vs Ari
Apr 6,Aeneas Peebles,41979,Bal,DT,,W (Sep 30),to AFC,Sun 1:00 pm vs Ten
Apr 6,Jammie Robinson,40176,Atl,S,NA,W (Sep 30),to NFC,Mon 8:15 pm @ NO
Apr 6,Panthers,,Car,DEF,,W (Sep 30),to NFC,Sun 8:20 pm vs Det
Apr 6,Michael Bandy,33928,Den,WR,NA,W (Sep 30),to AFC,Sun 4:25 pm @ SF
Apr 6,Bryce Oliver,41251,Hou,WR,NA,W (Sep 30),to AFC,Sun 1:00 pm vs Dal
Apr 6,Mike Hughes,31000,Atl,CB,,W (Sep 30),to NFC,Mon 8:15 pm @ NO
Apr 6,JJ Galbreath,42275,Ind,TE,NA,W (Sep 30),to AFC,Sun 9:30 am @ Was
Apr 6,Marco Wilson,33524,Mia,CB,NA,W (Sep 30),to AFC,Sun 4:05 pm @ Min
Apr 6,Thomas Booker IV,34106,LV,"DT,DE",,W (Sep 30),to AFC,Sun 4:25 pm vs KC
Apr 6,Jaylon Carlies,41040,Ind,"DB,LB,S",,W (Sep 30),to AFC,Sun 9:30 am @ Was
Apr 6,Ricky Barber,42147,Was,DT,NA,W (Sep 30),to NFC,Sun 9:30 am vs Ind
Apr 6,Tyler Nubin,40935,NYG,"DB,S",Q,W (Sep 30),to NFC,Sun 1:00 pm vs Ari
Apr 6,Thomas Harper,41146,Det,S,IR,W (Sep 30),to NFC,Sun 8:20 pm @ Car
Apr 6,Seahawks,,Sea,DEF,,Locked In Michelle,to NFC,Sun 4:25 pm vs LAC
Apr 6,Brandon Aiyuk,32695,SF,WR,NA,W (Sep 30),to NFC,Sun 4:25 pm vs Den
Apr 6,Benjamin St-Juste,33462,GB,CB,,W (Sep 30),to NFC,Sun 1:00 pm @ TB
Apr 6,Andy Borregales,41980,NE,K,,W (Sep 30),to AFC,Sun 1:00 pm @ Buf
Apr 6,Will Reichard,41093,Min,K,,Sunday Kevin,to NFC,Sun 4:05 pm vs Mia
Apr 6,Kenneth Walker III,33996,KC,RB,,Max’s TD Bombers,to AFC,Sun 4:25 pm @ LV
Apr 6,Hollywood Brown,31857,Phi,WR,Q,W (Sep 30),to NFC,Sun 1:00 pm vs LAR
Apr 6,Connor O'Toole,42360,Sea,"LB,DE",,W (Sep 30),to NFC,Sun 4:25 pm vs LAC
Apr 6,Rashid Shaheed,34659,Sea,WR,,Maybe Mitchell,to NFC,Sun 4:25 pm vs LAC
Apr 6,Princeton Fant,40778,Dal,TE,IR,W (Sep 30),to NFC,Sun 1:00 pm @ Hou
Apr 6,Noah Sewell,40172,Chi,LB,PUP-R,W (Sep 30),to NFC,Sun 1:00 pm vs NYJ
Apr 6,Deven Thompkins,34520,LV,WR,NA,W (Sep 30),to NFC,Sun 4:25 pm vs KC
Apr 6,Zion Childress,42155,Car,S,NA,W (Sep 30),to NFC,Sun 8:20 pm vs Det
Apr 6,Darius Muasau,41090,NE,LB,,W (Sep 30),to NFC,Sun 1:00 pm @ Buf
Apr 6,Dee Winters,40227,Dal,LB,,W (Sep 30),to NFC,Sun 1:00 pm @ Hou
Apr 6,D.J. Reed,31112,Det,CB,,W (Sep 30),to NFC,Sun 8:20 pm @ Car
Apr 6,Jahmyr Gibbs,40059,Det,RB,,Locked In Michelle,to NFC,Sun 8:20 pm @ Car
Apr 6,Jordan Love,32696,GB,QB,,Locked In Michelle,to NFC,Sun 1:00 pm @ TB
Apr 6,D.J. Jones,30310,Den,DT,,W (Sep 30),to AFC,Sun 4:25 pm @ SF
Apr 6,Jack Henderson,42411,Pit,S,NA,W (Sep 30),to AFC,Thu 8:15 pm @ Cle
Apr 6,Isaiah Neyor,42385,GB,WR,NA,W (Sep 30),to NFC,Sun 1:00 pm @ TB
Apr 6,Quinnen Williams,31835,Dal,"DL,DT",,W (Sep 30),to NFC,Sun 1:00 pm @ Hou
Apr 6,Byron Young,40124,LAR,LB,,W (Sep 30),to NFC,Sun 1:00 pm @ Phi
Apr 6,Charles Omenihu,31993,Was,DE,,W (Sep 30),to NFC,Sun 9:30 am vs Ind
Apr 6,Rashan Gary,31844,Dal,LB,,W (Sep 30),to NFC,Sun 1:00 pm @ Hou
Apr 6,Justice Hill,31945,Bal,RB,,W (Sep 30),to AFC,Sun 1:00 pm vs Ten
Apr 6,Riley Leonard,41968,Ind,QB,,W (Sep 30),to AFC,Sun 9:30 am @ Was
Apr 6,Channing Tindall,34058,Atl,LB,NA,W (Sep 30),to NFC,Mon 8:15 pm @ NO
Apr 6,Derick Hall,40070,Sea,LB,,W (Sep 30),to NFC,Sun 4:25 pm vs LAC
Apr 6,Henry To'oTo'o,40189,Hou,LB,IR,W (Sep 30),to AFC,Sun 1:00 pm vs Dal
Apr 6,Alohi Gilman,32856,KC,S,,W (Sep 30),to AFC,Sun 4:25 pm @ LV
Apr 6,Josh Williams,42086,TB,RB,NA,W (Sep 30),to NFC,Sun 1:00 pm vs GB
Apr 6,Jaylen Watson,34199,LAR,CB,D,W (Sep 30),to NFC,Sun 1:00 pm @ Phi
Apr 6,Jahfari Harvey,42510,LV,DE,NA,W (Sep 30),to AFC,Sun 4:25 pm vs KC
Apr 6,Teagan Quitoriano,34126,Ari,TE,NA,W (Sep 30),to NFC,Sun 1:00 pm @ NYG
Apr 6,Ben Sauls,42379,NYG,K,NA,W (Sep 30),to NFC,Sun 1:00 pm vs Ari
Apr 6,Will Harris,31913,Was,"S,CB",NA,W (Sep 30),to NFC,Sun 9:30 am vs Ind
Apr 6,Brandon Smith,33710,Pit,WR,NA,W (Sep 30),to AFC,Thu 8:15 pm @ Cle
Apr 6,Jason Brownlee,40545,KC,WR,NA,W (Sep 30),to AFC,Sun 4:25 pm @ LV
Apr 6,Cam Grandy,41353,Min,TE,NA,W (Sep 30),to AFC,Sun 4:05 pm vs Mia
Apr 6,Will Johnson,41832,Ari,CB,IR,W (Sep 30),to NFC,Sun 1:00 pm @ NYG
Apr 6,Vita Vea,30982,TB,DT,,W (Sep 30),to NFC,Sun 1:00 pm vs GB
Apr 6,Jamien Sherwood,33534,NYJ,LB,,W (Sep 30),to AFC,Sun 1:00 pm @ Chi
Apr 6,Malik Verdon,42195,Atl,S,NA,W (Sep 30),to NFC,Mon 8:15 pm @ NO
Apr 6,Tru Edwards,42316,LAR,WR,NA,W (Sep 30),to NFC,Sun 1:00 pm @ Phi
Apr 6,Jason Sanders,31199,NYJ,K,,W (Sep 30),to NFC,Sun 1:00 pm @ Chi
Apr 6,Konata Mumpfield,42035,LAR,WR,,W (Sep 30),to NFC,Sun 1:00 pm @ Phi
Apr 6,Nash Hutmacher,42474,TB,DT,NA,W (Sep 30),to NFC,Sun 1:00 pm vs GB
Apr 6,Ivan Pace Jr.,40301,Min,LB,,W (Sep 30),to NFC,Sun 4:05 pm vs Mia
Apr 6,Noah Gray,33550,KC,TE,,W (Sep 30),to AFC,Sun 4:25 pm @ LV
Apr 6,Dalevon Campbell,42519,LAC,WR,NA,W (Sep 30),to AFC,Sun 4:25 pm @ Sea
Apr 6,A.J. Terrell Jr.,32686,Atl,CB,IR,W (Sep 30),to NFC,Mon 8:15 pm @ NO
Apr 6,Elijah Ponder,42287,NE,"LB,DE",,W (Sep 30),to AFC,Sun 1:00 pm @ Buf
Apr 6,Zach Harrison,40115,Atl,"DL,DE",,W (Sep 30),to NFC,Mon 8:15 pm @ NO
Apr 6,Devin Lloyd,33982,Car,LB,Q,W (Sep 30),to NFC,Sun 8:20 pm vs Det
Apr 6,Isaiah McGuire,40150,Cle,DE,,W (Sep 30),to AFC,Thu 8:15 pm vs Pit
Apr 6,Craig Woodson,41897,NE,S,Q,W (Sep 30),to AFC,Sun 1:00 pm @ Buf
Apr 6,Del'Shawn Phillips,32118,LAC,LB,,W (Sep 30),to AFC,Sun 4:25 pm @ Sea
Apr 6,Cam Horsley,42370,Ari,DT,NA,W (Sep 30),to AFC,Sun 1:00 pm @ NYG
Apr 6,Zemaiah Vaughn,42269,Min,CB,,W (Sep 30),to NFC,Sun 4:05 pm vs Mia
Apr 6,Joaquin Davis,42072,Pit,WR,NA,W (Sep 30),to NFC,Thu 8:15 pm @ Cle
Apr 6,Jacoby Brissett,29325,Ari,QB,,W (Sep 30),to NFC,Sun 1:00 pm @ NYG
Apr 6,Jaylen Wright,41010,Mia,RB,Q,W (Sep 30),to AFC,Sun 4:05 pm @ Min
Apr 6,Markquese Bell,34624,Dal,"LB,S",,W (Sep 30),to NFC,Sun 1:00 pm @ Hou
Apr 6,DJ Moore,30994,Buf,WR,,Dave’s Bone Crushers,to AFC,Sun 1:00 pm vs NE
Apr 6,Josh Oliver,31901,Min,TE,O,W (Sep 30),to NFC,Sun 4:05 pm vs Mia
Apr 6,DaVon Hamilton,32743,Jax,DT,,W (Sep 30),to AFC,Sun 1:00 pm @ Cin
Apr 6,Garrett Wilson,33965,NYJ,WR,,Steel City,to AFC,Sun 1:00 pm @ Chi
Apr 6,Troy Dye,32802,LAC,LB,,W (Sep 30),to AFC,Sun 4:25 pm @ Sea
Apr 6,Laiatu Latu,40882,Ind,DE,,W (Sep 30),to AFC,Sun 9:30 am @ Was
Apr 6,Tyler Warren,41799,Ind,TE,,Sunday Kevin,to AFC,Sun 9:30 am @ Was
Apr 6,Tommy Tremble,33471,Car,TE,,W (Sep 30),to NFC,Sun 8:20 pm vs Det
Apr 6,Christopher Edmonds,41204,Cle,S,NA,W (Sep 30),to AFC,Thu 8:15 pm vs Pit
Apr 6,Tanner McKee,40220,Phi,QB,NA,W (Sep 30),to NFC,Sun 1:00 pm vs LAR
Apr 6,Eli Apple,29244,SF,"DB,CB",NA,W (Sep 30),to NFC,Sun 4:25 pm vs Den
Apr 6,Robert Rochell,33518,Car,CB,NA,W (Sep 30),to NFC,Sun 8:20 pm vs Det
Apr 6,Reed Blankenship,34376,Hou,S,,W (Sep 30),to AFC,Sun 1:00 pm vs Dal
Apr 6,Bengals,,Cin,DEF,,W (Sep 30),to AFC,Sun 1:00 pm vs Jax
Apr 6,Denzel Ward,30974,Cle,CB,,W (Sep 30),to AFC,Thu 8:15 pm vs Pit
Apr 6,Parker Washington,40234,Jax,WR,,Max’s TD Bombers,to AFC,Sun 1:00 pm @ Cin
Apr 6,Teddy Bridgewater,27560,TB,QB,NA,W (Sep 30),to NFC,Sun 1:00 pm vs GB
Apr 6,Rejzohn Wright,40575,NO,"DB,CB",IR,W (Sep 30),to NFC,Mon 8:15 pm vs Atl
Apr 6,Chris Oladokun,34197,KC,QB,NA,W (Sep 30),to AFC,Sun 4:25 pm @ LV
Apr 6,Scott Matlock,40225,LAC,RB,IR-R,W (Sep 30),to AFC,Sun 4:25 pm @ Sea
Apr 6,Xavier Watts,41883,Atl,S,,W (Sep 30),to NFC,Mon 8:15 pm @ NO
Apr 6,Josh Hines-Allen,31839,Jax,"LB,DE",,W (Sep 30),to AFC,Sun 1:00 pm @ Cin
Apr 6,Ruke Orhorhoro,40925,Jax,"DT,DE",,W (Sep 30),to NFC,Sun 1:00 pm @ Cin
Apr 6,Bears,,Chi,DEF,,W (Sep 30),to NFC,Sun 1:00 pm vs NYJ
Apr 6,Baron Browning,33493,Ari,LB,,W (Sep 30),to NFC,Sun 1:00 pm @ NYG
Apr 6,Barrett Carter,41906,Cin,LB,,W (Sep 30),to AFC,Sun 1:00 pm vs Jax
Apr 6,Ali Gaye,40293,Hou,"LB,DE",IR,W (Sep 30),to AFC,Sun 1:00 pm vs Dal
Apr 6,Elijah Campbell,31451,NYG,"DB,S",,W (Sep 30),to NFC,Sun 1:00 pm vs Ari
Apr 6,Luke Schoonmaker,40061,Dal,TE,,W (Sep 30),to NFC,Sun 1:00 pm @ Hou
Apr 6,Pierre Strong Jr.,34083,GB,RB,NA,W (Sep 30),to NFC,Sun 1:00 pm @ TB
Apr 6,Daron Payne,30983,Was,DT,,W (Sep 30),to NFC,Sun 9:30 am vs Ind
Apr 6,Tre'von Moehrig,33431,Car,S,,W (Sep 30),to NFC,Sun 8:20 pm vs Det
Apr 6,Devon Key,33883,Den,"DB,S",,W (Sep 30),to AFC,Sun 4:25 pm @ SF
Apr 6,Barryn Sorrell,41924,GB,DE,,W (Sep 30),to NFC,Sun 1:00 pm @ TB
Apr 6,Malik Cunningham,40290,Det,WR,NA,W (Sep 30),to NFC,Sun 8:20 pm @ Car
Apr 6,Brenden Bates,41675,Jax,TE,NA,W (Sep 30),to AFC,Sun 1:00 pm @ Cin
Apr 6,Mike Sainristil,40932,Was,"DB,CB",,W (Sep 30),to NFC,Sun 9:30 am vs Ind
Apr 6,Danny Gray,34061,Phi,WR,NA,W (Sep 30),to NFC,Sun 1:00 pm vs LAR
Apr 6,Tyler Davis,41080,LAR,"DT,DE",,W (Sep 30),to NFC,Sun 1:00 pm @ Phi
Apr 6,Jake Browning,32138,TB,QB,NA,W (Sep 30),to NFC,Sun 1:00 pm vs GB
Apr 6,Blake Watson,41388,Ten,RB,NA,W (Sep 30),to AFC,Sun 1:00 pm @ Bal
Apr 6,DJ Ivey,40259,Cin,CB,,W (Sep 30),to AFC,Sun 1:00 pm vs Jax
Apr 6,Daniel Scott,40205,Ind,S,NA,W (Sep 30),to AFC,Sun 9:30 am @ Was
Apr 6,Nate Lynn,41436,NYJ,"LB,DE",NA,W (Sep 30),to AFC,Sun 1:00 pm @ Chi
Apr 6,Devin Bush,31842,Chi,LB,,W (Sep 30),to NFC,Sun 1:00 pm vs NYJ
Apr 6,Levi Onwuzurike,33429,Det,"DL,DT",,W (Sep 30),to NFC,Sun 8:20 pm @ Car
Apr 6,Josh Butler,40829,Dal,CB,NA,W (Sep 30),to NFC,Sun 1:00 pm @ Hou
Apr 6,Erick Hallett II,40210,Ten,"S,CB",,W (Sep 30),to AFC,Sun 1:00 pm @ Bal
Apr 6,Quincy Riley,41915,NO,CB,,W (Sep 30),to NFC,Mon 8:15 pm vs Atl
Apr 6,Zay Flowers,40039,Bal,WR,,Jason's Jazzy Team,to AFC,Sun 1:00 pm vs Ten
Apr 6,Montrell Johnson Jr.,42173,Car,RB,NA,W (Sep 30),to NFC,Sun 8:20 pm vs Det
Apr 6,Justin Strnad,32848,Den,LB,,W (Sep 30),to AFC,Sun 4:25 pm @ SF
Apr 6,Ryan Miller,40676,Mia,WR,,W (Sep 30),to NFC,Sun 4:05 pm @ Min
Apr 6,Jamon Johnson,42239,Bal,LB,NA,W (Sep 30),to NFC,Sun 1:00 pm vs Ten
Apr 6,Shy Tuttle,32497,Was,DT,,W (Sep 30),to NFC,Sun 9:30 am vs Ind
Apr 6,Tycen Anderson,34122,Den,S,,W (Sep 30),to AFC,Sun 4:25 pm @ SF
Apr 6,Aidan O'Connell,40138,LV,QB,Q,W (Sep 30),to AFC,Sun 4:25 pm vs KC
Apr 6,Cam Jackson,41926,Car,DT,,W (Sep 30),to NFC,Sun 8:20 pm vs Det
Apr 6,Tory Horton,41952,Sea,WR,,W (Sep 30),to NFC,Sun 4:25 pm vs LAC
Apr 6,Zyon McCollum,34113,TB,CB,,W (Sep 30),to NFC,Sun 1:00 pm vs GB
Apr 6,Hunter Luepke,40780,Dal,RB,,W (Sep 30),to NFC,Sun 1:00 pm @ Hou
Apr 6,Jaxson Dart,41810,NYG,QB,IR,W (Sep 30),to NFC,Sun 1:00 pm vs Ari
Apr 6,Garret Wallow,33558,SF,LB,,W (Sep 30),to NFC,Sun 4:25 pm vs Den
Apr 6,Jack Sanborn,34370,Chi,LB,,W (Sep 30),to NFC,Sun 1:00 pm vs NYJ
Apr 6,Dante Trader Jr.,41941,Mia,S,,W (Sep 30),to AFC,Sun 4:05 pm @ Min
Apr 6,Nakobe Dean,34039,LV,LB,,W (Sep 30),to AFC,Sun 4:25 pm vs KC
Apr 6,Eric Rogers,42142,LAC,CB,NA,W (Sep 30),to AFC,Sun 4:25 pm @ Sea
Apr 6,Chigozie Anusiem,41225,LV,CB,IR,W (Sep 30),to AFC,Sun 4:25 pm vs KC
Apr 6,Ricky White III,42042,Sea,WR,NA,W (Sep 30),to NFC,Sun 4:25 pm vs LAC
Apr 6,Juwan Johnson,33113,NO,TE,,Steel City,to NFC,Mon 8:15 pm vs Atl
Apr 6,Theo Jackson,34164,Min,S,,W (Sep 30),to NFC,Sun 4:05 pm vs Mia
Apr 6,Ryan Flournoy,41087,Dal,WR,,W (Sep 30),to NFC,Sun 1:00 pm @ Hou
Apr 6,Derek Stingley Jr.,33958,Hou,CB,,W (Sep 30),to AFC,Sun 1:00 pm vs Dal
Apr 6,Donovan Edwards,42226,Mia,RB,NA,W (Sep 30),to AFC,Sun 4:05 pm @ Min
Apr 6,Kingsley Enagbare,34135,NYJ,"LB,DE",,W (Sep 30),to AFC,Sun 1:00 pm @ Chi
Apr 6,Zach Horton,42420,Det,TE,NA,W (Sep 30),to NFC,Sun 8:20 pm @ Car
Apr 6,Josh Jobe,34383,Sea,CB,,W (Sep 30),to NFC,Sun 4:25 pm vs LAC
Apr 6,Pete Werner,33448,NO,LB,Q,W (Sep 30),to NFC,Mon 8:15 pm vs Atl
Apr 6,John Jiles,41687,NE,WR,NA,W (Sep 30),to AFC,Sun 1:00 pm @ Buf
Apr 6,Cam Little,41062,Jax,K,,Dave’s Bone Crushers,to AFC,Sun 1:00 pm @ Cin
Apr 6,Troy Andersen,34015,Atl,LB,NA,W (Sep 30),to NFC,Mon 8:15 pm @ NO
Apr 6,James Houston,34173,Dal,"DL,LB,DE",,W (Sep 30),to NFC,Sun 1:00 pm @ Hou
Apr 6,Zach Wilson,33390,NO,QB,,W (Sep 30),to NFC,Mon 8:15 pm vs Atl
Apr 6,Audric Estime,41019,NO,RB,NA,W (Sep 30),to NFC,Mon 8:15 pm vs Atl
Apr 6,Jesse Luketa,34212,NE,LB,NA,W (Sep 30),to AFC,Sun 1:00 pm @ Buf
Apr 6,Jameis Winston,28389,NYG,QB,,W (Sep 30),to NFC,Sun 1:00 pm vs Ari
Apr 6,Mike Hall Jr.,40921,Cle,DT,,W (Sep 30),to AFC,Thu 8:15 pm vs Pit
Apr 6,Omarion Hampton,41807,LAC,RB,,Monday Night Madison,to AFC,Sun 4:25 pm @ Sea
Apr 6,Kamal Hadden,41053,GB,"DB,CB",,W (Sep 30),to NFC,Sun 1:00 pm @ TB
Apr 6,Kain Medrano,41985,Was,LB,,W (Sep 30),to NFC,Sun 9:30 am vs Ind
Apr 6,A.J. Green III,33306,Mia,CB,NA,W (Sep 30),to AFC,Sun 4:05 pm @ Min
Apr 6,Gunnar Helm,41905,Ten,TE,,W (Sep 30),to AFC,Sun 1:00 pm @ Bal
Apr 6,Will Mallory,40180,Ind,TE,IR-R,W (Sep 30),to AFC,Sun 9:30 am @ Was
Apr 6,DJ Giddens,41937,Ind,RB,,W (Sep 30),to AFC,Sun 9:30 am @ Was
Apr 6,Tyler Higbee,29344,LAR,TE,,W (Sep 30),to NFC,Sun 1:00 pm @ Phi
Apr 6,C.J. Henderson,32679,Atl,CB,,W (Sep 30),to NFC,Mon 8:15 pm @ NO
Apr 6,Marvin Harrison Jr.,40893,Ari,WR,,Locked In Michelle,to NFC,Sun 1:00 pm @ NYG
Apr 6,Jarvis Brownlee Jr.,41044,NYJ,"DB,CB",,W (Sep 30),to AFC,Sun 1:00 pm @ Chi
Apr 6,Tre' Harris,41840,LAC,WR,,W (Sep 30),to AFC,Sun 4:25 pm @ Sea
Apr 6,Roy Lopez,33583,Ari,DT,,W (Sep 30),to NFC,Sun 1:00 pm @ NYG
Apr 6,Emmanuel Forbes Jr.,40033,LAR,CB,,W (Sep 30),to NFC,Sun 1:00 pm @ Phi
Apr 6,Elijah Chatman,41634,Cle,DT,IR,W (Sep 30),to NFC,Thu 8:15 pm vs Pit
Apr 6,Dalton Kincaid,40048,Buf,TE,,Jason's Jazzy Team,to AFC,Sun 1:00 pm vs NE
Apr 6,Oren Burks,31058,Cin,LB,,W (Sep 30),to AFC,Sun 1:00 pm vs Jax
Apr 6,Chris Roland-Wallace,41498,KC,CB,,W (Sep 30),to AFC,Sun 4:25 pm @ LV
Apr 6,Chiefs,,KC,DEF,,JGrahnasaurs,to AFC,Sun 4:25 pm @ LV
Apr 6,Kader Kohou,34529,KC,CB,NA,W (Sep 30),to AFC,Sun 4:25 pm @ LV
Apr 6,Kyle Williams,41864,NE,WR,,W (Sep 30),to AFC,Sun 1:00 pm @ Buf
Apr 6,Nick Scott,32075,Car,S,Q,W (Sep 30),to NFC,Sun 8:20 pm vs Det
Apr 6,Van Jefferson,32727,Was,WR,NA,W (Sep 30),to NFC,Sun 9:30 am vs Ind
Apr 6,Johnny Mundt,30373,Phi,TE,,W (Sep 30),to NFC,Sun 1:00 pm vs LAR
Apr 6,Harrison Mevis,41312,LAR,K,,Monday Night Madison,to NFC,Sun 1:00 pm @ Phi
Apr 6,David Onyemata,29354,NYJ,"DL,DT",IR,W (Sep 30),to AFC,Sun 1:00 pm @ Chi
Apr 6,Tatum Bethune,41123,SF,LB,,W (Sep 30),to NFC,Sun 4:25 pm vs Den
Apr 6,Ravens,,Bal,DEF,,W (Sep 30),to AFC,Sun 1:00 pm vs Ten
Apr 6,Graham Mertz,41975,Hou,QB,IR,W (Sep 30),to AFC,Sun 1:00 pm vs Dal
Apr 6,Kendric Pryor,34476,Cin,WR,NA,W (Sep 30),to AFC,Sun 1:00 pm vs Jax
Apr 6,Cameron Latu,40101,NE,TE,,W (Sep 30),to NFC,Sun 1:00 pm @ Buf
Apr 6,Elias Neal,41529,LAR,LB,NA,W (Sep 30),to NFC,Sun 1:00 pm @ Phi
Apr 6,Malik Willis,34042,Mia,QB,,W (Sep 30),to AFC,Sun 4:05 pm @ Min
Apr 6,Amon-Ra St. Brown,33500,Det,WR,,Sunday Kevin,to NFC,Sun 8:20 pm @ Car
Apr 6,Jaleel McLaughlin,40696,Cle,RB,,W (Sep 30),to AFC,Thu 8:15 pm vs Pit
Apr 6,Trevis Gipson,32825,Car,LB,,W (Sep 30),to NFC,Sun 8:20 pm vs Det
Apr 6,Darien Porter,41876,LV,CB,,W (Sep 30),to AFC,Sun 4:25 pm vs KC
Apr 6,Tony Jefferson,27081,LAC,S,,W (Sep 30),to AFC,Sun 4:25 pm @ Sea
Apr 6,Malcolm Rodriguez,34144,Det,LB,,W (Sep 30),to NFC,Sun 8:20 pm @ Car
Apr 6,Kris Abrams-Draine,41047,Den,"DB,CB",,W (Sep 30),to AFC,Sun 4:25 pm @ SF
Apr 6,Patrick Herbert,42204,LAC,TE,NA,W (Sep 30),to AFC,Sun 4:25 pm @ Sea
Apr 6,Mason Rudolph,31046,Pit,QB,,W (Sep 30),to AFC,Thu 8:15 pm @ Cle
Apr 6,Sam Darnold,30973,Sea,QB,,Monday Night Madison,to NFC,Sun 4:25 pm vs LAC
Apr 6,Kristian Welch,33005,GB,LB,NA,W (Sep 30),to NFC,Sun 1:00 pm @ TB
Apr 6,Keivie Rose,42213,Jax,DT,NA,W (Sep 30),to AFC,Sun 1:00 pm @ Cin
Apr 6,Erick All Jr.,40989,Cin,TE,,W (Sep 30),to AFC,Sun 1:00 pm vs Jax
Apr 6,Robert Spillane,31708,NE,LB,,W (Sep 30),to AFC,Sun 1:00 pm @ Buf
Apr 6,Phidarian Mathis,34002,Buf,DT,,W (Sep 30),to AFC,Sun 1:00 pm vs NE
Apr 6,Travis Etienne Jr.,33413,NO,RB,O,JGrahnasaurs,to NFC,Mon 8:15 pm vs Atl
Apr 6,Payton Page,42499,NYJ,DT,NA,W (Sep 30),to AFC,Sun 1:00 pm @ Chi
Apr 6,Hendon Hooker,40096,Ten,QB,NA,W (Sep 30),to AFC,Sun 1:00 pm @ Bal
Apr 6,Jihaad Campbell,41816,Phi,LB,,W (Sep 30),to NFC,Sun 1:00 pm vs LAR
Apr 6,J.K. Dobbins,32725,Den,RB,,Owl Out Blitz,to AFC,Sun 4:25 pm @ SF
Apr 6,Renardo Green,40928,SF,"DB,CB",,W (Sep 30),to NFC,Sun 4:25 pm vs Den
Apr 6,Kenny McIntosh,40267,Sea,RB,NA,W (Sep 30),to NFC,Sun 4:25 pm vs LAC
Apr 6,Branson Combs,42216,Jax,LB,,W (Sep 30),to AFC,Sun 1:00 pm @ Cin
Apr 6,Bucky Irving,40993,TB,RB,,Sunday Kevin,to NFC,Sun 1:00 pm vs GB
Apr 6,Jaheim Bell,41106,Pit,TE,NA,W (Sep 30),to NFC,Thu 8:15 pm @ Cle
Apr 6,Justin Shorter,40167,LV,"WR,TE",NA,W (Sep 30),to AFC,Sun 4:25 pm vs KC
Apr 6,Bryan Cook,34018,Cin,S,,W (Sep 30),to AFC,Sun 1:00 pm vs Jax
Apr 6,Willie Gay Jr.,32733,Mia,LB,,W (Sep 30),to AFC,Sun 4:05 pm @ Min
Apr 6,Javon Hargrave,29323,GB,"DL,DT",,W (Sep 30),to NFC,Sun 1:00 pm @ TB
Apr 6,Daniel Bellinger,34068,Ten,TE,,W (Sep 30),to AFC,Sun 1:00 pm @ Bal
Apr 6,Andrew Van Ginkel,31983,Min,"LB,DE",,W (Sep 30),to NFC,Sun 4:05 pm vs Mia
Apr 6,D'Marco Jackson,34117,Chi,LB,,W (Sep 30),to NFC,Sun 1:00 pm vs NYJ
Apr 6,Davis Allen,40164,LAR,TE,,W (Sep 30),to NFC,Sun 1:00 pm @ Phi
Apr 6,Ronnie Bell,40279,LV,WR,NA,W (Sep 30),to NFC,Sun 4:25 pm vs KC
Apr 6,Terrell Burgess,32774,Ten,S,,W (Sep 30),to NFC,Sun 1:00 pm @ Bal
Apr 6,Jaylon Johnson,32720,Chi,"DB,CB",,W (Sep 30),to NFC,Sun 1:00 pm vs NYJ
Apr 6,Cameron Heyward,24818,Pit,"DT,DE",,W (Sep 30),to AFC,Thu 8:15 pm @ Cle
Apr 6,JaQuae Jackson,41231,LAC,WR,NA,W (Sep 30),to AFC,Sun 4:25 pm @ Sea
Apr 6,Luther Burden III,41824,Chi,WR,,Max’s TD Bombers,to NFC,Sun 1:00 pm vs NYJ
Apr 6,Quentin Lake,34167,LAR,"DB,S",,W (Sep 30),to NFC,Sun 1:00 pm @ Phi
Apr 6,Kyle Hamilton,33969,Bal,S,,W (Sep 30),to AFC,Sun 1:00 pm vs Ten
Apr 6,Jarrian Jones,40947,Jax,"DB,CB",,W (Sep 30),to AFC,Sun 1:00 pm @ Cin
Apr 6,Ryan Fitzgerald,42262,Car,K,,W (Sep 30),to NFC,Sun 8:20 pm vs Det
Apr 6,Cam Bynum,33513,Ind,S,,W (Sep 30),to AFC,Sun 9:30 am @ Was
Apr 6,Justin Jefferson,32692,Min,WR,Q,Maybe Mitchell,to NFC,Sun 4:05 pm vs Mia
Apr 6,Noah Igbinoghene,32700,Cle,CB,,W (Sep 30),to NFC,Thu 8:15 pm vs Pit
Apr 6,Miles Killebrew,29345,TB,"DB,S",,W (Sep 30),to NFC,Sun 1:00 pm vs GB
Apr 6,Jordan Magee,41014,Was,LB,IR,W (Sep 30),to NFC,Sun 9:30 am vs Ind
Apr 6,Kam Curl,32886,LAR,S,,W (Sep 30),to NFC,Sun 1:00 pm @ Phi
Apr 6,Harold Fannin Jr.,41877,Cle,TE,,Locked In Michelle,to AFC,Thu 8:15 pm vs Pit
Apr 6,Tyree Wilson,40043,NO,DE,,W (Sep 30),to AFC,Mon 8:15 pm vs Atl
Apr 6,Ricky Pearsall,40892,SF,WR,IR,W (Sep 30),to NFC,Sun 4:25 pm vs Den
Apr 6,Cody Simon,41918,Ari,LB,,W (Sep 30),to NFC,Sun 1:00 pm @ NYG
Apr 6,Ben Sinnott,40931,Was,TE,,W (Sep 30),to NFC,Sun 9:30 am vs Ind
Apr 6,Alex Anzalone,30189,TB,LB,,W (Sep 30),to NFC,Sun 1:00 pm vs GB
Apr 6,Drake Dabney,42523,GB,TE,NA,W (Sep 30),to NFC,Sun 1:00 pm @ TB
Apr 6,Stone Smartt,34637,NO,TE,NA,W (Sep 30),to NFC,Mon 8:15 pm vs Atl
Apr 6,Nick Bellore,25295,Was,LB,NA,W (Sep 30),to NFC,Sun 9:30 am vs Ind
Apr 6,Josh Hayes,40221,TB,"DB,CB",IR-R,W (Sep 30),to NFC,Sun 1:00 pm vs GB
Apr 6,Kevin Knowles,42118,TB,CB,,W (Sep 30),to AFC,Sun 1:00 pm vs GB
Apr 6,Dan Jackson,42014,Det,S,NA,W (Sep 30),to NFC,Sun 8:20 pm @ Car
Apr 6,Cody Schrader,41193,Den,RB,NA,W (Sep 30),to AFC,Sun 4:25 pm @ SF
Apr 6,Andy Dalton,24822,Phi,QB,,W (Sep 30),to NFC,Sun 1:00 pm vs LAR
Apr 6,Tavierre Thomas,31321,Min,CB,NA,W (Sep 30),to NFC,Sun 4:05 pm vs Mia
Apr 6,Chazz Surratt,33466,Sea,LB,,W (Sep 30),to NFC,Sun 4:25 pm vs LAC
Apr 6,Kendell Brooks,40426,Ten,S,IR,W (Sep 30),to AFC,Sun 1:00 pm @ Bal
Apr 6,Kahlef Hailassie,40756,GB,"S,CB",NA,W (Sep 30),to NFC,Sun 1:00 pm @ TB
Apr 6,Amari Gainer,41160,Mia,LB,NA,W (Sep 30),to AFC,Sun 4:05 pm @ Min
Apr 6,Brian Thomas Jr.,40883,Jax,WR,,Owl Out Blitz,to AFC,Sun 1:00 pm @ Cin
Apr 6,Rasheen Ali,41033,Bal,RB,,W (Sep 30),to AFC,Sun 1:00 pm vs Ten
Apr 6,Solomon Thomas,30116,Ten,"DL,DT",,W (Sep 30),to AFC,Sun 1:00 pm @ Bal
Apr 6,Shemar Turner,41847,Chi,"DT,DE",PUP-R,W (Sep 30),to NFC,Sun 1:00 pm vs NYJ
Apr 6,Rico Dowdle,33100,Pit,RB,Q,W (Sep 30),to AFC,Thu 8:15 pm @ Cle
Apr 6,Jerry Jeudy,32685,Cle,WR,,W (Sep 30),to AFC,Thu 8:15 pm vs Pit
Apr 6,Ruben Hyppolite II,41923,Chi,LB,IR,W (Sep 30),to NFC,Sun 1:00 pm vs NYJ
Apr 6,Chase McLaughlin,32417,TB,K,,W (Sep 30),to NFC,Sun 1:00 pm vs GB
Apr 6,Luke Farrell,33533,SF,TE,,W (Sep 30),to NFC,Sun 4:25 pm vs Den
Apr 6,Kamren Kinchens,40973,LAR,S,Q,W (Sep 30),to NFC,Sun 1:00 pm @ Phi
Apr 6,Bryson Green,42100,Ari,WR,NA,W (Sep 30),to NFC,Sun 1:00 pm @ NYG
Apr 6,Danielle Hunter,28476,Hou,"LB,DE",,W (Sep 30),to AFC,Sun 1:00 pm vs Dal
Apr 6,Alex Wright,34034,Cle,DE,IR,W (Sep 30),to AFC,Thu 8:15 pm vs Pit
Apr 6,Robbie Ouzts,41961,Sea,"RB,TE",IR,W (Sep 30),to NFC,Sun 4:25 pm vs LAC
Apr 6,Thomas Gordon,42571,Det,TE,NA,W (Sep 30),to NFC,Sun 8:20 pm @ Car
Apr 6,Jalen Pitre,33992,Hou,S,,W (Sep 30),to AFC,Sun 1:00 pm vs Dal
Apr 6,Desjuan Johnson,40270,LAR,"LB,DE",,W (Sep 30),to NFC,Sun 1:00 pm @ Phi
Apr 6,Bailey Zappe,34093,NYJ,QB,NA,W (Sep 30),to AFC,Sun 1:00 pm @ Chi
Apr 6,Malik Herring,33882,Mia,DE,,W (Sep 30),to AFC,Sun 4:05 pm @ Min
Apr 6,Nolan Smith Jr.,40054,Phi,LB,,W (Sep 30),to NFC,Sun 1:00 pm vs LAR
Apr 6,D'Angelo Ross,32223,Cle,CB,NA,W (Sep 30),to AFC,Thu 8:15 pm vs Pit
Apr 6,Romeo Doubs,34088,NE,WR,,Maybe Mitchell,to AFC,Sun 1:00 pm @ Buf
Apr 6,K.J. Britt,33564,NE,LB,NA,W (Sep 30),to AFC,Sun 1:00 pm @ Buf
Apr 6,Jets,,NYJ,DEF,,W (Sep 30),to AFC,Sun 1:00 pm @ Chi
Apr 6,Brodric Martin-Rhodes,40122,Ari,"DL,DT",NA,W (Sep 30),to AFC,Sun 1:00 pm @ NYG
Apr 6,Ambry Thomas,33490,Phi,CB,NA,W (Sep 30),to NFC,Sun 1:00 pm vs LAR
Apr 6,Montorie Foster Jr.,42515,Sea,WR,,W (Sep 30),to NFC,Sun 4:25 pm vs LAC
Apr 6,Matthew Butler,34131,Mia,DT,NA,W (Sep 30),to AFC,Sun 4:05 pm @ Min
Apr 6,Marshall Lang,42353,Min,TE,NA,W (Sep 30),to AFC,Sun 4:05 pm vs Mia
Apr 6,Skyy Moore,34009,GB,WR,,W (Sep 30),to NFC,Sun 1:00 pm @ TB
Apr 6,Tariq Castro-Fields,34177,Phi,CB,NA,W (Sep 30),to NFC,Sun 1:00 pm vs LAR
Apr 6,C.J. Stroud,40030,Hou,QB,,W (Sep 30),to AFC,Sun 1:00 pm vs Dal
Apr 6,Malik Washington,41058,Mia,WR,,W (Sep 30),to AFC,Sun 4:05 pm @ Min
Apr 6,Joe Andreessen,41696,Buf,LB,,W (Sep 30),to AFC,Sun 1:00 pm vs NE
Apr 6,Darrell Baker Jr.,34302,Mia,CB,PUP-R,W (Sep 30),to AFC,Sun 4:05 pm @ Min
Apr 6,Harold Landry III,31011,NE,"LB,DE",PUP-R,W (Sep 30),to AFC,Sun 1:00 pm @ Buf
Apr 6,Uchenna Nwosu,31018,Sea,LB,,W (Sep 30),to NFC,Sun 4:25 pm vs LAC
Apr 6,Jordan Jefferson,40985,LAC,DT,NA,W (Sep 30),to AFC,Sun 4:25 pm @ Sea
Apr 6,Jaden Hicks,40977,KC,"DB,S",,W (Sep 30),to AFC,Sun 4:25 pm @ LV
Apr 6,Alfred Collins,41828,SF,DT,IR,W (Sep 30),to NFC,Sun 4:25 pm vs Den
Apr 6,Mike Reid,42265,NO,CB,,W (Sep 30),to NFC,Mon 8:15 pm vs Atl
Apr 6,C.J. Okoye,40483,NYG,"DL,DT",,W (Sep 30),to AFC,Sun 1:00 pm vs Ari
Apr 6,Vikings,,Min,DEF,,Owl Out Blitz,to NFC,Sun 4:05 pm vs Mia
Apr 6,Nate Landman,34291,LAR,LB,,W (Sep 30),to NFC,Sun 1:00 pm @ Phi
Apr 6,C.J. West,41916,SF,DT,IR,W (Sep 30),to NFC,Sun 4:25 pm vs Den
Apr 6,Drew Lock,31874,Sea,QB,,W (Sep 30),to NFC,Sun 4:25 pm vs LAC
Apr 6,Joseph Ossai,33457,NYJ,DE,,W (Sep 30),to AFC,Sun 1:00 pm @ Chi
Apr 6,Damone Clark,34132,Det,LB,IR,W (Sep 30),to NFC,Sun 8:20 pm @ Car
Apr 6,Kaevon Merriweather,40684,Jax,S,NA,W (Sep 30),to AFC,Sun 1:00 pm @ Cin
Apr 6,Luke Musgrave,40074,GB,TE,PUP-R,W (Sep 30),to NFC,Sun 1:00 pm @ TB
Apr 6,Phillip Dorsett II,28417,LV,WR,NA,W (Sep 30),to AFC,Sun 4:25 pm vs KC
Apr 6,Nahshon Wright,33487,NYJ,CB,,W (Sep 30),to AFC,Sun 1:00 pm @ Chi
Apr 6,Trevor Siemian,28638,Ten,QB,NA,W (Sep 30),to NFC,Sun 1:00 pm @ Bal
Apr 6,Tuli Tuipulotu,40077,LAC,"LB,DE",,W (Sep 30),to AFC,Sun 4:25 pm @ Sea
Apr 6,Isaiah Hodgins,32877,Pit,WR,NA,W (Sep 30),to NFC,Thu 8:15 pm @ Cle
Apr 6,Tez Johnson,42030,TB,WR,,W (Sep 30),to NFC,Sun 1:00 pm vs GB
Apr 6,Lew Nichols,40260,Pit,RB,NA,W (Sep 30),to AFC,Thu 8:15 pm @ Cle
Apr 6,Gage Larvadain,42417,Bal,WR,NA,W (Sep 30),to AFC,Sun 1:00 pm vs Ten
Apr 6,Dax Hill,33986,Cin,"S,CB",,W (Sep 30),to AFC,Sun 1:00 pm vs Jax
Apr 6,Gardner Minshew II,32010,Ari,QB,,W (Sep 30),to NFC,Sun 1:00 pm @ NYG
Apr 6,Hunter Long,33469,Ari,TE,,W (Sep 30),to AFC,Sun 1:00 pm @ NYG
Apr 6,Adetomiwa Adebawore,40143,Ind,"DT,DE",,W (Sep 30),to AFC,Sun 9:30 am @ Was
Apr 6,Roquan Smith,30978,Bal,LB,,W (Sep 30),to AFC,Sun 1:00 pm vs Ten
Apr 6,John Jenkins,26705,Bal,"DL,DT",,W (Sep 30),to AFC,Sun 1:00 pm vs Ten
Apr 6,Storm Duck,41429,Mia,CB,PUP-R,W (Sep 30),to AFC,Sun 4:05 pm @ Min
Apr 6,Billy Bowman Jr.,41911,Atl,S,,W (Sep 30),to NFC,Mon 8:15 pm @ NO
Apr 6,Adin Huntington,42087,Cle,"DT,DE",,W (Sep 30),to AFC,Thu 8:15 pm vs Pit
Apr 6,49ers,,SF,DEF,,Dave’s Bone Crushers,to NFC,Sun 4:25 pm vs Den
Apr 6,Cameron Mitchell,40184,Ind,CB,IR,W (Sep 30),to AFC,Sun 9:30 am @ Was
Apr 6,Dee Alford,33945,Buf,"DB,CB",,W (Sep 30),to AFC,Sun 1:00 pm vs NE
Apr 6,Isiah Pacheco,34207,Det,RB,IR,W (Sep 30),to NFC,Sun 8:20 pm @ Car
Apr 6,Caelen Carson,41023,Dal,"DB,CB",,W (Sep 30),to NFC,Sun 1:00 pm @ Hou
Apr 6,Dont'e Thornton Jr.,41892,LV,WR,IR,W (Sep 30),to AFC,Sun 4:25 pm vs KC
Apr 6,Zach Carter,34051,Ari,DT,IR-R,W (Sep 30),to NFC,Sun 1:00 pm @ NYG
Apr 6,Kalel Mullings,41986,Ten,RB,NA,W (Sep 30),to AFC,Sun 1:00 pm @ Bal
Apr 6,Riley Patterson,33781,Mia,K,,W (Sep 30),to AFC,Sun 4:05 pm @ Min
Apr 6,Tyler Owens,41222,Was,S,,W (Sep 30),to NFC,Sun 9:30 am vs Ind
Apr 6,Emany Johnson,41399,LAC,LB,NA,W (Sep 30),to AFC,Sun 4:25 pm @ Sea
Apr 6,Cody Lindenberg,42034,LV,LB,,W (Sep 30),to AFC,Sun 4:25 pm vs KC
Apr 6,Jaden Crumedy,41076,Hou,"DT,DE",,W (Sep 30),to NFC,Sun 1:00 pm vs Dal
Apr 6,Zeek Biggers,42036,Mia,DT,,W (Sep 30),to AFC,Sun 4:05 pm @ Min
Apr 6,Mike Green,41844,Bal,"LB,DE",,W (Sep 30),to AFC,Sun 1:00 pm vs Ten
Apr 6,Nathan Shepherd,31042,NO,DT,,W (Sep 30),to NFC,Mon 8:15 pm vs Atl
Apr 6,Kyler Murray,31833,Min,QB,,W (Sep 30),to NFC,Sun 4:05 pm vs Mia
Apr 6,Marte Mapu,40105,Hou,"LB,S",NA,W (Sep 30),to AFC,Sun 1:00 pm vs Dal
Apr 6,Jalen McMillan,40954,TB,WR,O,W (Sep 30),to NFC,Sun 1:00 pm vs GB
Apr 6,Chris Paul Jr.,41958,Sea,LB,NA,W (Sep 30),to NFC,Sun 4:25 pm vs LAC
Apr 6,DJ Uiagalelei,42079,LAC,QB,,W (Sep 30),to AFC,Sun 4:25 pm @ Sea
Apr 6,Solomon Byrd,41110,Hou,DE,IR,W (Sep 30),to AFC,Sun 1:00 pm vs Dal
Apr 6,Jonathan Jones,29875,Phi,"DB,CB",,W (Sep 30),to NFC,Sun 1:00 pm vs LAR
Apr 6,Colts,,Ind,DEF,,W (Sep 30),to AFC,Sun 9:30 am @ Was
Apr 6,Malik Nabers,40899,NYG,WR,,Sunday Kevin,to NFC,Sun 1:00 pm vs Ari
Apr 6,Nate Hobbs,33555,SF,CB,IR,W (Sep 30),to NFC,Sun 4:25 pm vs Den
Apr 6,Drake Thomas,40730,Sea,LB,,W (Sep 30),to NFC,Sun 4:25 pm vs LAC
Apr 6,Spencer Rattler,41043,NO,QB,,W (Sep 30),to NFC,Mon 8:15 pm vs Atl
Apr 6,Bryce Young,40029,Car,QB,,Owl Out Blitz,to NFC,Sun 8:20 pm vs Det
Apr 6,Ethan Bonner,40649,Mia,CB,NA,W (Sep 30),to AFC,Sun 4:05 pm @ Min
Apr 6,Frankie Luvu,31503,Was,LB,Q,W (Sep 30),to NFC,Sun 9:30 am vs Ind
Apr 6,AJ Henning,42163,Mia,WR,NA,W (Sep 30),to AFC,Sun 4:05 pm @ Min
Apr 6,Xavier Smith,40399,LAR,WR,,W (Sep 30),to NFC,Sun 1:00 pm @ Phi
Apr 6,DaRon Bland,34123,Dal,CB,,W (Sep 30),to NFC,Sun 1:00 pm @ Hou
Apr 6,Jake Briningstool,42117,KC,TE,,W (Sep 30),to AFC,Sun 4:25 pm @ LV
Apr 6,Felix Anudike-Uzomah,40034,KC,DE,,W (Sep 30),to AFC,Sun 4:25 pm @ LV
Apr 6,Myles Price,42389,Min,WR,,W (Sep 30),to NFC,Sun 4:05 pm vs Mia
Apr 6,Zane Gonzalez,30337,Mia,K,NA,W (Sep 30),to AFC,Sun 4:05 pm @ Min
Apr 6,Evan Anderson,41208,SF,DT,NA,W (Sep 30),to NFC,Sun 4:25 pm vs Den
Apr 6,Derius Davis,40133,LAC,WR,,W (Sep 30),to AFC,Sun 4:25 pm @ Sea
Apr 6,Seth Coleman-Lyles,42450,Mia,DE,NA,W (Sep 30),to AFC,Sun 4:05 pm @ Min
Apr 6,Edefuan Ulofoshio,41036,Cle,LB,IR,W (Sep 30),to AFC,Thu 8:15 pm vs Pit
Apr 6,Cade York,34080,NYJ,K,NA,W (Sep 30),to AFC,Sun 1:00 pm @ Chi
Apr 6,Sam LaPorta,40064,Det,TE,,Maybe Mitchell,to NFC,Sun 8:20 pm @ Car
Apr 6,Sam Okuayinonu,34462,SF,"DL,DE",IR,W (Sep 30),to NFC,Sun 4:25 pm vs Den
Apr 6,Ke'Shawn Williams,42278,Cin,WR,NA,W (Sep 30),to AFC,Sun 1:00 pm vs Jax
Apr 6,Daryl Porter,42064,Pit,CB,NA,W (Sep 30),to AFC,Thu 8:15 pm @ Cle
Apr 6,Jake Tonges,34374,SF,TE,IR,W (Sep 30),to NFC,Sun 4:25 pm vs Den
Apr 6,Omar Speights,41449,LAR,LB,,W (Sep 30),to NFC,Sun 1:00 pm @ Phi
Apr 6,Eyioma Uwazurike,34072,Den,"DL,DT",,W (Sep 30),to AFC,Sun 4:25 pm @ SF
Apr 6,Micah McFadden,34102,NYG,LB,,W (Sep 30),to NFC,Sun 1:00 pm vs Ari
Apr 6,Tavius Robinson,40135,Bal,LB,,W (Sep 30),to AFC,Sun 1:00 pm vs Ten
Apr 6,Jared Bartlett,42459,Jax,LB,IR,W (Sep 30),to NFC,Sun 1:00 pm @ Cin
Apr 6,Timmy Horne,34289,Ten,DT,NA,W (Sep 30),to AFC,Sun 1:00 pm @ Bal
Apr 6,Ethan Downs,42209,KC,DE,IR,W (Sep 30),to AFC,Sun 4:25 pm @ LV
Apr 6,Jordan Whittington,41083,LAR,WR,,W (Sep 30),to NFC,Sun 1:00 pm @ Phi
Apr 6,Jeffrey Bassa,41942,KC,LB,,W (Sep 30),to AFC,Sun 4:25 pm @ LV
Apr 6,James Conner,30218,Ari,RB,IR-R,W (Sep 30),to NFC,Sun 1:00 pm @ NYG
Apr 6,Terry McLaurin,31908,Was,WR,,Monday Night Madison,to NFC,Sun 9:30 am vs Ind
Apr 6,Shemar Bartholomew,41532,Ten,CB,NA,W (Sep 30),to NFC,Sun 1:00 pm @ Bal
Apr 6,Jake Hansen,34598,Hou,LB,,W (Sep 30),to AFC,Sun 1:00 pm vs Dal
Apr 6,Joey Blount,34388,Ari,S,IR,W (Sep 30),to NFC,Sun 1:00 pm @ NYG
Apr 6,AJ Finley,40356,Sea,S,,W (Sep 30),to NFC,Sun 4:25 pm vs LAC
Apr 6,Jason Maitre,41718,Mia,CB,NA,W (Sep 30),to AFC,Sun 4:05 pm @ Min
Apr 6,Jordan Waters,42329,LAR,RB,NA,W (Sep 30),to NFC,Sun 1:00 pm @ Phi
Apr 6,MJ Devonshire Jr.,41101,GB,CB,NA,W (Sep 30),to AFC,Sun 1:00 pm @ TB
Apr 6,DeVonta Smith,33398,Phi,WR,,Max’s TD Bombers,to NFC,Sun 1:00 pm vs LAR
Apr 6,Kyle Dugger,32710,Cin,S,,W (Sep 30),to AFC,Sun 1:00 pm vs Jax
Apr 6,T.J. Tampa Jr.,40990,Bal,"DB,CB",IR,W (Sep 30),to AFC,Sun 1:00 pm vs Ten
Apr 6,Drue Tranquill,31962,KC,LB,,W (Sep 30),to AFC,Sun 4:25 pm @ LV
Apr 6,Jalen McLeod,41981,Jax,LB,NA,W (Sep 30),to AFC,Sun 1:00 pm @ Cin
Apr 6,Jack Heflin,33755,NYJ,"DT,DE",,W (Sep 30),to AFC,Sun 1:00 pm @ Chi
Apr 6,Caleb Ransaw,41855,Jax,"S,CB",,W (Sep 30),to AFC,Sun 1:00 pm @ Cin
Apr 6,Marcellas Dial Jr.,41059,Mia,"DB,CB",,W (Sep 30),to AFC,Sun 4:05 pm @ Min
Apr 6,Mitchell Evans,41949,Car,TE,,W (Sep 30),to NFC,Sun 8:20 pm vs Det
Apr 6,Grant Calcaterra,34154,Phi,TE,IR-R,W (Sep 30),to NFC,Sun 1:00 pm vs LAR
Apr 6,Darnell Washington,40094,Pit,TE,,W (Sep 30),to AFC,Thu 8:15 pm @ Cle
Apr 6,E. Mascarenas-Arnold,42477,Cle,LB,,W (Sep 30),to AFC,Thu 8:15 pm vs Pit
Apr 6,Bradyn Swinson,41932,Pit,"LB,DE",NA,W (Sep 30),to AFC,Thu 8:15 pm @ Cle
Apr 6,Nick Mullens,30563,Jax,QB,NA,W (Sep 30),to AFC,Sun 1:00 pm @ Cin
Apr 6,Jaylen Reed,41991,NE,S,,W (Sep 30),to AFC,Sun 1:00 pm @ Buf
Apr 6,Kevin Winston Jr.,41857,Ten,S,,W (Sep 30),to AFC,Sun 1:00 pm @ Bal
Apr 6,Tyson Campbell,33421,Cle,CB,Q,W (Sep 30),to AFC,Thu 8:15 pm vs Pit
Apr 6,Ja'Marr Chase,33393,Cin,WR,,Steel City,to AFC,Sun 1:00 pm vs Jax
Apr 6,Zaire Franklin,31205,GB,LB,,W (Sep 30),to NFC,Sun 1:00 pm @ TB
Apr 6,Blake Corum,40962,LAR,RB,,Maybe Mitchell,to NFC,Sun 1:00 pm @ Phi
Apr 6,Rashad Wisdom,41268,TB,S,NA,W (Sep 30),to NFC,Sun 1:00 pm vs GB
Apr 6,Que Robinson,41889,Den,"LB,DE",,W (Sep 30),to AFC,Sun 4:25 pm @ SF
Apr 6,Owen Pappoe,40200,Ten,LB,NA,W (Sep 30),to NFC,Sun 1:00 pm @ Bal
Apr 6,Ashton Dulin,32292,Ind,WR,Q,W (Sep 30),to AFC,Sun 9:30 am @ Was
Apr 6,Art Green,40697,Ari,CB,NA,W (Sep 30),to NFC,Sun 1:00 pm @ NYG
Apr 6,Ulysses Bentley IV,42126,Ind,RB,NA,W (Sep 30),to AFC,Sun 9:30 am @ Was
Apr 6,Derrick Harmon,41806,Pit,"DT,DE",,W (Sep 30),to AFC,Thu 8:15 pm @ Cle
Apr 6,Nikko Remigio,40571,KC,WR,,W (Sep 30),to AFC,Sun 4:25 pm @ LV
Apr 6,George Holani,41344,Sea,RB,,W (Sep 30),to NFC,Sun 4:25 pm vs LAC
Apr 6,Joseph Vaughn,42603,Sea,LB,NA,W (Sep 30),to AFC,Sun 4:25 pm vs LAC
Apr 6,Austin Ajiake,40297,Ind,LB,,W (Sep 30),to AFC,Sun 9:30 am @ Was
Apr 6,Myles Harden,41117,Cle,"DB,CB",,W (Sep 30),to AFC,Thu 8:15 pm vs Pit
Apr 6,Isaac Yiadom,31069,Was,CB,,W (Sep 30),to NFC,Sun 9:30 am vs Ind
Apr 6,Jonathon Cooper,33627,Den,"LB,DE",CEL,W (Sep 30),to AFC,Sun 4:25 pm @ SF
Apr 6,Tyler Lacy,40161,Det,"DT,DE",,W (Sep 30),to NFC,Sun 8:20 pm @ Car
Apr 6,Adisa Isaac,40951,Bal,"LB,DE",NA,W (Sep 30),to AFC,Sun 1:00 pm vs Ten
Apr 6,Kevin Austin Jr.,34242,NO,WR,NA,W (Sep 30),to NFC,Mon 8:15 pm vs Atl
Apr 6,Sam Kamara,33908,Cle,"DT,DE",NA,W (Sep 30),to AFC,Thu 8:15 pm vs Pit
Apr 6,Zack Kuntz,40255,Dal,TE,NA,W (Sep 30),to AFC,Sun 1:00 pm @ Hou
Apr 6,Caleb Murphy,40330,LAC,LB,NA,W (Sep 30),to NFC,Sun 4:25 pm @ Sea
Apr 6,M.J. Stewart,31023,Hou,S,PUP-R,W (Sep 30),to AFC,Sun 1:00 pm vs Dal
Apr 6,Terrion Arnold,40902,Sea,CB,CEL,W (Sep 30),to NFC,Sun 4:25 pm vs LAC
Apr 6,Simi Fehoko,33567,Ari,WR,,W (Sep 30),to NFC,Sun 1:00 pm @ NYG
Apr 6,Dwight McGlothern Jr.,41210,Min,CB,NA,W (Sep 30),to NFC,Sun 4:05 pm vs Mia
Apr 6,Geno Stone,32889,Buf,S,NA,W (Sep 30),to AFC,Sun 1:00 pm vs NE
Apr 6,Yasir Abdullah,40183,Atl,LB,,W (Sep 30),to AFC,Mon 8:15 pm @ NO
Apr 6,Wande Owens,42412,Buf,S,NA,W (Sep 30),to AFC,Sun 1:00 pm vs NE
Apr 6,Keidron Smith,40654,Chi,"DB,CB",NA,W (Sep 30),to AFC,Sun 1:00 pm vs NYJ
Apr 6,Shaun Dolac,42314,LAR,LB,,W (Sep 30),to NFC,Sun 1:00 pm @ Phi
Apr 6,Matthew Golden,41808,GB,WR,,Owl Out Blitz,to NFC,Sun 1:00 pm @ TB
Apr 6,Terrace Marshall Jr.,33447,Mia,WR,NA,W (Sep 30),to AFC,Sun 4:05 pm @ Min
Apr 6,Malachi Corley,40944,Cle,WR,,W (Sep 30),to AFC,Thu 8:15 pm vs Pit
Apr 6,Jamaal Pritchett,42233,NYJ,WR,,W (Sep 30),to AFC,Sun 1:00 pm @ Chi
Apr 6,Chris Jones,29271,KC,DT,,W (Sep 30),to AFC,Sun 4:25 pm @ LV
Apr 6,Tanner Hudson,31257,Cin,TE,,W (Sep 30),to AFC,Sun 1:00 pm vs Jax
Apr 6,Reuben Lowery III,42472,Ind,S,NA,W (Sep 30),to AFC,Sun 9:30 am @ Was
Apr 6,Michael Mayer,40065,LV,TE,,W (Sep 30),to AFC,Sun 4:25 pm vs KC
Apr 6,Dylan Laube,41054,LV,RB,,W (Sep 30),to AFC,Sun 4:25 pm vs KC
Apr 6,DeeJay Dallas,32814,Min,RB,,W (Sep 30),to AFC,Sun 4:05 pm vs Mia
Apr 6,Jaden Davis,41124,Ari,"DB,CB",NA,W (Sep 30),to NFC,Sun 1:00 pm @ NYG
Apr 6,Charvarius Ward,31293,Ind,CB,,W (Sep 30),to AFC,Sun 9:30 am @ Was
Apr 6,Ja'Tavion Sanders,40995,Car,TE,,W (Sep 30),to NFC,Sun 8:20 pm vs Det
Apr 6,DeWayne Carter,40943,Buf,DT,,W (Sep 30),to AFC,Sun 1:00 pm vs NE
Apr 6,Sam Roberts,34156,Atl,"DL,DT,DE",NA,W (Sep 30),to NFC,Mon 8:15 pm @ NO
Apr 6,Sam Howell,34100,Dal,QB,,W (Sep 30),to NFC,Sun 1:00 pm @ Hou
Apr 6,Brandon McManus,27120,GB,K,NA,W (Sep 30),to NFC,Sun 1:00 pm @ TB
Apr 6,Chase Brown,40196,Cin,RB,,Steel City,to AFC,Sun 1:00 pm vs Jax
Apr 6,Melvin Smith Jr.,42431,KC,CB,NA,W (Sep 30),to AFC,Sun 4:25 pm @ LV
Apr 6,Bhayshul Tuten,41900,Jax,RB,,Steel City,to AFC,Sun 1:00 pm @ Cin
Apr 6,Junior Tafuna,42366,Hou,DT,NA,W (Sep 30),to AFC,Sun 1:00 pm vs Dal
Apr 6,Austin Hooper,29315,Atl,TE,,W (Sep 30),to NFC,Mon 8:15 pm @ NO
Apr 6,Owen Wright,40639,Hou,RB,NA,W (Sep 30),to NFC,Sun 1:00 pm vs Dal
Apr 6,C.J. Ravenell,41582,NYG,DE,NA,W (Sep 30),to AFC,Sun 1:00 pm vs Ari
Apr 6,Xavier Worthy,40877,KC,WR,,W (Sep 30),to AFC,Sun 4:25 pm @ LV
Apr 6,Coleman Owen,42130,Ind,WR,NA,W (Sep 30),to AFC,Sun 9:30 am @ Was
Apr 6,Jevon Holland,33424,NYG,S,,W (Sep 30),to NFC,Sun 1:00 pm vs Ari
Apr 6,Vernon Broughton,41875,NO,"DT,DE",,W (Sep 30),to NFC,Mon 8:15 pm vs Atl
Apr 6,T.J. Maguranyanga,41783,Was,"DL,LB,DE",NA,W (Sep 30),to NFC,Sun 9:30 am vs Ind
Apr 6,Tyrel Dodson,32411,Car,LB,,W (Sep 30),to AFC,Sun 8:20 pm vs Det
Apr 6,Calen Bullock,40948,Hou,S,,W (Sep 30),to AFC,Sun 1:00 pm vs Dal
Apr 6,Mac Jones,33403,SF,QB,,W (Sep 30),to NFC,Sun 4:25 pm vs Den
Apr 6,Chris Braswell,40924,Hou,LB,NA,W (Sep 30),to NFC,Sun 1:00 pm vs Dal
Apr 6,Cedric Johnson,41067,Cin,DE,,W (Sep 30),to AFC,Sun 1:00 pm vs Jax
Apr 6,Quintin Morris,33819,Jax,TE,,W (Sep 30),to AFC,Sun 1:00 pm @ Cin
Apr 6,Jonathan Allen,30130,Cin,DT,,W (Sep 30),to AFC,Sun 1:00 pm vs Jax
Apr 6,Josh Johnson,8937,Cin,QB,NA,W (Sep 30),to AFC,Sun 1:00 pm vs Jax
Apr 6,Trey McBride,34010,Ari,TE,,Maybe Mitchell,to NFC,Sun 1:00 pm @ NYG
Apr 6,Ty Okada,40469,Sea,S,Q,W (Sep 30),to NFC,Sun 4:25 pm vs LAC
Apr 6,Hunter Henry,29269,NE,TE,,Monday Night Madison,to AFC,Sun 1:00 pm @ Buf
Apr 6,Adam Trautman,32775,Den,TE,,W (Sep 30),to AFC,Sun 4:25 pm @ SF
Apr 6,Fadil Diggs,42021,NO,"LB,DE",NA,W (Sep 30),to NFC,Mon 8:15 pm vs Atl
Apr 6,Dru Phillips,40969,NYG,"DB,CB",,W (Sep 30),to NFC,Sun 1:00 pm vs Ari
Apr 6,Nick Kallerup,42465,Sea,TE,,W (Sep 30),to NFC,Sun 4:25 pm vs LAC
Apr 6,David Martin-Robinson,41662,Ten,TE,,W (Sep 30),to AFC,Sun 1:00 pm @ Bal
Apr 6,Travis Homer,32036,Pit,RB,,W (Sep 30),to AFC,Thu 8:15 pm @ Cle
Apr 6,Wil Lutz,29754,Den,K,,W (Sep 30),to AFC,Sun 4:25 pm @ SF
Apr 6,Keni-H Lovely,41273,Jax,CB,NA,W (Sep 30),to AFC,Sun 1:00 pm @ Cin
Apr 6,Jaylon Hutchings,41756,Chi,DT,NA,W (Sep 30),to NFC,Sun 1:00 pm vs NYJ
Apr 6,Jackson Meeks,42238,Det,"WR,TE",,W (Sep 30),to NFC,Sun 8:20 pm @ Car
Apr 6,Jaquan Brisker,34003,Pit,"DB,S",,W (Sep 30),to AFC,Thu 8:15 pm @ Cle
Apr 6,Eli Pancol,42217,Ind,WR,NA,W (Sep 30),to AFC,Sun 9:30 am @ Was
Apr 6,Brandon Stephens,33492,NYJ,"DB,CB",,W (Sep 30),to AFC,Sun 1:00 pm @ Chi
Apr 6,Luke Floriea,42507,Cle,WR,NA,W (Sep 30),to AFC,Thu 8:15 pm vs Pit
Apr 6,Mason Graham,41790,Cle,DT,,W (Sep 30),to AFC,Thu 8:15 pm vs Pit
Apr 6,Bradley Chubb,30975,Buf,LB,,W (Sep 30),to AFC,Sun 1:00 pm vs NE
Apr 6,JuJu Brents,40062,Mia,CB,,W (Sep 30),to AFC,Sun 4:05 pm @ Min
Apr 6,Reggie Gilliam,33357,NE,RB,,W (Sep 30),to AFC,Sun 1:00 pm @ Buf
Apr 6,Raheim Sanders,42139,Cle,RB,,W (Sep 30),to AFC,Thu 8:15 pm vs Pit
Apr 6,Ethan Robinson,42169,Mia,CB,NA,W (Sep 30),to AFC,Sun 4:05 pm @ Min
Apr 6,Case Keenum,26483,Chi,QB,,W (Sep 30),to NFC,Sun 1:00 pm vs NYJ
Apr 6,J.R. Singleton,42451,Sea,DT,NA,W (Sep 30),to NFC,Sun 4:25 pm vs LAC
Apr 6,Jack Campbell,40036,Det,LB,,W (Sep 30),to NFC,Sun 8:20 pm @ Car
Apr 6,Rhamondre Stevenson,33508,NE,RB,,Jason's Jazzy Team,to AFC,Sun 1:00 pm @ Buf
Apr 6,Kurtis Rourke,42009,SF,QB,,W (Sep 30),to NFC,Sun 4:25 pm vs Den
Apr 6,Devin Singletary,31906,NYG,RB,,W (Sep 30),to NFC,Sun 1:00 pm vs Ari
Apr 6,Arden Key,31057,Ind,DE,,W (Sep 30),to AFC,Sun 9:30 am @ Was
Apr 6,Alex Singleton,28716,Den,LB,,W (Sep 30),to AFC,Sun 4:25 pm @ SF
Apr 6,Austin Keys,42256,Was,LB,NA,W (Sep 30),to NFC,Sun 9:30 am vs Ind
Apr 6,Ed Oliver,31841,Buf,DT,,W (Sep 30),to AFC,Sun 1:00 pm vs NE
Apr 6,Joshua Karty,41081,Ari,K,NA,W (Sep 30),to NFC,Sun 1:00 pm @ NYG
Apr 6,Nate Wiggins,40886,Bal,CB,,W (Sep 30),to AFC,Sun 1:00 pm vs Ten
Apr 6,Josh Sweat,31101,Ari,"LB,DE",,W (Sep 30),to NFC,Sun 1:00 pm @ NYG
Apr 6,Zion Logue,41073,Cle,"DL,DT",NA,W (Sep 30),to AFC,Thu 8:15 pm vs Pit
Apr 6,Tyrone Broden,42351,Sea,WR,NA,W (Sep 30),to NFC,Sun 4:25 pm vs LAC
Apr 6,Cedric Gray,40988,Ten,LB,,W (Sep 30),to AFC,Sun 1:00 pm @ Bal
Apr 6,Bills,,Buf,DEF,,W (Sep 30),to AFC,Sun 1:00 pm vs NE
Apr 6,Da'Shawn Hand,31084,Atl,"DT,DE",IR,W (Sep 30),to NFC,Mon 8:15 pm @ NO
Apr 6,Sebastian Joseph-Day,31165,Pit,"DT,DE",,W (Sep 30),to AFC,Thu 8:15 pm @ Cle
Apr 6,Tyrell Shavers,40630,Buf,WR,PUP-R,W (Sep 30),to AFC,Sun 1:00 pm vs NE
Apr 6,Keleki Latu,42063,Buf,TE,,W (Sep 30),to AFC,Sun 1:00 pm vs NE
Apr 6,LaBryan Ray,34427,Car,"DT,DE",NA,W (Sep 30),to NFC,Sun 8:20 pm vs Det
Apr 6,Rashee Rice,40084,KC,WR,,Locked In Michelle,to AFC,Sun 4:25 pm @ LV
Apr 6,Talanoa Hufanga,33568,Den,S,,W (Sep 30),to AFC,Sun 4:25 pm @ SF
Apr 6,Connor Heyward,34163,LV,RB,,W (Sep 30),to AFC,Sun 4:25 pm vs KC
Apr 6,Brandin Echols,33588,Pit,CB,Q,W (Sep 30),to AFC,Thu 8:15 pm @ Cle
Apr 6,Nick Herbig,40139,Pit,"LB,DE",,W (Sep 30),to AFC,Thu 8:15 pm @ Cle
Apr 6,Kenny Pickett,33975,Car,QB,,W (Sep 30),to NFC,Sun 8:20 pm vs Det
Apr 6,Tyreke Smith,34114,KC,DE,NA,W (Sep 30),to AFC,Sun 4:25 pm @ LV
Apr 6,Pat Bryant,41860,Den,WR,,W (Sep 30),to AFC,Sun 4:25 pm @ SF
Apr 6,Evan McPherson,33537,Cin,K,,W (Sep 30),to AFC,Sun 1:00 pm vs Jax
Apr 6,Jaylen Warren,34447,Pit,RB,,Dave’s Bone Crushers,to AFC,Thu 8:15 pm @ Cle
Apr 6,Tai Felton,41859,Min,WR,,W (Sep 30),to NFC,Sun 4:05 pm vs Mia
Apr 6,Derrick Nnadi,31045,Ind,DT,NA,W (Sep 30),to AFC,Sun 9:30 am @ Was
Apr 6,McCallan Castles,41373,GB,TE,NA,W (Sep 30),to NFC,Sun 1:00 pm @ TB
Apr 6,Mike Jackson,31990,Car,CB,Q,W (Sep 30),to NFC,Sun 8:20 pm vs Det
Apr 6,Chris Brooks,40625,GB,RB,,W (Sep 30),to NFC,Sun 1:00 pm @ TB
Apr 6,Cam Taylor-Britt,34016,Ind,CB,,W (Sep 30),to AFC,Sun 9:30 am @ Was
Apr 6,Jaylon Jones,40258,Ten,CB,,W (Sep 30),to AFC,Sun 1:00 pm @ Bal
Apr 6,Shane Buechele,33879,Buf,QB,NA,W (Sep 30),to AFC,Sun 1:00 pm vs NE
Apr 6,Quinyon Mitchell,40898,Phi,CB,,W (Sep 30),to NFC,Sun 1:00 pm vs LAR
Apr 6,Christian Rozeboom,33261,TB,LB,,W (Sep 30),to NFC,Sun 1:00 pm vs GB
Apr 6,Reese Taylor,40566,Mia,CB,,W (Sep 30),to AFC,Sun 4:05 pm @ Min
Apr 6,James Pearce Jr.,41811,Atl,"LB,DE",SUSP,W (Sep 30),to NFC,Mon 8:15 pm @ NO
Apr 6,Adonai Mitchell,40915,NYJ,WR,Q,W (Sep 30),to AFC,Sun 1:00 pm @ Chi
Apr 6,Deuce Vaughn,40240,Hou,RB,NA,W (Sep 30),to AFC,Sun 1:00 pm vs Dal
Apr 6,Harrison Butker,30346,KC,K,,JGrahnasaurs,to AFC,Sun 4:25 pm @ LV
Apr 6,Luke Lachey,42041,Hou,TE,NA,W (Sep 30),to AFC,Sun 1:00 pm vs Dal
Apr 6,Jay Ward,40147,Min,S,,W (Sep 30),to NFC,Sun 4:05 pm vs Mia
Apr 6,Jonathan Garvin,32912,Chi,DE,IR,W (Sep 30),to NFC,Sun 1:00 pm vs NYJ
Apr 6,Tommy DeVito,40533,NE,QB,,W (Sep 30),to AFC,Sun 1:00 pm @ Buf
Apr 6,Jonathan Owens,31318,Ind,S,,W (Sep 30),to AFC,Sun 9:30 am @ Was
Apr 6,George Karlaftis,33985,KC,DE,,W (Sep 30),to AFC,Sun 4:25 pm @ LV
Apr 6,Olamide Zaccheaus,32123,Atl,WR,,W (Sep 30),to NFC,Mon 8:15 pm @ NO
Apr 6,Jakobi Meyers,32231,Jax,WR,,Locked In Michelle,to AFC,Sun 1:00 pm @ Cin
Apr 6,Cody Barton,31920,Ten,LB,,W (Sep 30),to AFC,Sun 1:00 pm @ Bal
Apr 6,Beaux Collins,42194,Atl,WR,IR-R,W (Sep 30),to NFC,Mon 8:15 pm @ NO
Apr 6,Daequan Hardy,41055,Pit,CB,IR,W (Sep 30),to AFC,Thu 8:15 pm @ Cle
Apr 6,Rakeem Nunez-Roches,28605,TB,"DL,DT",,W (Sep 30),to NFC,Sun 1:00 pm vs GB
Apr 6,Brevyn Spann-Ford,41371,Dal,TE,,W (Sep 30),to NFC,Sun 1:00 pm @ Hou
Apr 6,Antonio Johnson,40166,Jax,S,,W (Sep 30),to AFC,Sun 1:00 pm @ Cin
Apr 6,Isaiah Davis,41031,NYJ,RB,,W (Sep 30),to AFC,Sun 1:00 pm @ Chi
Apr 6,Jared Harrison-Hunte,42410,Ari,DE,NA,W (Sep 30),to NFC,Sun 1:00 pm @ NYG
Apr 6,Jeshaun Jones,41205,Min,WR,,W (Sep 30),to NFC,Sun 4:05 pm vs Mia
Apr 6,Emanuel Wilson,40707,Sea,RB,,W (Sep 30),to NFC,Sun 4:25 pm vs LAC
Apr 6,Darius Rush,40170,Pit,CB,NA,W (Sep 30),to NFC,Thu 8:15 pm @ Cle
Apr 6,Jason Marshall Jr.,41936,Mia,CB,,W (Sep 30),to AFC,Sun 4:05 pm @ Min
Apr 6,K.J. Osborn,32846,Ten,WR,NA,W (Sep 30),to AFC,Sun 1:00 pm @ Bal
Apr 6,Devin Neal,41972,Min,RB,Q,W (Sep 30),to NFC,Sun 4:05 pm vs Mia
Apr 6,Dondrea Tillman,41728,Den,"LB,DE",,W (Sep 30),to AFC,Sun 4:25 pm @ SF
Apr 6,Kylen Granson,33515,Ten,TE,,W (Sep 30),to AFC,Sun 1:00 pm @ Bal
Apr 6,Garmon Randolph,42143,Cin,LB,NA,W (Sep 30),to AFC,Sun 1:00 pm vs Jax
Apr 6,Cooper Kupp,30182,Sea,WR,,W (Sep 30),to NFC,Sun 4:25 pm vs LAC
Apr 6,Bijan Robinson,40055,Atl,RB,,Dave’s Bone Crushers,to NFC,Mon 8:15 pm @ NO
Apr 6,Nik Bonitto,34020,Den,"LB,DE",,W (Sep 30),to AFC,Sun 4:25 pm @ SF
Apr 6,Jonathan Greenard,32760,Phi,"LB,DE",,W (Sep 30),to NFC,Sun 1:00 pm vs LAR
Apr 6,Grant Stuard,33646,LAR,LB,,W (Sep 30),to NFC,Sun 1:00 pm @ Phi
Apr 6,Leo Chenal,34059,Was,LB,IR,W (Sep 30),to NFC,Sun 9:30 am vs Ind
Apr 6,Texans,,Hou,DEF,,Sunday Kevin,to AFC,Sun 1:00 pm vs Dal
Apr 6,Garrett Williams,40127,Ari,CB,,W (Sep 30),to NFC,Sun 1:00 pm @ NYG
Apr 6,Isaiah Simmons,32678,Car,"DB,LB,S",,W (Sep 30),to NFC,Sun 8:20 pm vs Det
Apr 6,Jalen Nailor,34147,LV,WR,,W (Sep 30),to AFC,Sun 4:25 pm vs KC
Apr 6,Taki Taimani,41218,Min,DT,NA,W (Sep 30),to NFC,Sun 4:05 pm vs Mia
Apr 6,Damarion Williams,34097,TB,CB,NA,W (Sep 30),to NFC,Sun 1:00 pm vs GB
Apr 6,Kaden Elliss,32076,NO,LB,,W (Sep 30),to NFC,Mon 8:15 pm vs Atl
Apr 6,Tyson Bagent,40504,Chi,QB,,W (Sep 30),to NFC,Sun 1:00 pm vs NYJ
Apr 6,Ollie Gordon II,41969,Mia,RB,,W (Sep 30),to AFC,Sun 4:05 pm @ Min
Apr 6,Kobee Minor,42008,NE,CB,NA,W (Sep 30),to AFC,Sun 1:00 pm @ Buf
Apr 6,Cade Otton,34062,TB,TE,,W (Sep 30),to NFC,Sun 1:00 pm vs GB
Apr 6,Ronnie Hickman,40597,Cle,S,,W (Sep 30),to AFC,Thu 8:15 pm vs Pit
Apr 6,Hayden Rucci,41692,LAC,TE,,W (Sep 30),to NFC,Sun 4:25 pm @ Sea
Apr 6,Robert McDaniel,42149,TB,S,NA,W (Sep 30),to NFC,Sun 1:00 pm vs GB
Apr 6,Xavier Hutchinson,40232,Hou,WR,,W (Sep 30),to AFC,Sun 1:00 pm vs Dal
Apr 6,JD Bertrand,41050,Atl,LB,IR,W (Sep 30),to NFC,Mon 8:15 pm @ NO
Apr 6,Michael Wilson,40121,Ari,WR,,Maybe Mitchell,to NFC,Sun 1:00 pm @ NYG
Apr 6,Drake Jackson,34017,Atl,"DL,DE",NA,W (Sep 30),to NFC,Mon 8:15 pm @ NO
Apr 6,Karl Brooks,40238,GB,"DL,DT",,W (Sep 30),to NFC,Sun 1:00 pm @ TB
Apr 6,Kyler Gordon,33994,Chi,"DB,CB",PUP-R,W (Sep 30),to NFC,Sun 1:00 pm vs NYJ
Apr 6,James Williams Sr.,41112,Ten,LB,,W (Sep 30),to AFC,Sun 1:00 pm @ Bal
Apr 6,Darnell Savage,31853,Was,"S,CB",NA,W (Sep 30),to AFC,Sun 9:30 am vs Ind
Apr 6,DeForest Buckner,29241,Ind,DT,,W (Sep 30),to AFC,Sun 9:30 am @ Was
Apr 6,Austin Trammell,33745,Jax,WR,NA,W (Sep 30),to AFC,Sun 1:00 pm @ Cin
Apr 6,Tyrique Stevenson Sr.,40071,Chi,"DB,CB",,W (Sep 30),to NFC,Sun 1:00 pm vs NYJ
Apr 6,Ladd McConkey,40908,LAC,WR,,Dave’s Bone Crushers,to AFC,Sun 4:25 pm @ Sea
Apr 6,Joel Wilson,40346,Ten,TE,NA,W (Sep 30),to AFC,Sun 1:00 pm @ Bal
Apr 6,Zaire Mitchell-Paden,34489,Hou,TE,NA,W (Sep 30),to NFC,Sun 1:00 pm vs Dal
Apr 6,Jose Ramirez,40215,NE,LB,,W (Sep 30),to NFC,Sun 1:00 pm @ Buf
Apr 6,Jaylen McCollough,41447,LAR,S,,W (Sep 30),to NFC,Sun 1:00 pm @ Phi
Apr 6,Quincy Williams,31930,Cle,LB,,W (Sep 30),to AFC,Thu 8:15 pm vs Pit
Apr 6,Riq Woolen,34109,Phi,CB,,W (Sep 30),to NFC,Sun 1:00 pm vs LAR
Apr 6,Payton Turner,33416,Det,DE,IR,W (Sep 30),to NFC,Sun 8:20 pm @ Car
Apr 6,Bralen Trice,40955,Atl,"LB,DE",NA,W (Sep 30),to NFC,Mon 8:15 pm @ NO
Apr 6,Cameron Dicker,34344,LAC,K,,Jason's Jazzy Team,to AFC,Sun 4:25 pm @ Sea
Apr 6,Lil'Jordan Humphrey,32494,Den,WR,,W (Sep 30),to AFC,Sun 4:25 pm @ SF
Apr 6,Danny Stutsman,41914,NO,LB,,W (Sep 30),to NFC,Mon 8:15 pm vs Atl
Apr 6,Julius Welschof,41164,Pit,LB,NA,W (Sep 30),to AFC,Thu 8:15 pm @ Cle
Apr 6,Mason Tipton,41188,NO,WR,PUP-R,W (Sep 30),to NFC,Mon 8:15 pm vs Atl
Apr 6,Will Sheppard,42089,Mia,WR,NA,W (Sep 30),to NFC,Sun 4:05 pm @ Min
Apr 6,Dan Chisena,33023,Car,WR,NA,W (Sep 30),to NFC,Sun 8:20 pm vs Det
Apr 6,Terrance Ferguson,41831,LAR,TE,D,W (Sep 30),to NFC,Sun 1:00 pm @ Phi
Apr 6,Ja'Quinden Jackson,42214,Phi,RB,NA,W (Sep 30),to AFC,Sun 1:00 pm vs LAR
Apr 6,Chris Olave,33966,NO,WR,,Sunday Kevin,to NFC,Mon 8:15 pm vs Atl
Apr 6,Colby Parkinson,32803,LAR,TE,Q,W (Sep 30),to NFC,Sun 1:00 pm @ Phi
Apr 6,Cooper DeJean,40934,Phi,"DB,CB",,W (Sep 30),to NFC,Sun 1:00 pm vs LAR
Apr 6,DJ Wonnum,32787,Det,DE,,W (Sep 30),to NFC,Sun 8:20 pm @ Car
Apr 6,Joshua Simon,42186,Atl,TE,NA,W (Sep 30),to NFC,Mon 8:15 pm @ NO
Apr 6,Jason Myers,28378,Sea,K,,Steel City,to NFC,Sun 4:25 pm vs LAC
Apr 6,Carter Bradley,41133,Jax,QB,NA,W (Sep 30),to AFC,Sun 1:00 pm @ Cin
Apr 6,Bill Norton,42319,LAR,DT,NA,W (Sep 30),to NFC,Sun 1:00 pm @ Phi
Apr 6,Jeremiah Pharms Jr.,34706,NE,"DL,DT,DE",NA,W (Sep 30),to AFC,Sun 1:00 pm @ Buf
Apr 6,Christian Harris,34031,Atl,LB,,W (Sep 30),to NFC,Mon 8:15 pm @ NO
Apr 6,DeShon Elliott,31160,Pit,S,IR-R,W (Sep 30),to AFC,Thu 8:15 pm @ Cle
Apr 6,Justin Eboigbe,40976,LAC,"DL,DE",,W (Sep 30),to AFC,Sun 4:25 pm @ Sea
Apr 6,Milo Eifler,33696,Ten,LB,IR,W (Sep 30),to NFC,Sun 1:00 pm @ Bal
Apr 6,Brennan Presley,42322,LAR,WR,NA,W (Sep 30),to NFC,Sun 1:00 pm @ Phi
Apr 6,Eagles,,Phi,DEF,,Monday Night Madison,to NFC,Sun 1:00 pm vs LAR
Apr 6,Grady Jarrett,28525,Chi,"DL,DE",,W (Sep 30),to NFC,Sun 1:00 pm vs NYJ
Apr 6,Charles Snowden,33914,LV,"LB,DE",SUSP,W (Sep 30),to AFC,Sun 4:25 pm vs KC
Apr 6,Cole Kmet,32713,Chi,TE,,W (Sep 30),to NFC,Sun 1:00 pm vs NYJ
Apr 6,Javontae Jean-Baptiste,41126,Was,"DL,LB,DE",,W (Sep 30),to NFC,Sun 9:30 am vs Ind
Apr 6,Jaycee Horn,33396,Car,CB,O,W (Sep 30),to NFC,Sun 8:20 pm vs Det
Apr 6,PJ Jules,41358,Cin,S,,W (Sep 30),to AFC,Sun 1:00 pm vs Jax
Apr 6,Marcus Mariota,28390,Was,QB,,W (Sep 30),to NFC,Sun 9:30 am vs Ind
Apr 6,Tristin McCollum,34602,LV,"DB,S",,W (Sep 30),to AFC,Sun 4:25 pm vs KC
Apr 6,Keyon Martin,42489,Bal,CB,,W (Sep 30),to AFC,Sun 1:00 pm vs Ten
Apr 6,Dalton Schultz,31107,Hou,TE,,Jason's Jazzy Team,to AFC,Sun 1:00 pm vs Dal
Apr 6,J. Owusu-Koramoah,33440,Cle,LB,PUP-R,W (Sep 30),to AFC,Thu 8:15 pm vs Pit
Apr 6,Darnay Holmes,32780,Atl,CB,NA,W (Sep 30),to NFC,Mon 8:15 pm @ NO
Apr 6,Ka'imi Fairbairn,29792,Hou,K,,Max’s TD Bombers,to AFC,Sun 1:00 pm vs Dal
Apr 6,Jordyn Brooks,32697,Mia,LB,,W (Sep 30),to AFC,Sun 4:05 pm @ Min
Apr 6,Tyler Allgeier,34107,Ari,RB,,W (Sep 30),to NFC,Sun 1:00 pm @ NYG
Apr 6,Demarcus Robinson,29360,SF,WR,IR,W (Sep 30),to NFC,Sun 4:25 pm vs Den
Apr 6,Tyler Batty,42181,Min,"LB,DE",IR,W (Sep 30),to NFC,Sun 4:05 pm vs Mia
Apr 6,Trey Benson,40958,Ari,RB,IR,W (Sep 30),to NFC,Sun 1:00 pm @ NYG
Apr 6,Mike Morris,40171,Sea,DE,,W (Sep 30),to NFC,Sun 4:25 pm vs LAC
Apr 6,Ainias Smith,41030,Car,WR,NA,W (Sep 30),to NFC,Sun 8:20 pm vs Det
Apr 6,Packers,,GB,DEF,,W (Sep 30),to NFC,Sun 1:00 pm @ TB
Apr 6,Chris Smith,40589,Det,"DL,DT",NA,W (Sep 30),to NFC,Sun 8:20 pm @ Car
Apr 6,Cody White,32948,LV,WR,,W (Sep 30),to NFC,Sun 4:25 pm vs KC
Apr 6,Kyren Williams,34120,LAR,RB,,Locked In Michelle,to NFC,Sun 1:00 pm @ Phi
Apr 6,Chris Boswell,28188,Pit,K,,W (Sep 30),to AFC,Thu 8:15 pm @ Cle
Apr 6,Patrick Jones II,33478,Car,LB,,W (Sep 30),to NFC,Sun 8:20 pm vs Det
Apr 6,Caden Prieskorn,42243,Car,TE,NA,W (Sep 30),to AFC,Sun 8:20 pm vs Det
Apr 6,J.T. Gray,31411,Phi,"DB,S",NA,W (Sep 30),to NFC,Sun 1:00 pm vs LAR
Apr 6,Khalil Dorsey,33012,Det,CB,,W (Sep 30),to NFC,Sun 8:20 pm @ Car
Apr 6,Max Melton,40929,Ari,"DB,CB",,W (Sep 30),to NFC,Sun 1:00 pm @ NYG
Apr 6,Michael Wiley,41234,TB,RB,NA,W (Sep 30),to NFC,Sun 1:00 pm vs GB
Apr 6,Doneiko Slaughter,42208,Pit,CB,NA,W (Sep 30),to AFC,Thu 8:15 pm @ Cle
Apr 6,Jamil Muhammad,42318,Cle,"LB,DE",NA,W (Sep 30),to NFC,Thu 8:15 pm vs Pit
Apr 6,Chandler Brayboy,42210,NE,WR,NA,W (Sep 30),to AFC,Sun 1:00 pm @ Buf
Apr 6,Landon Jackson,41852,Buf,DE,,W (Sep 30),to AFC,Sun 1:00 pm vs NE
Apr 6,Xavier Gipson,40548,Phi,WR,NA,W (Sep 30),to NFC,Sun 1:00 pm vs LAR
Apr 6,Ja'Markis Weston,42232,NYJ,"LB,DE",NA,W (Sep 30),to NFC,Sun 1:00 pm @ Chi
Apr 6,Brandon Aubrey,40819,Dal,K,,Locked In Michelle,to NFC,Sun 1:00 pm @ Hou
Apr 6,Osa Odighizuwa,33463,SF,DT,,W (Sep 30),to NFC,Sun 4:25 pm vs Den
Apr 6,Kiko Mauigoa,41948,NYJ,LB,Q,W (Sep 30),to AFC,Sun 1:00 pm @ Chi
Apr 6,Dontae Fleming,42255,Min,WR,NA,W (Sep 30),to NFC,Sun 4:05 pm vs Mia
Apr 6,Justin Fields,33399,KC,QB,,W (Sep 30),to AFC,Sun 4:25 pm @ LV
Apr 6,Cedric Tillman,40093,NO,WR,NA,W (Sep 30),to AFC,Mon 8:15 pm vs Atl
Apr 6,Jordan Clark,42227,NYJ,S,NA,W (Sep 30),to AFC,Sun 1:00 pm @ Chi
Apr 6,AJ Dillon,32732,Car,RB,,W (Sep 30),to NFC,Sun 8:20 pm vs Det
Apr 6,Dallis Flowers,34503,Chi,CB,IR,W (Sep 30),to NFC,Sun 1:00 pm vs NYJ
Apr 6,DeMarcus Lawrence,27562,Sea,"LB,DE",,W (Sep 30),to NFC,Sun 4:25 pm vs LAC
Apr 6,Dean Clark,42228,NYJ,S,NA,W (Sep 30),to AFC,Sun 1:00 pm @ Chi
Apr 6,Marist Liufau,40967,Dal,LB,IR-R,W (Sep 30),to NFC,Sun 1:00 pm @ Hou
Apr 6,K.J. Henry,40203,Pit,"LB,DE",NA,W (Sep 30),to AFC,Thu 8:15 pm @ Cle
Apr 6,Brandon Dorlus,40994,Atl,DE,,W (Sep 30),to NFC,Mon 8:15 pm @ NO
Apr 6,Roman Wilson,40952,Pit,WR,,W (Sep 30),to AFC,Thu 8:15 pm @ Cle
Apr 6,Abdul Carter,41788,NYG,"LB,DE",,W (Sep 30),to NFC,Sun 1:00 pm vs Ari
Apr 6,Jalen Carter,40035,Phi,"DT,DE",,W (Sep 30),to NFC,Sun 1:00 pm vs LAR
Apr 6,Chop Robinson,40879,Mia,DE,,W (Sep 30),to AFC,Sun 4:05 pm @ Min
Apr 6,Kene Nwangwu,33507,NYJ,RB,Q,W (Sep 30),to AFC,Sun 1:00 pm @ Chi
Apr 6,Rob Carter Jr.,42617,Ind,CB,NA,W (Sep 30),to AFC,Sun 9:30 am @ Was
Apr 6,Josh Wallace,41452,LAR,CB,,W (Sep 30),to NFC,Sun 1:00 pm @ Phi
Apr 6,Jordan Jackson,34150,Den,"DL,DE",,W (Sep 30),to AFC,Sun 4:25 pm @ SF
Apr 6,James Mitchell,34133,Dal,TE,NA,W (Sep 30),to NFC,Sun 1:00 pm @ Hou
Apr 6,Jarius Monroe,41357,NYJ,S,NA,W (Sep 30),to AFC,Sun 1:00 pm @ Chi
Apr 6,Isaiah McDuffie,33608,GB,LB,,W (Sep 30),to NFC,Sun 1:00 pm @ TB
Apr 6,Brandon Pili,40656,Sea,DT,Q,W (Sep 30),to NFC,Sun 4:25 pm vs LAC
Apr 6,LaJohntay Wester,42000,Bal,WR,,W (Sep 30),to AFC,Sun 1:00 pm vs Ten
Apr 6,Quez Watkins,32870,Phi,WR,NA,W (Sep 30),to NFC,Sun 1:00 pm vs LAR
Apr 6,Sean Murphy-Bunting,31871,TB,CB,NA,W (Sep 30),to NFC,Sun 1:00 pm vs GB
Apr 6,Colston Loveland,41795,Chi,TE,,Steel City,to NFC,Sun 1:00 pm vs NYJ
Apr 6,David Walker,41910,TB,"LB,DE",,W (Sep 30),to NFC,Sun 1:00 pm vs GB
Apr 6,Elic Ayomanor,41904,Ten,WR,,W (Sep 30),to AFC,Sun 1:00 pm @ Bal
Apr 6,Ja'Lynn Polk,40914,NO,WR,NA,W (Sep 30),to NFC,Mon 8:15 pm vs Atl
Apr 6,Tip Reiman,40959,Ari,TE,PUP-R,W (Sep 30),to NFC,Sun 1:00 pm @ NYG
Apr 6,DJ Turner II,40076,Cin,CB,,W (Sep 30),to AFC,Sun 1:00 pm vs Jax
Apr 6,Malik Turner,31777,SF,WR,NA,W (Sep 30),to NFC,Sun 4:25 pm vs Den
Apr 6,Rome Odunze,40901,Chi,WR,,JGrahnasaurs,to NFC,Sun 1:00 pm vs NYJ
Apr 6,Dennis Gardeck,31299,Jax,LB,,W (Sep 30),to AFC,Sun 1:00 pm @ Cin
Apr 6,Kenny Clark,29261,Dal,"DL,DT",,W (Sep 30),to NFC,Sun 1:00 pm @ Hou
Apr 6,Kayshon Boutte,40224,Hou,WR,,W (Sep 30),to AFC,Sun 1:00 pm vs Dal
Apr 6,Segun Olubi,34322,LV,LB,,W (Sep 30),to AFC,Sun 4:25 pm vs KC
Apr 6,Nick Westbrook-Ikhine,33348,Ind,WR,NA,W (Sep 30),to AFC,Sun 9:30 am @ Was
Apr 6,Jessie Bates III,31024,Atl,S,,W (Sep 30),to NFC,Mon 8:15 pm @ NO
Apr 6,Nick Whiteside,40415,Det,CB,NA,W (Sep 30),to NFC,Sun 8:20 pm @ Car
Apr 6,Jalen Ramsey,29239,Pit,CB,Q,W (Sep 30),to AFC,Thu 8:15 pm @ Cle
Apr 6,Jaylan Ford,41018,NO,LB,IR-R,W (Sep 30),to NFC,Mon 8:15 pm vs Atl
Apr 6,Jamal Hill,41063,Hou,LB,,W (Sep 30),to AFC,Sun 1:00 pm vs Dal
Apr 6,Kenny Gainwell,33538,TB,RB,,JGrahnasaurs,to NFC,Sun 1:00 pm vs GB
Apr 6,Jordan Howden,40199,NO,"DB,S",,W (Sep 30),to NFC,Mon 8:15 pm vs Atl
Apr 6,Micah Robinson,42028,Ten,CB,,W (Sep 30),to AFC,Sun 1:00 pm @ Bal
Apr 6,Jonah Elliss,40940,Den,"LB,DE",,W (Sep 30),to AFC,Sun 4:25 pm @ SF
Apr 6,Chuba Hubbard,33514,Car,RB,,Jason's Jazzy Team,to NFC,Sun 8:20 pm vs Det
Apr 6,Cam Jones,40557,KC,LB,NA,W (Sep 30),to NFC,Sun 4:25 pm @ LV
Apr 6,Khristian Boyd,41077,NO,"DL,DT",,W (Sep 30),to NFC,Mon 8:15 pm vs Atl
Apr 6,Jayden Price,41504,NO,CB,,W (Sep 30),to NFC,Mon 8:15 pm vs Atl
Apr 6,DeMarvion Overshown,40099,Dal,LB,Q,W (Sep 30),to NFC,Sun 1:00 pm @ Hou
Apr 6,Tremaine Edmunds,30986,NYG,LB,,W (Sep 30),to NFC,Sun 1:00 pm vs Ari
Apr 6,Desmond Ridder,34030,GB,QB,NA,W (Sep 30),to NFC,Sun 1:00 pm @ TB
Apr 6,Brandon George,42108,Phi,LB,NA,W (Sep 30),to AFC,Sun 1:00 pm vs LAR
Apr 6,Jaylin Smith,41871,Hou,CB,,W (Sep 30),to AFC,Sun 1:00 pm vs Dal
Apr 6,Lions,,Det,DEF,,W (Sep 30),to NFC,Sun 8:20 pm @ Car
Apr 6,Ben Nikkel,41221,Ind,S,NA,W (Sep 30),to AFC,Sun 9:30 am @ Was
Apr 6,Mike Ford Jr.,31634,Atl,CB,,W (Sep 30),to NFC,Mon 8:15 pm @ NO
Apr 6,Sione Vaki,41006,Det,RB,,W (Sep 30),to NFC,Sun 8:20 pm @ Car
Apr 6,Zacch Pickens,40111,Atl,"DL,DT",NA,W (Sep 30),to AFC,Mon 8:15 pm @ NO
Apr 6,Dontayvion Wicks,40201,Phi,WR,,Monday Night Madison,to NFC,Sun 1:00 pm vs LAR
Apr 6,Jalen Royals,41891,KC,WR,,W (Sep 30),to AFC,Sun 4:25 pm @ LV
Apr 6,Otis Reese IV,40708,Buf,LB,NA,W (Sep 30),to AFC,Sun 1:00 pm vs NE
Apr 6,Nick Bosa,31834,SF,"DL,DE",O,W (Sep 30),to NFC,Sun 4:25 pm vs Den
Apr 6,Arian Smith,41896,NYJ,WR,IR,W (Sep 30),to AFC,Sun 1:00 pm @ Chi
Apr 6,Rivaldo Fairweather,42153,Ari,TE,NA,W (Sep 30),to NFC,Sun 1:00 pm @ NYG
Apr 6,Mark Andrews,31056,Bal,TE,,Dave’s Bone Crushers,to AFC,Sun 1:00 pm vs Ten
Apr 6,Arnold Ebiketie,33993,Phi,LB,,W (Sep 30),to NFC,Sun 1:00 pm vs LAR
Apr 6,Grant Delpit,32714,Cle,S,Q,W (Sep 30),to AFC,Thu 8:15 pm vs Pit
Apr 6,Quentin Skinner,42223,Buf,WR,NA,W (Sep 30),to AFC,Sun 1:00 pm vs NE
Apr 6,Ben Yurosek,42434,Min,TE,IR,W (Sep 30),to NFC,Sun 4:05 pm vs Mia
Apr 6,Davon Godchaux,30291,NO,"DL,DT",,W (Sep 30),to NFC,Mon 8:15 pm vs Atl
Apr 6,Harrison Phillips,31066,NYJ,"DL,DT",,W (Sep 30),to AFC,Sun 1:00 pm @ Chi
Apr 6,TJ Moore,42522,NYG,CB,NA,W (Sep 30),to NFC,Sun 1:00 pm vs Ari
Apr 6,ShunDerrick Powell,42460,Phi,RB,NA,W (Sep 30),to AFC,Sun 1:00 pm vs LAR
Apr 6,Julius Wood,41400,Mia,S,,W (Sep 30),to NFC,Sun 4:05 pm @ Min
Apr 6,Gary Brightwell,33584,Cin,RB,NA,W (Sep 30),to AFC,Sun 1:00 pm vs Jax
Apr 6,Dylan Sampson,41907,Cle,RB,IR,W (Sep 30),to AFC,Thu 8:15 pm vs Pit
Apr 6,Kendall Milton,41377,Cin,RB,NA,W (Sep 30),to AFC,Sun 1:00 pm vs Jax
Apr 6,Samaje Perine,30227,Cin,RB,,W (Sep 30),to AFC,Sun 1:00 pm vs Jax
Apr 6,Josh Newton,41034,Cin,CB,,W (Sep 30),to AFC,Sun 1:00 pm vs Jax
Apr 6,Mekhi Blackmon,40103,Cle,CB,,W (Sep 30),to AFC,Thu 8:15 pm vs Pit
Apr 6,C.J. Gardner-Johnson,31937,Buf,"DB,S",,W (Sep 30),to AFC,Sun 1:00 pm vs NE
Apr 6,Geno Smith,26662,NYJ,QB,,W (Sep 30),to AFC,Sun 1:00 pm @ Chi
Apr 6,Cameron Goode,34180,Mia,"LB,DE",NA,W (Sep 30),to AFC,Sun 4:05 pm @ Min
Apr 6,Jalen Milroe,41882,Sea,QB,,W (Sep 30),to NFC,Sun 4:25 pm vs LAC
Apr 6,Korie Black,42031,NYG,CB,IR-R,W (Sep 30),to NFC,Sun 1:00 pm vs Ari
Apr 6,Bam Knight,34357,Ari,RB,,W (Sep 30),to NFC,Sun 1:00 pm @ NYG
Apr 6,Hal Presley III,42060,KC,WR,NA,W (Sep 30),to AFC,Sun 4:25 pm @ LV
Apr 6,British Brooks,41480,Hou,RB,,W (Sep 30),to AFC,Sun 1:00 pm vs Dal
Apr 6,Zach Charbonnet,40075,Sea,RB,PUP-R,W (Sep 30),to NFC,Sun 4:25 pm vs LAC
Apr 6,Derrick McLendon,41307,Mia,DE,NA,W (Sep 30),to AFC,Sun 4:05 pm @ Min
Apr 6,Kalia Davis,34176,Cle,"DL,DT",IR,W (Sep 30),to AFC,Thu 8:15 pm vs Pit
Apr 6,Trey Amos,41846,Was,CB,IR-R,W (Sep 30),to NFC,Sun 9:30 am vs Ind
Apr 6,Chau Smith-Wade,41026,Car,"DB,CB",,W (Sep 30),to NFC,Sun 8:20 pm vs Det
Apr 6,Tyrus Wheat,40776,Dal,"LB,DE",,W (Sep 30),to NFC,Sun 1:00 pm @ Hou
Apr 6,Brandon Jones,32740,Den,S,,W (Sep 30),to AFC,Sun 4:25 pm @ SF
Apr 6,Zack Baun,32744,Phi,LB,,W (Sep 30),to NFC,Sun 1:00 pm vs LAR
Apr 6,Shemar Stewart,41802,Cin,DE,,W (Sep 30),to AFC,Sun 1:00 pm vs Jax
Apr 6,Kwity Paye,33409,LV,DE,,W (Sep 30),to AFC,Sun 4:25 pm vs KC
Apr 6,Adam Prentice,33901,Den,RB,NA,W (Sep 30),to AFC,Sun 4:25 pm @ SF
Apr 6,Will Anderson Jr.,40031,Hou,DE,,W (Sep 30),to AFC,Sun 1:00 pm vs Dal
Apr 6,Alec Ingold,32344,LAC,RB,,W (Sep 30),to AFC,Sun 4:25 pm @ Sea
Apr 6,Kyle Allen,31301,Buf,QB,,W (Sep 30),to AFC,Sun 1:00 pm vs NE
Apr 6,Tylan Wallace,33519,Cle,WR,Q,W (Sep 30),to AFC,Thu 8:15 pm vs Pit
Apr 6,Bryson Nesbit,42266,Min,TE,NA,W (Sep 30),to NFC,Sun 4:05 pm vs Mia
Apr 6,Isas Waxter,42447,LAC,CB,NA,W (Sep 30),to AFC,Sun 4:25 pm @ Sea
Apr 6,Chig Okonkwo,34099,Was,TE,Q,W (Sep 30),to NFC,Sun 9:30 am vs Ind
Apr 6,Christian Watson,33989,GB,WR,,Sunday Kevin,to NFC,Sun 1:00 pm @ TB
Apr 6,Jonathan Ford,34190,GB,"DL,DT",,W (Sep 30),to NFC,Sun 1:00 pm @ TB
Apr 6,E.J. Jenkins,40550,Phi,TE,,W (Sep 30),to NFC,Sun 1:00 pm vs LAR
Apr 6,Jer'Zhan Newton,40939,Was,"DL,DT",IR,W (Sep 30),to NFC,Sun 9:30 am vs Ind
Apr 6,Rock Ya-Sin,31866,Det,CB,,W (Sep 30),to NFC,Sun 8:20 pm @ Car
Apr 6,Mario Williams,42326,LAR,WR,NA,W (Sep 30),to NFC,Sun 1:00 pm @ Phi
Apr 6,Patriots,,NE,DEF,,W (Sep 30),to AFC,Sun 1:00 pm @ Buf
Apr 6,Charles Woods,41457,NE,CB,,W (Sep 30),to AFC,Sun 1:00 pm @ Buf
Apr 6,Trent McDuffie,33976,LAR,CB,,W (Sep 30),to NFC,Sun 1:00 pm @ Phi
Apr 6,Keith Cooper Jr.,42250,Mia,DT,NA,W (Sep 30),to AFC,Sun 4:05 pm @ Min
Apr 6,Courtland Sutton,31010,Den,WR,,JGrahnasaurs,to AFC,Sun 4:25 pm @ SF
Apr 6,Kaimon Rucker,42532,Bal,"LB,DE",NA,W (Sep 30),to AFC,Sun 1:00 pm vs Ten
Apr 6,Justin Walley,41878,Ind,CB,,W (Sep 30),to AFC,Sun 9:30 am @ Was
Apr 6,Brock Lampe,42293,Buf,RB,NA,W (Sep 30),to AFC,Sun 1:00 pm vs NE
Apr 6,Jayden Higgins,41819,Hou,WR,IR,W (Sep 30),to AFC,Sun 1:00 pm vs Dal
Apr 6,Stetson Bennett IV,40153,LAR,QB,,W (Sep 30),to NFC,Sun 1:00 pm @ Phi
Apr 6,Raheem Layne,34630,NYG,S,NA,W (Sep 30),to NFC,Sun 1:00 pm vs Ari
Apr 6,Tyler Goodson,34261,Dal,RB,,W (Sep 30),to NFC,Sun 1:00 pm @ Hou
Apr 6,Deion Hankins,42403,Chi,RB,NA,W (Sep 30),to NFC,Sun 1:00 pm vs NYJ
Apr 6,Te'Cory Couch,41681,Buf,CB,NA,W (Sep 30),to AFC,Sun 1:00 pm vs NE
Apr 6,Chamarri Conner,40160,KC,"DB,S",Q,W (Sep 30),to AFC,Sun 4:25 pm @ LV
Apr 6,Ajani Carter,42569,Hou,"DB,CB",SUSP,W (Sep 30),to AFC,Sun 1:00 pm vs Dal
Apr 6,Dorance Armstrong,31086,Was,"LB,DE",,W (Sep 30),to NFC,Sun 9:30 am vs Ind
Apr 6,Blake Grupe,40296,NYJ,K,NA,W (Sep 30),to AFC,Sun 1:00 pm @ Chi
Apr 6,Michael Pittman Jr.,32704,Pit,WR,,Sunday Kevin,to AFC,Thu 8:15 pm @ Cle
Apr 6,Christian Izien,40681,Det,"S,CB",,W (Sep 30),to NFC,Sun 8:20 pm @ Car
Apr 6,Feleipe Franks,33729,Car,TE,,W (Sep 30),to NFC,Sun 8:20 pm vs Det
Apr 6,Elijah Hicks,34210,Chi,"DB,S",,W (Sep 30),to NFC,Sun 1:00 pm vs NYJ
Apr 6,Nick Martin,41867,SF,LB,IR,W (Sep 30),to NFC,Sun 4:25 pm vs Den
Apr 6,Michael Penix Jr.,40889,Atl,QB,,W (Sep 30),to NFC,Mon 8:15 pm @ NO
Apr 6,Mack Wilson Sr.,31987,Ari,LB,,W (Sep 30),to NFC,Sun 1:00 pm @ NYG
Apr 6,Khyiris Tonga,33851,KC,"DL,DT",,W (Sep 30),to AFC,Sun 4:25 pm @ LV
Apr 6,Jordan Phillips,41929,Mia,DT,,W (Sep 30),to AFC,Sun 4:05 pm @ Min
Apr 6,Emari Demercado,40430,Dal,RB,,W (Sep 30),to AFC,Sun 1:00 pm @ Hou
Apr 6,Josh Whyle,40182,GB,TE,,W (Sep 30),to NFC,Sun 1:00 pm @ TB
Apr 6,Jeremy Reaves,31582,Was,S,,W (Sep 30),to NFC,Sun 9:30 am vs Ind
Apr 6,Quinn Ewers,42037,Jax,QB,,W (Sep 30),to AFC,Sun 1:00 pm @ Cin
Apr 6,Nick Cross,34052,Was,S,D,W (Sep 30),to NFC,Sun 9:30 am vs Ind
Apr 6,Tim Settle,31133,Was,DT,,W (Sep 30),to NFC,Sun 9:30 am vs Ind
Apr 6,Ja'Quan McMillian,34574,Den,CB,,W (Sep 30),to AFC,Sun 4:25 pm @ SF
Apr 6,Mason Taylor,41827,NYJ,TE,Q,W (Sep 30),to AFC,Sun 1:00 pm @ Chi
Apr 6,Isaac Guerendo,40998,SF,RB,PUP-R,W (Sep 30),to NFC,Sun 4:25 pm vs Den
Apr 6,Eric Saubert,30287,Sea,TE,,W (Sep 30),to NFC,Sun 4:25 pm vs LAC
Apr 6,DJ Davidson,34103,NYG,"DL,DT,DE",NA,W (Sep 30),to NFC,Sun 1:00 pm vs Ari
Apr 6,Jared Wayne,40288,Hou,WR,,W (Sep 30),to AFC,Sun 1:00 pm vs Dal
Apr 6,Isaiah Williams,41421,NYJ,WR,,W (Sep 30),to AFC,Sun 1:00 pm @ Chi
Apr 6,Parris Campbell,31891,Dal,WR,NA,W (Sep 30),to NFC,Sun 1:00 pm @ Hou
Apr 6,Browns,,Cle,DEF,,W (Sep 30),to AFC,Thu 8:15 pm vs Pit
Apr 6,Fred Warner,31040,SF,LB,,W (Sep 30),to NFC,Sun 4:25 pm vs Den
Apr 6,Carl Granderson,32490,NO,"LB,DE",,W (Sep 30),to NFC,Mon 8:15 pm vs Atl
Apr 6,Kyle Pitts Sr.,33392,Atl,TE,,Dave’s Bone Crushers,to NFC,Mon 8:15 pm @ NO
Apr 6,Isaiah Stalbird,41184,NO,LB,,W (Sep 30),to NFC,Mon 8:15 pm vs Atl
Apr 6,Kitan Crawford,42016,Ari,S,IR,W (Sep 30),to NFC,Sun 1:00 pm @ NYG
Apr 6,Frank Gore Jr.,41243,Buf,RB,NA,W (Sep 30),to AFC,Sun 1:00 pm vs NE
Apr 6,Marcus Epps,32023,Phi,S,,W (Sep 30),to NFC,Sun 1:00 pm vs LAR
Apr 6,Christian Kirk,31017,SF,WR,IR-R,W (Sep 30),to NFC,Sun 4:25 pm vs Den
Apr 6,Danny Striggow,42203,Jax,DE,,W (Sep 30),to AFC,Sun 1:00 pm @ Cin
Apr 6,Jaguars,,Jax,DEF,,W (Sep 30),to AFC,Sun 1:00 pm @ Cin
Apr 6,Jalyx Hunt,40968,Phi,"LB,DE",,W (Sep 30),to NFC,Sun 1:00 pm vs LAR
Apr 6,Kalif Raymond,29631,Chi,WR,,JGrahnasaurs,to NFC,Sun 1:00 pm vs NYJ
Apr 6,Jerrick Reed II,40239,Ari,S,NA,W (Sep 30),to AFC,Sun 1:00 pm @ NYG
Apr 6,Tre Tucker,40114,LV,WR,,W (Sep 30),to AFC,Sun 4:25 pm vs KC
Apr 6,Trevor Nowaske,40591,Det,LB,,W (Sep 30),to NFC,Sun 8:20 pm @ Car
Apr 6,Jordan Addison,40042,Min,WR,,W (Sep 30),to NFC,Sun 4:05 pm vs Mia
Apr 6,Colton Dowell,40263,SF,WR,NA,W (Sep 30),to NFC,Sun 4:25 pm vs Den
Apr 6,Tyleik Williams,41813,Det,DT,,W (Sep 30),to NFC,Sun 8:20 pm @ Car
Apr 6,Nick Bolton,33446,KC,LB,,W (Sep 30),to AFC,Sun 4:25 pm @ LV
Apr 6,Tyrone Tracy Jr.,41048,NYG,RB,,W (Sep 30),to NFC,Sun 1:00 pm vs Ari
Apr 6,Carson Wentz,29236,Min,QB,,W (Sep 30),to NFC,Sun 4:05 pm vs Mia
Apr 6,Cam Skattebo,41922,NYG,RB,,Locked In Michelle,to NFC,Sun 1:00 pm vs Ari
Apr 6,Alex Huntley,42174,Mia,DT,NA,W (Sep 30),to AFC,Sun 4:05 pm @ Min
Apr 6,Jalen Coker,41293,Car,WR,Q,Dave’s Bone Crushers,to NFC,Sun 8:20 pm vs Det
Apr 6,Marquise Robinson,42338,Bal,CB,NA,W (Sep 30),to AFC,Sun 1:00 pm vs Ten
Apr 6,Bilhal Kone,41992,Bal,CB,IR-R,W (Sep 30),to AFC,Sun 1:00 pm vs Ten
Apr 6,Jacob Cowing,40996,SF,WR,,W (Sep 30),to NFC,Sun 4:25 pm vs Den
Apr 6,Trey Washington,42135,Ind,S,NA,W (Sep 30),to AFC,Sun 9:30 am @ Was
Apr 6,Will Howard,41989,Pit,QB,,W (Sep 30),to AFC,Thu 8:15 pm @ Cle
Apr 6,Jacoby Jones,42436,Was,WR,NA,W (Sep 30),to NFC,Sun 9:30 am vs Ind
Apr 6,Jordan Hancock,41956,Buf,"S,CB",IR,W (Sep 30),to AFC,Sun 1:00 pm vs NE
Apr 6,Howard Cross III,42051,Cin,DT,NA,W (Sep 30),to AFC,Sun 1:00 pm vs Jax
Apr 6,Amik Robertson,32809,Was,CB,,W (Sep 30),to NFC,Sun 9:30 am vs Ind
Apr 6,Calvin Austin III,34094,NYG,WR,IR,W (Sep 30),to NFC,Sun 1:00 pm vs Ari
Apr 6,Nathaniel Watson,41068,Cle,LB,O,W (Sep 30),to AFC,Thu 8:15 pm vs Pit
Apr 6,TreVeyon Henderson,41823,NE,RB,,Steel City,to AFC,Sun 1:00 pm @ Buf
Apr 6,Nick Nash,42185,Was,WR,NA,W (Sep 30),to NFC,Sun 9:30 am vs Ind
Apr 6,Ty'Ron Hopper,40972,GB,LB,,W (Sep 30),to NFC,Sun 1:00 pm @ TB
Apr 6,Tyron Herring,42252,NE,CB,NA,W (Sep 30),to NFC,Sun 1:00 pm @ Buf
Apr 6,Cor'Dale Flott,34037,Ten,CB,,W (Sep 30),to AFC,Sun 1:00 pm @ Bal
Apr 6,Tua Tagovailoa,32675,Atl,QB,,W (Sep 30),to NFC,Mon 8:15 pm @ NO
Apr 6,Kyle McCord,41971,Mia,QB,,W (Sep 30),to NFC,Sun 4:05 pm @ Min
Apr 6,Braden Fiske,40930,LAR,"DL,DE",,W (Sep 30),to NFC,Sun 1:00 pm @ Phi
Apr 6,Quan Martin,40087,Was,"DB,S,CB",,W (Sep 30),to NFC,Sun 9:30 am vs Ind
Apr 6,Jordan Turner,42528,Den,LB,,W (Sep 30),to AFC,Sun 4:25 pm @ SF
Apr 6,Kye Robichaux,42245,Det,RB,NA,W (Sep 30),to NFC,Sun 8:20 pm @ Car
Apr 6,Sai'vion Jones,41868,Den,DE,,W (Sep 30),to AFC,Sun 4:25 pm @ SF
Apr 6,David Montgomery,31905,Hou,RB,,Maybe Mitchell,to AFC,Sun 1:00 pm vs Dal
Apr 6,Kaleb Johnson,41881,GB,RB,,W (Sep 30),to AFC,Sun 1:00 pm @ TB
Apr 6,Jordan Elliott,32758,Ten,DT,,W (Sep 30),to AFC,Sun 1:00 pm @ Bal
Apr 6,Jalen Graham,40265,SF,LB,NA,W (Sep 30),to NFC,Sun 4:25 pm vs Den
Apr 6,Will Levis,40068,NYJ,QB,NA,W (Sep 30),to AFC,Sun 1:00 pm @ Chi
Apr 6,Marlon Humphrey,30129,Bal,CB,,W (Sep 30),to AFC,Sun 1:00 pm vs Ten
Apr 6,Tom Kennedy,32561,Det,WR,,W (Sep 30),to NFC,Sun 8:20 pm @ Car
Apr 6,T.J. Sanders,41826,Buf,DT,D,W (Sep 30),to AFC,Sun 1:00 pm vs NE
Apr 6,Jack Westover,41352,Was,"RB,TE",NA,W (Sep 30),to AFC,Sun 9:30 am vs Ind
Apr 6,Andre Jones Jr.,40247,Mia,"LB,DE",,W (Sep 30),to AFC,Sun 4:05 pm @ Min
Apr 6,John Rhys Plumlee,41135,Pit,WR,NA,W (Sep 30),to AFC,Thu 8:15 pm @ Cle
Apr 6,Trevor Etienne,41913,Car,RB,IR-R,W (Sep 30),to NFC,Sun 8:20 pm vs Det
Apr 6,Casey Washington,41074,Car,WR,NA,W (Sep 30),to NFC,Sun 8:20 pm vs Det
Apr 6,Teddye Buchanan,41908,Bal,LB,,W (Sep 30),to AFC,Sun 1:00 pm vs Ten
Apr 6,Lucas Havrisik,34720,GB,K,NA,W (Sep 30),to NFC,Sun 1:00 pm @ TB
Apr 6,Malcolm Koonce,33467,LV,DE,,W (Sep 30),to AFC,Sun 4:25 pm vs KC
Apr 6,Dawson Knox,31928,Buf,TE,,W (Sep 30),to AFC,Sun 1:00 pm vs NE
Apr 6,Efton Chism III,42296,NE,WR,,W (Sep 30),to AFC,Sun 1:00 pm @ Buf
Apr 6,Darrell Luter Jr.,40186,LV,CB,,W (Sep 30),to NFC,Sun 4:25 pm vs KC
Apr 6,Myles Adams,33131,Det,"DT,DE",NA,W (Sep 30),to NFC,Sun 8:20 pm @ Car
Apr 6,Rylie Mills,41928,Sea,"DT,DE",,W (Sep 30),to NFC,Sun 4:25 pm vs LAC
Apr 6,Carson Bruener,42022,Pit,LB,,W (Sep 30),to AFC,Thu 8:15 pm @ Cle
Apr 6,Cade Stover,40987,Hou,TE,,W (Sep 30),to AFC,Sun 1:00 pm vs Dal
Apr 6,Moro Ojomo,40246,Phi,"DT,DE",,W (Sep 30),to NFC,Sun 1:00 pm vs LAR
Apr 6,Clark Phillips III,40146,Chi,CB,,W (Sep 30),to NFC,Sun 1:00 pm vs NYJ
Apr 6,Justin Watson,31114,Hou,WR,NA,W (Sep 30),to AFC,Sun 1:00 pm vs Dal
Apr 6,Mazi Smith,40044,Mia,DT,NA,W (Sep 30),to AFC,Sun 4:05 pm @ Min
Apr 6,Keondre Jackson,42471,Bal,S,,W (Sep 30),to AFC,Sun 1:00 pm vs Ten
Apr 6,Dareke Young,34189,LV,WR,,W (Sep 30),to AFC,Sun 4:25 pm vs KC
Apr 6,Darius Cooper,42464,Phi,WR,,W (Sep 30),to NFC,Sun 1:00 pm vs LAR
Apr 6,Dane Belton,34070,NYJ,S,,W (Sep 30),to AFC,Sun 1:00 pm @ Chi
Apr 6,Jacob Martin,31156,Ten,DE,,W (Sep 30),to AFC,Sun 1:00 pm @ Bal
Apr 6,DeMarvin Leal,34040,Pit,"LB,DE",NA,W (Sep 30),to NFC,Thu 8:15 pm @ Cle
Apr 6,Kelee Ringo,40131,Phi,CB,,W (Sep 30),to NFC,Sun 1:00 pm vs LAR
Apr 6,Benton Whitley,34332,NE,"LB,DE",NA,W (Sep 30),to NFC,Sun 1:00 pm @ Buf
Apr 6,Devontez Walker,40991,Bal,WR,,W (Sep 30),to AFC,Sun 1:00 pm vs Ten
Apr 6,Christian Gonzalez,40052,NE,CB,,W (Sep 30),to AFC,Sun 1:00 pm @ Buf
Apr 6,Maurice Alexander,34712,Chi,WR,NA,W (Sep 30),to NFC,Sun 1:00 pm vs NYJ
Apr 6,Kirk Cousins,25812,LV,QB,,W (Sep 30),to AFC,Sun 4:25 pm vs KC
Apr 6,Amar Johnson,42240,LAC,RB,NA,W (Sep 30),to AFC,Sun 4:25 pm @ Sea
Apr 6,Nikola Kalinic,33950,Chi,TE,IR,W (Sep 30),to NFC,Sun 1:00 pm vs NYJ
Apr 6,L.J. Collier,31861,Ari,"DL,DE",,W (Sep 30),to NFC,Sun 1:00 pm @ NYG
Apr 6,Keon Coleman,40911,Buf,WR,,W (Sep 30),to AFC,Sun 1:00 pm vs NE
Apr 6,Maddux Trujillo,42125,Buf,K,NA,W (Sep 30),to AFC,Sun 1:00 pm vs NE
Apr 6,Eric Watts,41541,NYJ,DE,NA,W (Sep 30),to AFC,Sun 1:00 pm @ Chi
Apr 6,Samori Toure,34214,Phi,WR,NA,W (Sep 30),to NFC,Sun 1:00 pm vs LAR
Apr 6,Jayden Reed,40063,GB,WR,D,Locked In Michelle,to NFC,Sun 1:00 pm @ TB
Apr 6,James Ester,41459,Mia,DT,NA,W (Sep 30),to NFC,Sun 4:05 pm @ Min
Apr 6,Akeem Davis-Gaither,32777,Ind,LB,,W (Sep 30),to AFC,Sun 9:30 am @ Was
Apr 6,Daniel Thomas,32827,Cle,S,,W (Sep 30),to AFC,Thu 8:15 pm vs Pit
Apr 6,Jake Bobo,40452,Sea,WR,IR,W (Sep 30),to NFC,Sun 4:25 pm vs LAC
Apr 6,Johnny Wilson,41089,Phi,WR,IR,W (Sep 30),to NFC,Sun 1:00 pm vs LAR
Apr 6,Jakorian Bennett,40148,Phi,CB,IR-R,W (Sep 30),to NFC,Sun 1:00 pm vs LAR
Apr 6,Jalen Redmond,40572,Min,DT,,W (Sep 30),to NFC,Sun 4:05 pm vs Mia
Apr 6,Brittain Brown,34206,Chi,RB,IR,W (Sep 30),to NFC,Sun 1:00 pm vs NYJ
Apr 6,Jaelan Phillips,33406,Car,"LB,DE",,W (Sep 30),to NFC,Sun 8:20 pm vs Det
Apr 6,Jeremy McNichols,30275,Was,RB,IR-R,W (Sep 30),to NFC,Sun 9:30 am vs Ind
Apr 6,Cole Christiansen,32977,KC,LB,NA,W (Sep 30),to AFC,Sun 4:25 pm @ LV
Apr 6,Corey Kiner,42386,NE,RB,,W (Sep 30),to NFC,Sun 1:00 pm @ Buf
Apr 6,Yaya Diaby,40107,TB,LB,,W (Sep 30),to NFC,Sun 1:00 pm vs GB
Apr 6,Jalen Brooks,40257,Ari,WR,,W (Sep 30),to NFC,Sun 1:00 pm @ NYG
Apr 6,Ja'seem Reed,42497,Car,WR,NA,W (Sep 30),to NFC,Sun 8:20 pm vs Det
Apr 6,Chance Campbell,34175,Phi,LB,,W (Sep 30),to NFC,Sun 1:00 pm vs LAR
Apr 6,Jahdae Barron,41805,Den,CB,,W (Sep 30),to AFC,Sun 4:25 pm @ SF
Apr 6,Patrick Ricard,30592,NYG,RB,,W (Sep 30),to NFC,Sun 1:00 pm vs Ari
Apr 6,Emeka Egbuka,41804,TB,WR,,Monday Night Madison,to NFC,Sun 1:00 pm vs GB
Apr 6,Travis Kelce,26686,KC,TE,,Sunday Kevin,to AFC,Sun 4:25 pm @ LV
Apr 6,Dillon Gabriel,41861,Cle,QB,IR-R,W (Sep 30),to AFC,Thu 8:15 pm vs Pit
Apr 6,David Moore,30339,Car,WR,NA,W (Sep 30),to NFC,Sun 8:20 pm vs Det
Apr 6,Malachi Moore,41895,NYJ,S,,W (Sep 30),to AFC,Sun 1:00 pm @ Chi
Apr 6,Kameron Johnson,41300,TB,WR,,W (Sep 30),to NFC,Sun 1:00 pm vs GB
Apr 6,Mac Dalena,42107,Buf,WR,NA,W (Sep 30),to AFC,Sun 1:00 pm vs NE
Apr 6,Tyjae Spears,40119,Ten,RB,,W (Sep 30),to AFC,Sun 1:00 pm @ Bal
Apr 6,James Cook III,34019,Buf,RB,,Sunday Kevin,to AFC,Sun 1:00 pm vs NE
Apr 6,Jimmy Holiday,42490,KC,WR,IR,W (Sep 30),to AFC,Sun 4:25 pm @ LV
Apr 6,Tre Watson,42430,Mia,TE,NA,W (Sep 30),to AFC,Sun 4:05 pm @ Min
Apr 6,Javonte Williams,33423,Dal,RB,,JGrahnasaurs,to NFC,Sun 1:00 pm @ Hou
Apr 6,Tarheeb Still,41051,LAC,"DB,CB",,W (Sep 30),to AFC,Sun 4:25 pm @ Sea
Apr 6,Deane Leonard,34192,LAC,"DB,CB",,W (Sep 30),to AFC,Sun 4:25 pm @ Sea
Apr 6,Tahj Brooks,41983,Cin,RB,,W (Sep 30),to AFC,Sun 1:00 pm vs Jax
Apr 6,Elijah Cooks,40374,Car,WR,NA,W (Sep 30),to NFC,Sun 8:20 pm vs Det
Apr 6,Chimere Dike,41903,Ten,WR,,W (Sep 30),to AFC,Sun 1:00 pm @ Bal
Apr 6,Cam Akers,32722,Sea,RB,NA,W (Sep 30),to NFC,Sun 4:25 pm vs LAC
Apr 6,Javon Solomon,41049,Buf,"LB,DE",,W (Sep 30),to AFC,Sun 1:00 pm vs NE
Apr 6,Kindle Vildor,32833,NE,CB,NA,W (Sep 30),to AFC,Sun 1:00 pm @ Buf
Apr 6,Jakob Robinson,42056,Ten,CB,NA,W (Sep 30),to NFC,Sun 1:00 pm @ Bal
Apr 6,Hunter Wohler,42029,Ind,S,,W (Sep 30),to AFC,Sun 9:30 am @ Was
Apr 6,Ahkello Witherspoon,30179,LAR,"DB,CB",NA,W (Sep 30),to NFC,Sun 1:00 pm @ Phi
Apr 6,Deommodore Lenoir,33560,SF,"DB,CB",,W (Sep 30),to NFC,Sun 4:25 pm vs Den
Apr 6,Jalen Hurts,32723,Phi,QB,,Max’s TD Bombers,to NFC,Sun 1:00 pm vs LAR
Apr 6,Kendrick Bourne,30551,Ari,WR,,W (Sep 30),to NFC,Sun 1:00 pm @ NYG
Apr 6,Jaydon Blue,41935,Phi,RB,NA,W (Sep 30),to NFC,Sun 1:00 pm vs LAR
Apr 6,Andrew Armstrong,42162,KC,WR,NA,W (Sep 30),to AFC,Sun 4:25 pm @ LV
Apr 6,Rams,,LAR,DEF,,Maybe Mitchell,to NFC,Sun 1:00 pm @ Phi
Apr 6,Kedon Slovis,41476,GB,QB,NA,W (Sep 30),to NFC,Sun 1:00 pm @ TB
Apr 6,Joshua Metellus,32875,Min,"S,CB",,W (Sep 30),to NFC,Sun 4:05 pm vs Mia
Apr 6,Will Shipley,41002,Phi,RB,,W (Sep 30),to NFC,Sun 1:00 pm vs LAR
Apr 6,Mason Kinsey,33351,Ten,WR,NA,W (Sep 30),to AFC,Sun 1:00 pm @ Bal
Apr 6,Ta'Quon Graham,33536,Phi,"DL,DE",NA,W (Sep 30),to NFC,Sun 1:00 pm vs LAR
Apr 6,Maxwell Hairston,41815,Buf,CB,,W (Sep 30),to AFC,Sun 1:00 pm vs NE
Apr 6,Ja'Marcus Ingram,34684,Hou,"S,CB",IR-R,W (Sep 30),to AFC,Sun 1:00 pm vs Dal
Apr 6,Durell Nchami,40867,Ind,"LB,DE",NA,W (Sep 30),to AFC,Sun 9:30 am @ Was
Apr 6,Trey Hendrickson,30216,Bal,"LB,DE",,W (Sep 30),to AFC,Sun 1:00 pm vs Ten
Apr 6,Chad Ryland,40159,Ari,K,,W (Sep 30),to NFC,Sun 1:00 pm @ NYG
Apr 6,Andrew Billings,29356,Ari,"DL,DT",,W (Sep 30),to NFC,Sun 1:00 pm @ NYG
Apr 6,Marlowe Wax,42137,LAC,LB,,W (Sep 30),to AFC,Sun 4:25 pm @ Sea
Apr 6,Dyami Brown,33470,Was,WR,,W (Sep 30),to NFC,Sun 9:30 am vs Ind
Apr 6,Ty Johnson,32018,Buf,RB,,W (Sep 30),to AFC,Sun 1:00 pm vs NE
Apr 6,Christian Barmore,33426,NE,"DL,DE",Q,W (Sep 30),to AFC,Sun 1:00 pm @ Buf
Apr 6,Jared Wiley,40978,KC,TE,,W (Sep 30),to AFC,Sun 4:25 pm @ LV
Apr 6,Keir Thomas,34343,LAR,LB,IR,W (Sep 30),to NFC,Sun 1:00 pm @ Phi
Apr 6,Eric Gregory,42053,NE,DT,NA,W (Sep 30),to AFC,Sun 1:00 pm @ Buf
Apr 6,Tank Bigsby,40095,Phi,RB,,Monday Night Madison,to NFC,Sun 1:00 pm vs LAR
Apr 6,Aaron Jones Sr.,30295,Min,RB,,Locked In Michelle,to NFC,Sun 4:05 pm vs Mia
Apr 6,Treyton Welch,41363,NO,TE,,W (Sep 30),to NFC,Mon 8:15 pm vs Atl
Apr 6,Liam Anderson,40522,Mia,LB,NA,W (Sep 30),to AFC,Sun 4:05 pm @ Min
Apr 6,Keith Randolph,41325,GB,DT,NA,W (Sep 30),to NFC,Sun 1:00 pm @ TB
Apr 6,Lenny Krieg,41782,GB,K,NA,W (Sep 30),to AFC,Sun 1:00 pm @ TB
Apr 6,Xavier Thomas,41013,SF,"LB,DE",SUSP,W (Sep 30),to AFC,Sun 4:25 pm vs Den
Apr 6,Evan Hull,40169,Ari,RB,NA,W (Sep 30),to NFC,Sun 1:00 pm @ NYG
Apr 6,Asante Samuel Jr.,33435,Pit,"DB,CB",,W (Sep 30),to AFC,Thu 8:15 pm @ Cle
Apr 6,Rashod Bateman,33415,Bal,WR,,W (Sep 30),to AFC,Sun 1:00 pm vs Ten
Apr 6,Dominique Hampton,41039,Ten,"LB,S,CB",NA,W (Sep 30),to NFC,Sun 1:00 pm @ Bal
Apr 6,Eddy Pineiro,31482,SF,K,,Maybe Mitchell,to NFC,Sun 4:25 pm vs Den
Apr 6,Javon Bullard,40937,GB,"DB,S",,W (Sep 30),to NFC,Sun 1:00 pm @ TB
Apr 6,Luke McCaffrey,40964,Was,WR,,W (Sep 30),to NFC,Sun 9:30 am vs Ind
Apr 6,Trevin Wallace,40956,NYJ,LB,,W (Sep 30),to NFC,Sun 1:00 pm @ Chi
Apr 6,Tremon Smith,31166,Hou,CB,,W (Sep 30),to AFC,Sun 1:00 pm vs Dal
Apr 6,Xavier Johnson,41274,Cin,WR,NA,W (Sep 30),to AFC,Sun 1:00 pm vs Jax
Apr 6,Kool-Aid McKinstry,40927,NO,"DB,CB",,W (Sep 30),to NFC,Mon 8:15 pm vs Atl
Apr 6,Roschon Johnson,40162,Chi,RB,,W (Sep 30),to NFC,Sun 1:00 pm vs NYJ
Apr 6,Marlon Tuipulotu,33577,Atl,DT,NA,W (Sep 30),to NFC,Mon 8:15 pm @ NO
Apr 6,Breece Hall,33991,NYJ,RB,Q,Maybe Mitchell,to AFC,Sun 1:00 pm @ Chi
Apr 6,Jameson Williams,33967,Det,WR,,Jason's Jazzy Team,to NFC,Sun 8:20 pm @ Car
Apr 6,Joe Giles-Harris,32091,Cin,LB,NA,W (Sep 30),to AFC,Sun 1:00 pm vs Jax
Apr 6,Tyler Huntley,32993,Bal,QB,,W (Sep 30),to AFC,Sun 1:00 pm vs Ten
Apr 6,Kamari Lassiter,40918,Hou,"DB,CB",,W (Sep 30),to AFC,Sun 1:00 pm vs Dal
Apr 6,Siran Neal,31124,SF,CB,,W (Sep 30),to NFC,Sun 4:25 pm vs Den
Apr 6,Alec Pierce,34008,Ind,WR,IR,W (Sep 30),to AFC,Sun 9:30 am @ Was
Apr 6,Zah Frazier,41955,Chi,CB,NA,W (Sep 30),to NFC,Sun 1:00 pm vs NYJ
Apr 6,Sal Cannella,33932,Cle,TE,NA,W (Sep 30),to AFC,Thu 8:15 pm vs Pit
Apr 6,Gervarrius Owens,40277,Chi,S,NA,W (Sep 30),to NFC,Sun 1:00 pm vs NYJ
Apr 6,Tee Higgins,32703,Cin,WR,,Jason's Jazzy Team,to AFC,Sun 1:00 pm vs Jax
Apr 6,Patrick Queen,32698,Pit,LB,,W (Sep 30),to AFC,Thu 8:15 pm @ Cle
Apr 6,Jordan Miller,41385,Mia,DT,NA,W (Sep 30),to AFC,Sun 4:05 pm @ Min
Apr 6,Brandon Johnson,42179,Phi,"S,CB",NA,W (Sep 30),to NFC,Sun 1:00 pm vs LAR
Apr 6,Devin Culp,41120,TB,TE,NA,W (Sep 30),to NFC,Sun 1:00 pm vs GB
Apr 6,Keeanu Benton,40079,Pit,"DL,DT",,W (Sep 30),to AFC,Thu 8:15 pm @ Cle
Apr 6,Zach Sieler,31208,Mia,"DT,DE",,W (Sep 30),to AFC,Sun 4:05 pm @ Min
Apr 6,Jaxon Smith-Njigba,40041,Sea,WR,,Maybe Mitchell,to NFC,Sun 4:25 pm vs LAC
Apr 6,MarShawn Lloyd,40971,GB,RB,,Steel City,to NFC,Sun 1:00 pm @ TB
Apr 6,Gunner Olszewski,32612,NYG,WR,IR,W (Sep 30),to NFC,Sun 1:00 pm vs Ari
Apr 6,Dallas Goedert,31019,Phi,TE,D,Monday Night Madison,to NFC,Sun 1:00 pm vs LAR
Apr 6,Andrew Wingard,32105,Ari,S,,W (Sep 30),to NFC,Sun 1:00 pm @ NYG
Apr 6,Cole Burgess,41502,Pit,WR,IR,W (Sep 30),to AFC,Thu 8:15 pm @ Cle
Apr 6,Brock Bowers,40878,LV,TE,,Owl Out Blitz,to AFC,Sun 4:25 pm vs KC
Apr 6,Tejhaun Palmer,41079,NE,WR,NA,W (Sep 30),to NFC,Sun 1:00 pm @ Buf
Apr 6,DK Metcalf,31896,Pit,WR,,Jason's Jazzy Team,to AFC,Thu 8:15 pm @ Cle
Apr 6,Charlie Woerner,32860,Atl,TE,,W (Sep 30),to NFC,Mon 8:15 pm @ NO
Apr 6,Jaylahn Tuimoloau,41830,Ind,DE,,W (Sep 30),to AFC,Sun 9:30 am @ Was
Apr 6,Trevian Thomas,42263,Jax,S,NA,W (Sep 30),to AFC,Sun 1:00 pm @ Cin
Apr 6,Cam Ward,41786,Ten,QB,,W (Sep 30),to AFC,Sun 1:00 pm @ Bal
Apr 6,Drew Sample,31884,Cin,TE,,W (Sep 30),to AFC,Sun 1:00 pm vs Jax
Apr 6,Budda Baker,30149,Ari,S,,W (Sep 30),to NFC,Sun 1:00 pm @ NYG
Apr 6,Cameron Thomas,34043,Atl,"LB,DE",,W (Sep 30),to NFC,Mon 8:15 pm @ NO
Apr 6,Jack Stoll,33891,SF,TE,NA,W (Sep 30),to AFC,Sun 4:25 pm vs Den
Apr 6,Jacardia Wright,42357,Sea,RB,NA,W (Sep 30),to NFC,Sun 4:25 pm vs LAC
Apr 6,Kyle Kennard,41890,LAC,"LB,DE",NA,W (Sep 30),to AFC,Sun 4:25 pm @ Sea
Apr 6,Travis Jones,34032,Bal,DT,,W (Sep 30),to AFC,Sun 1:00 pm vs Ten
Apr 6,Cowboys,,Dal,DEF,,W (Sep 30),to NFC,Sun 1:00 pm @ Hou
Apr 6,Jonathan Bullard,29306,Dal,"DL,DT,DE",O,W (Sep 30),to NFC,Sun 1:00 pm @ Hou
Apr 6,Princely Umanmielen,41862,Car,"LB,DE",,W (Sep 30),to NFC,Sun 8:20 pm vs Det
Apr 6,Tony Adams,34355,Ten,S,,W (Sep 30),to AFC,Sun 1:00 pm @ Bal
Apr 6,Jourdan Lewis,30205,Jax,CB,,W (Sep 30),to AFC,Sun 1:00 pm @ Cin
Apr 6,JP Richardson,42047,Chi,WR,NA,W (Sep 30),to NFC,Sun 1:00 pm vs NYJ
Apr 6,Arron Mosby,34227,GB,LB,NA,W (Sep 30),to NFC,Sun 1:00 pm @ TB
Apr 6,Kei'Trel Clark,40229,Ari,CB,,W (Sep 30),to NFC,Sun 1:00 pm @ NYG
Apr 6,Oluwafemi Oladejo,41837,Ten,"LB,DT,DE",,W (Sep 30),to AFC,Sun 1:00 pm @ Bal
Apr 6,AJ Barner,41001,Sea,TE,,W (Sep 30),to NFC,Sun 4:25 pm vs LAC
Apr 6,McKinnley Jackson,40949,SF,"DL,DT",NA,W (Sep 30),to AFC,Sun 4:25 pm vs Den
Apr 6,Sebastian Valdez,42383,SF,DT,NA,W (Sep 30),to NFC,Sun 4:25 pm vs Den
Apr 6,Keaton Mitchell,40641,LAC,RB,,W (Sep 30),to AFC,Sun 4:25 pm @ Sea
Apr 6,Jamel Dean,31926,Pit,CB,,W (Sep 30),to AFC,Thu 8:15 pm @ Cle
Apr 6,Maason Smith,40916,Atl,"DT,DE",,W (Sep 30),to AFC,Mon 8:15 pm @ NO
Apr 6,Boye Mafe,33995,Cin,"LB,DE",,W (Sep 30),to AFC,Sun 1:00 pm vs Jax
Apr 6,Ashton Jeanty,41791,LV,RB,,Max’s TD Bombers,to AFC,Sun 4:25 pm vs KC
Apr 6,J. Bernard-Converse,40236,NYG,"S,CB",IR,W (Sep 30),to NFC,Sun 1:00 pm vs Ari
Apr 6,Andrew Beck,32225,NYJ,RB,,W (Sep 30),to AFC,Sun 1:00 pm @ Chi
Apr 6,Adam Butler,30655,LV,DT,,W (Sep 30),to AFC,Sun 4:25 pm vs KC
Apr 6,Jacob Roberts,41374,Min,LB,NA,W (Sep 30),to NFC,Sun 4:05 pm vs Mia
Apr 6,Cairo Santos,28227,Chi,K,,W (Sep 30),to NFC,Sun 1:00 pm vs NYJ
Apr 6,Alex Highsmith,32772,Pit,"LB,DE",,W (Sep 30),to AFC,Thu 8:15 pm @ Cle
Apr 6,Car'lin Vigers,42148,Pit,CB,NA,W (Sep 30),to NFC,Thu 8:15 pm @ Cle
Apr 6,Kristian Fulton,32731,KC,CB,,W (Sep 30),to AFC,Sun 4:25 pm @ LV
Apr 6,Noah Fant,31852,NO,TE,,W (Sep 30),to NFC,Mon 8:15 pm vs Atl
Apr 6,Nico Collins,33477,Hou,WR,Q,Steel City,to AFC,Sun 1:00 pm vs Dal
Apr 6,Shaka Heyward,40488,Mia,LB,,W (Sep 30),to AFC,Sun 4:05 pm @ Min
Apr 6,Cobie Durant,34098,Dal,"DB,CB",D,W (Sep 30),to NFC,Sun 1:00 pm @ Hou
Apr 6,Daiyan Henley,40113,LAC,LB,,W (Sep 30),to AFC,Sun 4:25 pm @ Sea
Apr 6,Ernest Jones IV,33491,Sea,LB,,W (Sep 30),to NFC,Sun 4:25 pm vs LAC
Apr 6,Jack Bech,41843,LV,WR,IR,W (Sep 30),to AFC,Sun 4:25 pm vs KC
Apr 6,Britain Covey,34378,Phi,WR,,W (Sep 30),to NFC,Sun 1:00 pm vs LAR
Apr 6,Zaven Collins,33404,Ari,"LB,DE",,W (Sep 30),to NFC,Sun 1:00 pm @ NYG
Apr 6,Sebastian Castro,42276,Pit,S,NA,W (Sep 30),to AFC,Thu 8:15 pm @ Cle
Apr 6,Tyler Scott,40141,LV,WR,NA,W (Sep 30),to NFC,Sun 4:25 pm vs KC
Apr 6,Azeez Al-Shaair,32318,Hou,LB,,W (Sep 30),to AFC,Sun 1:00 pm vs Dal
Apr 6,Stephen Gosnell,42062,Buf,WR,NA,W (Sep 30),to AFC,Sun 1:00 pm vs NE
Apr 6,Josh Downs,40126,Ind,WR,,Dave’s Bone Crushers,to AFC,Sun 9:30 am @ Was
Apr 6,Tommy Togiai,33520,Hou,"DL,DT",,W (Sep 30),to AFC,Sun 1:00 pm vs Dal
Apr 6,Jordan Colbert,41691,Mia,S,NA,W (Sep 30),to AFC,Sun 4:05 pm @ Min
Apr 6,Calvin Ridley,30996,Ten,WR,,W (Sep 30),to AFC,Sun 1:00 pm @ Bal
Apr 6,Chris Rodriguez Jr.,40231,Jax,RB,,W (Sep 30),to AFC,Sun 1:00 pm @ Cin
Apr 6,Mac McWilliams,41931,Phi,CB,,W (Sep 30),to NFC,Sun 1:00 pm vs LAR
Apr 6,Patrick O'Connell,40468,Sea,LB,,W (Sep 30),to NFC,Sun 4:25 pm vs LAC
Apr 6,Jake Moody,40129,Bal,K,NA,W (Sep 30),to NFC,Sun 1:00 pm vs Ten
Apr 6,DeMario Douglas,40222,NE,WR,,W (Sep 30),to AFC,Sun 1:00 pm @ Buf
Apr 6,Jaylen Harrell,41113,Ten,"LB,DE",IR,W (Sep 30),to AFC,Sun 1:00 pm @ Bal
Apr 6,Spencer Shrader,41499,Ind,K,,W (Sep 30),to AFC,Sun 9:30 am @ Was
Apr 6,Jalen Virgil,34579,Ari,WR,NA,W (Sep 30),to AFC,Sun 1:00 pm @ NYG
Apr 6,Johnny Walker,42074,Den,"LB,DE",NA,W (Sep 30),to AFC,Sun 4:25 pm @ SF
Apr 6,Christian McCaffrey,30121,SF,RB,,Jason's Jazzy Team,to NFC,Sun 4:25 pm vs Den
Apr 6,BJ Ojulari,40088,Jax,"LB,DE",NA,W (Sep 30),to NFC,Sun 1:00 pm @ Cin
Apr 6,Dre'Mont Jones,31903,NE,"LB,DE",Q,W (Sep 30),to AFC,Sun 1:00 pm @ Buf
Apr 6,Sheldon Rankins,29246,Hou,DT,,W (Sep 30),to AFC,Sun 1:00 pm vs Dal
Apr 6,Ahmed Hassanein,41963,Det,DE,,W (Sep 30),to NFC,Sun 8:20 pm @ Car
Apr 6,Alijah Clark,42157,Dal,S,,W (Sep 30),to NFC,Sun 1:00 pm @ Hou
Apr 6,Adrian Martinez,40299,SF,QB,NA,W (Sep 30),to NFC,Sun 4:25 pm vs Den
Apr 6,Kendre Miller,40108,NO,RB,,W (Sep 30),to NFC,Mon 8:15 pm vs Atl
Apr 6,Oronde Gadsden,41951,LAC,TE,,W (Sep 30),to AFC,Sun 4:25 pm @ Sea
Apr 6,M. McCrary-Ball,34321,NYJ,LB,IR,W (Sep 30),to AFC,Sun 1:00 pm @ Chi
Apr 6,Jacoby Windmon,41165,Pit,LB,NA,W (Sep 30),to NFC,Thu 8:15 pm @ Cle
Apr 6,Akayleb Evans,34074,Car,CB,,W (Sep 30),to NFC,Sun 8:20 pm vs Det
Apr 6,Jalen Tolbert,34044,Mia,WR,,W (Sep 30),to AFC,Sun 4:05 pm @ Min
Apr 6,Raiders,,LV,DEF,,W (Sep 30),to AFC,Sun 4:25 pm vs KC
Apr 6,Beau Brade,41241,Cin,S,NA,W (Sep 30),to NFC,Sun 1:00 pm vs Jax
Apr 6,Jabari Small,41661,Det,RB,NA,W (Sep 30),to NFC,Sun 8:20 pm @ Car
Apr 6,Donte Jackson,31025,LAC,CB,Q,W (Sep 30),to AFC,Sun 4:25 pm @ Sea
Apr 6,Lamar Jackson,31002,Bal,QB,,Maybe Mitchell,to AFC,Sun 1:00 pm vs Ten
Apr 6,Kyle Monangai,42025,Chi,RB,,Jason's Jazzy Team,to NFC,Sun 1:00 pm vs NYJ
Apr 6,Junior Bergen,42032,NYJ,WR,NA,W (Sep 30),to NFC,Sun 1:00 pm @ Chi
Apr 6,Dorian Williams,40098,Buf,LB,,W (Sep 30),to AFC,Sun 1:00 pm vs NE
Apr 6,Laquon Treadwell,29257,Ind,WR,,W (Sep 30),to AFC,Sun 9:30 am @ Was
Apr 6,Payne Durham,40193,TB,TE,,W (Sep 30),to NFC,Sun 1:00 pm vs GB
Apr 6,Jaylin Noel,41885,Hou,WR,,W (Sep 30),to AFC,Sun 1:00 pm vs Dal
Apr 6,Jamree Kromah,41321,Chi,DT,,W (Sep 30),to NFC,Sun 1:00 pm vs NYJ
Apr 6,Kobie Turner,40110,LAR,"DT,DE",,W (Sep 30),to NFC,Sun 1:00 pm @ Phi
Apr 6,Darnell Mooney,32843,NYG,WR,,W (Sep 30),to NFC,Sun 1:00 pm vs Ari
Apr 6,Sam Franklin Jr.,33137,Buf,"DB,S",,W (Sep 30),to AFC,Sun 1:00 pm vs NE
Apr 6,Derwin James Jr.,30987,LAC,S,,W (Sep 30),to AFC,Sun 4:25 pm @ Sea
Apr 6,Zavier Scott,40539,Chi,RB,NA,W (Sep 30),to NFC,Sun 1:00 pm vs NYJ
Apr 6,Isaac TeSlaa,41865,Det,WR,,W (Sep 30),to NFC,Sun 8:20 pm @ Car
Apr 6,Percy Butler,34069,Was,S,,W (Sep 30),to NFC,Sun 9:30 am vs Ind
Apr 6,Jermaine Johnson II,33981,Ten,DE,,W (Sep 30),to AFC,Sun 1:00 pm @ Bal
Apr 6,Damar Hamlin,33600,Buf,S,,W (Sep 30),to AFC,Sun 1:00 pm vs NE
Apr 6,Foyesade Oluokun,31170,Jax,LB,,W (Sep 30),to AFC,Sun 1:00 pm @ Cin
Apr 6,Bub Means,41045,Cle,WR,NA,W (Sep 30),to NFC,Thu 8:15 pm vs Pit
Apr 6,Azareye'h Thomas,41872,NYJ,CB,,W (Sep 30),to AFC,Sun 1:00 pm @ Chi
Apr 6,Trey Lance,33391,LAC,QB,,W (Sep 30),to AFC,Sun 4:25 pm @ Sea
Apr 6,Jake Hummel,34342,Hou,LB,IR,W (Sep 30),to AFC,Sun 1:00 pm vs Dal
Apr 6,John Saunders Jr.,42171,NYJ,S,NA,W (Sep 30),to AFC,Sun 1:00 pm @ Chi
Apr 6,Falcons,,Atl,DEF,,W (Sep 30),to NFC,Mon 8:15 pm @ NO
Apr 6,Jackson Woodard,42448,Mia,LB,,W (Sep 30),to AFC,Sun 4:05 pm @ Min
Apr 6,Jakobie Keeney-James,42246,Pit,WR,NA,W (Sep 30),to NFC,Thu 8:15 pm @ Cle
Apr 6,Jake Ferguson,34085,Dal,TE,,JGrahnasaurs,to NFC,Sun 1:00 pm @ Hou
Apr 6,Blake Whiteheart,40433,Cle,TE,,W (Sep 30),to AFC,Thu 8:15 pm vs Pit
Apr 6,Jaylin Simpson,41025,Mia,"S,CB",,W (Sep 30),to NFC,Sun 4:05 pm @ Min
Apr 6,Khalil Shakir,34104,Buf,WR,,W (Sep 30),to AFC,Sun 1:00 pm vs NE
Apr 6,Neville Gallimore,32752,Chi,DT,,W (Sep 30),to NFC,Sun 1:00 pm vs NYJ
Apr 6,George Pickens,34007,Dal,WR,,Locked In Michelle,to NFC,Sun 1:00 pm @ Hou
Apr 6,Russ Yeast,34209,Cin,S,NA,W (Sep 30),to AFC,Sun 1:00 pm vs Jax
Apr 6,Samuel Womack III,34128,NYJ,CB,NA,W (Sep 30),to AFC,Sun 1:00 pm @ Chi
Apr 6,Tucker Kraft,40102,GB,TE,,Max’s TD Bombers,to NFC,Sun 1:00 pm @ TB
Apr 6,Maxx Crosby,31938,LV,DE,,W (Sep 30),to AFC,Sun 4:25 pm vs KC
Apr 6,Claudin Cherelus,40547,Car,LB,IR,W (Sep 30),to NFC,Sun 8:20 pm vs Det
Apr 6,Tyrek Funderburk,41289,Car,CB,NA,W (Sep 30),to NFC,Sun 8:20 pm vs Det
Apr 6,Johnathan Edwards,42425,Ind,CB,NA,W (Sep 30),to AFC,Sun 9:30 am @ Was
Apr 6,Mo Alie-Cox,30112,Ind,TE,,W (Sep 30),to AFC,Sun 9:30 am @ Was
Apr 6,T.J. Hockenson,31840,Min,TE,,W (Sep 30),to NFC,Sun 4:05 pm vs Mia
Apr 6,Jawhar Jordan,41064,Hou,RB,NA,W (Sep 30),to AFC,Sun 1:00 pm vs Dal
Apr 6,Cory Durden,40581,NE,DT,,W (Sep 30),to AFC,Sun 1:00 pm @ Buf
Apr 6,Jahvaree Ritzie,42480,Min,"DT,DE",NA,W (Sep 30),to AFC,Sun 4:05 pm vs Mia
Apr 6,Kenny Moore II,30669,Phi,CB,NA,W (Sep 30),to AFC,Sun 1:00 pm vs LAR
Apr 6,Derrick Brown,32677,Car,"DT,DE",,W (Sep 30),to NFC,Sun 8:20 pm vs Det
Apr 6,Elijah Jones,40960,NYG,"DB,CB",NA,W (Sep 30),to NFC,Sun 1:00 pm vs Ari
Apr 6,Anthony Tyus III,42235,Car,RB,NA,W (Sep 30),to NFC,Sun 8:20 pm vs Det
Apr 6,Shedeur Sanders,41930,Cle,QB,,W (Sep 30),to AFC,Thu 8:15 pm vs Pit
Apr 6,Ja'Sir Taylor,34170,Cin,"DB,CB",IR-R,W (Sep 30),to AFC,Sun 1:00 pm vs Jax
Apr 6,Tyler Baron,41962,NYJ,"LB,DE",PUP-R,W (Sep 30),to AFC,Sun 1:00 pm @ Chi
Apr 6,Taron Johnson,31091,LV,CB,,W (Sep 30),to AFC,Sun 4:25 pm vs KC
Apr 6,Tony Pollard,31960,Ten,RB,,Maybe Mitchell,to AFC,Sun 1:00 pm @ Bal
Apr 6,Kyle Juszczyk,26753,SF,RB,,W (Sep 30),to NFC,Sun 4:25 pm vs Den
Apr 6,Nikko Reed,42141,NYG,CB,,W (Sep 30),to AFC,Sun 1:00 pm vs Ari
Apr 6,Messiah Swinson,41463,Cle,TE,NA,W (Sep 30),to NFC,Thu 8:15 pm vs Pit
Apr 6,Kentavius Street,31098,Chi,"DL,DE",,W (Sep 30),to NFC,Sun 1:00 pm vs NYJ
Apr 6,Josaiah Stewart,41853,LAR,"LB,DE",,W (Sep 30),to NFC,Sun 1:00 pm @ Phi
Apr 6,Keion White,40080,SF,"LB,DE",,W (Sep 30),to NFC,Sun 4:25 pm vs Den
Apr 6,George Kittle,30259,SF,TE,,Owl Out Blitz,to NFC,Sun 4:25 pm vs Den
Apr 6,Joey Porter Jr.,40089,Pit,CB,,W (Sep 30),to AFC,Thu 8:15 pm @ Cle
Apr 6,Josh Kelly,42150,Hou,WR,NA,W (Sep 30),to AFC,Sun 1:00 pm vs Dal
Apr 6,Greedy Vance,42309,LV,CB,NA,W (Sep 30),to AFC,Sun 4:25 pm vs KC
Apr 6,Jamaree Caldwell,41887,LAC,DT,,W (Sep 30),to AFC,Sun 4:25 pm @ Sea
Apr 6,Jordon Riley,40269,GB,"DL,DT",PUP-R,W (Sep 30),to NFC,Sun 1:00 pm @ TB
Apr 6,Colson Yankoff,41233,Was,TE,,W (Sep 30),to NFC,Sun 9:30 am vs Ind
Apr 6,Gervon Dexter Sr.,40091,Atl,"DL,DT",,W (Sep 30),to NFC,Mon 8:15 pm @ NO
Apr 6,Carter Runyon,42433,LV,TE,IR-R,W (Sep 30),to AFC,Sun 4:25 pm vs KC
Apr 6,John Bullock,42099,TB,LB,NA,W (Sep 30),to AFC,Sun 1:00 pm vs GB
Apr 6,Jalen Thompson,32623,Dal,S,O,W (Sep 30),to NFC,Sun 1:00 pm @ Hou
Apr 6,Cole Holcomb,32005,Pit,LB,,W (Sep 30),to AFC,Thu 8:15 pm @ Cle
Apr 6,D.J. Johnson,40092,Was,LB,NA,W (Sep 30),to NFC,Sun 9:30 am vs Ind
Apr 6,Alim McNeill,33460,Det,"DL,DT",,W (Sep 30),to NFC,Sun 8:20 pm @ Car
Apr 6,Levi Drake Rodriguez,41132,Min,DT,,W (Sep 30),to NFC,Sun 4:05 pm vs Mia
Apr 6,Isaiah Pola-Mao,34556,LV,S,,W (Sep 30),to AFC,Sun 4:25 pm vs KC
Apr 6,Brandon Codrington,41579,SF,CB,NA,W (Sep 30),to AFC,Sun 4:25 pm vs Den
Apr 6,Jaylon Jones,34367,Chi,"DB,CB",NA,W (Sep 30),to NFC,Sun 1:00 pm vs NYJ
Apr 6,David Ojabo,34000,Mia,"LB,DE",NA,W (Sep 30),to AFC,Sun 4:05 pm @ Min
Apr 6,Dohnte Meyers,42616,Cin,WR,,W (Sep 30),to AFC,Sun 1:00 pm vs Jax
Apr 6,Carl Jones Jr.,41329,Bal,LB,,W (Sep 30),to AFC,Sun 1:00 pm vs Ten
Apr 6,Cooper McDonald,42491,KC,LB,IR,W (Sep 30),to AFC,Sun 4:25 pm @ LV
Apr 6,Tyler Conklin,31127,Det,TE,,W (Sep 30),to NFC,Sun 8:20 pm @ Car
Apr 6,Levelle Bailey,41395,Den,LB,IR,W (Sep 30),to AFC,Sun 4:25 pm @ SF
Apr 6,Marcus Harris,41993,Ten,CB,,W (Sep 30),to AFC,Sun 1:00 pm @ Bal
Apr 6,Ale Kaho,42494,Was,LB,NA,W (Sep 30),to NFC,Sun 9:30 am vs Ind
Apr 6,Terrell Jennings,41713,NE,RB,NA,W (Sep 30),to AFC,Sun 1:00 pm @ Buf
Apr 6,Ar'Darius Washington,33788,NYG,"S,CB",,W (Sep 30),to NFC,Sun 1:00 pm vs Ari
Apr 6,Sanoussi Kane,41119,Ten,S,NA,W (Sep 30),to AFC,Sun 1:00 pm @ Bal
Apr 6,Kayvon Thibodeaux,33960,NYG,LB,,W (Sep 30),to NFC,Sun 1:00 pm vs Ari
Apr 6,D. Taylor-Demerson,40999,Ari,"DB,S",Q,W (Sep 30),to NFC,Sun 1:00 pm @ NYG
Apr 6,LeQuint Allen Jr.,42007,Jax,RB,,W (Sep 30),to AFC,Sun 1:00 pm @ Cin
Apr 6,Loren Strickland,41444,Det,S,NA,W (Sep 30),to NFC,Sun 8:20 pm @ Car
Apr 6,A.J. Brown,31883,NE,WR,IR,Monday Night Madison,to NFC,Sun 1:00 pm @ Buf
Apr 6,Tyler Badie,34152,Den,RB,,W (Sep 30),to AFC,Sun 4:25 pm @ SF
Apr 6,Aidan Hutchinson,33957,Det,"DL,DE",,W (Sep 30),to NFC,Sun 8:20 pm @ Car
Apr 6,Carson Schwesinger,41818,Cle,LB,,W (Sep 30),to AFC,Thu 8:15 pm vs Pit
Apr 6,Jared Ivey,42358,Atl,"LB,DE",,W (Sep 30),to NFC,Mon 8:15 pm @ NO
Apr 6,Kris Jenkins Jr.,40920,Cin,"DL,DT",,W (Sep 30),to AFC,Sun 1:00 pm vs Jax
Apr 6,Dalvin Tomlinson,30168,LAC,DT,Q,W (Sep 30),to AFC,Sun 4:25 pm @ Sea
Apr 6,Brock Purdy,34218,SF,QB,,Dave’s Bone Crushers,to NFC,Sun 4:25 pm vs Den
Apr 6,Kerby Joseph,34053,Det,S,PUP-R,W (Sep 30),to NFC,Sun 8:20 pm @ Car
Apr 6,Junior Colson,40941,LAC,LB,NA,W (Sep 30),to AFC,Sun 4:25 pm @ Sea
Apr 6,Teair Tart,33347,LAC,DT,,W (Sep 30),to AFC,Sun 4:25 pm @ Sea
Apr 6,Caleb Williams,40900,Chi,QB,D,Owl Out Blitz,to NFC,Sun 1:00 pm vs NYJ
Apr 6,Brock Wright,33774,Det,TE,,W (Sep 30),to NFC,Sun 8:20 pm @ Car
Apr 6,Rob Beal Jr.,40181,Mia,DE,Q,W (Sep 30),to AFC,Sun 4:05 pm @ Min
Apr 6,Winston Reid,41367,Cle,LB,,W (Sep 30),to AFC,Thu 8:15 pm vs Pit
Apr 6,Brady Cook,42229,Mia,QB,,W (Sep 30),to AFC,Sun 4:05 pm @ Min
Apr 6,Trevor Lawrence,33389,Jax,QB,,Sunday Kevin,to AFC,Sun 1:00 pm @ Cin
Apr 6,Malik Mustapha,40997,SF,"DB,S",,W (Sep 30),to NFC,Sun 4:25 pm vs Den
Apr 6,Myles Cole,41108,NO,"LB,DE",NA,W (Sep 30),to NFC,Mon 8:15 pm vs Atl
Apr 6,Michael Carter,33495,Ten,RB,,W (Sep 30),to AFC,Sun 1:00 pm @ Bal
Apr 6,Trey Palmer,40223,NO,WR,NA,W (Sep 30),to NFC,Mon 8:15 pm vs Atl
Apr 6,Khalil Mack,27533,LAC,"LB,DE",,W (Sep 30),to AFC,Sun 4:25 pm @ Sea
Apr 6,Chris Godwin Jr.,30197,TB,WR,,Steel City,to NFC,Sun 1:00 pm vs GB
Apr 6,Bralyn Lux,42393,Cin,CB,NA,W (Sep 30),to AFC,Sun 1:00 pm vs Jax
Apr 6,Cardinals,,Ari,DEF,,W (Sep 30),to NFC,Sun 1:00 pm @ NYG
Apr 6,A. Okwuegbunam Jr.,32788,LV,TE,NA,W (Sep 30),to AFC,Sun 4:25 pm vs KC
Apr 6,Josh Allen,30977,Buf,QB,Q,Dave’s Bone Crushers,to AFC,Sun 1:00 pm vs NE
Apr 6,Micah Parsons,33400,GB,"LB,DE",PUP-R,W (Sep 30),to NFC,Sun 1:00 pm @ TB
Apr 6,Sam Hartman,41238,Was,QB,NA,W (Sep 30),to NFC,Sun 9:30 am vs Ind
Apr 6,Malaki Starks,41812,Bal,S,,W (Sep 30),to AFC,Sun 1:00 pm vs Ten
Apr 6,Jack Gibbens,34454,Ari,LB,,W (Sep 30),to NFC,Sun 1:00 pm @ NYG
Apr 6,D'Shawn Jamison,40404,Ari,CB,NA,W (Sep 30),to AFC,Sun 1:00 pm @ NYG
Apr 6,Jonas Sanker,41879,NO,S,,W (Sep 30),to NFC,Mon 8:15 pm vs Atl
Apr 6,Damien Martinez,42015,GB,RB,NA,W (Sep 30),to NFC,Sun 1:00 pm @ TB
Apr 6,Thomas Fidone II,42004,NYG,TE,,W (Sep 30),to NFC,Sun 1:00 pm vs Ari
Apr 6,Evan Williams,41007,GB,"DB,S",,W (Sep 30),to NFC,Sun 1:00 pm @ TB
Apr 6,Xavier Legette,40890,Car,WR,Q,W (Sep 30),to NFC,Sun 8:20 pm vs Det
Apr 6,Myles Murphy,40057,Cin,DE,,W (Sep 30),to AFC,Sun 1:00 pm vs Jax
Apr 6,Drake Maye,40881,NE,QB,,Jason's Jazzy Team,to AFC,Sun 1:00 pm @ Buf
Apr 6,KaVontae Turpin,34709,Dal,WR,,W (Sep 30),to NFC,Sun 1:00 pm @ Hou
Apr 6,Quentin Johnston,40051,LAC,WR,,Sunday Kevin,to AFC,Sun 4:25 pm @ Sea
Apr 6,Malik Davis,34610,Dal,RB,IR,W (Sep 30),to NFC,Sun 1:00 pm @ Hou
Apr 6,Mecole Hardman Jr.,31888,Buf,WR,NA,W (Sep 30),to AFC,Sun 1:00 pm vs NE
Apr 6,Ronnie Rivers,34310,LAR,RB,IR,W (Sep 30),to NFC,Sun 1:00 pm @ Phi
Apr 6,Charlie Smyth,40873,NO,K,NA,W (Sep 30),to NFC,Mon 8:15 pm vs Atl
Apr 6,Nehemiah Pritchett,41012,Sea,CB,,W (Sep 30),to NFC,Sun 4:25 pm vs LAC
Apr 6,Carson Towt,42620,Ind,TE,IR,W (Sep 30),to AFC,Sun 9:30 am @ Was
Apr 6,CeeDee Lamb,32687,Dal,WR,,Owl Out Blitz,to NFC,Sun 1:00 pm @ Hou
Apr 6,Elliott Brown,41774,Ari,LB,NA,W (Sep 30),to NFC,Sun 1:00 pm @ NYG
Apr 6,Davis Mills,33455,Hou,QB,,W (Sep 30),to AFC,Sun 1:00 pm vs Dal
Apr 6,Corey Ballentine,32012,Jax,CB,NA,W (Sep 30),to NFC,Sun 1:00 pm @ Cin
Apr 6,Joshua Williams,34091,Ten,CB,IR-R,W (Sep 30),to AFC,Sun 1:00 pm @ Bal
Apr 6,Tutu Atwell,33445,LAR,WR,,W (Sep 30),to AFC,Sun 1:00 pm @ Phi
Apr 6,Ty Robinson,41921,Phi,"DT,DE",,W (Sep 30),to NFC,Sun 1:00 pm vs LAR
Apr 6,Jared Goff,29235,Det,QB,,Jason's Jazzy Team,to NFC,Sun 8:20 pm @ Car
Apr 6,Greg Dulcich,34036,Mia,TE,,W (Sep 30),to AFC,Sun 4:05 pm @ Min
Apr 6,LaCale London,33175,Atl,"DL,DE",,W (Sep 30),to NFC,Mon 8:15 pm @ NO
Apr 6,Cam Riley,42282,Mia,LB,NA,W (Sep 30),to AFC,Sun 4:05 pm @ Min
Apr 6,Shemar James,41938,Dal,LB,,W (Sep 30),to NFC,Sun 1:00 pm @ Hou
Apr 6,Cam'Ron Silmon-Craig,42219,Jax,S,NA,W (Sep 30),to AFC,Sun 1:00 pm @ Cin
Apr 6,Nick Hampton,40179,Car,LB,NA,W (Sep 30),to NFC,Sun 8:20 pm vs Det
Apr 6,Wan'Dale Robinson,33998,Ten,WR,,JGrahnasaurs,to AFC,Sun 1:00 pm @ Bal
Apr 6,Tershawn Wharton,32952,Car,DT,PUP-R,W (Sep 30),to NFC,Sun 8:20 pm vs Det
Apr 6,J.J. McCarthy,40905,NYG,QB,,W (Sep 30),to NFC,Sun 1:00 pm vs Ari
Apr 6,Juanyeh Thomas,34595,Ind,S,NA,W (Sep 30),to AFC,Sun 9:30 am @ Was
Apr 6,Demani Richardson,41310,Car,S,NA,W (Sep 30),to NFC,Sun 8:20 pm vs Det
Apr 6,Kobe King,41966,NYJ,LB,NA,W (Sep 30),to AFC,Sun 1:00 pm @ Chi
Apr 6,Kevin Byard III,29298,NE,S,,W (Sep 30),to AFC,Sun 1:00 pm @ Buf
Apr 6,Esezi Otomewo,34121,Pit,"DL,DT,DE",NA,W (Sep 30),to AFC,Thu 8:15 pm @ Cle
Apr 6,Jamie Sheriff,41739,LAR,LB,NA,W (Sep 30),to NFC,Sun 1:00 pm @ Phi
Apr 6,Kitan Oladapo,41035,GB,"DB,S",,W (Sep 30),to NFC,Sun 1:00 pm @ TB
Apr 6,Malik Harrison,32768,NYG,LB,NA,W (Sep 30),to AFC,Sun 1:00 pm vs Ari
Apr 6,Chuck Clark,30299,Det,"DB,S",,W (Sep 30),to NFC,Sun 8:20 pm @ Car
Apr 6,Kingsley Jonathan,34619,NYJ,DE,IR,W (Sep 30),to AFC,Sun 1:00 pm @ Chi
Apr 6,Chris Rumph II,33506,NO,LB,,W (Sep 30),to NFC,Mon 8:15 pm vs Atl
Apr 6,Tim Jones,33649,Jax,WR,NA,W (Sep 30),to AFC,Sun 1:00 pm @ Cin
Apr 6,Josh Jacobs,31856,GB,RB,CEL,W (Sep 30),to NFC,Sun 1:00 pm @ TB
Apr 6,Quinshon Judkins,41821,Cle,RB,,Owl Out Blitz,to AFC,Thu 8:15 pm vs Pit
Apr 6,Amani Oruwariye,31978,Bal,"DB,CB",NA,W (Sep 30),to AFC,Sun 1:00 pm vs Ten
Apr 6,Buccaneers,,TB,DEF,,Steel City,to NFC,Sun 1:00 pm vs GB
Apr 6,Myles Garrett,30114,LAR,"LB,DE",IR,W (Sep 30),to AFC,Sun 1:00 pm @ Phi
Apr 6,Lucas Scott,42531,Bal,RB,NA,W (Sep 30),to AFC,Sun 1:00 pm vs Ten
Apr 6,Jacory Croskey-Merritt,42010,Was,RB,,Owl Out Blitz,to NFC,Sun 9:30 am vs Ind
Apr 6,A.T. Perry,40242,Den,WR,NA,W (Sep 30),to AFC,Sun 4:25 pm @ SF
Apr 6,Quay Walker,33977,LV,LB,,W (Sep 30),to AFC,Sun 4:25 pm vs KC
Apr 6,Decamerion Richardson,40979,NO,CB,,W (Sep 30),to AFC,Mon 8:15 pm vs Atl
Apr 6,Robert Longerbeam,41998,Atl,CB,,W (Sep 30),to AFC,Mon 8:15 pm @ NO
Apr 6,Andrew Mukuba,41849,Phi,S,,W (Sep 30),to NFC,Sun 1:00 pm vs LAR
Apr 6,Amani Hooker,31948,Ten,"DB,S",,W (Sep 30),to AFC,Sun 1:00 pm @ Bal
Apr 6,Mapalo Mwansa,42406,Car,LB,NA,W (Sep 30),to NFC,Sun 8:20 pm vs Det
Apr 6,Justin Reid,31038,NO,S,,W (Sep 30),to NFC,Mon 8:15 pm vs Atl
Apr 6,Jordan Battle,40117,Cin,S,,W (Sep 30),to AFC,Sun 1:00 pm vs Jax
Apr 6,Dylan Drummond,40737,Atl,WR,NA,W (Sep 30),to NFC,Mon 8:15 pm @ NO
Apr 6,Paulson Adebo,33464,NYG,CB,IR,W (Sep 30),to NFC,Sun 1:00 pm vs Ari
Apr 6,Courtney Jackson,42071,Ten,WR,NA,W (Sep 30),to NFC,Sun 1:00 pm @ Bal
Apr 6,Tysheem Johnson,42399,Sea,S,NA,W (Sep 30),to NFC,Sun 4:25 pm vs LAC
Apr 6,Pat Freiermuth,33443,Pit,TE,,W (Sep 30),to AFC,Thu 8:15 pm @ Cle
Apr 6,Bobby Brown III,33505,Car,"DT,DE",,W (Sep 30),to NFC,Sun 8:20 pm vs Det
Apr 6,Jimmy Ciarlo,41355,Ten,LB,NA,W (Sep 30),to AFC,Sun 1:00 pm @ Bal
Apr 6,Elliott Davison,42346,NE,S,NA,W (Sep 30),to NFC,Sun 1:00 pm @ Buf
Apr 6,Jordan Oladokun,42123,LAC,CB,NA,W (Sep 30),to AFC,Sun 4:25 pm @ Sea
Apr 6,Nephi Sewell,34716,Chi,LB,IR,W (Sep 30),to NFC,Sun 1:00 pm vs NYJ
Apr 6,Benjamin Morrison,41838,TB,CB,,W (Sep 30),to NFC,Sun 1:00 pm vs GB
Apr 6,Bryan Bresee,40045,NO,DT,IR,W (Sep 30),to NFC,Mon 8:15 pm vs Atl
Apr 6,Jeremiah Webb,42437,NE,WR,IR,W (Sep 30),to AFC,Sun 1:00 pm @ Buf
Apr 6,Greg Dortch,32523,Buf,WR,,W (Sep 30),to NFC,Sun 1:00 pm vs NE
Apr 6,Mekhi Wingo,41091,Det,DT,,W (Sep 30),to NFC,Sun 8:20 pm @ Car
Apr 6,Ventrell Miller,40155,Jax,LB,,W (Sep 30),to AFC,Sun 1:00 pm @ Cin
Apr 6,Michael Carter II,33542,Phi,CB,,W (Sep 30),to NFC,Sun 1:00 pm vs LAR
Apr 6,Brenden Schooler,34429,NE,"DB,S",NFI-R,W (Sep 30),to AFC,Sun 1:00 pm @ Buf
Apr 6,Lukas Van Ness,40037,GB,"LB,DE",,W (Sep 30),to NFC,Sun 1:00 pm @ TB
Apr 6,Keonta Jenkins,42066,Buf,LB,NA,W (Sep 30),to AFC,Sun 1:00 pm vs NE
Apr 6,Byron Murphy Jr.,31865,Min,CB,,W (Sep 30),to NFC,Sun 4:05 pm vs Mia
Apr 6,Xavier Weaver,41202,Ari,WR,NA,W (Sep 30),to NFC,Sun 1:00 pm @ NYG
Apr 6,Byron Young,40125,Phi,DT,,W (Sep 30),to NFC,Sun 1:00 pm vs LAR
Apr 6,Jake Elliott,30266,Phi,K,,W (Sep 30),to NFC,Sun 1:00 pm vs LAR
Apr 6,Payton Wilson,40975,Pit,LB,,W (Sep 30),to AFC,Thu 8:15 pm @ Cle
Apr 6,Chris Collier,41261,LV,RB,IR,W (Sep 30),to AFC,Sun 4:25 pm vs KC
Apr 6,CJ Dippre,42291,TB,TE,NA,W (Sep 30),to AFC,Sun 1:00 pm vs GB
Apr 6,Rachaad White,34047,Was,RB,,W (Sep 30),to NFC,Sun 9:30 am vs Ind
Apr 6,Andrei Iosivas,40211,Cin,WR,IR,W (Sep 30),to AFC,Sun 1:00 pm vs Jax
Apr 6,Brashard Smith,42012,KC,RB,,W (Sep 30),to AFC,Sun 4:25 pm @ LV
Apr 6,Maema Njongmeta,41336,Car,LB,NA,W (Sep 30),to NFC,Sun 8:20 pm vs Det
Apr 6,Deshaun Watson,30125,Cle,QB,,W (Sep 30),to AFC,Thu 8:15 pm vs Pit
Apr 6,Baker Mayfield,30971,TB,QB,O,W (Sep 30),to NFC,Sun 1:00 pm vs GB
Apr 6,Elijah Arroyo,41835,Sea,TE,,W (Sep 30),to NFC,Sun 4:25 pm vs LAC
Apr 6,Elijah Williams,42517,Min,DE,,W (Sep 30),to NFC,Sun 4:05 pm vs Mia
Apr 6,Xavier Restrepo,42368,Ten,WR,NA,W (Sep 30),to AFC,Sun 1:00 pm @ Bal
Apr 6,James Lynch,32800,Chi,"DL,DT",,W (Sep 30),to NFC,Sun 1:00 pm vs NYJ
Apr 6,Dom Jones,42085,Cle,CB,NA,W (Sep 30),to AFC,Thu 8:15 pm vs Pit
