Player,Player ID,Team,Positions,Injury,Game,Roster Status,GP*,Bye,Fantasy Fan Pts,Rankings Pre-Season,Rankings Actual,Trends % Ros,Passing Yds,Passing TD,Passing Int,Rushing Att*,Rushing Yds,Rushing TD,Receiving Tgt*,Receiving Rec,Receiving Yds,Receiving TD,Ret TD,Misc 2PT,Fum Lost
Jahmyr Gibbs,40059,Det,RB,,Sun 8:20 pm @ Car,Locked In Michelle,1,6,22.11,1,2,100%,-,-,-,20.2,98.0,0.8,6.2,4.6,34.4,0.3,-,0.1,0.1
Bijan Robinson,40055,Atl,RB,,Mon 8:15 pm @ NO,Dave’s Bone Crushers,1,11,19.88,2,6,100%,-,-,-,19.0,86.5,0.6,5.8,4.4,37.8,0.3,-,0.1,0.1
Jonathan Taylor,32711,Ind,RB,,"Half, 10-6 @ Was",Max’s TD Bombers,1,13,19.00,3,13,100%,-,-,-,20.7,93.2,0.8,3.5,3.0,25.4,0.1,-,0.1,0.1
Jaxon Smith-Njigba,40041,Sea,WR,,Sun 4:25 pm vs LAC,Maybe Mitchell,1,11,18.32,4,17,100%,0.1,0.0,-,0.4,2.2,0.0,10.6,6.9,103,0.7,-,0.0,0.0
Christian McCaffrey,30121,SF,RB,,Sun 4:25 pm vs Den,Jason's Jazzy Team,1,8,17.60,9,21,100%,-,-,-,15.6,66.0,0.6,6.4,4.6,38.3,0.3,-,0.1,0.1
Ja'Marr Chase,33393,Cin,WR,,Sun 1:00 pm vs Jax,Steel City,1,6,17.54,11,22,100%,-,-,-,0.2,1.1,0.0,10.6,7.8,95.2,0.7,-,0.0,0.0
Derrick Henry,29279,Bal,RB,,Sun 1:00 pm vs Ten,JGrahnasaurs,1,13,17.26,6,24,100%,-,-,-,20.5,99.3,0.9,1.4,1.2,11.5,0.1,-,0.1,0.1
Kenneth Walker III,33996,KC,RB,,Sun 4:25 pm @ LV,Max’s TD Bombers,1,5,16.74,7,28,100%,-,-,-,16.9,76.6,0.5,4.8,3.6,28.5,0.2,-,0.0,0.1
Amon-Ra St. Brown,33500,Det,WR,,Sun 8:20 pm @ Car,Sunday Kevin,1,6,16.49,5,32,100%,-,-,-,0.2,1.0,0.0,10.6,7.1,84.4,0.7,-,0.0,0.0
Jaylen Warren,34447,Pit,RB,,Final L 24-27 @ Cle,Dave’s Bone Crushers,1,9,16.29,44,31,96%,-,-,-,18.4,85.4,0.4,4.6,3.6,27.1,0.1,-,0.0,0.1
Chase Brown,40196,Cin,RB,,Sun 1:00 pm vs Jax,Steel City,1,6,15.41,10,36,100%,-,-,-,14.9,60.7,0.5,4.9,4.2,25.7,0.2,-,0.0,0.1
Chris Olave,33966,NO,WR,,Mon 8:15 pm vs Atl,Sunday Kevin,1,8,15.34,15,37,100%,-,-,-,0.0,0.2,0.0,10.1,6.3,87.4,0.6,-,0.0,0.0
James Cook III,34019,Buf,RB,,Sun 1:00 pm vs NE,Sunday Kevin,1,7,15.25,8,39,100%,-,-,-,17.6,88.4,0.6,2.5,2.0,14.4,0.1,-,0.0,0.1
Nico Collins,33477,Hou,WR,,Sun 1:00 pm vs Dal,Steel City,1,8,15.19,30,40,100%,-,-,-,0.2,1.2,0.0,8.9,5.7,85.7,0.6,-,0.0,0.0
Chuba Hubbard,33514,Car,RB,,Sun 8:20 pm vs Det,Jason's Jazzy Team,1,5,14.71,34,45,96%,-,-,-,16.3,70.7,0.4,4.3,3.3,22.7,0.2,-,0.1,0.1
Tetairoa McMillan,41793,Car,WR,,Sun 8:20 pm vs Det,Dave’s Bone Crushers,1,5,14.69,40,66,99%,-,-,-,0.1,0.2,0.0,9.5,5.8,90.9,0.4,-,0.0,0.0
Jeremiyah Love,42625,Ari,RB,,Sun 1:00 pm @ NYG,Monday Night Madison,1,14,14.66,22,43,100%,-,-,-,15.6,68.7,0.5,3.4,3.2,22.8,0.2,-,0.0,0.1
Puka Nacua,40168,LAR,WR,,Sun 1:00 pm @ Phi,Owl Out Blitz,1,11,14.47,12,53,100%,-,-,-,0.6,4.1,0.0,8.7,5.9,80.4,0.5,-,0.0,0.0
Cam Skattebo,41922,NYG,RB,,Sun 1:00 pm vs Ari,Locked In Michelle,1,8,14.44,35,48,98%,-,-,-,18.0,76.6,0.4,3.4,2.4,21.9,0.1,-,0.0,0.1
CeeDee Lamb,32687,Dal,WR,,Sun 1:00 pm @ Hou,Owl Out Blitz,1,14,14.42,14,49,100%,-,-,-,0.3,1.2,0.0,9.3,5.9,85.5,0.5,-,0.0,0.0
Garrett Wilson,33965,NYJ,WR,,Sun 1:00 pm @ Chi,Steel City,1,13,14.35,36,51,99%,-,-,-,0.2,0.6,0.0,10.6,6.6,83.9,0.4,-,0.0,0.0
Saquon Barkley,30972,Phi,RB,,Sun 1:00 pm vs LAR,Monday Night Madison,1,10,14.29,20,50,100%,-,-,-,18.0,76.8,0.5,3.3,2.7,19.1,0.1,-,0.0,0.1
Drake London,33963,Atl,WR,,Mon 8:15 pm @ NO,Dave’s Bone Crushers,1,11,13.95,18,52,100%,-,-,-,0.1,0.9,0.0,9.6,5.6,80.4,0.5,-,0.0,0.0
Zay Flowers,40039,Bal,WR,Q,Sun 1:00 pm vs Ten,Jason's Jazzy Team,1,13,13.64,17,54,100%,-,-,-,0.5,3.8,0.0,6.9,5.2,78.9,0.5,-,0.0,0.0
Brock Bowers,40878,LV,TE,,Sun 4:25 pm vs KC,Owl Out Blitz,1,13,13.55,46,56,100%,-,-,-,0.2,0.5,0.0,9.4,6.9,69.9,0.5,-,0.0,0.0
Ashton Jeanty,41791,LV,RB,,Sun 4:25 pm vs KC,Max’s TD Bombers,1,13,13.55,13,57,100%,-,-,-,15.8,57.0,0.4,5.0,3.7,23.3,0.2,-,0.0,0.1
Tee Higgins,32703,Cin,WR,,Sun 1:00 pm vs Jax,Jason's Jazzy Team,1,6,13.54,38,58,99%,-,-,-,0.0,0.2,0.0,7.7,5.1,79.7,0.5,-,0.0,0.0
Parker Washington,40234,Jax,WR,,Sun 1:00 pm @ Cin,Max’s TD Bombers,1,7,13.51,25,59,97%,-,-,-,0.3,1.7,0.0,8.5,4.9,79.0,0.4,0.0,0.0,0.0
Aaron Jones Sr.,30295,Min,RB,,Sun 4:05 pm vs Mia,Locked In Michelle,1,6,13.29,50,60,93%,-,-,-,16.8,66.6,0.4,3.6,3.0,21.3,0.1,-,0.0,0.1
Christian Watson,33989,GB,WR,,Sun 1:00 pm @ TB,Sunday Kevin,1,11,13.27,29,62,98%,-,-,-,0.1,0.5,0.0,7.7,4.8,76.8,0.5,-,0.0,0.0
D'Andre Swift,32705,Chi,RB,,Sun 1:00 pm vs NYJ,Owl Out Blitz,1,10,13.27,21,61,98%,-,-,-,14.1,66.4,0.6,2.7,2.0,15.8,0.1,-,0.0,0.1
Trey McBride,34010,Ari,TE,,Sun 1:00 pm @ NYG,Maybe Mitchell,1,14,13.12,39,63,100%,-,-,-,0.0,0.2,0.0,9.1,6.9,63.0,0.6,-,0.0,0.0
Josh Downs,40126,Ind,WR,,"Half, 10-6 @ Was",Dave’s Bone Crushers,1,13,12.96,59,65,92%,-,-,-,0.1,0.5,0.0,8.4,5.8,73.8,0.4,-,0.0,0.0
Javonte Williams,33423,Dal,RB,,Sun 1:00 pm @ Hou,JGrahnasaurs,1,14,12.74,19,64,100%,-,-,-,16.0,62.3,0.6,3.3,2.4,12.6,0.1,-,0.1,0.1
Rashee Rice,40084,KC,WR,,Sun 4:25 pm @ LV,Locked In Michelle,1,5,12.57,58,67,99%,-,-,-,0.4,2.2,0.0,7.8,5.3,64.6,0.5,-,0.0,0.0
George Pickens,34007,Dal,WR,,Sun 1:00 pm @ Hou,Locked In Michelle,1,14,12.49,32,68,100%,-,-,-,0.0,0.1,0.0,8.4,5.1,74.9,0.4,-,0.0,0.0
Kyren Williams,34120,LAR,RB,,Sun 1:00 pm @ Phi,Locked In Michelle,1,11,12.48,16,69,100%,-,-,-,14.6,64.9,0.5,2.6,1.9,14.3,0.1,0.0,0.0,0.1
David Montgomery,31905,Hou,RB,,Sun 1:00 pm vs Dal,Maybe Mitchell,1,8,12.36,56,70,98%,-,-,-,13.5,55.4,0.6,2.5,2.1,16.3,0.1,-,0.0,0.1
Jordan Addison,40042,Min,WR,,Sun 4:05 pm vs Mia,Monday Night Madison,1,6,12.33,76,71,88%,-,-,-,0.3,2.7,0.0,7.5,4.7,70.3,0.4,-,0.0,0.0
Bucky Irving,40993,TB,RB,,Sun 1:00 pm vs GB,Sunday Kevin,1,10,11.84,31,72,97%,-,-,-,15.6,60.5,0.3,3.5,2.7,19.0,0.1,-,0.0,0.1
Jaylen Waddle,33394,Den,WR,,Sun 4:25 pm @ SF,Owl Out Blitz,1,10,11.83,43,73,99%,-,-,-,0.2,1.3,0.0,8.2,5.2,70.6,0.3,-,0.0,0.0
Davante Adams,27581,LAR,WR,,Sun 1:00 pm @ Phi,JGrahnasaurs,1,11,11.72,33,74,98%,-,-,-,-,-,-,8.4,4.3,67.0,0.5,-,0.0,0.0
Tyler Warren,41799,Ind,TE,,"Half, 10-6 @ Was",Sunday Kevin,1,13,11.65,52,77,99%,-,-,-,0.4,1.2,0.0,7.5,5.8,58.4,0.4,-,0.0,0.0
Jacory Croskey-Merritt,42010,Was,RB,,"Half, 6-10 vs Ind",Owl Out Blitz,1,7,11.60,80,75,87%,-,-,-,15.8,66.1,0.5,1.6,1.3,9.0,0.0,-,0.0,0.1
Braelon Allen,40981,NYJ,RB,,Sun 1:00 pm @ Chi,Owl Out Blitz,1,13,11.47,128,76,81%,-,-,-,15.0,63.8,0.4,2.7,2.0,13.9,0.1,-,0.0,0.1
DJ Moore,30994,Buf,WR,,Sun 1:00 pm vs NE,Dave’s Bone Crushers,1,7,11.05,51,78,97%,-,-,-,0.4,1.7,0.0,7.0,4.4,59.5,0.4,-,0.0,0.0
Mike Evans,27535,SF,WR,Q,Sun 4:25 pm vs Den,Owl Out Blitz,1,8,11.01,55,79,96%,-,-,-,-,-,-,7.8,4.4,62.1,0.4,-,0.0,0.0
Matthew Golden,41808,GB,WR,,Sun 1:00 pm @ TB,Owl Out Blitz,1,11,10.81,61,83,91%,-,-,-,0.3,1.5,0.0,7.8,4.6,64.0,0.3,-,0.0,0.0
Stefon Diggs,28534,Was,WR,,"Half, 6-10 vs Ind",Monday Night Madison,1,7,10.81,70,84,90%,-,-,-,0.1,0.2,0.0,7.3,4.9,62.0,0.4,-,0.0,0.0
Malik Nabers,40899,NYG,WR,,Sun 1:00 pm vs Ari,Sunday Kevin,1,8,10.80,47,81,99%,-,-,-,0.2,0.6,0.0,8.8,4.8,58.9,0.4,-,0.0,0.0
Quinshon Judkins,41821,Cle,RB,,Final W 27-24 vs Pit,Owl Out Blitz,1,11,10.76,48,82,96%,-,-,-,17.2,61.3,0.4,2.5,1.8,11.8,0.1,-,0.0,0.1
Michael Wilson,40121,Ari,WR,,Sun 1:00 pm @ NYG,Maybe Mitchell,1,14,10.58,63,85,89%,-,-,-,0.0,0.1,0.0,7.8,4.4,57.3,0.4,-,0.0,0.0
Luther Burden III,41824,Chi,WR,,Sun 1:00 pm vs NYJ,Max’s TD Bombers,1,10,10.44,54,86,95%,-,-,-,0.6,2.9,0.0,6.6,4.4,57.9,0.3,-,0.0,0.0
Bhayshul Tuten,41900,Jax,RB,,Sun 1:00 pm @ Cin,Steel City,1,7,10.31,41,87,96%,-,-,-,11.7,53.5,0.4,2.2,1.5,12.8,0.1,-,0.0,0.1
Omarion Hampton,41807,LAC,RB,,Sun 4:25 pm @ Sea,Monday Night Madison,1,7,10.30,45,88,100%,-,-,-,14.7,54.4,0.4,2.4,2.1,12.0,0.1,-,0.0,0.1
George Kittle,30259,SF,TE,,Sun 4:25 pm vs Den,Owl Out Blitz,1,8,10.14,84,89,98%,-,-,-,0.0,0.0,-,6.5,4.5,56.3,0.4,-,0.0,0.0
Rhamondre Stevenson,33508,NE,RB,,Sun 1:00 pm @ Buf,Jason's Jazzy Team,1,11,10.06,79,90,93%,-,-,-,9.1,42.9,0.3,3.1,2.4,20.1,0.1,-,0.0,0.1
Jameson Williams,33967,Det,WR,,Sun 8:20 pm @ Car,Jason's Jazzy Team,1,6,10.04,57,92,95%,-,-,-,0.5,2.6,0.0,6.2,3.8,58.1,0.3,-,0.0,0.0
Ladd McConkey,40908,LAC,WR,Q,Sun 4:25 pm @ Sea,Dave’s Bone Crushers,1,7,9.97,42,91,97%,-,-,-,0.1,0.2,0.0,7.0,4.7,57.6,0.3,-,0.0,0.0
Dontayvion Wicks,40201,Phi,WR,,Sun 1:00 pm vs LAR,Monday Night Madison,1,10,9.84,72,93,59%,-,-,-,0.0,0.1,-,7.2,4.5,58.4,0.3,-,0.0,0.0
Dalton Kincaid,40048,Buf,TE,,Sun 1:00 pm vs NE,Jason's Jazzy Team,1,7,9.56,87,94,97%,-,-,-,-,-,-,6.2,4.2,56.5,0.3,-,0.0,0.0
Travis Kelce,26686,KC,TE,,Sun 4:25 pm @ LV,Sunday Kevin,1,5,9.52,97,95,97%,-,-,-,0.0,0.0,-,6.5,4.7,53.4,0.3,-,0.0,0.0
Harold Fannin Jr.,41877,Cle,TE,,Final W 27-24 vs Pit,Locked In Michelle,1,11,9.49,111,96,95%,-,-,-,0.2,0.6,0.0,6.6,4.8,50.0,0.3,-,0.0,0.0
Emeka Egbuka,41804,TB,WR,,Sun 1:00 pm vs GB,Monday Night Madison,1,10,9.33,53,97,97%,-,-,-,0.2,0.9,0.0,6.9,4.0,53.9,0.3,-,0.0,0.0
Courtland Sutton,31010,Den,WR,,Sun 4:25 pm @ SF,JGrahnasaurs,1,10,9.18,83,98,78%,-,-,-,-,-,-,6.4,3.7,50.5,0.4,-,0.0,0.0
TreVeyon Henderson,41823,NE,RB,,Sun 1:00 pm @ Buf,Steel City,1,11,9.15,62,99,93%,-,-,-,9.9,47.4,0.3,2.0,1.8,11.8,0.1,-,0.0,0.0
DK Metcalf,31896,Pit,WR,,Final L 24-27 @ Cle,Jason's Jazzy Team,1,9,9.14,82,101,92%,-,-,-,0.1,0.2,0.0,6.8,3.7,51.0,0.4,-,0.0,0.0
Tony Pollard,31960,Ten,RB,,Sun 1:00 pm @ Bal,Maybe Mitchell,1,9,9.13,117,100,90%,-,-,-,13.7,55.5,0.3,2.2,1.7,10.6,0.0,-,0.0,0.1
Sam LaPorta,40064,Det,TE,,Sun 8:20 pm @ Car,Maybe Mitchell,1,6,9.12,93,105,98%,-,-,-,0.0,0.1,0.0,6.1,4.5,49.6,0.3,-,0.0,0.0
RJ Harvey,41845,Den,RB,,Sun 4:25 pm @ SF,Max’s TD Bombers,1,10,9.03,142,102,81%,-,-,-,6.8,24.5,0.2,4.3,3.4,24.7,0.2,-,0.0,0.0
Tucker Kraft,40102,GB,TE,,Sun 1:00 pm @ TB,Max’s TD Bombers,1,11,9.02,101,104,97%,-,-,-,0.1,0.3,0.0,5.8,4.1,51.1,0.3,-,0.0,0.0
Alvin Kamara,30180,NO,RB,,Mon 8:15 pm vs Atl,Jason's Jazzy Team,1,8,8.87,187,107,69%,-,-,-,11.5,41.2,0.2,3.8,2.6,15.4,0.1,-,0.0,0.1
Denzel Boston,42661,Cle,WR,,Final W 27-24 vs Pit,JGrahnasaurs,1,11,8.86,91,108,75%,-,-,-,0.0,0.2,0.0,5.5,3.4,53.0,0.3,-,0.0,0.0
Deebo Samuel Sr.,31868,SF,WR,,Sun 4:25 pm vs Den,Max’s TD Bombers,1,8,8.72,73,110,86%,-,-,-,1.3,5.2,0.0,5.9,3.8,46.1,0.2,0.0,0.0,0.0
Isaiah Likely,34095,NYG,TE,,Sun 1:00 pm vs Ari,Max’s TD Bombers,1,8,8.65,116,114,90%,-,-,-,-,-,-,6.4,4.2,45.2,0.3,-,0.0,0.0
Juwan Johnson,33113,NO,TE,,Mon 8:15 pm vs Atl,Steel City,1,8,8.60,115,116,87%,-,-,-,-,-,-,5.8,4.0,48.5,0.3,-,0.0,0.0
Colston Loveland,41795,Chi,TE,,Sun 1:00 pm vs NYJ,Steel City,1,10,8.55,125,118,95%,-,-,-,0.0,0.1,0.0,5.1,3.9,43.4,0.4,-,0.0,0.0
Devaughn Vele,41097,NO,WR,,Mon 8:15 pm vs Atl,FA,1,8,8.51,92,119,62%,-,-,-,0.0,0.1,0.0,6.2,3.9,49.7,0.3,-,0.0,0.0
Kyle Monangai,42025,Chi,RB,,Sun 1:00 pm vs NYJ,Jason's Jazzy Team,1,10,8.48,81,121,82%,-,-,-,10.0,47.8,0.3,1.4,1.2,10.0,0.1,-,0.0,0.0
T.J. Hockenson,31840,Min,TE,,Sun 4:05 pm vs Mia,FA,1,6,8.33,167,125,28%,-,-,-,-,-,-,5.6,4.6,43.7,0.3,-,0.0,0.0
Emanuel Wilson,40707,Sea,RB,,Sun 4:25 pm vs LAC,FA,1,11,8.31,208,112,45%,-,-,-,14.0,53.2,0.3,1.3,0.8,5.5,0.0,-,0.0,0.1
Carnell Tate,42626,Ten,WR,,Sun 1:00 pm @ Bal,FA,1,9,8.30,108,127,80%,-,-,-,0.0,0.0,-,7.6,4.3,46.9,0.2,-,0.0,0.0
KC Concepcion Jr.,42646,Cle,WR,,Final W 27-24 vs Pit,Steel City,1,11,8.17,98,130,61%,-,-,-,0.7,2.7,0.0,6.2,4.0,40.6,0.3,0.0,0.0,0.0
Quentin Johnston,40051,LAC,WR,,Sun 4:25 pm @ Sea,Sunday Kevin,1,7,8.16,121,132,63%,-,-,-,0.2,1.0,0.0,5.9,3.4,47.4,0.3,-,0.0,0.0
Jauan Jennings,32887,Min,WR,,Sun 4:05 pm vs Mia,FA,1,6,8.14,220,133,12%,-,-,-,0.0,0.0,-,5.0,3.5,43.0,0.3,-,0.0,0.0
Xavier Worthy,40877,KC,WR,,Sun 4:25 pm @ LV,FA,1,5,8.13,86,134,61%,-,-,-,0.9,4.9,0.0,5.9,3.3,39.6,0.3,-,0.0,0.0
Mark Andrews,31056,Bal,TE,,Sun 1:00 pm vs Ten,Dave’s Bone Crushers,1,13,8.10,155,136,84%,-,-,-,0.3,1.3,0.0,4.8,3.9,38.7,0.3,-,0.0,0.0
Jakobi Meyers,32231,Jax,WR,,Sun 1:00 pm @ Cin,Locked In Michelle,1,7,8.08,74,138,55%,-,-,-,0.2,0.9,0.0,6.0,3.6,44.9,0.3,-,0.0,0.0
Kenyon Sadiq,42638,NYJ,TE,Q,Sun 1:00 pm @ Chi,FA,1,13,8.08,138,144,57%,-,-,-,0.0,0.2,0.0,5.8,4.1,45.9,0.2,-,0.0,0.0
Malik Washington,41058,Mia,WR,,Sun 4:05 pm @ Min,FA,1,6,7.96,140,141,30%,-,-,-,0.9,3.9,0.0,7.0,4.1,41.0,0.2,0.0,0.0,0.0
Wan'Dale Robinson,33998,Ten,WR,,Sun 1:00 pm @ Bal,JGrahnasaurs,1,9,7.96,88,143,53%,-,-,-,0.2,0.7,0.0,6.9,4.4,45.1,0.2,-,0.0,0.0
Dalton Schultz,31107,Hou,TE,,Sun 1:00 pm vs Dal,Jason's Jazzy Team,1,8,7.88,141,146,73%,-,-,-,-,-,-,5.9,4.3,42.7,0.2,-,0.0,0.0
Makai Lemon,42642,Phi,WR,,Sun 1:00 pm vs LAR,FA,1,10,7.88,118,148,49%,-,-,-,0.2,0.7,0.0,6.8,4.5,40.4,0.3,-,0.0,0.0
J.K. Dobbins,32725,Den,RB,,Sun 4:25 pm @ SF,Sunday Kevin,1,10,7.87,94,145,82%,-,-,-,11.8,48.7,0.3,1.3,1.1,5.2,0.0,-,0.0,0.1
Hunter Henry,29269,NE,TE,,Sun 1:00 pm @ Buf,Monday Night Madison,1,11,7.86,157,147,48%,-,-,-,-,-,-,5.2,3.8,43.5,0.3,-,0.0,0.0
Woody Marks,41902,Hou,RB,,Sun 1:00 pm vs Dal,JGrahnasaurs,1,8,7.85,136,149,55%,-,-,-,9.3,37.7,0.2,2.2,1.7,12.7,0.1,-,0.0,0.0
Rome Odunze,40901,Chi,WR,,Sun 1:00 pm vs NYJ,JGrahnasaurs,1,10,7.81,69,154,90%,-,-,-,0.0,0.2,-,5.1,2.9,43.2,0.3,-,0.0,0.0
Romeo Doubs,34088,NE,WR,,Sun 1:00 pm @ Buf,Maybe Mitchell,1,11,7.80,90,151,57%,-,-,-,-,-,-,5.1,3.1,46.6,0.3,-,0.0,0.0
Darren Waller,28592,Car,TE,,Sun 8:20 pm vs Det,FA,1,5,7.73,132,181,31%,-,-,-,-,-,-,5.0,3.5,40.1,0.3,-,0.0,0.0
Brenton Strange,40078,Jax,TE,,Sun 1:00 pm @ Cin,FA,1,7,7.41,156,162,27%,-,-,-,-,-,-,5.2,3.4,40.9,0.3,-,0.0,0.0
Blake Corum,40962,LAR,RB,,Sun 1:00 pm @ Phi,Maybe Mitchell,1,11,7.33,113,163,84%,-,-,-,10.4,45.9,0.3,1.0,0.8,4.6,0.0,-,0.0,0.0
Michael Pittman Jr.,32704,Pit,WR,,Final L 24-27 @ Cle,Sunday Kevin,1,9,7.31,119,164,60%,-,-,-,0.0,0.1,0.0,5.6,3.8,39.9,0.2,-,0.0,0.0
Tre Tucker,40114,LV,WR,,Sun 4:25 pm vs KC,FA,1,13,7.25,95,165,42%,-,-,-,0.4,1.7,0.0,5.8,3.1,41.0,0.2,-,0.0,0.0
Chris Godwin Jr.,30197,TB,WR,,Sun 1:00 pm vs GB,Steel City,1,10,7.21,71,168,75%,-,-,-,0.2,0.8,0.0,4.7,3.6,39.4,0.2,-,0.0,0.0
Kyle Pitts Sr.,33392,Atl,TE,,Mon 8:15 pm @ NO,Dave’s Bone Crushers,1,11,7.20,131,167,79%,-,-,-,-,-,-,4.6,3.5,37.2,0.3,-,0.0,0.0
Khalil Shakir,34104,Buf,WR,,Sun 1:00 pm vs NE,FA,1,7,7.18,110,166,42%,-,-,-,0.1,0.5,0.0,5.2,3.8,38.9,0.2,-,0.0,0.0
George Holani,41344,Sea,RB,,Sun 4:25 pm vs LAC,FA,1,11,7.11,261,180,13%,-,-,-,8.7,31.3,0.2,2.4,1.7,13.8,0.1,-,0.0,0.1
Chig Okonkwo,34099,Was,TE,,"Half, 6-10 vs Ind",W (Oct 7),1,7,6.98,174,176,18%,-,-,-,-,-,-,5.2,3.7,38.6,0.2,-,0.0,0.0
Jake Ferguson,34085,Dal,TE,,Sun 1:00 pm @ Hou,JGrahnasaurs,1,14,6.93,130,175,76%,-,-,-,0.0,0.1,0.0,5.1,3.8,32.5,0.3,-,0.0,0.0
Ryan Flournoy,41087,Dal,WR,,Sun 1:00 pm @ Hou,FA,1,14,6.87,224,177,8%,-,-,-,0.1,0.6,0.0,5.6,3.2,38.0,0.2,-,0.0,0.0
Mack Hollins,30231,NE,WR,,Sun 1:00 pm @ Buf,FA,1,11,6.82,242,178,12%,-,-,-,0.0,0.1,0.0,5.6,3.2,41.3,0.2,-,0.0,0.0
Brian Thomas Jr.,40883,Jax,WR,,Sun 1:00 pm @ Cin,FA,1,7,6.79,102,182,72%,-,-,-,0.2,0.9,0.0,4.8,2.6,39.4,0.2,-,0.0,0.0
AJ Barner,41001,Sea,TE,,Sun 4:25 pm vs LAC,FA,1,11,6.75,168,183,14%,-,-,-,0.5,1.4,0.0,4.6,3.1,33.2,0.3,-,0.0,0.0
Kalif Raymond,29631,Chi,WR,,Sun 1:00 pm vs NYJ,JGrahnasaurs,1,10,6.73,104,184,38%,-,-,-,0.1,0.9,0.0,5.0,3.3,37.8,0.2,0.0,0.0,0.0
Marvin Harrison Jr.,40893,Ari,WR,,Sun 1:00 pm @ NYG,Locked In Michelle,1,14,6.57,153,186,75%,-,-,-,0.0,0.1,-,4.4,2.5,36.4,0.3,-,0.0,0.0
Kayshon Boutte,40224,Hou,WR,,Sun 1:00 pm vs Dal,FA,1,8,6.57,194,185,18%,-,-,-,-,-,-,3.9,2.5,38.3,0.2,-,0.0,0.0
MarShawn Lloyd,40971,GB,RB,,Sun 1:00 pm @ TB,Steel City,1,11,6.53,176,187,60%,-,-,-,7.8,26.8,0.3,1.9,1.4,10.3,0.1,-,0.0,0.0
Tre' Harris,41840,LAC,WR,,Sun 4:25 pm @ Sea,FA,1,7,6.51,180,189,9%,-,-,-,0.0,0.1,0.0,5.4,3.2,39.0,0.2,-,0.0,0.0
Greg Dulcich,34036,Mia,TE,,Sun 4:05 pm @ Min,FA,1,6,6.51,175,188,7%,-,-,-,-,-,-,4.8,3.4,37.9,0.2,-,0.0,0.0
Kenny Gainwell,33538,TB,RB,,Sun 1:00 pm vs GB,FA,1,10,6.45,150,192,59%,-,-,-,5.3,22.2,0.2,2.6,2.4,15.7,0.1,-,0.0,0.0
Tyler Allgeier,34107,Ari,RB,,Sun 1:00 pm @ NYG,FA,1,14,6.44,177,193,37%,-,-,-,6.7,27.2,0.2,2.4,2.0,11.4,0.1,-,0.0,0.0
Chris Bell,42716,Mia,WR,,Sun 4:05 pm @ Min,FA,1,6,6.42,147,194,8%,-,-,-,0.0,0.0,-,5.2,2.9,39.9,0.2,-,0.0,0.0
Isaiah Davis,41031,NYJ,RB,,Sun 1:00 pm @ Chi,FA,1,13,6.31,244,196,5%,-,-,-,5.8,29.0,0.2,1.8,1.6,14.8,0.0,-,0.0,0.0
Rashid Shaheed,34659,Sea,WR,,Sun 4:25 pm vs LAC,Maybe Mitchell,1,11,6.23,148,200,33%,-,-,-,0.7,4.0,0.0,4.1,2.4,30.9,0.2,0.1,0.0,0.0
Ollie Gordon II,41969,Mia,RB,,Sun 4:05 pm @ Min,FA,1,6,6.11,114,203,62%,-,-,-,10.3,35.0,0.2,2.0,1.2,8.0,0.0,-,0.0,0.0
Rashod Bateman,33415,Bal,WR,,Sun 1:00 pm vs Ten,FA,1,13,6.09,126,205,27%,-,-,-,0.0,0.1,0.0,4.2,2.5,35.1,0.2,-,0.0,0.0
Mike Gesicki,31012,Cin,TE,,Sun 1:00 pm vs Jax,FA,1,6,6.08,172,206,7%,-,-,-,-,-,-,4.1,2.8,32.8,0.2,-,0.0,0.0
Pat Freiermuth,33443,Pit,TE,,Final L 24-27 @ Cle,W (Oct 7),1,9,6.00,165,208,15%,-,-,-,0.2,0.6,0.0,4.3,3.1,31.6,0.2,-,0.0,0.0
DeMario Douglas,40222,NE,WR,,Sun 1:00 pm @ Buf,FA,1,11,5.99,229,207,2%,-,-,-,0.3,2.0,0.0,4.7,2.8,34.6,0.2,-,0.0,0.0
Pat Bryant,41860,Den,WR,,Sun 4:25 pm @ SF,FA,1,10,5.97,124,209,8%,-,-,-,0.1,0.5,0.0,4.2,2.7,32.4,0.2,-,0.0,0.0
Antonio Williams,42693,Was,WR,,"Half, 6-10 vs Ind",W (Oct 7),1,7,5.86,139,215,6%,0.1,0.0,-,0.1,0.3,0.0,4.5,2.6,33.5,0.2,-,0.0,0.0
Tyjae Spears,40119,Ten,RB,Q,Sun 1:00 pm @ Bal,FA,1,9,5.82,199,210,28%,-,-,-,5.4,20.3,0.2,2.8,2.2,14.2,0.1,-,0.0,0.0
Kaleb Johnson,41881,GB,RB,,Sun 1:00 pm @ TB,FA,1,11,5.75,227,211,6%,-,-,-,9.6,31.5,0.2,1.4,1.0,8.2,0.0,-,0.0,0.1
Cade Otton,34062,TB,TE,,Sun 1:00 pm vs GB,FA,1,10,5.68,193,216,3%,-,-,-,-,-,-,4.7,3.3,31.4,0.2,-,0.0,0.0
Oronde Gadsden,41951,LAC,TE,,Sun 4:25 pm @ Sea,FA,1,7,5.63,160,218,10%,-,-,-,-,-,-,4.3,2.7,31.9,0.2,-,0.0,0.0
Jalen Nailor,34147,LV,WR,,Sun 4:25 pm vs KC,FA,1,13,5.55,201,220,8%,-,-,-,0.1,0.4,0.0,3.9,2.3,30.6,0.2,-,0.0,0.0
Laquon Treadwell,29257,Ind,WR,,"Half, 10-6 @ Was",W (Oct 7),1,13,5.54,"2,710",225,0%,-,-,-,-,-,-,4.2,2.1,35.2,0.2,-,0.0,0.0
Xavier Hutchinson,40232,Hou,WR,,Sun 1:00 pm vs Dal,FA,1,8,5.49,"2,040",222,4%,-,-,-,0.1,0.8,0.0,3.9,2.6,33.0,0.1,-,0.0,0.0
Chris Rodriguez Jr.,40231,Jax,RB,,Sun 1:00 pm @ Cin,FA,1,7,5.48,221,221,38%,-,-,-,6.5,29.9,0.3,0.5,0.4,3.9,0.0,-,0.0,0.0
Keaton Mitchell,40641,LAC,RB,,Sun 4:25 pm @ Sea,FA,1,7,5.46,146,223,35%,-,-,-,5.7,22.8,0.1,2.3,2.0,11.9,0.1,-,0.0,0.0
Kendre Miller,40108,NO,RB,,Mon 8:15 pm vs Atl,FA,1,8,5.20,234,229,14%,-,-,-,7.2,26.8,0.2,1.5,1.0,6.6,0.0,-,0.0,0.0
Tyquan Thornton,34005,KC,WR,,Sun 4:25 pm @ LV,FA,1,5,5.15,169,232,3%,-,-,-,-,-,-,3.0,1.9,32.6,0.2,-,0.0,0.0
Brian Robinson,34054,Atl,RB,,Mon 8:15 pm @ NO,FA,1,11,5.03,222,236,29%,-,-,-,7.2,28.7,0.2,0.9,0.6,4.1,0.0,0.0,0.0,0.0
Brycen Tremayne,40407,Car,WR,,Sun 8:20 pm vs Det,FA,1,5,5.02,"2,520",283,1%,-,-,-,0.0,0.1,-,3.4,2.4,29.4,0.1,-,0.0,0.0
Malachi Fields,42696,NYG,WR,,Sun 1:00 pm vs Ari,FA,1,8,5.01,200,237,7%,-,-,-,0.0,0.1,-,3.7,2.2,28.8,0.2,-,0.0,0.0
Ted Hurst III,42706,TB,WR,,Sun 1:00 pm vs GB,FA,1,10,4.97,120,239,2%,-,-,-,0.0,0.1,0.0,4.2,2.1,29.1,0.2,-,0.0,0.0
Gunnar Helm,41905,Ten,TE,,Sun 1:00 pm @ Bal,FA,1,9,4.93,197,240,1%,-,-,-,-,-,-,4.3,3.0,25.3,0.1,-,0.0,0.0
Cooper Kupp,30182,Sea,WR,,Sun 4:25 pm vs LAC,FA,1,11,4.92,225,238,10%,-,-,-,0.0,0.2,0.0,3.6,2.1,28.4,0.2,-,0.0,0.0
Justice Hill,31945,Bal,RB,,Sun 1:00 pm vs Ten,FA,1,13,4.88,279,241,4%,-,-,-,3.8,16.2,0.1,2.2,1.7,14.4,0.1,-,0.0,0.0
Jaylen Wright,41010,Mia,RB,,Sun 4:05 pm @ Min,FA,1,6,4.80,162,243,32%,-,-,-,7.4,27.2,0.1,1.9,1.0,8.2,0.0,-,0.0,0.0
Evan Engram,30136,Den,TE,,Sun 4:25 pm @ SF,FA,1,10,4.66,206,246,2%,-,-,-,0.0,0.1,0.0,3.8,2.5,24.4,0.2,-,0.0,0.0
Emmett Johnson,42796,KC,RB,,Sun 4:25 pm @ LV,FA,1,5,4.65,161,247,32%,-,-,-,4.5,17.6,0.1,1.5,1.3,12.1,0.1,-,0.0,0.0
Michael Mayer,40065,LV,TE,,Sun 4:25 pm vs KC,FA,1,13,4.62,235,248,7%,-,-,-,-,-,-,4.4,2.8,24.6,0.1,-,0.0,0.0
Isaiah Williams,41421,NYJ,WR,,Sun 1:00 pm @ Chi,FA,1,13,4.60,"2,263",244,2%,-,-,-,0.2,1.1,0.0,4.0,2.6,25.1,0.1,0.0,0.0,0.0
Najee Harris,33412,NYG,RB,,Sun 1:00 pm vs Ari,FA,1,8,4.59,240,249,6%,-,-,-,7.0,29.3,0.1,0.8,0.5,4.2,0.0,-,0.0,0.0
Mike Washington Jr.,42744,LV,RB,,Sun 4:25 pm vs KC,FA,1,13,4.57,179,251,35%,-,-,-,5.4,23.9,0.2,0.7,0.8,6.9,0.0,-,0.0,0.0
Kaelon Black,42712,SF,RB,,Sun 4:25 pm vs Den,FA,1,8,4.46,158,253,42%,-,-,-,5.8,24.5,0.1,0.8,0.8,6.3,0.0,-,0.0,0.0
Darnell Mooney,32843,NYG,WR,,Sun 1:00 pm vs Ari,FA,1,8,4.41,248,254,1%,-,-,-,0.1,0.9,0.0,3.2,1.8,26.7,0.1,-,0.0,0.0
Kendrick Bourne,30551,Ari,WR,,Sun 1:00 pm @ NYG,FA,1,14,4.38,254,255,1%,-,-,-,0.0,0.1,-,3.7,2.1,25.6,0.1,-,0.0,0.0
Austin Ekeler,30423,Was,RB,,"Half, 6-10 vs Ind",W (Oct 7),1,7,4.34,310,260,3%,-,-,-,2.9,11.9,0.1,2.1,1.6,14.4,0.1,-,0.0,0.0
Elic Ayomanor,41904,Ten,WR,,Sun 1:00 pm @ Bal,FA,1,9,4.34,275,256,0%,-,-,-,0.0,0.0,-,3.7,1.8,25.8,0.1,-,0.0,0.0
Tyler Higbee,29344,LAR,TE,,Sun 1:00 pm @ Phi,FA,1,11,4.31,321,257,2%,-,-,-,-,-,-,3.9,2.2,22.5,0.2,-,0.0,0.0
Samaje Perine,30227,Cin,RB,,Sun 1:00 pm vs Jax,FA,1,6,4.30,265,258,3%,-,-,-,3.7,14.2,0.2,1.9,1.3,9.6,0.0,-,0.0,0.0
Jalen Coker,41293,Car,WR,Q,Sun 8:20 pm vs Det,Dave’s Bone Crushers,1,5,4.30,65,80,90%,-,-,-,-,-,-,4.0,1.8,24.2,0.2,-,0.0,0.0
Raheim Sanders,42139,Cle,RB,,Final W 27-24 vs Pit,W (Oct 7),1,11,4.24,294,259,2%,-,-,-,2.8,9.7,0.0,2.7,2.2,16.4,0.1,-,0.0,0.0
Isaac TeSlaa,41865,Det,WR,,Sun 8:20 pm @ Car,FA,1,6,4.21,214,264,3%,-,-,-,0.0,0.1,0.0,2.6,1.6,23.2,0.2,-,0.0,0.0
Chris Brooks,40625,GB,RB,,Sun 1:00 pm @ TB,FA,1,11,4.20,285,262,2%,-,-,-,3.9,14.5,0.1,1.9,1.5,10.6,0.1,-,0.0,0.0
Colby Parkinson,32803,LAR,TE,Q,Sun 1:00 pm @ Phi,FA,1,11,4.19,207,261,1%,-,-,-,-,-,-,3.1,1.9,19.1,0.2,-,0.0,0.0
Roman Wilson,40952,Pit,WR,,Final L 24-27 @ Cle,W (Oct 7),1,9,4.15,286,263,3%,-,-,-,0.0,0.0,-,3.9,1.9,22.6,0.2,-,0.0,0.0
Jahan Dotson,33971,Atl,WR,,Mon 8:15 pm @ NO,FA,1,11,4.02,268,265,0%,-,-,-,0.0,0.0,-,3.7,1.7,21.8,0.2,-,0.0,0.0
Sione Vaki,41006,Det,RB,,Sun 8:20 pm @ Car,FA,1,6,3.97,270,266,1%,-,-,-,4.1,18.3,0.1,1.0,0.9,9.1,0.0,-,0.0,0.0
Tai Felton,41859,Min,WR,,Sun 4:05 pm vs Mia,FA,1,6,3.95,"2,771",267,0%,-,-,-,0.0,0.1,0.0,3.0,1.9,22.7,0.1,-,0.0,0.0
Ty Johnson,32018,Buf,RB,,Sun 1:00 pm vs NE,FA,1,7,3.73,295,268,1%,-,-,-,2.1,8.7,0.1,2.1,1.5,13.3,0.1,-,0.0,0.0
Ashton Dulin,32292,Ind,WR,,"Half, 10-6 @ Was",W (Oct 7),1,13,3.67,"2,754",277,0%,-,-,-,0.1,0.6,0.0,2.6,1.3,22.1,0.1,-,0.0,0.0
Dohnte Meyers,42616,Cin,WR,,Sun 1:00 pm vs Jax,FA,1,6,3.65,"2,477",270,0%,-,-,-,0.1,0.6,0.0,2.7,1.6,19.6,0.1,0.0,0.0,0.0
Jerry Jeudy,32685,Cle,WR,,Final W 27-24 vs Pit,W (Oct 7),1,11,3.59,218,272,5%,-,-,-,0.0,0.2,0.0,2.6,1.7,20.2,0.1,-,0.0,0.0
Kaytron Allen,42809,Was,RB,,"Half, 6-10 vs Ind",W (Oct 7),1,7,3.55,267,274,1%,-,-,-,4.9,20.1,0.1,0.8,0.6,4.5,0.0,-,0.0,0.0
Darius Cooper,42464,Phi,WR,,Sun 1:00 pm vs LAR,FA,1,10,3.55,"2,483",271,0%,-,-,-,-,-,-,3.4,1.8,19.9,0.1,-,0.0,0.0
Skyy Moore,34009,GB,WR,,Sun 1:00 pm @ TB,FA,1,11,3.53,"2,715",275,2%,-,-,-,0.2,1.0,0.0,3.1,1.7,20.4,0.1,0.0,0.0,0.0
Bryce Lance,42758,NO,WR,,Mon 8:15 pm vs Atl,FA,1,8,3.51,256,273,0%,-,-,-,-,-,-,2.7,1.6,19.9,0.1,-,0.0,0.0
Keon Coleman,40911,Buf,WR,,Sun 1:00 pm vs NE,FA,1,7,3.49,154,276,3%,-,-,-,0.0,0.2,-,2.5,1.6,19.2,0.1,-,0.0,0.0
Noah Fant,31852,NO,TE,Q,Mon 8:15 pm vs Atl,FA,1,8,3.39,318,278,1%,-,-,-,-,-,-,3.0,1.7,16.1,0.2,-,0.0,0.0
Darnell Washington,40094,Pit,TE,,Final L 24-27 @ Cle,W (Oct 7),1,9,3.37,348,279,1%,-,-,-,-,-,-,2.6,1.8,18.6,0.1,-,0.0,0.0
Kevin Coleman Jr.,42768,Mia,WR,,Sun 4:05 pm @ Min,FA,1,6,3.31,281,280,0%,-,-,-,-,-,-,3.9,1.6,20.3,0.1,-,0.0,0.0
Zach Ertz,26658,Phi,TE,,Sun 1:00 pm vs LAR,FA,1,10,3.28,326,282,2%,-,-,-,-,-,-,3.2,1.9,17.7,0.1,-,0.0,0.0
Sterling Shepard,29274,NYJ,WR,,Sun 1:00 pm @ Chi,FA,1,13,3.21,"2,068",269,0%,-,-,-,0.1,0.6,0.0,2.3,1.6,18.0,0.1,-,0.0,0.0
Jaylin Noel,41885,Hou,WR,,Sun 1:00 pm vs Dal,FA,1,8,3.17,217,284,2%,-,-,-,0.3,1.6,0.0,1.7,1.2,15.4,0.1,0.0,0.0,0.0
Zachariah Branch,42701,Atl,WR,,Mon 8:15 pm @ NO,FA,1,11,3.12,255,285,2%,-,-,-,0.2,0.7,0.0,1.7,1.4,13.5,0.1,0.0,0.0,0.0
Treylon Burks,33973,Was,WR,,"Half, 6-10 vs Ind",W (Oct 7),1,7,3.11,"2,240",281,0%,-,-,-,0.1,0.4,0.0,2.9,1.4,18.3,0.1,-,0.0,0.0
John Metchie III,33999,Car,WR,,Sun 8:20 pm vs Det,FA,1,5,3.10,"2,057",350,0%,-,-,-,0.0,0.0,-,2.4,1.7,17.2,0.1,-,0.0,0.0
Kyle Williams,41864,NE,WR,,Sun 1:00 pm @ Buf,FA,1,11,3.09,251,286,0%,-,-,-,0.1,0.4,0.0,2.2,1.1,18.5,0.1,0.0,0.0,0.0
Elijah Arroyo,41835,Sea,TE,,Sun 4:25 pm vs LAC,FA,1,11,3.09,"2,246",287,0%,-,-,-,-,-,-,1.8,1.4,17.6,0.1,-,0.0,0.0
Demond Claiborne,42820,Min,RB,,Sun 4:05 pm vs Mia,FA,1,6,3.08,289,288,2%,-,-,-,3.3,12.6,0.1,0.5,0.8,6.3,0.0,-,0.0,0.0
Tory Horton,41952,Sea,WR,,Sun 4:25 pm vs LAC,FA,1,11,3.03,327,289,0%,-,-,-,0.0,0.1,0.0,1.9,1.2,16.9,0.1,-,0.0,0.0
Tommy Tremble,33471,Car,TE,,Sun 8:20 pm vs Det,FA,1,5,2.98,"2,059",302,0%,-,-,-,-,-,-,2.4,1.6,15.2,0.1,-,0.0,0.0
Jeremy Ruckert,34057,NYJ,TE,,Sun 1:00 pm @ Chi,FA,1,13,2.94,"2,067",290,0%,-,-,-,-,-,-,2.4,1.8,15.4,0.1,-,0.0,0.0
Tank Bigsby,40095,Phi,RB,,Sun 1:00 pm vs LAR,Monday Night Madison,1,10,2.85,202,291,27%,-,-,-,3.0,13.3,0.1,0.6,0.5,3.6,0.0,-,0.0,0.0
AJ Dillon,32732,Car,RB,,Sun 8:20 pm vs Det,FA,1,5,2.84,"2,770",292,1%,-,-,-,4.0,16.2,0.1,1.0,0.5,3.7,0.0,-,0.0,0.0
Cody White,32948,LV,WR,,Sun 4:25 pm vs KC,FA,1,13,2.78,"2,070",294,1%,-,-,-,-,-,-,1.7,0.9,16.1,0.1,-,0.0,0.0
Dawson Knox,31928,Buf,TE,,Sun 1:00 pm vs NE,FA,1,7,2.77,345,293,1%,-,-,-,0.0,0.1,0.0,1.8,1.3,13.0,0.1,-,0.0,0.0
KaVontae Turpin,34709,Dal,WR,,Sun 1:00 pm @ Hou,FA,1,14,2.77,"2,063",295,5%,-,-,-,0.8,5.2,0.0,1.1,0.8,11.1,0.1,0.0,0.0,0.0
Tyler Goodson,34261,Dal,RB,,Sun 1:00 pm @ Hou,FA,1,14,2.76,"2,786",296,0%,-,-,-,3.4,12.9,0.1,0.9,0.7,4.6,0.0,-,0.0,0.0
Dyami Brown,33470,Was,WR,,"Half, 6-10 vs Ind",W (Oct 7),1,7,2.74,"2,609",297,0%,0.1,0.0,-,0.0,0.3,0.0,2.3,1.2,15.3,0.1,-,0.0,0.0
DeeJay Dallas,32814,Min,RB,,Sun 4:05 pm vs Mia,FA,1,6,2.73,"2,791",298,0%,-,-,-,2.5,10.2,0.1,1.2,1.0,6.3,0.0,-,0.0,0.0
Germie Bernard,42669,Pit,WR,,Final L 24-27 @ Cle,W (Oct 7),1,9,2.73,230,299,1%,-,-,-,0.1,0.3,0.0,1.7,1.3,14.6,0.1,-,0.0,0.0
Cole Kmet,32713,Chi,TE,,Sun 1:00 pm vs NYJ,FA,1,10,2.69,"2,038",301,1%,-,-,-,-,-,-,1.7,1.3,13.9,0.1,-,0.0,0.0
Joshua Palmer,33465,Buf,WR,,Sun 1:00 pm vs NE,FA,1,7,2.67,330,300,2%,-,-,-,-,-,-,1.6,1.2,16.3,0.1,-,0.0,0.0
Theo Johnson,41003,NYG,TE,,Sun 1:00 pm vs Ari,FA,1,8,2.64,340,303,0%,-,-,-,-,-,-,1.8,1.2,15.1,0.1,-,0.0,0.0
Calvin Ridley,30996,Ten,WR,,Sun 1:00 pm @ Bal,FA,1,9,2.61,237,304,2%,-,-,-,0.0,0.2,-,1.8,1.0,15.4,0.1,-,0.0,0.0
Jacob Cowing,40996,SF,WR,,Sun 4:25 pm vs Den,FA,1,8,2.59,"2,711",305,0%,-,-,-,-,-,-,2.3,1.1,15.0,0.1,0.0,0.0,0.0
Noah Gray,33550,KC,TE,,Sun 4:25 pm @ LV,FA,1,5,2.58,"2,107",306,0%,-,-,-,-,-,-,1.9,1.4,13.7,0.1,-,0.0,0.0
Jonnu Smith,30213,GB,TE,,Sun 1:00 pm @ TB,FA,1,11,2.58,334,307,0%,-,-,-,0.0,0.1,-,2.0,1.6,13.1,0.1,-,0.0,0.0
Devontez Walker,40991,Bal,WR,,Sun 1:00 pm vs Ten,FA,1,13,2.56,"2,080",308,0%,-,-,-,0.0,0.2,0.0,1.3,0.9,16.4,0.1,-,0.0,0.0
Seth McGowan,42859,Ind,RB,,"Half, 10-6 @ Was",W (Oct 7),1,13,2.53,278,312,1%,-,-,-,3.1,12.4,0.1,0.5,0.6,4.3,0.0,-,0.0,0.0
Josh Cameron,42813,Jax,WR,,Sun 1:00 pm @ Cin,FA,1,7,2.53,"2,084",310,0%,-,-,-,0.1,0.3,0.0,1.8,1.0,13.9,0.1,-,0.0,0.0
Troy Franklin,41009,Den,WR,,Sun 4:25 pm @ SF,FA,1,10,2.53,259,309,0%,-,-,-,0.2,0.9,0.0,1.6,1.1,12.7,0.1,-,0.0,0.0
CJ Donaldson,42940,NO,RB,,Mon 8:15 pm vs Atl,FA,1,8,2.50,"2,714",311,0%,-,-,-,2.6,9.9,0.1,0.9,0.6,5.1,0.0,-,0.0,0.0
Will Shipley,41002,Phi,RB,,Sun 1:00 pm vs LAR,FA,1,10,2.45,308,313,0%,-,-,-,1.5,5.6,0.1,1.4,1.2,7.7,0.0,0.0,0.0,0.0
Jordan Watkins,41917,SF,WR,,Sun 4:25 pm vs Den,FA,1,8,2.45,"2,058",314,0%,-,-,-,-,-,-,2.3,1.0,14.8,0.1,-,0.0,0.0
Matt Hibner,42755,Bal,TE,,Sun 1:00 pm vs Ten,FA,1,13,2.40,"2,055",315,0%,-,-,-,-,-,-,1.2,1.2,13.1,0.1,-,0.0,0.0
Foster Moreau,31969,Hou,TE,,Sun 1:00 pm vs Dal,FA,1,8,2.37,"2,075",317,0%,-,-,-,-,-,-,1.9,1.2,12.1,0.1,-,0.0,0.0
Johnny Mundt,30373,Phi,TE,,Sun 1:00 pm vs LAR,FA,1,10,2.31,"2,522",318,0%,-,-,-,-,-,-,2.0,1.5,13.1,0.0,-,0.0,0.0
Erick All Jr.,40989,Cin,TE,,Sun 1:00 pm vs Jax,FA,1,6,2.29,"2,256",319,0%,-,-,-,-,-,-,1.3,1.4,11.7,0.1,-,0.0,0.0
Tez Johnson,42030,TB,WR,,Sun 1:00 pm vs GB,FA,1,10,2.27,"2,090",320,0%,-,-,-,0.3,1.0,0.0,1.8,0.9,12.3,0.1,-,0.0,0.0
Ameer Abdullah,28442,Jax,RB,,Sun 1:00 pm @ Cin,FA,1,7,2.23,"2,685",321,0%,-,-,-,2.1,9.8,0.0,0.9,0.8,5.3,0.0,0.0,0.0,0.0
Olamide Zaccheaus,32123,Atl,WR,,Mon 8:15 pm @ NO,FA,1,11,2.20,"2,104",322,0%,-,-,-,0.1,0.4,0.0,2.2,1.1,11.0,0.1,-,0.0,0.0
Austin Hooper,29315,Atl,TE,,Mon 8:15 pm @ NO,FA,1,11,2.09,338,323,0%,-,-,-,-,-,-,1.5,1.0,10.1,0.1,-,0.0,0.0
Ray Davis,40980,Buf,RB,Q,Sun 1:00 pm vs NE,FA,1,7,2.06,228,324,8%,-,-,-,2.1,9.7,0.1,0.4,0.5,3.7,0.0,-,0.0,0.0
Mitchell Evans,41949,Car,TE,,Sun 8:20 pm vs Det,FA,1,5,2.03,"2,091",339,0%,-,-,-,0.0,0.1,0.0,1.4,1.1,10.9,0.1,-,0.0,0.0
Konata Mumpfield,42035,LAR,WR,,Sun 1:00 pm @ Phi,FA,1,11,2.02,"2,106",316,1%,-,-,-,-,-,-,2.0,0.9,11.4,0.1,-,0.0,0.0
Drew Sample,31884,Cin,TE,,Sun 1:00 pm vs Jax,FA,1,6,1.99,"2,269",328,0%,-,-,-,0.0,0.1,0.0,1.5,1.2,10.0,0.1,-,0.0,0.0
Marvin Mims Jr.,40090,Den,WR,,Sun 4:25 pm @ SF,FA,1,10,1.98,273,326,1%,-,-,-,0.4,2.2,0.0,0.9,0.8,7.2,0.1,0.0,0.0,0.0
Davis Allen,40164,LAR,TE,,Sun 1:00 pm @ Phi,FA,1,11,1.98,"2,111",327,0%,-,-,-,-,-,-,1.6,1.1,10.3,0.1,-,0.0,0.0
Daniel Bellinger,34068,Ten,TE,,Sun 1:00 pm @ Bal,FA,1,9,1.93,"2,099",330,0%,-,-,-,-,-,-,1.4,1.0,11.4,0.1,-,0.0,0.0
Chimere Dike,41903,Ten,WR,,Sun 1:00 pm @ Bal,FA,1,9,1.93,263,331,1%,-,-,-,0.3,1.0,0.0,0.9,0.7,7.0,0.1,0.0,0.0,0.0
Isaiah Bond,42598,Cle,WR,,Final W 27-24 vs Pit,W (Oct 7),1,11,1.89,"2,633",332,0%,-,-,-,0.1,0.5,0.0,1.1,0.7,12.1,0.0,-,0.0,0.0
Gavin Bartholomew,41994,Min,TE,,Sun 4:05 pm vs Mia,FA,1,6,1.87,"2,214",333,0%,-,-,-,-,-,-,1.2,0.9,9.8,0.1,-,0.0,0.0
Kyle Juszczyk,26753,SF,RB,,Sun 4:25 pm vs Den,FA,1,8,1.87,"2,485",334,0%,-,-,-,0.1,0.3,0.0,1.4,0.9,8.5,0.1,-,0.0,0.0
Tanner Hudson,31257,Cin,TE,,Sun 1:00 pm vs Jax,FA,1,6,1.85,"2,081",336,0%,-,-,-,-,-,-,1.2,1.0,9.6,0.1,-,0.0,0.0
Jalen Tolbert,34044,Mia,WR,,Sun 4:05 pm @ Min,FA,1,6,1.85,"2,093",335,0%,-,-,-,-,-,-,0.9,0.9,11.2,0.0,-,0.0,0.0
Chris Moore,29341,Bal,WR,Q,Sun 1:00 pm vs Ten,FA,1,13,1.84,"2,101",337,0%,-,-,-,-,-,-,1.2,0.7,11.0,0.1,-,0.0,0.0
Kimani Vidal,41052,LAC,RB,,Sun 4:25 pm @ Sea,FA,1,7,1.81,253,338,1%,-,-,-,1.1,3.5,0.0,1.1,0.8,6.0,0.0,-,0.0,0.0
Jared Wayne,40288,Hou,WR,,Sun 1:00 pm vs Dal,FA,1,8,1.78,"2,276",340,0%,-,-,-,-,-,-,1.2,0.8,9.9,0.1,-,0.0,0.0
Nate Adkins,40702,Den,TE,,Sun 4:25 pm @ SF,FA,1,10,1.78,"2,054",341,0%,-,-,-,0.1,0.4,0.0,1.1,0.8,7.8,0.1,-,0.0,0.0
Tyler Badie,34152,Den,RB,,Sun 4:25 pm @ SF,FA,1,10,1.75,"2,721",343,0%,-,-,-,1.1,3.9,0.0,1.1,0.8,5.7,0.0,-,0.0,0.0
Malik Benson,42817,LV,WR,,Sun 4:25 pm vs KC,FA,1,13,1.74,"2,666",342,0%,-,-,-,0.1,0.5,0.0,0.8,0.8,8.8,0.1,0.0,0.0,0.0
Eli Raridon,42717,NE,TE,Q,Sun 1:00 pm @ Buf,FA,1,11,1.73,236,344,0%,-,-,-,-,-,-,1.6,0.8,8.7,0.1,-,0.0,0.0
Myles Price,42389,Min,WR,,Sun 4:05 pm vs Mia,FA,1,6,1.67,"2,757",345,2%,-,-,-,-,-,-,0.6,0.7,8.1,0.0,0.1,0.0,0.0
Elijah Higgins,40226,Ari,TE,,Sun 1:00 pm @ NYG,FA,1,14,1.64,"2,123",346,0%,-,-,-,-,-,-,1.0,1.0,8.7,0.1,-,0.0,0.0
Marlin Klein,42681,Hou,TE,,Sun 1:00 pm vs Dal,FA,1,8,1.63,"2,245",347,0%,-,-,-,-,-,-,0.8,0.8,9.2,0.1,-,0.0,0.0
John Bates,33512,Was,TE,,"Half, 6-10 vs Ind",W (Oct 7),1,7,1.62,"2,476",348,0%,-,-,-,-,-,-,1.2,0.9,8.5,0.1,-,0.0,0.0
KhaDarel Hodge,31769,SF,WR,NA,Sun 4:25 pm vs Den,FA,-,8,1.59,"2,767",349,0%,-,-,-,-,-,-,-,0.9,10.6,0.0,-,-,-
Barion Brown,42812,NO,WR,,Mon 8:15 pm vs Atl,FA,1,8,1.58,"2,665",325,1%,-,-,-,0.2,0.9,0.0,0.6,0.6,6.8,0.0,0.0,0.0,0.0
Travis Homer,32036,Pit,RB,,Final L 24-27 @ Cle,W (Oct 7),1,9,1.56,"2,800",352,0%,-,-,-,2.4,7.3,0.1,0.6,0.3,2.3,0.0,-,0.0,0.0
Efton Chism III,42296,NE,WR,,Sun 1:00 pm @ Buf,FA,1,11,1.56,"2,702",351,0%,0.1,0.0,-,-,-,-,1.0,0.7,8.7,0.1,-,0.0,0.0
David Moore,30339,Car,WR,,Sun 8:20 pm vs Det,FA,1,5,1.53,"2,658",391,0%,-,-,-,-,-,-,1.1,0.5,7.9,0.1,0.0,0.0,0.0
Blake Whiteheart,40433,Cle,TE,,Final W 27-24 vs Pit,W (Oct 7),1,11,1.50,"2,618",353,0%,-,-,-,-,-,-,1.1,0.7,7.5,0.1,-,0.0,0.0
LeQuint Allen Jr.,42007,Jax,RB,,Sun 1:00 pm @ Cin,FA,1,7,1.49,301,354,0%,-,-,-,0.7,2.9,0.0,0.9,0.7,5.1,0.0,-,0.0,0.0
Malik McClain,43159,NYJ,WR,,Sun 1:00 pm @ Chi,FA,1,13,1.49,"2,444",329,0%,-,-,-,-,-,-,1.0,0.6,8.7,0.0,-,0.0,0.0
Travis Hunter,41787,Jax,WR,,Sun 1:00 pm @ Cin,FA,1,7,1.46,243,355,9%,-,-,-,0.2,0.8,0.0,0.9,0.5,6.7,0.1,-,0.0,0.0
Adam Trautman,32775,Den,TE,,Sun 4:25 pm @ SF,FA,1,10,1.45,"2,098",356,0%,-,-,-,-,-,-,1.1,0.8,7.9,0.0,-,0.0,0.0
Jordan Whittington,41083,LAR,WR,,Sun 1:00 pm @ Phi,FA,1,11,1.43,"2,684",357,0%,-,-,-,0.1,0.4,0.0,1.1,0.7,7.5,0.0,0.0,0.0,0.0
Deion Burks,42876,Ind,WR,,"Half, 10-6 @ Was",W (Oct 7),1,13,1.42,"2,620",379,0%,-,-,-,0.1,0.7,0.0,0.9,0.6,7.4,0.0,-,0.0,0.0
Oscar Delp,42695,NO,TE,,Mon 8:15 pm vs Atl,FA,1,8,1.42,"2,277",358,0%,-,-,-,-,-,-,0.7,0.8,7.1,0.1,-,0.0,0.0
Jelani Woods,34029,NYJ,TE,,Sun 1:00 pm @ Chi,FA,1,13,1.41,"2,121",359,0%,-,-,-,-,-,-,0.6,0.8,8.0,0.0,-,0.0,0.0
Jalen Royals,41891,KC,WR,,Sun 4:25 pm @ LV,FA,1,5,1.41,"2,268",360,0%,-,-,-,0.0,0.1,0.0,1.0,0.7,6.8,0.1,-,0.0,0.0
Brandin Cooks,27548,SF,WR,,Sun 4:25 pm vs Den,FA,1,8,1.38,"2,242",361,1%,-,-,-,-,-,-,1.1,0.6,8.4,0.0,-,0.0,0.0
Sam Roush,42691,Chi,TE,,Sun 1:00 pm vs NYJ,FA,1,10,1.38,"2,261",364,0%,-,-,-,-,-,-,1.0,0.7,7.3,0.0,-,0.0,0.0
Tyrone Tracy Jr.,41048,NYG,RB,,Sun 1:00 pm vs Ari,FA,1,8,1.37,287,363,5%,-,-,-,1.6,7.0,0.0,0.1,0.3,2.3,0.0,-,0.0,0.0
Brock Wright,33774,Det,TE,,Sun 8:20 pm @ Car,FA,1,6,1.36,"2,085",368,0%,-,-,-,-,-,-,0.9,0.8,6.4,0.1,-,0.0,0.0
Ryan Miller,40676,Mia,WR,,Sun 4:05 pm @ Min,FA,-,6,1.36,"2,076",365,0%,-,-,-,-,-,-,1.0,0.5,9.1,0.0,-,0.0,0.0
Emari Demercado,40430,Dal,RB,,Sun 1:00 pm @ Hou,FA,1,14,1.36,266,366,1%,-,-,-,1.5,6.7,0.0,0.0,0.4,3.5,0.0,-,0.0,0.0
Luke Farrell,33533,SF,TE,,Sun 4:25 pm vs Den,FA,1,8,1.34,"2,622",367,0%,-,-,-,-,-,-,1.0,0.8,6.8,0.0,-,0.0,0.0
Jaylin Lane,41920,Was,WR,,"Half, 6-10 vs Ind",W (Oct 7),1,7,1.28,"2,635",371,0%,-,-,-,0.1,0.4,0.0,0.5,0.4,6.0,0.0,0.0,0.0,0.0
Mo Alie-Cox,30112,Ind,TE,,"Half, 10-6 @ Was",W (Oct 7),1,13,1.28,"2,253",369,0%,-,-,-,-,-,-,0.8,0.6,6.4,0.1,-,0.0,0.0
Bo Melton,34185,GB,WR,,Sun 1:00 pm @ TB,FA,1,11,1.27,"2,733",370,0%,-,-,-,0.1,0.8,0.0,0.5,0.5,8.0,0.0,0.0,0.0,0.0
Tutu Atwell,33445,LAR,WR,,Sun 1:00 pm @ Phi,FA,1,11,1.26,"2,248",362,0%,-,-,-,0.0,0.1,-,0.2,0.4,9.8,0.0,-,0.0,0.0
Brevyn Spann-Ford,41371,Dal,TE,,Sun 1:00 pm @ Hou,FA,1,14,1.24,"2,631",372,0%,-,-,-,-,-,-,0.9,0.7,7.0,0.0,-,0.0,0.0
Hayden Rucci,41692,LAC,TE,,Sun 4:25 pm @ Sea,FA,1,7,1.20,"2,169",373,0%,-,-,-,-,-,-,1.0,0.7,6.4,0.0,-,0.0,0.0
Camden Brown,43059,Dal,WR,,Sun 1:00 pm @ Hou,FA,-,14,1.19,"2,305",374,0%,-,-,-,-,-,-,-,0.5,8.2,0.0,-,-,-
Cedric Tillman,40093,NO,WR,NA,Mon 8:15 pm vs Atl,FA,-,8,1.19,"2,073",375,0%,-,-,-,-,-,-,-,0.6,7.3,0.0,-,-,-
Jarquez Hunter,41919,Mia,RB,NA,Sun 4:05 pm @ Min,FA,-,6,1.17,305,377,0%,-,-,-,1.5,5.0,0.0,-,0.4,1.2,0.0,-,-,-
Sean Tucker,40742,TB,RB,,Sun 1:00 pm vs GB,FA,1,10,1.17,284,376,1%,-,-,-,1.5,5.9,0.1,0.1,0.2,0.9,0.0,-,0.0,0.0
Will Kacmarek,42709,Mia,TE,,Sun 4:05 pm @ Min,FA,1,6,1.16,"2,513",378,0%,-,-,-,-,-,-,1.0,0.7,6.3,0.0,-,0.0,0.0
Elijah Sarratt,42737,Bal,WR,,Sun 1:00 pm vs Ten,FA,1,13,1.14,262,380,0%,-,-,-,-,-,-,-,0.6,6.0,0.0,-,-,-
Ben Sinnott,40931,Was,TE,,"Half, 6-10 vs Ind",W (Oct 7),1,7,1.12,"2,278",381,0%,-,-,-,0.0,0.1,-,0.6,0.5,5.9,0.0,-,0.0,0.0
Nate Boerkircher,42678,Jax,TE,,Sun 1:00 pm @ Cin,FA,1,7,1.10,"2,508",382,0%,-,-,-,-,-,-,0.9,0.5,5.8,0.0,-,0.0,0.0
Zavion Thomas,42711,Chi,WR,,Sun 1:00 pm vs NYJ,FA,1,10,1.09,"2,663",383,0%,-,-,-,0.2,0.8,0.0,0.4,0.4,5.6,0.0,-,0.0,0.0
Luke Schoonmaker,40061,Dal,TE,,Sun 1:00 pm @ Hou,FA,1,14,1.06,"2,501",384,0%,-,-,-,-,-,-,0.8,0.6,6.1,0.0,-,0.0,0.0
Jordan James,41933,SF,RB,,Sun 4:25 pm vs Den,FA,1,8,1.04,290,385,1%,-,-,-,1.3,5.4,0.0,0.0,0.2,2.0,0.0,-,0.0,0.0
Elijah Moore,33422,Phi,WR,,Sun 1:00 pm vs LAR,FA,1,10,1.04,"2,262",390,0%,-,-,-,0.0,0.2,0.0,0.9,0.5,5.9,0.0,-,0.0,0.0
Max Klare,42683,LAR,TE,,Sun 1:00 pm @ Phi,FA,1,11,1.03,"2,175",386,0%,-,-,-,-,-,-,0.6,0.6,5.1,0.0,-,0.0,0.0
LaJohntay Wester,42000,Bal,WR,,Sun 1:00 pm vs Ten,FA,1,13,1.02,"2,763",388,0%,-,-,-,0.0,0.1,0.0,0.6,0.4,5.4,0.0,0.0,0.0,0.0
Hunter Luepke,40780,Dal,RB,,Sun 1:00 pm @ Hou,FA,1,14,1.02,"2,772",387,0%,-,-,-,0.8,3.0,0.0,0.5,0.4,3.2,0.0,-,0.0,0.0
M. Valdes-Scantling,31144,LAC,WR,,Sun 4:25 pm @ Sea,FA,1,7,0.99,"2,648",389,0%,-,-,-,-,-,-,1.0,0.4,5.5,0.0,-,0.0,0.0
Bam Knight,34357,Ari,RB,,Sun 1:00 pm @ NYG,FA,-,14,0.90,309,392,0%,-,-,-,-,-,0.0,-,0.6,3.9,0.0,-,-,-
Josh Cuevas,42782,Bal,TE,,Sun 1:00 pm vs Ten,FA,1,13,0.89,"2,252",393,0%,-,-,-,-,-,-,0.6,0.5,4.8,0.0,-,0.0,0.0
Jackson Hawes,41959,Buf,TE,,Sun 1:00 pm vs NE,FA,1,7,0.88,"2,264",394,0%,-,-,-,-,-,-,0.5,0.5,4.7,0.0,-,0.0,0.0
E.J. Jenkins,40550,Phi,TE,,Sun 1:00 pm vs LAR,FA,1,10,0.86,"2,150",395,0%,-,-,-,-,-,-,0.7,0.5,4.6,0.0,-,0.0,0.0
Derius Davis,40133,LAC,WR,,Sun 4:25 pm @ Sea,FA,1,7,0.83,"2,779",396,0%,-,-,-,0.1,0.3,0.0,0.4,0.2,2.6,0.0,0.1,0.0,0.0
Corey Kiner,42386,NE,RB,,Sun 1:00 pm @ Buf,FA,1,11,0.83,"2,743",397,0%,-,-,-,0.9,3.9,0.0,0.1,0.2,1.3,0.0,-,0.0,0.0
Mitch Tinsley,40313,Cin,WR,,Sun 1:00 pm vs Jax,FA,1,6,0.82,"2,238",398,0%,-,-,-,-,-,-,0.6,0.3,4.1,0.0,-,0.0,0.0
Connor Heyward,34163,LV,RB,,Sun 4:25 pm vs KC,FA,1,13,0.80,"2,778",399,0%,-,-,-,0.6,2.4,0.0,0.3,0.2,1.8,0.0,-,0.0,0.0
Tanner Koziol,42797,Jax,TE,,Sun 1:00 pm @ Cin,FA,1,7,0.77,"2,152",400,0%,-,-,-,-,-,-,0.4,0.4,4.4,0.0,-,0.0,0.0
Jaleel McLaughlin,40696,Cle,RB,,Final W 27-24 vs Pit,W (Oct 7),1,11,0.77,"2,120",401,0%,-,-,-,0.5,2.1,0.0,0.3,0.4,2.3,0.0,-,0.0,0.0
Cade Stover,40987,Hou,TE,,Sun 1:00 pm vs Dal,FA,1,8,0.74,"2,629",402,0%,-,-,-,0.1,0.6,0.0,0.4,0.3,2.9,0.0,-,0.0,0.0
Braxton Berrios,31180,NYG,WR,,Sun 1:00 pm vs Ari,FA,1,8,0.74,"2,760",403,0%,-,-,-,0.0,0.3,0.0,0.5,0.3,3.2,0.0,0.0,0.0,0.0
Devin Singletary,31906,NYG,RB,,Sun 1:00 pm vs Ari,FA,1,8,0.72,283,404,3%,-,-,-,0.7,2.9,0.0,0.1,0.2,1.5,0.0,-,0.0,0.0
Dareke Young,34189,LV,WR,,Sun 4:25 pm vs KC,FA,1,13,0.70,"2,752",405,0%,-,-,-,-,-,-,0.4,0.3,4.7,0.0,-,0.0,0.0
Charlie Woerner,32860,Atl,TE,,Mon 8:15 pm @ NO,FA,1,11,0.70,"2,705",406,0%,-,-,-,-,-,-,0.6,0.4,3.5,0.0,-,0.0,0.0
Drew Ogletree,34148,Ind,TE,,"Half, 10-6 @ Was",W (Oct 7),1,13,0.69,"2,703",407,0%,-,-,-,-,-,-,0.5,0.3,3.5,0.0,-,0.0,0.0
Durham Smythe,31093,Bal,TE,,Sun 1:00 pm vs Ten,FA,1,13,0.67,"2,706",408,0%,-,-,-,-,-,-,0.5,0.4,3.5,0.0,-,0.0,0.0
Lew Nichols,40260,Pit,RB,NA,Final L 24-27 @ Cle,W (Oct 7),-,9,0.66,"2,727",409,0%,-,-,-,1.2,4.7,0.0,-,-,-,-,-,0.0,0.0
Nicholas Singleton,42763,Ten,RB,,Sun 1:00 pm @ Bal,FA,1,9,0.65,276,410,2%,-,-,-,0.7,2.5,0.0,0.1,0.1,0.9,0.0,-,0.0,0.0
Rasheen Ali,41033,Bal,RB,,Sun 1:00 pm vs Ten,FA,1,13,0.64,"2,790",412,0%,-,-,-,0.7,2.5,0.0,0.1,0.2,1.3,0.0,0.0,0.0,0.0
Brashard Smith,42012,KC,RB,,Sun 4:25 pm @ LV,FA,1,5,0.63,302,413,0%,-,-,-,0.5,1.8,0.0,0.2,0.2,1.4,0.0,-,0.0,0.0
Eric Saubert,30287,Sea,TE,,Sun 4:25 pm vs LAC,FA,1,11,0.62,"2,475",414,0%,-,-,-,-,-,-,0.4,0.3,2.7,0.0,-,0.0,0.0
Jahdae Walker,42400,Chi,WR,,Sun 1:00 pm vs NYJ,FA,1,10,0.61,"2,039",415,0%,-,-,-,-,-,-,0.4,0.2,2.9,0.0,-,0.0,0.0
Quintin Morris,33819,Jax,TE,,Sun 1:00 pm @ Cin,FA,1,7,0.61,"2,662",416,0%,-,-,-,-,-,-,0.4,0.3,3.1,0.0,-,0.0,0.0
Tahj Brooks,41983,Cin,RB,,Sun 1:00 pm vs Jax,FA,1,6,0.59,303,417,0%,-,-,-,0.8,2.5,0.0,0.1,0.1,0.9,0.0,-,0.0,0.0
Cyrus Allen,42773,KC,WR,,Sun 4:25 pm @ LV,FA,1,5,0.55,241,418,2%,-,-,-,0.0,0.1,-,0.2,0.2,1.9,0.0,-,0.0,0.0
Reggie Virgil,42791,Ari,WR,,Sun 1:00 pm @ NYG,FA,1,14,0.55,"2,391",419,0%,-,-,-,-,-,-,-,0.3,3.3,0.0,-,-,-
Britain Covey,34378,Phi,WR,,Sun 1:00 pm vs LAR,FA,1,10,0.54,"2,777",411,0%,-,-,-,-,-,-,0.4,0.2,2.8,0.0,0.0,0.0,0.0
Jake Briningstool,42117,KC,TE,,Sun 4:25 pm @ LV,FA,1,5,0.52,"2,497",420,0%,-,-,-,-,-,-,0.4,0.3,2.8,0.0,-,-,0.0
Alec Ingold,32344,LAC,RB,,Sun 4:25 pm @ Sea,FA,1,7,0.51,"2,773",421,0%,-,-,-,0.1,0.4,0.0,0.4,0.3,2.3,0.0,-,0.0,0.0
Hunter Long,33469,Ari,TE,,Sun 1:00 pm @ NYG,FA,-,14,0.47,"2,234",423,0%,-,-,-,-,-,-,0.3,0.2,1.8,0.0,-,0.0,0.0
Dylan Laube,41054,LV,RB,,Sun 4:25 pm vs KC,FA,1,13,0.47,"2,861",422,1%,-,-,-,0.3,0.9,0.0,0.2,0.2,1.7,0.0,0.0,-,0.0
Dare Ogunbowale,30860,Hou,RB,,Sun 1:00 pm vs Dal,FA,1,8,0.46,"2,735",424,0%,-,-,-,0.2,0.6,0.0,0.2,0.2,1.4,0.0,-,0.0,0.0
CJ Daniels,42819,LAR,WR,,Sun 1:00 pm @ Phi,FA,1,11,0.45,"2,290",425,0%,-,-,-,-,-,-,-,0.2,2.5,0.0,-,-,-
Devin Duvernay,32762,Ari,WR,,Sun 1:00 pm @ NYG,FA,1,14,0.44,"2,783",426,0%,-,-,-,0.0,0.1,0.0,0.1,0.0,0.3,0.0,0.1,-,-
Malachi Corley,40944,Cle,WR,,Final W 27-24 vs Pit,W (Oct 7),1,11,0.42,"2,747",427,0%,-,-,-,0.1,0.5,0.0,0.2,0.2,1.8,0.0,0.0,0.0,0.0
Carlos Washington Jr.,40420,Mia,RB,,Sun 4:05 pm @ Min,FA,-,6,0.42,"2,604",428,0%,-,-,-,0.9,3.5,0.0,-,-,-,-,-,0.0,0.0
Nick Westbrook-Ikhine,33348,Ind,WR,,"Half, 10-6 @ Was",W (Oct 7),-,13,0.41,"2,499",449,0%,-,-,-,-,-,-,0.3,0.2,2.5,0.0,-,-,0.0
Ben Skowronek,33637,Pit,WR,,Final L 24-27 @ Cle,W (Oct 7),1,9,0.40,"2,679",429,0%,-,-,-,-,-,-,0.3,0.2,2.2,0.0,-,0.0,0.0
Pierre Strong Jr.,34083,GB,RB,NA,Sun 1:00 pm @ TB,FA,-,11,0.37,"2,630",431,0%,-,-,-,-,-,0.0,-,0.3,1.9,-,-,-,-
Kameron Johnson,41300,TB,WR,,Sun 1:00 pm vs GB,FA,1,10,0.37,"2,775",432,0%,-,-,-,0.1,0.3,0.0,0.2,0.1,1.2,0.0,0.0,0.0,0.0
Thomas Fidone II,42004,NYG,TE,,Sun 1:00 pm vs Ari,FA,-,8,0.35,"2,129",433,0%,-,-,-,-,-,-,-,0.2,1.8,0.0,-,-,-
Jonathan Mingo,40073,Dal,WR,,Sun 1:00 pm @ Hou,FA,1,14,0.34,"2,749",434,0%,-,-,-,-,-,-,0.3,0.1,2.1,0.0,-,-,0.0
Anthony Gould,41046,Ind,WR,,"Half, 10-6 @ Was",W (Oct 7),1,13,0.33,"2,785",435,0%,-,-,-,-,-,-,0.1,0.1,1.2,0.0,0.0,0.0,0.0
Skyler Bell,42747,Buf,WR,,Sun 1:00 pm vs NE,FA,1,7,0.33,282,437,0%,-,-,-,-,-,-,-,0.1,1.4,0.0,-,-,-
Tay Martin,34319,Det,WR,,Sun 8:20 pm @ Car,FA,1,6,0.31,"2,670",438,0%,-,-,-,-,-,-,0.2,0.1,1.7,0.0,-,0.0,0.0
Jacob Saylors,40474,Det,RB,,Sun 8:20 pm @ Car,FA,1,6,0.31,315,439,0%,-,-,-,0.2,0.8,0.0,0.0,0.1,0.6,0.0,-,0.0,0.0
Tom Kennedy,32561,Det,WR,,Sun 8:20 pm @ Car,FA,1,6,0.30,"2,758",440,0%,-,-,-,-,-,-,0.2,0.1,1.2,0.0,0.0,0.0,0.0
Payne Durham,40193,TB,TE,,Sun 1:00 pm vs GB,FA,1,10,0.28,"2,713",441,0%,-,-,-,-,-,-,0.2,0.2,1.4,0.0,-,0.0,0.0
Reggie Gilliam,33357,NE,RB,Q,Sun 1:00 pm @ Buf,FA,1,11,0.27,"2,797",442,0%,-,-,-,0.1,0.3,0.0,0.2,0.1,1.2,0.0,-,0.0,0.0
Ian Thomas,31071,LV,TE,,Sun 4:25 pm vs KC,FA,1,13,0.25,"2,272",443,0%,-,-,-,-,-,-,0.2,0.2,1.2,0.0,-,0.0,0.0
Chris Manhertz,28365,NYG,TE,,Sun 1:00 pm vs Ari,FA,1,8,0.25,"2,241",444,0%,-,-,-,-,-,-,0.2,0.1,1.2,0.0,-,0.0,0.0
Michael Carter,33495,Ten,RB,,Sun 1:00 pm @ Bal,FA,1,9,0.24,"2,050",445,0%,-,-,-,0.2,0.5,0.0,-,0.1,0.9,0.0,-,-,-
Jalen Brooks,40257,Ari,WR,,Sun 1:00 pm @ NYG,FA,1,14,0.23,"2,769",446,0%,-,-,-,-,-,-,0.2,0.1,1.1,0.0,-,0.0,-
Kene Nwangwu,33507,NYJ,RB,,Sun 1:00 pm @ Chi,FA,1,13,0.22,"2,737",447,0%,-,-,-,0.3,1.4,0.0,0.0,0.0,0.1,0.0,0.0,-,0.0
Colson Yankoff,41233,Was,TE,,"Half, 6-10 vs Ind",W (Oct 7),1,7,0.21,"2,734",448,0%,-,-,-,-,-,-,0.2,0.1,1.2,0.0,-,-,0.0
Greg Dortch,32523,Buf,WR,,Sun 1:00 pm vs NE,FA,1,7,0.18,"2,237",450,0%,-,-,-,0.1,0.3,0.0,0.0,0.0,0.2,0.0,0.0,-,-
Nikko Remigio,40571,KC,WR,,Sun 4:25 pm @ LV,FA,1,5,0.17,"2,780",451,0%,-,-,-,0.0,0.1,0.0,0.0,0.0,0.3,0.0,0.0,-,-
Kaden Wetjen,42743,Pit,WR,,Final L 24-27 @ Cle,W (Oct 7),1,9,0.17,"2,677",452,0%,-,-,-,0.0,0.1,0.0,0.0,0.0,0.2,0.0,0.0,-,-
Cameron Latu,40101,NE,TE,,Sun 1:00 pm @ Buf,FA,1,11,0.17,"2,740",453,0%,-,-,-,-,-,-,0.1,0.1,0.9,0.0,-,0.0,0.0
Roschon Johnson,40162,Chi,RB,,Sun 1:00 pm vs NYJ,FA,1,10,0.15,"2,789",455,0%,-,-,-,0.2,0.8,0.0,-,0.0,0.1,-,-,0.0,0.0
Josh Whyle,40182,GB,TE,,Sun 1:00 pm @ TB,FA,1,11,0.15,"2,243",456,0%,-,-,-,-,-,-,0.1,0.1,0.7,0.0,-,0.0,0.0
Carsen Ryan,42870,Cle,TE,,Final W 27-24 vs Pit,W (Oct 7),1,11,0.14,"2,610",457,0%,-,-,-,-,-,-,0.1,0.1,0.7,0.0,-,-,-
Kevin Austin Jr.,34242,NO,WR,,Mon 8:15 pm vs Atl,FA,-,8,0.14,"2,103",430,0%,-,-,-,-,-,-,0.1,0.1,0.7,0.0,-,-,-
Julius Chestnut,34451,Ten,RB,,Sun 1:00 pm @ Bal,FA,1,9,0.12,"2,799",458,0%,-,-,-,0.1,0.4,0.0,0.1,0.0,0.3,0.0,-,0.0,0.0
Patrick Ricard,30592,NYG,RB,,Sun 1:00 pm vs Ari,FA,1,8,0.11,"2,798",459,0%,-,-,-,0.0,0.1,0.0,0.1,0.1,0.5,0.0,-,-,0.0
Robert Tonyan,30777,Pit,TE,,Final L 24-27 @ Cle,W (Oct 7),1,9,0.11,"2,496",460,0%,-,-,-,-,-,-,0.1,0.0,0.4,0.0,-,0.0,-
Jack Endries,42843,Cin,TE,,Sun 1:00 pm vs Jax,FA,1,6,0.09,"2,194",461,0%,-,-,-,-,-,-,-,0.1,0.5,0.0,-,-,-
Dean Connors,43140,LAR,RB,,Sun 1:00 pm @ Phi,FA,1,11,0.09,"2,726",467,0%,-,-,-,0.1,0.4,0.0,0.0,0.0,0.2,0.0,-,0.0,0.0
Bauer Sharp,42807,TB,TE,,Sun 1:00 pm vs GB,FA,1,10,0.09,"2,611",462,0%,-,-,-,-,-,-,0.1,0.1,0.5,0.0,-,-,-
Charlie Jones,40158,NYG,WR,,Sun 1:00 pm vs Ari,FA,1,8,0.09,"2,736",463,0%,-,-,-,0.0,0.0,-,0.1,0.0,0.4,0.0,-,-,-
Riley Nowakowski,42803,Pit,"RB,TE",,Final L 24-27 @ Cle,W (Oct 7),1,9,0.08,"2,669",464,0%,-,-,-,-,-,-,0.1,0.0,0.4,0.0,-,-,-
Craig Reynolds,32596,Was,RB,,"Half, 6-10 vs Ind",W (Oct 7),1,7,0.07,"2,774",465,0%,-,-,-,0.1,0.2,0.0,0.0,0.0,0.2,0.0,-,-,0.0
Justin Joly,42764,Mia,TE,,Sun 4:05 pm @ Min,FA,1,6,0.07,"2,143",466,0%,-,-,-,-,-,-,0.1,0.0,0.4,0.0,-,-,-
Max Bredeson,42799,Min,RB,,Sun 4:05 pm vs Mia,FA,1,6,0.05,"2,730",468,0%,-,-,-,0.0,0.0,-,0.0,0.0,0.2,0.0,-,-,-
Feleipe Franks,33729,Car,TE,,Sun 8:20 pm vs Det,FA,1,5,0.04,"2,755",469,0%,-,-,-,0.0,0.1,0.0,0.0,0.0,0.1,0.0,-,-,-
Seydou Traore,42790,Mia,TE,,Sun 4:05 pm @ Min,FA,1,6,0.03,"2,224",470,0%,-,-,-,-,-,-,0.0,0.0,0.2,0.0,-,-,-
Ja'Tavion Sanders,40995,Car,TE,,Sun 8:20 pm vs Det,FA,1,5,0.00,"2,071",436,0%,-,-,-,-,-,-,-,0.0,0.0,-,-,-,-
Kye Robichaux,42245,Det,RB,NA,Sun 8:20 pm @ Car,FA,-,6,0.00,"2,541",899,0%,-,-,-,-,-,-,-,-,-,-,-,-,-
Nate Carter,42196,KC,RB,NA,Sun 4:25 pm @ LV,FA,-,5,0.00,"2,594",867,0%,-,-,-,-,-,-,-,-,-,-,-,-,-
Beaux Collins,42194,Atl,WR,IR-R,Mon 8:15 pm @ NO,FA,-,11,0.00,"2,681",866,0%,-,-,-,-,-,-,-,-,-,-,-,-,-
Amar Johnson,42240,LAC,RB,NA,Sun 4:25 pm @ Sea,FA,-,7,0.00,"2,540",896,0%,-,-,-,-,-,-,-,-,-,-,-,-,-
Quincy Skinner Jr.,42187,GB,WR,NA,Sun 1:00 pm @ TB,FA,-,11,0.00,"2,428",862,0%,-,-,-,-,-,-,-,-,-,-,-,-,-
Joshua Simon,42186,Atl,TE,NA,Mon 8:15 pm @ NO,FA,-,11,0.00,"2,162",860,0%,-,-,-,-,-,-,-,-,-,-,-,-,-
Nick Nash,42185,Was,WR,NA,"Half, 6-10 vs Ind",W (Oct 7),-,7,0.00,"2,332",859,0%,-,-,-,-,-,-,-,-,-,-,-,-,-
Montrell Johnson Jr.,42173,Car,RB,NA,Sun 8:20 pm vs Det,FA,-,5,0.00,"2,576",853,0%,-,-,-,-,-,-,-,-,-,-,-,-,-
Jalin Conyers,42167,Mia,TE,NA,Sun 4:05 pm @ Min,FA,-,6,0.00,"2,220",850,0%,-,-,-,-,-,-,-,-,-,-,-,-,-
Dalen Cambre,42200,NYG,WR,NA,Sun 1:00 pm vs Ari,FA,-,8,0.00,"2,413",869,0%,-,-,-,-,-,-,-,-,-,-,-,-,-
Chandler Brayboy,42210,NE,WR,NA,Sun 1:00 pm @ Buf,FA,-,11,0.00,"2,353",875,0%,-,-,-,-,-,-,-,-,-,-,-,-,-
Da'Quan Felton,42201,NYJ,WR,NA,Sun 1:00 pm @ Chi,FA,-,13,0.00,"2,457",870,0%,-,-,-,-,-,-,-,-,-,-,-,-,-
Caleb Douglas,42697,Mia,WR,O,Sun 4:05 pm @ Min,FA,-,6,0.00,144,"1,063",16%,-,-,-,-,-,-,-,-,-,-,-,-,-
Patrick Herbert,42204,LAC,TE,,Sun 4:25 pm @ Sea,FA,-,7,0.00,"2,192",872,0%,-,-,-,-,-,-,-,-,-,-,-,-,-
Cam Camper,42212,NYJ,WR,NA,Sun 1:00 pm @ Chi,FA,-,13,0.00,"2,454",876,0%,-,-,-,-,-,-,-,-,-,-,-,-,-
Ja'Quinden Jackson,42214,Phi,RB,NA,Sun 1:00 pm vs LAR,FA,-,10,0.00,"2,559",878,0%,-,-,-,-,-,-,-,-,-,-,-,-,-
Eli Pancol,42217,Ind,WR,NA,"Half, 10-6 @ Was",W (Oct 7),-,13,0.00,"2,371",880,0%,-,-,-,-,-,-,-,-,-,-,-,-,-
Quentin Skinner,42223,Buf,WR,NA,Sun 1:00 pm vs NE,FA,-,7,0.00,"2,343",886,0%,-,-,-,-,-,-,-,-,-,-,-,-,-
Donovan Edwards,42226,Mia,RB,NA,Sun 4:05 pm @ Min,FA,-,6,0.00,"2,575",887,0%,-,-,-,-,-,-,-,-,-,-,-,-,-
Anthony Tyus III,42235,Car,RB,,Sun 8:20 pm vs Det,FA,-,5,0.00,"2,725",891,0%,-,-,-,-,-,-,-,-,-,-,-,-,-
Caden Prieskorn,42243,Car,TE,NA,Sun 8:20 pm vs Det,FA,-,5,0.00,"2,160",897,0%,-,-,-,-,-,-,-,-,-,-,-,-,-
Jackson Meeks,42238,Det,"WR,TE",,Sun 8:20 pm @ Car,FA,-,6,0.00,"2,504",893,0%,-,-,-,-,-,-,-,-,-,-,-,-,-
Jamaal Pritchett,42233,NYJ,WR,,Sun 1:00 pm @ Chi,FA,-,13,0.00,"2,675",890,0%,-,-,-,-,-,-,-,-,-,-,-,-,-
Tru Edwards,42316,LAR,WR,NA,Sun 1:00 pm @ Phi,FA,-,11,0.00,"2,407",940,0%,-,-,-,-,-,-,-,-,-,-,-,-,-
Jakobie Keeney-James,42246,Pit,WR,NA,Final L 24-27 @ Cle,W (Oct 7),-,9,0.00,"2,298",900,0%,-,-,-,-,-,-,-,-,-,-,-,-,-
Kisean Johnson,42475,GB,WR,NA,Sun 1:00 pm @ TB,FA,-,11,0.00,"2,363",998,0%,-,-,-,-,-,-,-,-,-,-,-,-,-
Carter Runyon,42433,LV,TE,IR-R,Sun 4:25 pm vs KC,FA,-,13,0.00,"2,653",983,0%,-,-,-,-,-,-,-,-,-,-,-,-,-
Ben Yurosek,42434,Min,TE,IR,Sun 4:05 pm vs Mia,FA,-,6,0.00,"2,637",984,0%,-,-,-,-,-,-,-,-,-,-,-,-,-
Jacoby Jones,42436,Was,WR,NA,"Half, 6-10 vs Ind",W (Oct 7),-,7,0.00,"2,333",985,0%,-,-,-,-,-,-,-,-,-,-,-,-,-
Jordyn Tyson,42630,NO,WR,IR-R,Mon 8:15 pm vs Atl,FA,-,8,0.00,163,"1,043",51%,-,-,-,-,-,-,-,-,-,-,-,-,-
Jeremiah Webb,42437,NE,WR,IR,Sun 1:00 pm @ Buf,FA,-,11,0.00,"2,281",986,0%,-,-,-,-,-,-,-,-,-,-,-,-,-
Juice Wells Jr.,42444,Atl,WR,NA,Mon 8:15 pm @ NO,FA,-,11,0.00,"2,405",989,0%,-,-,-,-,-,-,-,-,-,-,-,-,-
Damien Alford,42622,NO,WR,NA,Mon 8:15 pm vs Atl,FA,-,8,0.00,"2,393","1,041",0%,-,-,-,-,-,-,-,-,-,-,-,-,-
Carson Towt,42620,Ind,TE,IR,"Half, 10-6 @ Was",W (Oct 7),-,13,0.00,"2,127","1,040",0%,-,-,-,-,-,-,-,-,-,-,-,-,-
ShunDerrick Powell,42460,Phi,RB,NA,Sun 1:00 pm vs LAR,FA,-,10,0.00,"2,549",993,0%,-,-,-,-,-,-,-,-,-,-,-,-,-
Layne Pryor,42612,Hou,TE,NA,Sun 1:00 pm vs Dal,FA,-,8,0.00,"2,198","1,038",0%,-,-,-,-,-,-,-,-,-,-,-,-,-
Nick Kallerup,42465,Sea,TE,,Sun 4:25 pm vs LAC,FA,-,11,0.00,"2,172",996,0%,-,-,-,-,-,-,-,-,-,-,-,-,-
Ja'Corey Brooks,42482,Was,WR,NA,"Half, 6-10 vs Ind",W (Oct 7),-,7,0.00,"2,453",999,0%,-,-,-,-,-,-,-,-,-,-,-,-,-
Zach Horton,42420,Det,TE,NA,Sun 8:20 pm @ Car,FA,-,6,0.00,"2,196",978,0%,-,-,-,-,-,-,-,-,-,-,-,-,-
Thomas Gordon,42571,Det,TE,NA,Sun 8:20 pm @ Car,FA,-,6,0.00,"2,186","1,029",0%,-,-,-,-,-,-,-,-,-,-,-,-,-
Jimmy Holiday,42490,KC,WR,IR,Sun 4:25 pm @ LV,FA,-,5,0.00,"2,321","1,001",0%,-,-,-,-,-,-,-,-,-,-,-,-,-
Jaden Smith,42568,Dal,WR,NA,Sun 1:00 pm @ Hou,FA,-,14,0.00,"2,377","1,028",0%,-,-,-,-,-,-,-,-,-,-,-,-,-
Mitch Van Vooren,42547,NE,TE,NA,Sun 1:00 pm @ Buf,FA,-,11,0.00,"2,144","1,022",0%,-,-,-,-,-,-,-,-,-,-,-,-,-
Lucas Scott,42531,Bal,RB,NA,Sun 1:00 pm vs Ten,FA,-,13,0.00,"2,523","1,019",0%,-,-,-,-,-,-,-,-,-,-,-,-,-
Kyrese Rowan,42527,NO,WR,NA,Mon 8:15 pm vs Atl,FA,-,8,0.00,"2,367","1,018",0%,-,-,-,-,-,-,-,-,-,-,-,-,-
Ja'seem Reed,42497,Car,WR,,Sun 8:20 pm vs Det,FA,-,5,0.00,"2,322","1,003",0%,-,-,-,-,-,-,-,-,-,-,-,-,-
Drake Dabney,42523,GB,TE,NA,Sun 1:00 pm @ TB,FA,-,11,0.00,"2,188","1,016",0%,-,-,-,-,-,-,-,-,-,-,-,-,-
Luke Floriea,42507,Cle,WR,NA,Final W 27-24 vs Pit,W (Oct 7),-,11,0.00,"2,372","1,007",0%,-,-,-,-,-,-,-,-,-,-,-,-,-
Dalevon Campbell,42519,LAC,WR,NA,Sun 4:25 pm @ Sea,FA,-,7,0.00,"2,406","1,014",0%,-,-,-,-,-,-,-,-,-,-,-,-,-
Montorie Foster Jr.,42515,Sea,WR,,Sun 4:25 pm vs LAC,FA,-,11,0.00,"2,676","1,011",0%,-,-,-,-,-,-,-,-,-,-,-,-,-
Tre Watson,42430,Mia,TE,NA,Sun 4:05 pm @ Min,FA,-,6,0.00,"2,146",982,0%,-,-,-,-,-,-,-,-,-,-,-,-,-
Omar Cooper Jr.,42652,NYJ,WR,IR,Sun 1:00 pm @ Chi,FA,-,13,0.00,226,"1,046",3%,-,-,-,-,-,-,-,-,-,-,-,-,-
Dontae Fleming,42255,Min,WR,NA,Sun 4:05 pm vs Mia,FA,-,6,0.00,"2,352",905,0%,-,-,-,-,-,-,-,-,-,-,-,-,-
Brennan Presley,42322,LAR,WR,NA,Sun 1:00 pm @ Phi,FA,-,11,0.00,"2,359",943,0%,-,-,-,-,-,-,-,-,-,-,-,-,-
Bryson Nesbit,42266,Min,TE,NA,Sun 4:05 pm vs Mia,FA,-,6,0.00,"2,151",909,0%,-,-,-,-,-,-,-,-,-,-,-,-,-
Tre Stewart,42271,Ari,RB,NA,Sun 1:00 pm @ NYG,FA,-,14,0.00,"2,569",912,0%,-,-,-,-,-,-,-,-,-,-,-,-,-
Bryce Pierre,42274,Car,TE,NA,Sun 8:20 pm vs Det,FA,-,5,0.00,"2,226",917,0%,-,-,-,-,-,-,-,-,-,-,-,-,-
JJ Galbreath,42275,Ind,TE,NA,"Half, 10-6 @ Was",W (Oct 7),-,13,0.00,"2,201",918,0%,-,-,-,-,-,-,-,-,-,-,-,-,-
Ke'Shawn Williams,42278,Cin,WR,NA,Sun 1:00 pm vs Jax,FA,-,6,0.00,"2,793",920,0%,-,-,-,-,-,-,-,-,-,-,-,-,-
Roc Taylor,42279,Car,WR,NA,Sun 8:20 pm vs Det,FA,-,5,0.00,"2,355",921,0%,-,-,-,-,-,-,-,-,-,-,-,-,-
Lan Larison,42284,NE,RB,NA,Sun 1:00 pm @ Buf,FA,-,11,0.00,"2,661",924,0%,-,-,-,-,-,-,-,-,-,-,-,-,-
Gee Scott,42290,NE,WR,NA,Sun 1:00 pm @ Buf,FA,-,11,0.00,"2,436",928,0%,-,-,-,-,-,-,-,-,-,-,-,-,-
CJ Dippre,42291,TB,TE,NA,Sun 1:00 pm vs GB,FA,-,10,0.00,"2,125",930,0%,-,-,-,-,-,-,-,-,-,-,-,-,-
Brock Lampe,42293,Buf,RB,NA,Sun 1:00 pm vs NE,FA,-,7,0.00,"2,545",932,0%,-,-,-,-,-,-,-,-,-,-,-,-,-
Max Hurleman,42516,Pit,"WR,RB",O,Final L 24-27 @ Cle,W (Oct 7),-,9,0.00,"2,498","1,012",0%,-,-,-,-,-,-,-,-,-,-,-,-,-
Mark Redman,42323,GB,TE,,Sun 1:00 pm @ TB,FA,-,11,0.00,"2,215",944,0%,-,-,-,-,-,-,-,-,-,-,-,-,-
Jadarian Price,42654,Sea,RB,IR,Sun 4:25 pm vs LAC,Dave’s Bone Crushers,-,11,0.00,75,"1,047",87%,-,-,-,-,-,-,-,-,-,-,-,-,-
Mario Williams,42326,LAR,WR,NA,Sun 1:00 pm @ Phi,FA,-,11,0.00,"2,337",946,0%,-,-,-,-,-,-,-,-,-,-,-,-,-
Jordan Waters,42329,LAR,RB,NA,Sun 1:00 pm @ Phi,FA,-,11,0.00,"2,565",948,0%,-,-,-,-,-,-,-,-,-,-,-,-,-
Xavier Guillory,42340,Bal,WR,NA,Sun 1:00 pm vs Ten,FA,-,13,0.00,"2,314",950,0%,-,-,-,-,-,-,-,-,-,-,-,-,-
Tyrone Broden,42351,Sea,WR,NA,Sun 4:25 pm vs LAC,FA,-,11,0.00,"2,369",956,0%,-,-,-,-,-,-,-,-,-,-,-,-,-
Marshall Lang,42353,Min,TE,NA,Sun 4:05 pm vs Mia,FA,-,6,0.00,"2,185",957,0%,-,-,-,-,-,-,-,-,-,-,-,-,-
Jacardia Wright,42357,Sea,RB,NA,Sun 4:25 pm vs LAC,FA,-,11,0.00,"2,535",958,0%,-,-,-,-,-,-,-,-,-,-,-,-,-
Xavier Restrepo,42368,Ten,WR,NA,Sun 1:00 pm @ Bal,FA,-,9,0.00,"2,280",962,0%,-,-,-,-,-,-,-,-,-,-,-,-,-
Isaiah Neyor,42385,GB,WR,NA,Sun 1:00 pm @ TB,FA,-,11,0.00,"2,411",968,0%,-,-,-,-,-,-,-,-,-,-,-,-,-
Eli Stowers,42676,Phi,TE,IR,Sun 1:00 pm vs LAR,FA,-,10,0.00,"2,223","1,052",1%,-,-,-,-,-,-,-,-,-,-,-,-,-
Deion Hankins,42403,Chi,RB,NA,Sun 1:00 pm vs NYJ,FA,-,10,0.00,"2,543",974,0%,-,-,-,-,-,-,-,-,-,-,-,-,-
Gage Larvadain,42417,Bal,WR,NA,Sun 1:00 pm vs Ten,FA,-,13,0.00,"2,686",977,0%,-,-,-,-,-,-,-,-,-,-,-,-,-
De'Zhaun Stribling,42655,SF,WR,IR,Sun 4:25 pm vs Den,Maybe Mitchell,-,8,0.00,258,"1,048",33%,-,-,-,-,-,-,-,-,-,-,-,-,-
Jermaine Terry,42446,Cle,TE,NA,Final W 27-24 vs Pit,W (Oct 7),-,11,0.00,"2,206",990,0%,-,-,-,-,-,-,-,-,-,-,-,-,-
Evan Svoboda,42927,LAC,TE,NA,Sun 4:25 pm @ Sea,FA,-,7,0.00,"2,128","1,145",0%,-,-,-,-,-,-,-,-,-,-,-,-,-
Ja'Kobi Lane,42702,Bal,WR,IR,Sun 1:00 pm vs Ten,FA,-,13,0.00,231,"1,065",9%,-,-,-,-,-,-,-,-,-,-,-,-,-
Patrick Gurd,43272,LV,TE,NA,Sun 4:25 pm vs KC,FA,-,13,0.00,"2,149",598,0%,-,-,-,-,-,-,-,-,-,-,-,-,-
DeShawn Hanika,43239,Ind,TE,NA,"Half, 10-6 @ Was",W (Oct 7),-,13,0.00,"2,163",582,0%,-,-,-,-,-,-,-,-,-,-,-,-,-
Levi Wentz,43241,Pit,WR,NA,Final L 24-27 @ Cle,W (Oct 7),-,9,0.00,"2,375",584,0%,-,-,-,-,-,-,-,-,-,-,-,-,-
Michael Briscoe,43242,Min,WR,NA,Sun 4:05 pm vs Mia,FA,-,6,0.00,"2,335",585,0%,-,-,-,-,-,-,-,-,-,-,-,-,-
Corey Rucker,43248,LV,WR,IR,Sun 4:25 pm vs KC,FA,-,13,0.00,"2,303",587,0%,-,-,-,-,-,-,-,-,-,-,-,-,-
Jacob De Jesus,43258,KC,WR,NA,Sun 4:25 pm @ LV,FA,-,5,0.00,"2,294",591,0%,-,-,-,-,-,-,-,-,-,-,-,-,-
Omari Evans,43261,KC,WR,NA,Sun 4:25 pm @ LV,FA,-,5,0.00,"2,439",593,0%,-,-,-,-,-,-,-,-,-,-,-,-,-
Jaden Nixon,43265,GB,RB,NA,Sun 1:00 pm @ TB,FA,-,11,0.00,"2,551",595,0%,-,-,-,-,-,-,-,-,-,-,-,-,-
Elijah Tau-Tolliver,43268,Bal,RB,NA,Sun 1:00 pm vs Ten,FA,-,13,0.00,"2,529",597,0%,-,-,-,-,-,-,-,-,-,-,-,-,-
Xavier Loyd,43281,KC,WR,NA,Sun 4:25 pm @ LV,FA,-,5,0.00,"2,433",601,0%,-,-,-,-,-,-,-,-,-,-,-,-,-
Jameson Geers,43212,Ari,TE,IR,Sun 1:00 pm @ NYG,FA,-,14,0.00,"2,193",578,0%,-,-,-,-,-,-,-,-,-,-,-,-,-
Jonathan Brady,43287,LV,WR,NA,Sun 4:25 pm vs KC,FA,-,13,0.00,"2,331",605,0%,-,-,-,-,-,-,-,-,-,-,-,-,-
Sahmir Hagans,43327,Ind,WR,NA,"Half, 10-6 @ Was",W (Oct 7),-,13,0.00,"2,383",616,0%,-,-,-,-,-,-,-,-,-,-,-,-,-
E.J. Horton,43328,Ind,WR,NA,"Half, 10-6 @ Was",W (Oct 7),-,13,0.00,"2,440",618,0%,-,-,-,-,-,-,-,-,-,-,-,-,-
Jordon Vaughn,43329,Ind,RB,NA,"Half, 10-6 @ Was",W (Oct 7),-,13,0.00,"2,567",619,0%,-,-,-,-,-,-,-,-,-,-,-,-,-
Jackson Acker,43331,Buf,RB,NA,Sun 1:00 pm vs NE,FA,-,7,0.00,"2,580",620,0%,-,-,-,-,-,-,-,-,-,-,-,-,-
Gabriel Benyard,43333,Car,WR,NA,Sun 8:20 pm vs Det,FA,-,5,0.00,"2,336",621,0%,-,-,-,-,-,-,-,-,-,-,-,-,-
Lincoln Pare,43339,Ind,RB,NA,"Half, 10-6 @ Was",W (Oct 7),-,13,0.00,"2,590",623,0%,-,-,-,-,-,-,-,-,-,-,-,-,-
Kentrel Bullock,43342,Cin,RB,NA,Sun 1:00 pm vs Jax,FA,-,6,0.00,"2,568",626,0%,-,-,-,-,-,-,-,-,-,-,-,-,-
Jamal Haynes,43345,Cin,RB,NA,Sun 1:00 pm vs Jax,FA,-,6,0.00,"2,574",627,0%,-,-,-,-,-,-,-,-,-,-,-,-,-
Chip Trayanum,43213,NYJ,RB,IR,Sun 1:00 pm @ Chi,FA,-,13,0.00,"2,561",579,0%,-,-,-,-,-,-,-,-,-,-,-,-,-
Sam Scott,43209,NYJ,RB,NA,Sun 1:00 pm @ Chi,FA,-,13,0.00,"2,542",577,0%,-,-,-,-,-,-,-,-,-,-,-,-,-
Squirrel White,43349,Chi,WR,NA,Sun 1:00 pm vs NYJ,FA,-,10,0.00,"2,293",629,0%,-,-,-,-,-,-,-,-,-,-,-,-,-
Octavian Smith Jr.,43180,Bal,WR,NA,Sun 1:00 pm vs Ten,FA,-,13,0.00,"2,370",562,0%,-,-,-,-,-,-,-,-,-,-,-,-,-
Kyle Dixon,43155,NE,WR,NA,Sun 1:00 pm @ Buf,FA,-,11,0.00,"2,417",551,0%,-,-,-,-,-,-,-,-,-,-,-,-,-
DT Sheffield,43158,NYJ,WR,NA,Sun 1:00 pm @ Chi,FA,-,13,0.00,"2,344",552,0%,-,-,-,-,-,-,-,-,-,-,-,-,-
Cody Hardy,43161,NYJ,TE,NA,Sun 1:00 pm @ Chi,FA,-,13,0.00,"2,210",553,0%,-,-,-,-,-,-,-,-,-,-,-,-,-
Chase Curtis,43164,NYJ,TE,NA,Sun 1:00 pm @ Chi,FA,-,13,0.00,"2,179",554,0%,-,-,-,-,-,-,-,-,-,-,-,-,-
Caullin Lacy,43165,NYJ,WR,NA,Sun 1:00 pm @ Chi,FA,-,13,0.00,"2,351",555,0%,-,-,-,-,-,-,-,-,-,-,-,-,-
Mekhi Mews,43166,NO,WR,NA,Mon 8:15 pm vs Atl,FA,-,8,0.00,"2,316",556,0%,-,-,-,-,-,-,-,-,-,-,-,-,-
Kevorian Barnes,43168,NYG,RB,NA,Sun 1:00 pm vs Ari,FA,-,8,0.00,"2,573",558,0%,-,-,-,-,-,-,-,-,-,-,-,-,-
Jack Velling,43178,Atl,TE,NA,Mon 8:15 pm @ NO,FA,-,11,0.00,"2,212",561,0%,-,-,-,-,-,-,-,-,-,-,-,-,-
Cortez Braham Jr.,43181,Bal,WR,NA,Sun 1:00 pm vs Ten,FA,-,13,0.00,"2,288",564,0%,-,-,-,-,-,-,-,-,-,-,-,-,-
Quentin Moore,43206,Was,TE,NA,"Half, 6-10 vs Ind",W (Oct 7),-,7,0.00,"2,202",576,0%,-,-,-,-,-,-,-,-,-,-,-,-,-
Dontae McMillan,43182,Bal,RB,NA,Sun 1:00 pm vs Ten,FA,-,13,0.00,"2,586",565,0%,-,-,-,-,-,-,-,-,-,-,-,-,-
Desmond Reid,43185,Buf,RB,NA,Sun 1:00 pm vs NE,FA,-,7,0.00,"2,527",568,0%,-,-,-,-,-,-,-,-,-,-,-,-,-
Coleman Bennett,43187,Mia,RB,NA,Sun 4:05 pm @ Min,FA,-,6,0.00,"2,560",569,0%,-,-,-,-,-,-,-,-,-,-,-,-,-
Dane Key,43188,Den,WR,NA,Sun 4:25 pm @ SF,FA,-,10,0.00,"2,309",570,0%,-,-,-,-,-,-,-,-,-,-,-,-,-
Sean Brown,43192,Den,WR,NA,Sun 4:25 pm @ SF,FA,-,10,0.00,"2,430",571,0%,-,-,-,-,-,-,-,-,-,-,-,-,-
Jalen Walthall,43193,NYJ,WR,NA,Sun 1:00 pm @ Chi,FA,-,13,0.00,"2,389",572,0%,-,-,-,-,-,-,-,-,-,-,-,-,-
Daniel Sobkowicz,43195,Hou,WR,NA,Sun 1:00 pm vs Dal,FA,-,8,0.00,"2,356",573,0%,-,-,-,-,-,-,-,-,-,-,-,-,-
Treyvhon Saunders,43196,Hou,WR,NA,Sun 1:00 pm vs Dal,FA,-,8,0.00,"2,396",574,0%,-,-,-,-,-,-,-,-,-,-,-,-,-
Noah Whittington,43197,Hou,RB,O,Sun 1:00 pm vs Dal,FA,-,8,0.00,"2,600",575,0%,-,-,-,-,-,-,-,-,-,-,-,-,-
Omari Kelly,43346,Chi,WR,NA,Sun 1:00 pm vs NYJ,FA,-,10,0.00,"2,373",628,0%,-,-,-,-,-,-,-,-,-,-,-,-,-
Damon Bankston,43354,GB,RB,NA,Sun 1:00 pm @ TB,FA,-,11,0.00,"2,532",630,0%,-,-,-,-,-,-,-,-,-,-,-,-,-
Romello Brinson,43150,Dal,WR,NA,Sun 1:00 pm @ Hou,FA,-,14,0.00,"2,381",547,0%,-,-,-,-,-,-,-,-,-,-,-,-,-
Tyler Moore,43464,Ind,TE,NA,"Half, 10-6 @ Was",W (Oct 7),-,13,0.00,"2,227",684,0%,-,-,-,-,-,-,-,-,-,-,-,-,-
Anderson Castle,43443,Ind,RB,NA,"Half, 10-6 @ Was",W (Oct 7),-,13,0.00,"2,603",673,0%,-,-,-,-,-,-,-,-,-,-,-,-,-
Miles Davis,43445,Car,RB,NA,Sun 8:20 pm vs Det,FA,-,5,0.00,"2,582",675,0%,-,-,-,-,-,-,-,-,-,-,-,-,-
Heinrich Haarberg,43449,Car,TE,NA,Sun 8:20 pm vs Det,FA,-,5,0.00,"2,197",677,0%,-,-,-,-,-,-,-,-,-,-,-,-,-
Brandon Hayes,43451,Phi,WR,NA,Sun 1:00 pm vs LAR,FA,-,10,0.00,"2,323",678,0%,-,-,-,-,-,-,-,-,-,-,-,-,-
Louis Hansen,43457,Hou,TE,NA,Sun 1:00 pm vs Dal,FA,-,8,0.00,"2,182",679,0%,-,-,-,-,-,-,-,-,-,-,-,-,-
Kyre Duplessis,43458,Den,WR,NA,Sun 4:25 pm @ SF,FA,-,10,0.00,"2,340",680,0%,-,-,-,-,-,-,-,-,-,-,-,-,-
Malick Meiga,43460,Sea,WR,NA,Sun 4:25 pm vs LAC,FA,-,11,0.00,"2,450",682,0%,-,-,-,-,-,-,-,-,-,-,-,-,-
Jeremiah Franklin,43463,Mia,TE,NA,Sun 4:05 pm @ Min,FA,-,6,0.00,"2,203",683,0%,-,-,-,-,-,-,-,-,-,-,-,-,-
Liam Clifford,43465,LAC,WR,NA,Sun 4:25 pm @ Sea,FA,-,7,0.00,"2,312",685,0%,-,-,-,-,-,-,-,-,-,-,-,-,-
Mante Morrow,43441,LAC,WR,NA,Sun 4:25 pm @ Sea,FA,-,7,0.00,"2,357",671,0%,-,-,-,-,-,-,-,-,-,-,-,-,-
Roydell Williams,43466,Det,RB,NA,Sun 8:20 pm @ Car,FA,-,6,0.00,"2,558",687,0%,-,-,-,-,-,-,-,-,-,-,-,-,-
Jeff Weimer,43469,KC,WR,NA,Sun 4:25 pm @ LV,FA,-,5,0.00,"2,376",688,0%,-,-,-,-,-,-,-,-,-,-,-,-,-
Drew Biber,43470,Cle,TE,NA,Final W 27-24 vs Pit,W (Oct 7),-,11,0.00,"2,189",689,0%,-,-,-,-,-,-,-,-,-,-,-,-,-
Connor Hulstein,43471,NYJ,TE,NA,Sun 1:00 pm @ Chi,FA,-,13,0.00,"2,138",690,0%,-,-,-,-,-,-,-,-,-,-,-,-,-
Grant Finley,43473,NYG,RB,NA,Sun 1:00 pm vs Ari,FA,-,8,0.00,"2,581",691,0%,-,-,-,-,-,-,-,-,-,-,-,-,-
Justin Jones,43478,Sea,RB,NA,Sun 4:25 pm vs LAC,FA,-,11,0.00,"2,536",693,0%,-,-,-,-,-,-,-,-,-,-,-,-,-
Barika Kpeenu,43482,TB,RB,NA,Sun 1:00 pm vs GB,FA,-,10,0.00,"2,588",694,0%,-,-,-,-,-,-,-,-,-,-,-,-,-
Alex Tecza,43609,Pit,RB,NA,Final L 24-27 @ Cle,W (Oct 7),-,9,0.00,"2,528",711,0%,-,-,-,-,-,-,-,-,-,-,-,-,-
Matthew Henry,43615,TB,WR,NA,Sun 1:00 pm vs GB,FA,-,10,0.00,"2,401",714,0%,-,-,-,-,-,-,-,-,-,-,-,-,-
Terrill Davis,43442,Min,WR,NA,Sun 4:05 pm vs Mia,FA,-,6,0.00,"2,349",672,0%,-,-,-,-,-,-,-,-,-,-,-,-,-
Rashad Rochelle,43440,Sea,WR,NA,Sun 4:25 pm vs LAC,FA,-,11,0.00,"2,387",670,0%,-,-,-,-,-,-,-,-,-,-,-,-,-
Kenny Fletcher Jr.,43357,Ind,TE,NA,"Half, 10-6 @ Was",W (Oct 7),-,13,0.00,"2,176",631,0%,-,-,-,-,-,-,-,-,-,-,-,-,-
Julius Davis,43392,Den,RB,NA,Sun 4:25 pm @ SF,FA,-,10,0.00,"2,531",645,0%,-,-,-,-,-,-,-,-,-,-,-,-,-
Nick DeGennaro,43363,NE,WR,NA,Sun 1:00 pm @ Buf,FA,-,11,0.00,"2,313",632,0%,-,-,-,-,-,-,-,-,-,-,-,-,-
Cameron Dorner,43364,NE,WR,NA,Sun 1:00 pm @ Buf,FA,-,11,0.00,"2,358",633,0%,-,-,-,-,-,-,-,-,-,-,-,-,-
Myles Montgomery,43367,NE,RB,IR,Sun 1:00 pm @ Buf,FA,-,11,0.00,"2,524",634,0%,-,-,-,-,-,-,-,-,-,-,-,-,-
Jimmy Kibble,43368,NE,WR,NA,Sun 1:00 pm @ Buf,FA,-,11,0.00,"2,338",635,0%,-,-,-,-,-,-,-,-,-,-,-,-,-
Le'Meke Brockington,43376,Atl,WR,NA,Mon 8:15 pm @ NO,FA,-,11,0.00,"2,408",637,0%,-,-,-,-,-,-,-,-,-,-,-,-,-
Keelan Marion,43377,Atl,WR,NA,Mon 8:15 pm @ NO,FA,-,11,0.00,"2,446",638,0%,-,-,-,-,-,-,-,-,-,-,-,-,-
Brandon Frazier,43379,Atl,TE,NA,Mon 8:15 pm @ NO,FA,-,11,0.00,"2,167",640,0%,-,-,-,-,-,-,-,-,-,-,-,-,-
Kolbe Katsis,43382,Den,WR,NA,Sun 4:25 pm @ SF,FA,-,10,0.00,"2,673",642,0%,-,-,-,-,-,-,-,-,-,-,-,-,-
Stone Eby,43391,Den,TE,NA,Sun 4:25 pm @ SF,FA,-,10,0.00,"2,166",643,0%,-,-,-,-,-,-,-,-,-,-,-,-,-
Rodney Hammond Jr.,43399,Den,RB,NA,Sun 4:25 pm @ SF,FA,-,10,0.00,"2,598",648,0%,-,-,-,-,-,-,-,-,-,-,-,-,-
Trayvon Rudolph,43439,Min,WR,NA,Sun 4:05 pm vs Mia,FA,-,6,0.00,"2,283",669,0%,-,-,-,-,-,-,-,-,-,-,-,-,-
Trent Howland,43406,Den,RB,NA,Sun 4:25 pm @ SF,FA,-,10,0.00,"2,555",653,0%,-,-,-,-,-,-,-,-,-,-,-,-,-
Tommy Thomas,43408,Den,WR,NA,Sun 4:25 pm @ SF,FA,-,10,0.00,"2,308",654,0%,-,-,-,-,-,-,-,-,-,-,-,-,-
Brett Weaver,43412,Den,TE,NA,Sun 4:25 pm @ SF,FA,-,10,0.00,"2,174",656,0%,-,-,-,-,-,-,-,-,-,-,-,-,-
Jordan Nubin,43417,Den,RB,NA,Sun 4:25 pm @ SF,FA,-,10,0.00,"2,562",659,0%,-,-,-,-,-,-,-,-,-,-,-,-,-
Dean Patterson IV,43423,TB,WR,NA,Sun 1:00 pm vs GB,FA,-,10,0.00,"2,437",661,0%,-,-,-,-,-,-,-,-,-,-,-,-,-
Kadarius Calloway,43424,TB,RB,NA,Sun 1:00 pm vs GB,FA,-,10,0.00,"2,533",662,0%,-,-,-,-,-,-,-,-,-,-,-,-,-
Kyron Hudson,43432,Chi,WR,NA,Sun 1:00 pm vs NYJ,FA,-,10,0.00,"2,306",664,0%,-,-,-,-,-,-,-,-,-,-,-,-,-
Johnny Pascuzzi,43433,LAC,TE,NA,Sun 4:25 pm @ Sea,FA,-,7,0.00,"2,137",665,0%,-,-,-,-,-,-,-,-,-,-,-,-,-
Brock Rechsteiner,43435,NO,WR,SUSP,Mon 8:15 pm vs Atl,FA,-,8,0.00,"2,432",666,0%,-,-,-,-,-,-,-,-,-,-,-,-,-
Tanner Arkin,43152,NE,TE,,Sun 1:00 pm @ Buf,FA,-,11,0.00,"2,136",549,0%,-,-,-,-,-,-,-,-,-,-,-,-,-
Anthony Hankerson,43149,Sea,RB,NA,Sun 4:25 pm vs LAC,FA,-,11,0.00,"2,606",546,0%,-,-,-,-,-,-,-,-,-,-,-,-,-
Chris Brazzell II,42705,Car,WR,IR,Sun 8:20 pm vs Det,FA,-,5,0.00,"2,465","1,066",0%,-,-,-,-,-,-,-,-,-,-,-,-,-
Luke Wysong,42938,Min,WR,NA,Sun 4:05 pm vs Mia,FA,-,6,0.00,"2,297","1,151",0%,-,-,-,-,-,-,-,-,-,-,-,-,-
Marcus Sanders Jr.,42913,Min,WR,NA,Sun 4:05 pm vs Mia,FA,-,6,0.00,"2,382","1,136",0%,-,-,-,-,-,-,-,-,-,-,-,-,-
Dillon Bell,42914,Min,WR,NA,Sun 4:05 pm vs Mia,FA,-,6,0.00,"2,427","1,137",0%,-,-,-,-,-,-,-,-,-,-,-,-,-
Shaleak Knotts,42917,Min,WR,NA,Sun 4:05 pm vs Mia,FA,-,6,0.00,"2,291","1,140",0%,-,-,-,-,-,-,-,-,-,-,-,-,-
Gregory Desrosiers,42922,LAC,RB,NA,Sun 4:25 pm @ Sea,FA,-,7,0.00,"2,557","1,142",0%,-,-,-,-,-,-,-,-,-,-,-,-,-
Sincere Brown,42925,LAC,WR,NA,Sun 4:25 pm @ Sea,FA,-,7,0.00,"2,361","1,144",0%,-,-,-,-,-,-,-,-,-,-,-,-,-
Andrew Armstrong,42162,KC,WR,NA,Sun 4:25 pm @ LV,FA,-,5,0.00,"2,318",846,0%,-,-,-,-,-,-,-,-,-,-,-,-,-
Devonte Ross,42930,LAC,WR,NA,Sun 4:25 pm @ Sea,FA,-,7,0.00,"2,350","1,146",0%,-,-,-,-,-,-,-,-,-,-,-,-,-
Jerand Bradley,42936,LAC,TE,NA,Sun 4:25 pm @ Sea,FA,-,7,0.00,"2,180","1,150",0%,-,-,-,-,-,-,-,-,-,-,-,-,-
Roman Hemby,42941,LV,RB,NA,Sun 4:25 pm vs KC,FA,-,13,0.00,"2,579","1,154",0%,-,-,-,-,-,-,-,-,-,-,-,-,-
Tyren Montgomery,42896,Ten,WR,NA,Sun 1:00 pm @ Bal,FA,-,9,0.00,"2,296","1,124",0%,-,-,-,-,-,-,-,-,-,-,-,-,-
Ben Patterson,42949,Cle,WR,NA,Final W 27-24 vs Pit,W (Oct 7),-,11,0.00,"2,452","1,158",0%,-,-,-,-,-,-,-,-,-,-,-,-,-
Michael Wortham,42950,Jax,WR,NA,Sun 1:00 pm @ Cin,FA,-,7,0.00,"2,341","1,159",0%,-,-,-,-,-,-,-,-,-,-,-,-,-
Trebor Pena,42951,Jax,WR,NA,Sun 1:00 pm @ Cin,FA,-,7,0.00,"2,300","1,160",0%,-,-,-,-,-,-,-,-,-,-,-,-,-
Alex Bullock,42957,Jax,WR,NA,Sun 1:00 pm @ Cin,FA,-,7,0.00,"2,459","1,162",0%,-,-,-,-,-,-,-,-,-,-,-,-,-
Brady Boyd,42959,Jax,WR,NA,Sun 1:00 pm @ Cin,FA,-,7,0.00,"2,345","1,163",0%,-,-,-,-,-,-,-,-,-,-,-,-,-
Ethan Conner,42965,Mia,TE,NA,Sun 4:05 pm @ Min,FA,-,6,0.00,"2,216","1,167",0%,-,-,-,-,-,-,-,-,-,-,-,-,-
Will Pauling,42969,SF,WR,NA,Sun 4:25 pm vs Den,FA,-,8,0.00,"2,464","1,169",0%,-,-,-,-,-,-,-,-,-,-,-,-,-
Wesley Grimes,42970,SF,WR,NA,Sun 4:25 pm vs Den,FA,-,8,0.00,"2,289","1,171",0%,-,-,-,-,-,-,-,-,-,-,-,-,-
Khalil Dinkins,42972,SF,TE,NA,Sun 4:25 pm vs Den,FA,-,8,0.00,"2,161","1,172",0%,-,-,-,-,-,-,-,-,-,-,-,-,-
Kejon Owens,42912,Min,RB,NA,Sun 4:05 pm vs Mia,FA,-,6,0.00,"2,587","1,135",0%,-,-,-,-,-,-,-,-,-,-,-,-,-
Jaydn Ott,42895,KC,RB,NA,Sun 4:25 pm @ LV,FA,-,5,0.00,"2,552","1,123",0%,-,-,-,-,-,-,-,-,-,-,-,-,-
Trent Battle,42978,Atl,RB,NA,Mon 8:15 pm @ NO,FA,-,11,0.00,"2,544","1,177",0%,-,-,-,-,-,-,-,-,-,-,-,-,-
Lewis Bond,42826,Hou,WR,NA,Sun 1:00 pm vs Dal,FA,-,8,0.00,"2,674","1,095",0%,-,-,-,-,-,-,-,-,-,-,-,-,-
Brenen Thompson,42727,LAC,WR,O,Sun 4:25 pm @ Sea,FA,-,7,0.00,"2,514","1,070",0%,-,-,-,-,-,-,-,-,-,-,-,-,-
Jonah Coleman,42730,Den,RB,IR,Sun 4:25 pm @ SF,FA,-,10,0.00,152,"1,071",34%,-,-,-,-,-,-,-,-,-,-,-,-,-
Colbie Young,42762,Cin,WR,O,Sun 1:00 pm vs Jax,FA,-,6,0.00,"2,643","1,077",0%,-,-,-,-,-,-,-,-,-,-,-,-,-
Joe Royer,42772,Cle,TE,NFI-R,Final W 27-24 vs Pit,W (Oct 7),-,11,0.00,"2,222","1,080",0%,-,-,-,-,-,-,-,-,-,-,-,-,-
Adam Randall,42780,Bal,RB,IR-R,Sun 1:00 pm vs Ten,FA,-,13,0.00,297,"1,081",1%,-,-,-,-,-,-,-,-,-,-,-,-,-
Kendrick Law,42798,Det,WR,IR,Sun 8:20 pm @ Car,FA,-,6,0.00,"2,295","1,085",0%,-,-,-,-,-,-,-,-,-,-,-,-,-
E. Henderson Jr.,42821,Sea,WR,NA,Sun 4:25 pm vs LAC,FA,-,11,0.00,"2,424","1,092",0%,-,-,-,-,-,-,-,-,-,-,-,-,-
CJ Williams,42825,Jax,WR,,Sun 1:00 pm @ Cin,FA,-,7,0.00,"2,455","1,094",0%,-,-,-,-,-,-,-,-,-,-,-,-,-
Anthony Smith,42840,Dal,WR,NA,Sun 1:00 pm @ Hou,FA,-,14,0.00,"2,449","1,099",0%,-,-,-,-,-,-,-,-,-,-,-,-,-
Le'Veon Moss,42890,Mia,RB,NA,Sun 4:05 pm @ Min,FA,-,6,0.00,"2,538","1,120",0%,-,-,-,-,-,-,-,-,-,-,-,-,-
Jaren Kanak,42847,Ten,TE,IR,Sun 1:00 pm @ Bal,FA,-,9,0.00,"2,178","1,102",0%,-,-,-,-,-,-,-,-,-,-,-,-,-
Eli Heidenreich,42852,Pit,RB,NA,Final L 24-27 @ Cle,W (Oct 7),-,9,0.00,307,"1,105",0%,-,-,-,-,-,-,-,-,-,-,-,-,-
Jam Miller,42867,NE,RB,NA,Sun 1:00 pm @ Buf,FA,-,11,0.00,"2,597","1,110",0%,-,-,-,-,-,-,-,-,-,-,-,-,-
Dallen Bentley,42878,Den,TE,,Sun 4:25 pm @ SF,FA,1,10,0.00,"2,155","1,113",0%,-,-,-,-,-,-,-,-,-,-,-,-,-
Jeff Caldwell,42880,KC,WR,IR,Sun 4:25 pm @ LV,FA,-,5,0.00,"2,671","1,114",0%,-,-,-,-,-,-,-,-,-,-,-,-,-
Cash Jones,42881,Atl,RB,NA,Mon 8:15 pm @ NO,FA,-,11,0.00,"2,537","1,115",0%,-,-,-,-,-,-,-,-,-,-,-,-,-
J'Mari Taylor,42882,Jax,RB,NA,Sun 1:00 pm @ Cin,FA,-,7,0.00,"2,596","1,116",0%,-,-,-,-,-,-,-,-,-,-,-,-,-
Dae'Quan Wright,42885,Cle,TE,NA,Final W 27-24 vs Pit,W (Oct 7),-,11,0.00,"2,219","1,118",0%,-,-,-,-,-,-,-,-,-,-,-,-,-
Michael Trigg,42887,Dal,TE,NA,Sun 1:00 pm @ Hou,FA,-,14,0.00,"2,159","1,119",0%,-,-,-,-,-,-,-,-,-,-,-,-,-
Marcus Burke,42975,Ten,WR,NA,Sun 1:00 pm @ Bal,FA,-,9,0.00,"2,368","1,175",0%,-,-,-,-,-,-,-,-,-,-,-,-,-
Harrison Wallace III,42979,Ari,WR,NA,Sun 1:00 pm @ NYG,FA,-,14,0.00,"2,385","1,178",0%,-,-,-,-,-,-,-,-,-,-,-,-,-
Donaven McCulley,43147,Mia,WR,NA,Sun 4:05 pm @ Min,FA,-,6,0.00,"2,414",545,0%,-,-,-,-,-,-,-,-,-,-,-,-,-
Raylen Sharpe,43102,Ind,WR,NA,"Half, 10-6 @ Was",W (Oct 7),-,13,0.00,"2,330",515,0%,-,-,-,-,-,-,-,-,-,-,-,-,-
Miles Kitselman,43082,Det,TE,NA,Sun 8:20 pm @ Car,FA,-,6,0.00,"2,184",503,0%,-,-,-,-,-,-,-,-,-,-,-,-,-
J. Michael Sturdivant,43085,GB,WR,,Sun 1:00 pm @ TB,FA,-,11,0.00,"2,512",505,0%,-,-,-,-,-,-,-,-,-,-,-,-,-
RJ Maryland,43087,GB,TE,NA,Sun 1:00 pm @ TB,FA,-,11,0.00,"2,126",507,0%,-,-,-,-,-,-,-,-,-,-,-,-,-
Eni Falayi,43088,GB,TE,NA,Sun 1:00 pm @ TB,FA,-,11,0.00,"2,148",508,0%,-,-,-,-,-,-,-,-,-,-,-,-,-
Isaiah Jacobs,43090,GB,RB,NA,Sun 1:00 pm @ TB,FA,-,11,0.00,"2,589",509,0%,-,-,-,-,-,-,-,-,-,-,-,-,-
Jaden Bradley,43092,Was,WR,NA,"Half, 6-10 vs Ind",W (Oct 7),-,7,0.00,"2,339",511,0%,-,-,-,-,-,-,-,-,-,-,-,-,-
Hank Beatty,43094,Ten,WR,NA,Sun 1:00 pm @ Bal,FA,-,9,0.00,"2,299",513,0%,-,-,-,-,-,-,-,-,-,-,-,-,-
Joshua Pitsenberger,43098,Hou,RB,NA,Sun 1:00 pm vs Dal,FA,-,8,0.00,"2,585",514,0%,-,-,-,-,-,-,-,-,-,-,-,-,-
Ademola Faleye,43109,TB,TE,NA,Sun 1:00 pm vs GB,FA,-,10,0.00,"2,142",518,0%,-,-,-,-,-,-,-,-,-,-,-,-,-
Cameron Ross,43069,Den,WR,NA,Sun 4:25 pm @ SF,FA,-,10,0.00,"2,412",498,0%,-,-,-,-,-,-,-,-,-,-,-,-,-
Al-Jay Henderson,43110,NYJ,RB,NA,Sun 1:00 pm @ Chi,FA,-,13,0.00,"2,534",520,0%,-,-,-,-,-,-,-,-,-,-,-,-,-
EJ Smith,43115,KC,RB,NA,Sun 4:25 pm @ LV,FA,-,5,0.00,"2,602",526,0%,-,-,-,-,-,-,-,-,-,-,-,-,-
J. Michael Gyllenborg,43116,KC,TE,IR,Sun 4:25 pm @ LV,FA,-,5,0.00,"2,204",527,0%,-,-,-,-,-,-,-,-,-,-,-,-,-
Terion Stewart,43119,KC,RB,NA,Sun 4:25 pm @ LV,FA,-,5,0.00,"2,599",529,0%,-,-,-,-,-,-,-,-,-,-,-,-,-
Chase Roberts,43126,LV,WR,NA,Sun 4:25 pm vs KC,FA,-,13,0.00,"2,422",531,0%,-,-,-,-,-,-,-,-,-,-,-,-,-
E.J. Williams Jr.,43129,Car,WR,NA,Sun 8:20 pm vs Det,FA,-,5,0.00,"2,328",535,0%,-,-,-,-,-,-,-,-,-,-,-,-,-
Matt Lauter,43130,Min,TE,NA,Sun 4:05 pm vs Mia,FA,-,6,0.00,"2,157",536,0%,-,-,-,-,-,-,-,-,-,-,-,-,-
Dan Villari,43138,LAR,TE,NA,Sun 1:00 pm @ Phi,FA,-,11,0.00,"2,187",540,0%,-,-,-,-,-,-,-,-,-,-,-,-,-
Rohan Jones,43139,LAR,TE,NA,Sun 1:00 pm @ Phi,FA,-,11,0.00,"2,209",541,0%,-,-,-,-,-,-,-,-,-,-,-,-,-
Joseph Manjack,43076,Den,WR,NA,Sun 4:25 pm @ SF,FA,-,10,0.00,"2,365",500,0%,-,-,-,-,-,-,-,-,-,-,-,-,-
Kole Wilson,43066,Cle,WR,NA,Final W 27-24 vs Pit,W (Oct 7),-,11,0.00,"2,418",496,0%,-,-,-,-,-,-,-,-,-,-,-,-,-
Robert Henry Jr.,42986,Was,RB,NA,"Half, 6-10 vs Ind",W (Oct 7),-,7,0.00,"2,595","1,180",0%,-,-,-,-,-,-,-,-,-,-,-,-,-
Kobe Prentice,43022,NE,WR,NA,Sun 1:00 pm @ Buf,FA,-,11,0.00,"2,378",475,0%,-,-,-,-,-,-,-,-,-,-,-,-,-
Chris Hilton Jr.,42987,GB,WR,NA,Sun 1:00 pm @ TB,FA,-,11,0.00,"2,390","1,181",0%,-,-,-,-,-,-,-,-,-,-,-,-,-
Eric Rivers Jr.,42990,TB,WR,NA,Sun 1:00 pm vs GB,FA,-,10,0.00,"2,431","1,182",0%,-,-,-,-,-,-,-,-,-,-,-,-,-
Noah Short,42991,TB,WR,NA,Sun 1:00 pm vs GB,FA,-,10,0.00,"2,394","1,184",0%,-,-,-,-,-,-,-,-,-,-,-,-,-
Vinny Anthony II,42996,Atl,WR,NA,Mon 8:15 pm @ NO,FA,-,11,0.00,"2,282","1,185",0%,-,-,-,-,-,-,-,-,-,-,-,-,-
Malik Rutherford,42998,Atl,WR,NA,Mon 8:15 pm @ NO,FA,-,11,0.00,"2,354","1,186",0%,-,-,-,-,-,-,-,-,-,-,-,-,-
Ty Pezza,43002,Bal,TE,NA,Sun 1:00 pm vs Ten,FA,-,13,0.00,"2,183","1,188",0%,-,-,-,-,-,-,-,-,-,-,-,-,-
Lance Mason,43012,Pit,TE,NA,Final L 24-27 @ Cle,W (Oct 7),-,9,0.00,"2,132",472,0%,-,-,-,-,-,-,-,-,-,-,-,-,-
Ja'Mori Maclin,43013,Buf,WR,NA,Sun 1:00 pm vs NE,FA,-,7,0.00,"2,425",473,0%,-,-,-,-,-,-,-,-,-,-,-,-,-
Max Tomczak,43015,Buf,WR,NA,Sun 1:00 pm vs NE,FA,-,7,0.00,"2,348",474,0%,-,-,-,-,-,-,-,-,-,-,-,-,-
Hayden Large,43027,Chi,TE,IR,Sun 1:00 pm vs NYJ,FA,-,10,0.00,"2,181",479,0%,-,-,-,-,-,-,-,-,-,-,-,-,-
Jordan Hudson,43061,Dal,WR,NA,Sun 1:00 pm @ Hou,FA,-,14,0.00,"2,460",494,0%,-,-,-,-,-,-,-,-,-,-,-,-,-
Noah Thomas,43033,Cin,WR,NA,Sun 1:00 pm vs Jax,FA,-,6,0.00,"2,421",481,0%,-,-,-,-,-,-,-,-,-,-,-,-,-
Dominic Richardson,43034,NYJ,RB,NA,Sun 1:00 pm @ Chi,FA,-,13,0.00,"2,526",482,0%,-,-,-,-,-,-,-,-,-,-,-,-,-
Chamon Metayer,43035,Car,TE,NA,Sun 8:20 pm vs Det,FA,-,5,0.00,"2,139",484,0%,-,-,-,-,-,-,-,-,-,-,-,-,-
Lake McRee,43036,Pit,TE,NA,Final L 24-27 @ Cle,W (Oct 7),-,9,0.00,"2,191",485,0%,-,-,-,-,-,-,-,-,-,-,-,-,-
TJ Harden,43051,Sea,RB,NA,Sun 4:25 pm vs LAC,FA,-,11,0.00,"2,571",488,0%,-,-,-,-,-,-,-,-,-,-,-,-,-
Aaron Anderson,43052,Cle,WR,NA,Final W 27-24 vs Pit,W (Oct 7),-,11,0.00,"2,366",489,0%,-,-,-,-,-,-,-,-,-,-,-,-,-
DJ Rogers,43055,Dal,TE,IR,Sun 1:00 pm @ Hou,FA,-,14,0.00,"2,134",490,0%,-,-,-,-,-,-,-,-,-,-,-,-,-
Josh Kattus,43058,Cin,TE,NA,Sun 1:00 pm vs Jax,FA,-,6,0.00,"2,190",492,0%,-,-,-,-,-,-,-,-,-,-,-,-,-
Davon Booth,43060,Ind,RB,NA,"Half, 10-6 @ Was",W (Oct 7),-,13,0.00,"2,578",493,0%,-,-,-,-,-,-,-,-,-,-,-,-,-
AJ Henning,42163,Mia,WR,NA,Sun 4:05 pm @ Min,FA,-,6,0.00,"2,379",847,0%,-,-,-,-,-,-,-,-,-,-,-,-,-
Marcedes Lewis,7777,Den,TE,NA,Sun 4:25 pm @ SF,FA,-,10,0.00,"2,133","1,035",0%,-,-,-,-,-,-,-,-,-,-,-,-,-
Theo Wease Jr.,42161,LAC,WR,NA,Sun 4:25 pm @ Sea,FA,-,7,0.00,"2,462",845,0%,-,-,-,-,-,-,-,-,-,-,-,-,-
Tim Jones,33649,Jax,WR,NA,Sun 1:00 pm @ Cin,FA,-,7,0.00,"2,509",755,0%,-,-,-,-,-,-,-,-,-,-,-,-,-
Ihmir Smith-Marsette,33545,Car,WR,NA,Sun 8:20 pm vs Det,FA,-,5,0.00,"2,517",742,0%,-,-,-,-,-,-,-,-,-,-,-,-,-
Simi Fehoko,33567,Ari,WR,,Sun 1:00 pm @ NYG,FA,-,14,0.00,"2,781",743,0%,-,-,-,-,-,-,-,-,-,-,-,-,-
Cornell Powell,33569,Pit,WR,NA,Final L 24-27 @ Cle,W (Oct 7),-,9,0.00,"2,325",744,0%,-,-,-,-,-,-,-,-,-,-,-,-,-
Elijah Mitchell,33582,KC,RB,NA,Sun 4:25 pm @ LV,FA,-,5,0.00,"2,601",745,0%,-,-,-,-,-,-,-,-,-,-,-,-,-
Gary Brightwell,33584,Cin,RB,NA,Sun 1:00 pm vs Jax,FA,-,6,0.00,"2,550",746,0%,-,-,-,-,-,-,-,-,-,-,-,-,-
Khalil Herbert,33605,Atl,RB,NA,Mon 8:15 pm @ NO,FA,-,11,0.00,"2,745",748,0%,-,-,-,-,-,-,-,-,-,-,-,-,-
Jermar Jefferson,33644,Min,RB,NA,Sun 4:05 pm vs Mia,FA,-,6,0.00,"2,584",754,0%,-,-,-,-,-,-,-,-,-,-,-,-,-
Kenny Yeboah,33705,Ari,TE,NA,Sun 1:00 pm @ NYG,FA,-,14,0.00,"2,239",764,0%,-,-,-,-,-,-,-,-,-,-,-,-,-
Tylan Wallace,33519,Cle,WR,O,Final W 27-24 vs Pit,W (Oct 7),-,11,0.00,"2,753",737,0%,-,-,-,-,-,-,-,-,-,-,-,-,-
Jaret Patterson,33706,Min,RB,NA,Sun 4:05 pm vs Mia,FA,-,6,0.00,"2,478",765,0%,-,-,-,-,-,-,-,-,-,-,-,-,-
Brandon Smith,33710,Pit,WR,NA,Final L 24-27 @ Cle,W (Oct 7),-,9,0.00,"2,409",766,0%,-,-,-,-,-,-,-,-,-,-,-,-,-
Austin Trammell,33745,Jax,WR,NA,Sun 1:00 pm @ Cin,FA,-,7,0.00,"2,667",773,0%,-,-,-,-,-,-,-,-,-,-,-,-,-
Tarik Black,33797,Det,WR,NA,Sun 8:20 pm @ Car,FA,-,6,0.00,"2,429",783,0%,-,-,-,-,-,-,-,-,-,-,-,-,-
Shane Zylstra,33803,NE,TE,NA,Sun 1:00 pm @ Buf,FA,-,11,0.00,"2,229",784,0%,-,-,-,-,-,-,-,-,-,-,-,-,-
DJ Turner,33813,LV,WR,NA,Sun 4:25 pm vs KC,FA,-,13,0.00,"2,472",786,0%,-,-,-,-,-,-,-,-,-,-,-,-,-
Jack Stoll,33891,SF,TE,NA,Sun 4:25 pm vs Den,FA,-,8,0.00,"2,518",810,0%,-,-,-,-,-,-,-,-,-,-,-,-,-
Brevin Jordan,33535,Hou,TE,,Sun 1:00 pm vs Dal,FA,1,8,0.00,"2,615",740,0%,-,-,-,-,-,-,-,-,-,-,-,-,-
Kylen Granson,33515,Ten,TE,,Sun 1:00 pm @ Bal,FA,1,9,0.00,"2,640",736,0%,-,-,-,-,-,-,-,-,-,-,-,-,-
Michael Bandy,33928,Den,WR,NA,Sun 4:25 pm @ SF,FA,-,10,0.00,"2,471",826,0%,-,-,-,-,-,-,-,-,-,-,-,-,-
Salvon Ahmed,33265,Chi,RB,NA,Sun 1:00 pm vs NYJ,FA,-,10,0.00,"2,547",697,0%,-,-,-,-,-,-,-,-,-,-,-,-,-
Andre Baccellia,32943,Ari,WR,NA,Sun 1:00 pm @ NYG,FA,-,14,0.00,"2,708",567,0%,-,-,-,-,-,-,-,-,-,-,-,-,-
Dan Chisena,33023,Car,WR,NA,Sun 8:20 pm vs Det,FA,-,5,0.00,"2,505",594,0%,-,-,-,-,-,-,-,-,-,-,-,-,-
Jonathan Ward,33088,Bal,RB,NA,Sun 1:00 pm vs Ten,FA,-,13,0.00,"2,656",617,0%,-,-,-,-,-,-,-,-,-,-,-,-,-
Rico Dowdle,33100,Pit,RB,O,Final L 24-27 @ Cle,W (Oct 7),-,9,0.00,122,624,75%,-,-,-,-,-,-,-,-,-,-,-,-,-
Sean McKeon,33101,Ind,TE,NA,"Half, 10-6 @ Was",W (Oct 7),-,13,0.00,"2,207",625,0%,-,-,-,-,-,-,-,-,-,-,-,-,-
JaMycal Hasty,33199,NE,RB,NA,Sun 1:00 pm @ Buf,FA,-,11,0.00,"2,632",668,0%,-,-,-,-,-,-,-,-,-,-,-,-,-
Patrick Taylor Jr.,33235,SF,RB,NA,Sun 4:25 pm vs Den,FA,-,8,0.00,"2,516",692,0%,-,-,-,-,-,-,-,-,-,-,-,-,-
Lawrence Cager,33329,Was,TE,NA,"Half, 6-10 vs Ind",W (Oct 7),-,7,0.00,"2,213",704,0%,-,-,-,-,-,-,-,-,-,-,-,-,-
Tre' McKitty,33485,Was,TE,NA,"Half, 6-10 vs Ind",W (Oct 7),-,7,0.00,"2,173",732,0%,-,-,-,-,-,-,-,-,-,-,-,-,-
Kristian Wilkerson,33349,Atl,WR,NA,Mon 8:15 pm @ NO,FA,-,11,0.00,"2,423",706,0%,-,-,-,-,-,-,-,-,-,-,-,-,-
Mason Kinsey,33351,Ten,WR,NA,Sun 1:00 pm @ Bal,FA,-,9,0.00,"2,712",708,0%,-,-,-,-,-,-,-,-,-,-,-,-,-
Chris Blair,33376,Atl,WR,,Mon 8:15 pm @ NO,FA,-,11,0.00,"2,638",715,0%,-,-,-,-,-,-,-,-,-,-,-,-,-
DeVonta Smith,33398,Phi,WR,O,Sun 1:00 pm vs LAR,Max’s TD Bombers,-,10,0.00,26,718,100%,-,-,-,-,-,-,-,-,-,-,-,-,-
Travis Etienne Jr.,33413,NO,RB,IR,Mon 8:15 pm vs Atl,JGrahnasaurs,-,8,0.00,109,721,91%,-,-,-,-,-,-,-,-,-,-,-,-,-
Dee Eskridge,33444,Mia,WR,NA,Sun 4:05 pm @ Min,FA,-,6,0.00,"2,723",723,0%,-,-,-,-,-,-,-,-,-,-,-,-,-
Terrace Marshall Jr.,33447,Mia,WR,NA,Sun 4:05 pm @ Min,FA,-,6,0.00,"2,507",724,0%,-,-,-,-,-,-,-,-,-,-,-,-,-
Trey Sermon,33476,Atl,RB,IR,Mon 8:15 pm @ NO,FA,-,11,0.00,"2,619",730,0%,-,-,-,-,-,-,-,-,-,-,-,-,-
Adam Prentice,33901,Den,RB,,Sun 4:25 pm @ SF,FA,-,10,0.00,"2,792",817,0%,-,-,-,-,-,-,-,-,-,-,-,-,-
Sal Cannella,33932,Cle,TE,NA,Final W 27-24 vs Pit,W (Oct 7),-,11,0.00,"2,141",830,0%,-,-,-,-,-,-,-,-,-,-,-,-,-
James Proche II,32871,Ten,WR,NA,Sun 1:00 pm @ Bal,FA,-,9,0.00,"2,682",521,0%,-,-,-,-,-,-,-,-,-,-,-,-,-
Lance McCutcheon,34330,Ten,WR,NA,Sun 1:00 pm @ Bal,FA,-,9,0.00,"2,435","1,015",0%,-,-,-,-,-,-,-,-,-,-,-,-,-
Ko Kieft,34174,TB,TE,O,Sun 1:00 pm vs GB,FA,-,10,0.00,"2,616",961,0%,-,-,-,-,-,-,-,-,-,-,-,-,-
Nick Muse,34183,Atl,TE,,Mon 8:15 pm @ NO,FA,-,11,0.00,"2,614",964,0%,-,-,-,-,-,-,-,-,-,-,-,-,-
Brittain Brown,34206,Chi,RB,IR,Sun 1:00 pm vs NYJ,FA,-,10,0.00,"2,539",972,0%,-,-,-,-,-,-,-,-,-,-,-,-,-
Isiah Pacheco,34207,Det,RB,IR,Sun 8:20 pm @ Car,FA,-,6,0.00,291,973,11%,-,-,-,-,-,-,-,-,-,-,-,-,-
Samori Toure,34214,Phi,WR,NA,Sun 1:00 pm vs LAR,FA,-,10,0.00,"2,326",976,0%,-,-,-,-,-,-,-,-,-,-,-,-,-
Ronnie Rivers,34310,LAR,RB,IR,Sun 1:00 pm @ Phi,FA,-,11,0.00,"2,765","1,005",0%,-,-,-,-,-,-,-,-,-,-,-,-,-
Jordan Mason,34320,Min,RB,IR,Sun 4:05 pm vs Mia,Locked In Michelle,-,6,0.00,195,"1,008",69%,-,-,-,-,-,-,-,-,-,-,-,-,-
Irv Charles,34356,Sea,WR,IR-R,Sun 4:25 pm vs LAC,FA,-,11,0.00,"2,608","1,023",0%,-,-,-,-,-,-,-,-,-,-,-,-,-
Michael Woods II,34158,Den,WR,NA,Sun 4:25 pm @ SF,FA,-,10,0.00,"2,491",955,0%,-,-,-,-,-,-,-,-,-,-,-,-,-
Jake Tonges,34374,SF,TE,IR,Sun 4:25 pm vs Den,FA,-,8,0.00,331,"1,025",0%,-,-,-,-,-,-,-,-,-,-,-,-,-
Kendric Pryor,34476,Cin,WR,NA,Sun 1:00 pm vs Jax,FA,-,6,0.00,"2,397","1,051",0%,-,-,-,-,-,-,-,-,-,-,-,-,-
Zaire Mitchell-Paden,34489,Hou,TE,NA,Sun 1:00 pm vs Dal,FA,-,8,0.00,"2,164","1,057",0%,-,-,-,-,-,-,-,-,-,-,-,-,-
Tanner Conner,34513,NE,TE,NA,Sun 1:00 pm @ Buf,FA,-,11,0.00,"2,488","1,067",0%,-,-,-,-,-,-,-,-,-,-,-,-,-
Deven Thompkins,34520,LV,WR,NA,Sun 4:25 pm vs KC,FA,-,13,0.00,"2,720","1,068",0%,-,-,-,-,-,-,-,-,-,-,-,-,-
Sincere McCormick,34551,SF,RB,NA,Sun 4:25 pm vs Den,FA,-,8,0.00,"2,481","1,074",0%,-,-,-,-,-,-,-,-,-,-,-,-,-
Kaden Davis,34569,Chi,WR,NA,Sun 1:00 pm vs NYJ,FA,-,10,0.00,"2,678","1,076",0%,-,-,-,-,-,-,-,-,-,-,-,-,-
John FitzPatrick,34169,Cle,TE,NA,Final W 27-24 vs Pit,W (Oct 7),-,11,0.00,"2,273",959,0%,-,-,-,-,-,-,-,-,-,-,-,-,-
Keaontay Ingram,34157,KC,RB,NA,Sun 4:25 pm @ LV,FA,-,5,0.00,"2,554",954,0%,-,-,-,-,-,-,-,-,-,-,-,-,-
Nikola Kalinic,33950,Chi,TE,IR,Sun 1:00 pm vs NYJ,FA,-,10,0.00,"2,147",838,0%,-,-,-,-,-,-,-,-,-,-,-,-,-
Erik Ezukanma,34081,Phi,WR,NA,Sun 1:00 pm vs LAR,FA,-,10,0.00,"2,416",915,0%,-,-,-,-,-,-,-,-,-,-,-,-,-
Breece Hall,33991,NYJ,RB,O,Sun 1:00 pm @ Chi,Maybe Mitchell,-,13,0.00,105,858,98%,-,-,-,-,-,-,-,-,-,-,-,-,-
Alec Pierce,34008,Ind,WR,IR,"Half, 10-6 @ Was",W (Oct 7),-,13,0.00,173,868,61%,-,-,-,-,-,-,-,-,-,-,-,-,-
Velus Jones Jr.,34027,Sea,"WR,RB",,Sun 4:25 pm vs LAC,FA,-,11,0.00,"2,732",882,0%,-,-,-,-,-,-,-,-,-,-,-,-,-
Rachaad White,34047,Was,RB,O,"Half, 6-10 vs Ind",W (Oct 7),-,7,0.00,135,895,58%,-,-,-,-,-,-,-,-,-,-,-,-,-
Danny Gray,34061,Phi,WR,NA,Sun 1:00 pm vs LAR,FA,-,10,0.00,"2,402",903,0%,-,-,-,-,-,-,-,-,-,-,-,-,-
Dameon Pierce,34063,Phi,RB,NA,Sun 1:00 pm vs LAR,FA,-,10,0.00,"2,746",906,0%,-,-,-,-,-,-,-,-,-,-,-,-,-
Zamir White,34078,NO,RB,NA,Mon 8:15 pm vs Atl,FA,-,8,0.00,"2,722",911,0%,-,-,-,-,-,-,-,-,-,-,-,-,-
Charlie Kolar,34084,LAC,TE,O,Sun 4:25 pm @ Sea,FA,-,7,0.00,"2,097",919,0%,-,-,-,-,-,-,-,-,-,-,-,-,-
Grant Calcaterra,34154,Phi,TE,IR-R,Sun 1:00 pm vs LAR,FA,-,10,0.00,"2,235",952,0%,-,-,-,-,-,-,-,-,-,-,-,-,-
Hassan Haskins,34087,NE,RB,NA,Sun 1:00 pm @ Buf,FA,-,11,0.00,"2,762",922,0%,-,-,-,-,-,-,-,-,-,-,-,-,-
Calvin Austin III,34094,NYG,WR,IR,Sun 1:00 pm vs Ari,FA,-,8,0.00,"2,056",926,0%,-,-,-,-,-,-,-,-,-,-,-,-,-
Cole Turner,34105,Mia,TE,IR,Sun 4:05 pm @ Min,FA,-,6,0.00,"2,211",933,0%,-,-,-,-,-,-,-,-,-,-,-,-,-
Jerome Ford,34112,Min,RB,NA,Sun 4:05 pm vs Mia,FA,-,6,0.00,"2,521",935,0%,-,-,-,-,-,-,-,-,-,-,-,-,-
Montrell Washington,34118,NYG,WR,NA,Sun 1:00 pm vs Ari,FA,-,8,0.00,"2,285",937,0%,-,-,-,-,-,-,-,-,-,-,-,-,-
Ty Chandler,34125,NO,RB,IR,Mon 8:15 pm vs Atl,FA,-,8,0.00,"2,641",941,0%,-,-,-,-,-,-,-,-,-,-,-,-,-
Teagan Quitoriano,34126,Ari,TE,NA,Sun 1:00 pm @ NYG,FA,-,14,0.00,"2,199",942,0%,-,-,-,-,-,-,-,-,-,-,-,-,-
James Mitchell,34133,Dal,TE,NA,Sun 1:00 pm @ Hou,FA,-,14,0.00,"2,156",945,0%,-,-,-,-,-,-,-,-,-,-,-,-,-
Isaiah Hodgins,32877,Pit,WR,NA,Final L 24-27 @ Cle,W (Oct 7),-,9,0.00,"2,254",528,0%,-,-,-,-,-,-,-,-,-,-,-,-,-
Quez Watkins,32870,Phi,WR,NA,Sun 1:00 pm vs LAR,FA,-,10,0.00,"2,347",519,0%,-,-,-,-,-,-,-,-,-,-,-,-,-
Jalen Virgil,34579,Ari,WR,NA,Sun 1:00 pm @ NYG,FA,-,14,0.00,"2,302","1,079",0%,-,-,-,-,-,-,-,-,-,-,-,-,-
Christian Kirk,31017,SF,WR,IR-R,Sun 4:25 pm vs Den,FA,-,8,0.00,292,610,2%,-,-,-,-,-,-,-,-,-,-,-,-,-
Tim Patrick,30511,NYJ,WR,IR,Sun 1:00 pm @ Chi,FA,-,13,0.00,"2,114","1,086",0%,-,-,-,-,-,-,-,-,-,-,-,-,-
Anthony Firkser,30571,Det,TE,NA,Sun 8:20 pm @ Car,FA,-,6,0.00,"2,267","1,109",0%,-,-,-,-,-,-,-,-,-,-,-,-,-
Taysom Hill,30614,NO,TE,NA,Mon 8:15 pm vs Atl,FA,-,8,0.00,"2,048","1,130",0%,-,-,-,-,-,-,-,-,-,-,-,-,-
Pharaoh Brown,30627,Ind,TE,NA,"Half, 10-6 @ Was",W (Oct 7),-,13,0.00,"2,255","1,138",0%,-,-,-,-,-,-,-,-,-,-,-,-,-
River Cracraft,30955,Was,WR,NA,"Half, 6-10 vs Ind",W (Oct 7),-,7,0.00,"2,490",586,0%,-,-,-,-,-,-,-,-,-,-,-,-,-
Nick Chubb,31005,Hou,RB,NA,Sun 1:00 pm vs Dal,FA,-,8,0.00,"2,074",607,0%,-,-,-,-,-,-,-,-,-,-,-,-,-
Dante Pettis,31014,SF,WR,NA,Sun 4:25 pm vs Den,FA,-,8,0.00,"2,621",609,0%,-,-,-,-,-,-,-,-,-,-,-,-,-
Dallas Goedert,31019,Phi,TE,O,Sun 1:00 pm vs LAR,Monday Night Madison,-,10,0.00,182,611,76%,-,-,-,-,-,-,-,-,-,-,-,-,-
Trent Taylor,30290,SF,WR,NA,Sun 4:25 pm vs Den,FA,-,8,0.00,"2,324","1,032",0%,-,-,-,-,-,-,-,-,-,-,-,-,-
Will Dissly,31090,LAC,TE,NA,Sun 4:25 pm @ Sea,FA,-,7,0.00,"2,110",639,0%,-,-,-,-,-,-,-,-,-,-,-,-,-
Chase Edmonds,31104,Was,RB,NA,"Half, 6-10 vs Ind",W (Oct 7),-,7,0.00,"2,572",644,0%,-,-,-,-,-,-,-,-,-,-,-,-,-
Justin Watson,31114,Hou,WR,NA,Sun 1:00 pm vs Dal,FA,-,8,0.00,"2,466",651,0%,-,-,-,-,-,-,-,-,-,-,-,-,-
Tyler Conklin,31127,Det,TE,,Sun 8:20 pm @ Car,FA,1,6,0.00,"2,095",657,0%,-,-,-,-,-,-,-,-,-,-,-,-,-
Ray-Ray McCloud III,31157,Chi,WR,NA,Sun 1:00 pm vs NYJ,FA,-,10,0.00,"2,279",676,0%,-,-,-,-,-,-,-,-,-,-,-,-,-
Cedrick Wilson Jr.,31178,Det,WR,NA,Sun 8:20 pm @ Car,FA,-,6,0.00,"2,680",686,0%,-,-,-,-,-,-,-,-,-,-,-,-,-
Trent Sherfield,31320,Buf,WR,NA,Sun 1:00 pm vs NE,FA,-,7,0.00,"2,716",710,0%,-,-,-,-,-,-,-,-,-,-,-,-,-
Noah Brown,30352,LV,WR,NA,Sun 4:25 pm vs KC,FA,-,13,0.00,"2,244","1,045",0%,-,-,-,-,-,-,-,-,-,-,-,-,-
Jeremy McNichols,30275,Was,RB,IR-R,"Half, 6-10 vs Ind",W (Oct 7),-,7,0.00,"2,493","1,024",0%,-,-,-,-,-,-,-,-,-,-,-,-,-
Josh Jacobs,31856,GB,RB,CEL,Sun 1:00 pm @ TB,FA,-,11,0.00,134,818,75%,-,-,-,-,-,-,-,-,-,-,-,-,-
Nick Vannett,29328,Bal,TE,NA,Sun 1:00 pm vs Ten,FA,-,13,0.00,"2,117",722,0%,-,-,-,-,-,-,-,-,-,-,-,-,-
Keenan Allen,26699,Ind,WR,O,"Half, 10-6 @ Was",W (Oct 7),-,13,0.00,129,504,38%,-,-,-,-,-,-,-,-,-,-,-,-,-
Odell Beckham Jr.,27540,NYG,WR,NA,Sun 1:00 pm vs Ari,FA,-,8,0.00,"2,704",759,1%,-,-,-,-,-,-,-,-,-,-,-,-,-
Phillip Dorsett II,28417,LV,WR,NA,Sun 4:25 pm vs KC,FA,-,13,0.00,"2,386","1,075",0%,-,-,-,-,-,-,-,-,-,-,-,-,-
Tyler Lockett,28457,LV,WR,NA,Sun 4:25 pm vs KC,FA,-,13,0.00,"2,124","1,084",0%,-,-,-,-,-,-,-,-,-,-,-,-,-
Michael Burton,28556,Cle,RB,,Final W 27-24 vs Pit,W (Oct 7),-,11,0.00,"2,742","1,121",0%,-,-,-,-,-,-,-,-,-,-,-,-,-
Raheem Mostert,28654,LV,RB,NA,Sun 4:25 pm vs KC,FA,-,13,0.00,"2,683","1,183",0%,-,-,-,-,-,-,-,-,-,-,-,-,-
DeAndre Carter,28947,Cle,WR,NA,Final W 27-24 vs Pit,W (Oct 7),-,11,0.00,"2,748",603,0%,-,-,-,-,-,-,-,-,-,-,-,-,-
Demarcus Robinson,29360,SF,WR,IR,Sun 4:25 pm vs Den,FA,-,8,0.00,336,727,1%,-,-,-,-,-,-,-,-,-,-,-,-,-
Josh Reynolds,30230,NYJ,WR,NA,Sun 1:00 pm @ Chi,FA,-,13,0.00,"2,119","1,013",0%,-,-,-,-,-,-,-,-,-,-,-,-,-
Tyreek Hill,29399,Mia,WR,NA,Sun 4:05 pm @ Min,Owl Out Blitz,-,6,0.00,320,733,22%,-,-,-,-,-,-,-,-,-,-,-,-,-
David Njoku,30142,LAC,TE,IR,Sun 4:25 pm @ Sea,FA,-,7,0.00,322,981,2%,-,-,-,-,-,-,-,-,-,-,-,-,-
Zay Jones,30150,Hou,WR,NA,Sun 1:00 pm vs Dal,FA,-,8,0.00,"2,265",987,0%,-,-,-,-,-,-,-,-,-,-,-,-,-
Curtis Samuel,30153,Buf,WR,NA,Sun 1:00 pm vs NE,FA,-,7,0.00,"2,270",988,0%,-,-,-,-,-,-,-,-,-,-,-,-,-
Joe Mixon,30161,Hou,RB,O,Sun 1:00 pm vs Dal,FA,-,8,0.00,"2,078",992,1%,-,-,-,-,-,-,-,-,-,-,-,-,-
JuJu Smith-Schuster,30175,NYG,WR,NA,Sun 1:00 pm vs Ari,FA,-,8,0.00,"2,115",995,0%,-,-,-,-,-,-,-,-,-,-,-,-,-
Kareem Hunt,30199,KC,RB,NA,Sun 4:25 pm @ LV,FA,-,5,0.00,313,"1,000",0%,-,-,-,-,-,-,-,-,-,-,-,-,-
James Conner,30218,Ari,RB,IR-R,Sun 1:00 pm @ NYG,FA,-,14,0.00,293,"1,006",6%,-,-,-,-,-,-,-,-,-,-,-,-,-
Malik Turner,31777,SF,WR,,Sun 4:25 pm vs Den,FA,-,8,0.00,"2,346",790,0%,-,-,-,-,-,-,-,-,-,-,-,-,-
Hollywood Brown,31857,Phi,WR,O,Sun 1:00 pm vs LAR,FA,-,10,0.00,"2,049",819,0%,-,-,-,-,-,-,-,-,-,-,-,-,-
K.J. Osborn,32846,Ten,WR,NA,Sun 1:00 pm @ Bal,FA,-,9,0.00,"2,480",506,0%,-,-,-,-,-,-,-,-,-,-,-,-,-
Cam Akers,32722,Sea,RB,NA,Sun 4:25 pm vs LAC,FA,-,11,0.00,"2,495","1,165",0%,-,-,-,-,-,-,-,-,-,-,-,-,-
Donald Parham Jr.,32456,Pit,TE,NA,Final L 24-27 @ Cle,W (Oct 7),-,9,0.00,"2,228","1,062",0%,-,-,-,-,-,-,-,-,-,-,-,-,-
Lil'Jordan Humphrey,32494,Den,WR,NA,Sun 4:25 pm @ SF,FA,-,10,0.00,"2,510","1,073",0%,-,-,-,-,-,-,-,-,-,-,-,-,-
D'Ernest Johnson,32608,Ten,RB,NA,Sun 1:00 pm @ Bal,FA,-,9,0.00,"2,768","1,103",0%,-,-,-,-,-,-,-,-,-,-,-,-,-
Gunner Olszewski,32612,NYG,WR,IR,Sun 1:00 pm vs Ari,FA,-,8,0.00,"2,626","1,106",0%,-,-,-,-,-,-,-,-,-,-,-,-,-
Jalen Reagor,32691,Mia,WR,NA,Sun 4:05 pm @ Min,FA,-,6,0.00,"2,500","1,147",0%,-,-,-,-,-,-,-,-,-,-,-,-,-
Justin Jefferson,32692,Min,WR,O,Sun 4:05 pm vs Mia,Maybe Mitchell,-,6,0.00,23,"1,148",100%,-,-,-,-,-,-,-,-,-,-,-,-,-
Brandon Aiyuk,32695,SF,WR,NA,Sun 4:25 pm vs Den,FA,-,8,0.00,"2,118","1,149",1%,-,-,-,-,-,-,-,-,-,-,-,-,-
Van Jefferson,32727,Was,WR,NA,"Half, 6-10 vs Ind",W (Oct 7),-,7,0.00,"2,108","1,168",0%,-,-,-,-,-,-,-,-,-,-,-,-,-
Trenton Irwin,32438,SF,WR,NA,Sun 4:25 pm vs Den,FA,-,8,0.00,"2,515","1,054",0%,-,-,-,-,-,-,-,-,-,-,-,-,-
Denzel Mims,32729,Dal,WR,NA,Sun 1:00 pm @ Hou,FA,-,14,0.00,"2,420","1,170",0%,-,-,-,-,-,-,-,-,-,-,-,-,-
Antonio Gibson,32736,NE,RB,NA,Sun 1:00 pm @ Buf,FA,-,11,0.00,"2,233","1,176",0%,-,-,-,-,-,-,-,-,-,-,-,-,-
Josiah Deguara,32764,Phi,TE,,Sun 1:00 pm vs LAR,FA,-,10,0.00,"2,503","1,192",0%,-,-,-,-,-,-,-,-,-,-,-,-,-
Harrison Bryant,32785,Hou,TE,NA,Sun 1:00 pm vs Dal,FA,-,8,0.00,"2,650",477,0%,-,-,-,-,-,-,-,-,-,-,-,-,-
A. Okwuegbunam Jr.,32788,LV,TE,NA,Sun 4:25 pm vs KC,FA,-,13,0.00,"2,131",480,0%,-,-,-,-,-,-,-,-,-,-,-,-,-
Gabe Davis,32798,Buf,WR,NA,Sun 1:00 pm vs NE,FA,-,7,0.00,"2,087",486,0%,-,-,-,-,-,-,-,-,-,-,-,-,-
Tyler Johnson,32831,NYJ,WR,NA,Sun 1:00 pm @ Chi,FA,-,13,0.00,"2,113",499,0%,-,-,-,-,-,-,-,-,-,-,-,-,-
Chris Myarick,32442,LV,TE,NA,Sun 4:25 pm vs KC,FA,-,13,0.00,"2,130","1,058",0%,-,-,-,-,-,-,-,-,-,-,-,-,-
David Sills V,32418,TB,WR,IR-R,Sun 1:00 pm vs GB,FA,-,10,0.00,"2,250","1,050",0%,-,-,-,-,-,-,-,-,-,-,-,-,-
A.J. Brown,31883,NE,WR,IR,Sun 1:00 pm @ Buf,Monday Night Madison,-,11,0.00,67,829,96%,-,-,-,-,-,-,-,-,-,-,-,-,-
Gary Jennings,31952,LAC,WR,NA,Sun 4:25 pm @ Sea,FA,-,7,0.00,"2,317",865,0%,-,-,-,-,-,-,-,-,-,-,-,-,-
Miles Sanders,31885,Dal,RB,NA,Sun 1:00 pm @ Hou,FA,-,14,0.00,"2,079",832,0%,-,-,-,-,-,-,-,-,-,-,-,-,-
Mecole Hardman Jr.,31888,Buf,WR,NA,Sun 1:00 pm vs NE,FA,-,7,0.00,"2,484",834,0%,-,-,-,-,-,-,-,-,-,-,-,-,-
Parris Campbell,31891,Dal,WR,NA,Sun 1:00 pm @ Hou,FA,-,14,0.00,"2,473",836,0%,-,-,-,-,-,-,-,-,-,-,-,-,-
Josh Oliver,31901,Min,TE,IR,Sun 4:05 pm vs Mia,FA,-,6,0.00,"2,047",837,0%,-,-,-,-,-,-,-,-,-,-,-,-,-
Terry McLaurin,31908,Was,WR,O,"Half, 6-10 vs Ind",Monday Night Madison,-,7,0.00,64,841,95%,-,-,-,-,-,-,-,-,-,-,-,-,-
Alexander Mattison,31934,Mia,RB,NA,Sun 4:05 pm @ Min,FA,-,6,0.00,"2,257",854,0%,-,-,-,-,-,-,-,-,-,-,-,-,-
Hakeem Butler,31935,Den,WR,NA,Sun 4:25 pm @ SF,FA,-,10,0.00,"2,447",855,0%,-,-,-,-,-,-,-,-,-,-,-,-,-
Hunter Renfrow,31981,Car,WR,NA,Sun 8:20 pm vs Det,FA,-,5,0.00,"2,082",884,0%,-,-,-,-,-,-,-,-,-,-,-,-,-
Tyree Jackson,32415,Was,TE,NA,"Half, 6-10 vs Ind",W (Oct 7),-,7,0.00,"2,158","1,049",0%,-,-,-,-,-,-,-,-,-,-,-,-,-
Darius Slayton,32003,Ind,WR,NA,"Half, 10-6 @ Was",W (Oct 7),-,13,0.00,"2,044",898,0%,-,-,-,-,-,-,-,-,-,-,-,-,-
Trayveon Williams,32014,Det,RB,NA,Sun 8:20 pm @ Car,FA,-,6,0.00,"2,738",904,0%,-,-,-,-,-,-,-,-,-,-,-,-,-
Juwann Winfree,32019,Hou,WR,NA,Sun 1:00 pm vs Dal,FA,-,8,0.00,"2,287",907,0%,-,-,-,-,-,-,-,-,-,-,-,-,-
Scotty Miller,32040,Chi,WR,NA,Sun 1:00 pm vs NYJ,FA,-,10,0.00,"2,625",923,0%,-,-,-,-,-,-,-,-,-,-,-,-,-
Alex Bachman,32124,LAR,WR,,Sun 1:00 pm @ Phi,FA,-,11,0.00,"2,739",960,0%,-,-,-,-,-,-,-,-,-,-,-,-,-
Andrew Beck,32225,NYJ,RB,,Sun 1:00 pm @ Chi,FA,-,13,0.00,"2,776",997,0%,-,-,-,-,-,-,-,-,-,-,-,-,-
Stephen Carlson,32273,Chi,TE,NA,Sun 1:00 pm vs NYJ,FA,-,10,0.00,"2,217","1,009",0%,-,-,-,-,-,-,-,-,-,-,-,-,-
D.J. Montgomery,32283,Ind,WR,IR,"Half, 10-6 @ Was",W (Oct 7),-,13,0.00,"2,380","1,017",0%,-,-,-,-,-,-,-,-,-,-,-,-,-
Brandon Johnson,34571,Pit,WR,NA,Final L 24-27 @ Cle,W (Oct 7),-,9,0.00,"2,362","1,078",0%,-,-,-,-,-,-,-,-,-,-,-,-,-
Dennis Houston,34592,TB,WR,NA,Sun 1:00 pm vs GB,FA,-,10,0.00,"2,438","1,082",0%,-,-,-,-,-,-,-,-,-,-,-,-,-
Rivaldo Fairweather,42153,Ari,TE,NA,Sun 1:00 pm @ NYG,FA,-,14,0.00,"2,153",844,0%,-,-,-,-,-,-,-,-,-,-,-,-,-
Baylor Cupp,41556,Ari,TE,NA,Sun 1:00 pm @ NYG,FA,-,14,0.00,"2,168",709,0%,-,-,-,-,-,-,-,-,-,-,-,-,-
Joshua Cephus,41411,Jax,WR,NA,Sun 1:00 pm @ Cin,FA,-,7,0.00,"2,388",681,0%,-,-,-,-,-,-,-,-,-,-,-,-,-
Julian Hicks,41451,Sea,WR,NA,Sun 4:25 pm vs LAC,FA,-,11,0.00,"2,445",695,0%,-,-,-,-,-,-,-,-,-,-,-,-,-
Messiah Swinson,41463,Cle,TE,NA,Final W 27-24 vs Pit,W (Oct 7),-,11,0.00,"2,135",698,0%,-,-,-,-,-,-,-,-,-,-,-,-,-
Carson Steele,41464,Phi,RB,NA,Sun 1:00 pm vs LAR,FA,-,10,0.00,"2,645",699,0%,-,-,-,-,-,-,-,-,-,-,-,-,-
British Brooks,41480,Hou,RB,IR,Sun 1:00 pm vs Dal,FA,-,8,0.00,"2,788",701,0%,-,-,-,-,-,-,-,-,-,-,-,-,-
Cole Burgess,41502,Pit,WR,IR,Final L 24-27 @ Cle,W (Oct 7),-,9,0.00,"2,310",702,0%,-,-,-,-,-,-,-,-,-,-,-,-,-
Shawn Bowman,41512,Ari,TE,NA,Sun 1:00 pm @ NYG,FA,-,14,0.00,"2,195",703,0%,-,-,-,-,-,-,-,-,-,-,-,-,-
Qadir Ismail,41562,Chi,TE,NA,Sun 1:00 pm vs NYJ,FA,-,10,0.00,"2,230",712,0%,-,-,-,-,-,-,-,-,-,-,-,-,-
Blake Watson,41388,Ten,RB,NA,Sun 1:00 pm @ Bal,FA,-,9,0.00,"2,577",667,0%,-,-,-,-,-,-,-,-,-,-,-,-,-
Jabari Small,41661,Det,RB,NA,Sun 8:20 pm @ Car,FA,-,6,0.00,"2,530",728,0%,-,-,-,-,-,-,-,-,-,-,-,-,-
David Martin-Robinson,41662,Ten,TE,,Sun 1:00 pm @ Bal,FA,-,9,0.00,"2,624",729,0%,-,-,-,-,-,-,-,-,-,-,-,-,-
Brenden Bates,41675,Jax,TE,NA,Sun 1:00 pm @ Cin,FA,-,7,0.00,"2,487",731,0%,-,-,-,-,-,-,-,-,-,-,-,-,-
John Jiles,41687,NE,WR,NA,Sun 1:00 pm @ Buf,FA,-,11,0.00,"2,399",734,0%,-,-,-,-,-,-,-,-,-,-,-,-,-
Terrell Jennings,41713,NE,RB,NA,Sun 1:00 pm @ Buf,FA,-,11,0.00,"2,664",738,0%,-,-,-,-,-,-,-,-,-,-,-,-,-
Jayden Higgins,41819,Hou,WR,IR,Sun 1:00 pm vs Dal,FA,-,8,0.00,"2,042",751,3%,-,-,-,-,-,-,-,-,-,-,-,-,-
Mason Taylor,41827,NYJ,TE,O,Sun 1:00 pm @ Chi,FA,-,13,0.00,"2,066",752,0%,-,-,-,-,-,-,-,-,-,-,-,-,-
Thomas Yassmin,41397,GB,TE,IR,Sun 1:00 pm @ TB,FA,-,11,0.00,"2,225",674,0%,-,-,-,-,-,-,-,-,-,-,-,-,-
Kendall Milton,41377,Cin,RB,NA,Sun 1:00 pm vs Jax,FA,-,6,0.00,"2,548",663,0%,-,-,-,-,-,-,-,-,-,-,-,-,-
Jack Bech,41843,LV,WR,IR,Sun 4:25 pm vs KC,FA,-,13,0.00,260,756,1%,-,-,-,-,-,-,-,-,-,-,-,-,-
Bryce Oliver,41251,Hou,WR,NA,Sun 1:00 pm vs Dal,FA,-,8,0.00,"2,502",608,0%,-,-,-,-,-,-,-,-,-,-,-,-,-
Cody Schrader,41193,Den,RB,NA,Sun 4:25 pm @ SF,FA,-,10,0.00,"2,570",583,0%,-,-,-,-,-,-,-,-,-,-,-,-,-
Xavier Weaver,41202,Ari,WR,NA,Sun 1:00 pm @ NYG,FA,-,14,0.00,"2,651",588,0%,-,-,-,-,-,-,-,-,-,-,-,-,-
Jeshaun Jones,41205,Min,WR,,Sun 4:05 pm vs Mia,FA,-,6,0.00,"2,364",589,0%,-,-,-,-,-,-,-,-,-,-,-,-,-
Isaiah Wooden,41226,LAC,WR,NA,Sun 4:25 pm @ Sea,FA,-,7,0.00,"2,448",599,0%,-,-,-,-,-,-,-,-,-,-,-,-,-
JaQuae Jackson,41231,LAC,WR,NA,Sun 4:25 pm @ Sea,FA,-,7,0.00,"2,395",600,0%,-,-,-,-,-,-,-,-,-,-,-,-,-
Michael Wiley,41234,TB,RB,NA,Sun 1:00 pm vs GB,FA,-,10,0.00,"2,556",602,0%,-,-,-,-,-,-,-,-,-,-,-,-,-
Frank Gore Jr.,41243,Buf,RB,NA,Sun 1:00 pm vs NE,FA,-,7,0.00,"2,718",606,0%,-,-,-,-,-,-,-,-,-,-,-,-,-
Chris Collier,41261,LV,RB,IR,Sun 4:25 pm vs KC,FA,-,13,0.00,"2,660",612,0%,-,-,-,-,-,-,-,-,-,-,-,-,-
McCallan Castles,41373,GB,TE,NA,Sun 1:00 pm @ TB,FA,-,11,0.00,"2,171",660,0%,-,-,-,-,-,-,-,-,-,-,-,-,-
Dayton Wade,41262,Bal,WR,NA,Sun 1:00 pm vs Ten,FA,-,13,0.00,"2,442",613,0%,-,-,-,-,-,-,-,-,-,-,-,-,-
Xavier Johnson,41274,Cin,WR,NA,Sun 1:00 pm vs Jax,FA,-,6,0.00,"2,315",614,0%,-,-,-,-,-,-,-,-,-,-,-,-,-
Lawrence Keys,41275,Det,WR,NA,Sun 8:20 pm @ Car,FA,-,6,0.00,"2,398",615,0%,-,-,-,-,-,-,-,-,-,-,-,-,-
Ian Wheeler,41322,Buf,RB,NA,Sun 1:00 pm vs NE,FA,-,7,0.00,"2,553",636,0%,-,-,-,-,-,-,-,-,-,-,-,-,-
Jack Westover,41352,Was,"RB,TE",NA,"Half, 6-10 vs Ind",W (Oct 7),-,7,0.00,"2,724",649,0%,-,-,-,-,-,-,-,-,-,-,-,-,-
Cam Grandy,41353,Min,TE,NA,Sun 4:05 pm vs Mia,FA,-,6,0.00,"2,251",650,0%,-,-,-,-,-,-,-,-,-,-,-,-,-
Treyton Welch,41363,NO,TE,,Mon 8:15 pm vs Atl,FA,-,8,0.00,"2,612",655,0%,-,-,-,-,-,-,-,-,-,-,-,-,-
Mason Pline,41368,KC,TE,NA,Sun 4:25 pm @ LV,FA,-,5,0.00,"2,221",658,0%,-,-,-,-,-,-,-,-,-,-,-,-,-
Terrance Ferguson,41831,LAR,TE,IR,Sun 1:00 pm @ Phi,FA,-,11,0.00,143,753,19%,-,-,-,-,-,-,-,-,-,-,-,-,-
Savion Williams,41851,GB,WR,IR-R,Sun 1:00 pm @ TB,FA,-,11,0.00,"2,634",757,0%,-,-,-,-,-,-,-,-,-,-,-,-,-
John Rhys Plumlee,41135,Pit,WR,NA,Final L 24-27 @ Cle,W (Oct 7),-,9,0.00,"2,329",566,0%,-,-,-,-,-,-,-,-,-,-,-,-,-
Garrett Greene,42091,TB,WR,NA,Sun 1:00 pm vs GB,FA,-,10,0.00,"2,426",815,0%,-,-,-,-,-,-,-,-,-,-,-,-,-
Hal Presley III,42060,KC,WR,NA,Sun 4:25 pm @ LV,FA,-,5,0.00,"2,342",802,0%,-,-,-,-,-,-,-,-,-,-,-,-,-
Stephen Gosnell,42062,Buf,WR,NA,Sun 1:00 pm vs NE,FA,-,7,0.00,"2,304",803,0%,-,-,-,-,-,-,-,-,-,-,-,-,-
Keleki Latu,42063,Buf,TE,,Sun 1:00 pm vs NE,FA,-,7,0.00,"2,613",804,0%,-,-,-,-,-,-,-,-,-,-,-,-,-
Courtney Jackson,42071,Ten,WR,NA,Sun 1:00 pm @ Bal,FA,-,9,0.00,"2,284",806,0%,-,-,-,-,-,-,-,-,-,-,-,-,-
Joaquin Davis,42072,Pit,WR,NA,Final L 24-27 @ Cle,W (Oct 7),-,9,0.00,"2,404",807,0%,-,-,-,-,-,-,-,-,-,-,-,-,-
Josh Williams,42086,TB,RB,NA,Sun 1:00 pm vs GB,FA,-,10,0.00,"2,729",812,0%,-,-,-,-,-,-,-,-,-,-,-,-,-
Will Sheppard,42089,Mia,WR,NA,Sun 4:05 pm @ Min,FA,-,6,0.00,"2,360",814,0%,-,-,-,-,-,-,-,-,-,-,-,-,-
Ahmani Marshall,42092,Car,RB,NA,Sun 8:20 pm vs Det,FA,-,5,0.00,"2,605",816,0%,-,-,-,-,-,-,-,-,-,-,-,-,-
JP Richardson,42047,Chi,WR,NA,Sun 1:00 pm vs NYJ,FA,-,10,0.00,"2,307",800,0%,-,-,-,-,-,-,-,-,-,-,-,-,-
Bryson Green,42100,Ari,WR,NA,Sun 1:00 pm @ NYG,FA,-,14,0.00,"2,392",820,0%,-,-,-,-,-,-,-,-,-,-,-,-,-
Luke Grimm,42104,LAC,WR,NA,Sun 4:25 pm @ Sea,FA,-,7,0.00,"2,451",821,0%,-,-,-,-,-,-,-,-,-,-,-,-,-
Mac Dalena,42107,Buf,WR,NA,Sun 1:00 pm vs NE,FA,-,7,0.00,"2,320",822,0%,-,-,-,-,-,-,-,-,-,-,-,-,-
Ulysses Bentley IV,42126,NO,RB,NA,Mon 8:15 pm vs Atl,FA,-,8,0.00,"2,564",833,0%,-,-,-,-,-,-,-,-,-,-,-,-,-
Coleman Owen,42130,GB,WR,NA,Sun 1:00 pm @ TB,FA,-,11,0.00,"2,374",835,0%,-,-,-,-,-,-,-,-,-,-,-,-,-
Josh Kelly,42150,Hou,WR,NA,Sun 1:00 pm vs Dal,FA,-,8,0.00,"2,292",842,0%,-,-,-,-,-,-,-,-,-,-,-,-,-
Traeshon Holden,42151,Dal,WR,NA,Sun 1:00 pm @ Hou,FA,-,14,0.00,"2,443",843,0%,-,-,-,-,-,-,-,-,-,-,-,-,-
Jordan Moore,42057,Cin,WR,NA,Sun 1:00 pm vs Jax,FA,-,6,0.00,"2,456",801,0%,-,-,-,-,-,-,-,-,-,-,-,-,-
Dominic Lovett,42043,Det,WR,NA,Sun 8:20 pm @ Car,FA,-,6,0.00,"2,419",798,0%,-,-,-,-,-,-,-,-,-,-,-,-,-
Dont'e Thornton Jr.,41892,LV,WR,IR,Sun 4:25 pm vs KC,FA,-,13,0.00,"2,636",761,0%,-,-,-,-,-,-,-,-,-,-,-,-,-
Devin Neal,41972,Min,RB,NA,Sun 4:05 pm vs Mia,FA,-,6,0.00,312,779,0%,-,-,-,-,-,-,-,-,-,-,-,-,-
Arian Smith,41896,NYJ,WR,IR,Sun 1:00 pm @ Chi,FA,-,13,0.00,"2,766",762,0%,-,-,-,-,-,-,-,-,-,-,-,-,-
Dylan Sampson,41907,Cle,RB,IR,Final W 27-24 vs Pit,W (Oct 7),-,11,0.00,257,767,7%,-,-,-,-,-,-,-,-,-,-,-,-,-
Trevor Etienne,41913,Car,RB,IR-R,Sun 8:20 pm vs Det,FA,-,5,0.00,304,768,1%,-,-,-,-,-,-,-,-,-,-,-,-,-
Jaydon Blue,41935,Phi,RB,NA,Sun 1:00 pm vs LAR,FA,-,10,0.00,314,771,1%,-,-,-,-,-,-,-,-,-,-,-,-,-
DJ Giddens,41937,Ind,RB,NA,"Half, 10-6 @ Was",W (Oct 7),-,13,0.00,296,772,0%,-,-,-,-,-,-,-,-,-,-,-,-,-
KeAndre Lambert-Smith,41944,LAC,WR,IR,Sun 4:25 pm @ Sea,FA,-,7,0.00,"2,649",774,0%,-,-,-,-,-,-,-,-,-,-,-,-,-
Robbie Ouzts,41961,Sea,"RB,TE",IR,Sun 4:25 pm vs LAC,FA,-,11,0.00,"2,467",775,0%,-,-,-,-,-,-,-,-,-,-,-,-,-
Kalel Mullings,41986,Ten,RB,NA,Sun 1:00 pm @ Bal,FA,-,9,0.00,"2,566",781,0%,-,-,-,-,-,-,-,-,-,-,-,-,-
Ricky White III,42042,Sea,WR,NA,Sun 4:25 pm vs LAC,FA,-,11,0.00,"2,400",797,0%,-,-,-,-,-,-,-,-,-,-,-,-,-
Jimmy Horn Jr.,41999,Cle,WR,NA,Final W 27-24 vs Pit,W (Oct 7),-,11,0.00,"2,756",785,0%,-,-,-,-,-,-,-,-,-,-,-,-,-
Moliki Matavao,42006,NO,TE,IR,Mon 8:15 pm vs Atl,FA,-,8,0.00,"2,205",787,0%,-,-,-,-,-,-,-,-,-,-,-,-,-
Damien Martinez,42015,GB,RB,NA,Sun 1:00 pm @ TB,FA,-,11,0.00,"2,525",789,0%,-,-,-,-,-,-,-,-,-,-,-,-,-
Phil Mafah,42018,NYG,RB,NA,Sun 1:00 pm vs Ari,FA,-,8,0.00,"2,583",791,0%,-,-,-,-,-,-,-,-,-,-,-,-,-
Kaden Prather,42020,GB,WR,NA,Sun 1:00 pm @ TB,FA,-,11,0.00,"2,461",792,0%,-,-,-,-,-,-,-,-,-,-,-,-,-
Caleb Lohner,42027,Den,TE,IR-R,Sun 4:25 pm @ SF,FA,-,10,0.00,"2,218",793,0%,-,-,-,-,-,-,-,-,-,-,-,-,-
Junior Bergen,42032,NYJ,WR,NA,Sun 1:00 pm @ Chi,FA,-,13,0.00,"2,301",794,0%,-,-,-,-,-,-,-,-,-,-,-,-,-
Luke Lachey,42041,Hou,TE,NA,Sun 1:00 pm vs Dal,FA,-,8,0.00,"2,170",796,0%,-,-,-,-,-,-,-,-,-,-,-,-,-
Mason Tipton,41188,NO,WR,PUP-R,Mon 8:15 pm vs Atl,FA,-,8,0.00,"2,647",581,0%,-,-,-,-,-,-,-,-,-,-,-,-,-
Devin Culp,41120,TB,TE,NA,Sun 1:00 pm vs GB,FA,-,10,0.00,"2,140",557,0%,-,-,-,-,-,-,-,-,-,-,-,-,-
Malik Davis,34610,Dal,RB,IR,Sun 1:00 pm @ Hou,FA,-,14,0.00,"2,482","1,088",1%,-,-,-,-,-,-,-,-,-,-,-,-,-
Malik Cunningham,40290,Det,WR,NA,Sun 8:20 pm @ Car,FA,-,6,0.00,"2,403",949,0%,-,-,-,-,-,-,-,-,-,-,-,-,-
Deuce Vaughn,40240,Hou,RB,NA,Sun 1:00 pm vs Dal,FA,-,8,0.00,"2,644",927,0%,-,-,-,-,-,-,-,-,-,-,-,-,-
A.T. Perry,40242,Den,WR,NA,Sun 4:25 pm @ SF,FA,-,10,0.00,"2,286",929,0%,-,-,-,-,-,-,-,-,-,-,-,-,-
Zack Kuntz,40255,Dal,TE,NA,Sun 1:00 pm @ Hou,FA,-,14,0.00,"2,177",934,0%,-,-,-,-,-,-,-,-,-,-,-,-,-
Brayden Willis,40261,SF,TE,,Sun 4:25 pm vs Den,FA,-,8,0.00,"2,759",936,0%,-,-,-,-,-,-,-,-,-,-,-,-,-
Colton Dowell,40263,SF,WR,NA,Sun 4:25 pm vs Den,FA,-,8,0.00,"2,334",938,0%,-,-,-,-,-,-,-,-,-,-,-,-,-
Kenny McIntosh,40267,Sea,RB,NA,Sun 4:25 pm vs LAC,FA,-,11,0.00,"2,639",939,0%,-,-,-,-,-,-,-,-,-,-,-,-,-
Ronnie Bell,40279,LV,WR,NA,Sun 4:25 pm vs KC,FA,-,13,0.00,"2,511",947,0%,-,-,-,-,-,-,-,-,-,-,-,-,-
Ben Sims,40335,Mia,TE,NA,Sun 4:05 pm @ Min,FA,-,6,0.00,"2,247",967,0%,-,-,-,-,-,-,-,-,-,-,-,-,-
Trey Palmer,40223,NO,WR,NA,Mon 8:15 pm vs Atl,FA,-,8,0.00,"2,492",913,0%,-,-,-,-,-,-,-,-,-,-,-,-,-
Joel Wilson,40346,Ten,TE,NA,Sun 1:00 pm @ Bal,FA,-,9,0.00,"2,165",970,0%,-,-,-,-,-,-,-,-,-,-,-,-,-
Elijah Cooks,40374,Car,WR,NA,Sun 8:20 pm vs Det,FA,-,5,0.00,"2,319",979,0%,-,-,-,-,-,-,-,-,-,-,-,-,-
Xavier Smith,40399,LAR,WR,NA,Sun 1:00 pm @ Phi,FA,-,11,0.00,"2,731",991,0%,-,-,-,-,-,-,-,-,-,-,-,-,-
Malik Heath,40445,Atl,WR,NA,Mon 8:15 pm @ NO,FA,-,11,0.00,"2,468","1,002",0%,-,-,-,-,-,-,-,-,-,-,-,-,-
Jake Bobo,40452,Sea,WR,IR,Sun 4:25 pm vs LAC,FA,-,11,0.00,"2,709","1,004",0%,-,-,-,-,-,-,-,-,-,-,-,-,-
Isaiah Winstead,40466,Pit,WR,NA,Final L 24-27 @ Cle,W (Oct 7),-,9,0.00,"2,384","1,010",0%,-,-,-,-,-,-,-,-,-,-,-,-,-
Shedrick Jackson,40491,Bal,WR,NA,Sun 1:00 pm vs Ten,FA,-,13,0.00,"2,441","1,021",0%,-,-,-,-,-,-,-,-,-,-,-,-,-
Scott Matlock,40225,LAC,RB,IR-R,Sun 4:25 pm @ Sea,FA,-,7,0.00,"2,717",916,0%,-,-,-,-,-,-,-,-,-,-,-,-,-
Andrei Iosivas,40211,Cin,WR,IR,Sun 1:00 pm vs Jax,FA,-,6,0.00,277,908,0%,-,-,-,-,-,-,-,-,-,-,-,-,-
Brady Russell,40519,Sea,"RB,TE",,Sun 4:25 pm vs LAC,FA,-,11,0.00,"2,750","1,027",0%,-,-,-,-,-,-,-,-,-,-,-,-,-
Luke Musgrave,40074,GB,TE,PUP-R,Sun 1:00 pm @ TB,FA,-,11,0.00,"2,112",827,0%,-,-,-,-,-,-,-,-,-,-,-,-,-
Raheem Blackshear,34617,Det,RB,NA,Sun 8:20 pm @ Car,FA,-,6,0.00,"2,657","1,090",0%,-,-,-,-,-,-,-,-,-,-,-,-,-
Tucker Fisk,34625,LAC,TE,NA,Sun 4:25 pm @ Sea,FA,-,7,0.00,"2,642","1,091",0%,-,-,-,-,-,-,-,-,-,-,-,-,-
Stone Smartt,34637,NO,TE,NA,Mon 8:15 pm vs Atl,FA,-,8,0.00,"2,469","1,097",0%,-,-,-,-,-,-,-,-,-,-,-,-,-
Lucas Krull,34654,Den,TE,NA,Sun 4:25 pm @ SF,FA,-,10,0.00,"2,623","1,101",0%,-,-,-,-,-,-,-,-,-,-,-,-,-
Jashaun Corbin,34665,Dal,RB,NA,Sun 1:00 pm @ Hou,FA,-,14,0.00,"2,592","1,108",0%,-,-,-,-,-,-,-,-,-,-,-,-,-
Maurice Alexander,34712,Chi,WR,NA,Sun 1:00 pm vs NYJ,FA,-,10,0.00,"2,327","1,132",0%,-,-,-,-,-,-,-,-,-,-,-,-,-
Jayden Reed,40063,GB,WR,IR,Sun 1:00 pm @ TB,Locked In Michelle,-,11,0.00,203,823,37%,-,-,-,-,-,-,-,-,-,-,-,-,-
Zach Charbonnet,40075,Sea,RB,PUP-R,Sun 4:25 pm vs LAC,FA,-,11,0.00,245,828,60%,-,-,-,-,-,-,-,-,-,-,-,-,-
Eric Gray,40198,Cle,RB,NA,Final W 27-24 vs Pit,W (Oct 7),-,11,0.00,"2,652",901,0%,-,-,-,-,-,-,-,-,-,-,-,-,-
Tank Dell,40097,Hou,WR,IR-R,Sun 1:00 pm vs Dal,FA,-,8,0.00,"2,109",840,15%,-,-,-,-,-,-,-,-,-,-,-,-,-
De'Von Achane,40118,Mia,RB,IR,Sun 4:05 pm @ Min,W (Oct 5),-,6,0.00,316,848,45%,-,-,-,-,-,-,-,-,-,-,-,-,-
Jalin Hyatt,40128,NYG,WR,NA,Sun 1:00 pm vs Ari,FA,-,8,0.00,"2,707",856,0%,-,-,-,-,-,-,-,-,-,-,-,-,-
Tyler Scott,40141,LV,WR,NA,Sun 4:25 pm vs KC,FA,-,13,0.00,"2,519",863,0%,-,-,-,-,-,-,-,-,-,-,-,-,-
Israel Abanikanda,40165,Dal,RB,NA,Sun 1:00 pm @ Hou,FA,-,14,0.00,"2,591",877,0%,-,-,-,-,-,-,-,-,-,-,-,-,-
Justin Shorter,40167,LV,"WR,TE",NA,Sun 4:25 pm vs KC,FA,-,13,0.00,"2,259",879,0%,-,-,-,-,-,-,-,-,-,-,-,-,-
Evan Hull,40169,Ari,RB,NA,Sun 1:00 pm @ NYG,FA,-,14,0.00,"2,787",881,0%,-,-,-,-,-,-,-,-,-,-,-,-,-
Will Mallory,40180,Ind,TE,IR-R,"Half, 10-6 @ Was",W (Oct 7),-,13,0.00,"2,260",888,0%,-,-,-,-,-,-,-,-,-,-,-,-,-
Ben VanSumeren,40518,KC,RB,,Sun 4:25 pm @ LV,FA,-,5,0.00,"2,728","1,026",0%,-,-,-,-,-,-,-,-,-,-,-,-,-
Bryce Ford-Wheaton,40529,NYG,WR,NA,Sun 1:00 pm vs Ari,FA,-,8,0.00,"2,607","1,031",0%,-,-,-,-,-,-,-,-,-,-,-,-,-
Jaheim Bell,41106,Pit,TE,NA,Final L 24-27 @ Cle,W (Oct 7),-,9,0.00,"2,258",550,0%,-,-,-,-,-,-,-,-,-,-,-,-,-
Jawhar Jordan,41064,Hou,RB,NA,Sun 1:00 pm vs Dal,FA,-,8,0.00,"2,069",523,0%,-,-,-,-,-,-,-,-,-,-,-,-,-
Luke McCaffrey,40964,Was,WR,NA,"Half, 6-10 vs Ind",W (Oct 7),-,7,0.00,"2,271",471,0%,-,-,-,-,-,-,-,-,-,-,-,-,-
Jared Wiley,40978,KC,TE,,Sun 4:25 pm @ LV,FA,-,5,0.00,"2,145",478,0%,-,-,-,-,-,-,-,-,-,-,-,-,-
Isaac Guerendo,40998,SF,RB,PUP-R,Sun 4:25 pm vs Den,FA,-,8,0.00,"2,761",487,0%,-,-,-,-,-,-,-,-,-,-,-,-,-
Jamari Thrash,41016,Cle,WR,NA,Final W 27-24 vs Pit,W (Oct 7),-,11,0.00,"2,655",495,0%,-,-,-,-,-,-,-,-,-,-,-,-,-
Audric Estime,41019,Min,RB,NA,Sun 4:05 pm vs Mia,FA,-,6,0.00,311,497,0%,-,-,-,-,-,-,-,-,-,-,-,-,-
Ainias Smith,41030,Car,WR,NA,Sun 8:20 pm vs Det,FA,-,5,0.00,"2,275",502,0%,-,-,-,-,-,-,-,-,-,-,-,-,-
DeAndre Hopkins,26650,Bal,WR,NA,Sun 1:00 pm vs Ten,FA,-,13,0.00,"2,100",483,0%,-,-,-,-,-,-,-,-,-,-,-,-,-
Jha'Quan Jackson,41065,Hou,WR,NA,Sun 1:00 pm vs Dal,FA,-,8,0.00,"2,617",524,0%,-,-,-,-,-,-,-,-,-,-,-,-,-
Trey Benson,40958,Ari,RB,IR,Sun 1:00 pm @ NYG,FA,-,14,0.00,"2,092","1,193",0%,-,-,-,-,-,-,-,-,-,-,-,-,-
Tanner McLachlan,41066,SF,TE,NA,Sun 4:25 pm vs Den,FA,-,8,0.00,"2,208",525,0%,-,-,-,-,-,-,-,-,-,-,-,-,-
Casey Washington,41074,Car,WR,NA,Sun 8:20 pm vs Det,FA,-,5,0.00,"2,494",530,0%,-,-,-,-,-,-,-,-,-,-,-,-,-
Tejhaun Palmer,41079,NE,WR,NA,Sun 1:00 pm @ Buf,FA,-,11,0.00,"2,311",532,0%,-,-,-,-,-,-,-,-,-,-,-,-,-
Johnny Wilson,41089,Phi,WR,IR,Sun 1:00 pm vs LAR,FA,-,10,0.00,"2,506",539,0%,-,-,-,-,-,-,-,-,-,-,-,-,-
Brenden Rice,41098,LV,WR,NA,Sun 4:25 pm vs KC,FA,-,13,0.00,"2,458",542,0%,-,-,-,-,-,-,-,-,-,-,-,-,-
Cornelius Johnson,41099,Bal,WR,NA,Sun 1:00 pm vs Ten,FA,-,13,0.00,"2,415",544,0%,-,-,-,-,-,-,-,-,-,-,-,-,-
Tahj Washington,41104,Mia,WR,NA,Sun 4:05 pm @ Min,FA,-,6,0.00,"2,434",548,0%,-,-,-,-,-,-,-,-,-,-,-,-,-
Tip Reiman,40959,Ari,TE,PUP-R,Sun 1:00 pm @ NYG,FA,-,14,0.00,"2,628","1,194",0%,-,-,-,-,-,-,-,-,-,-,-,-,-
Jalen McMillan,40954,TB,WR,IR,Sun 1:00 pm vs GB,FA,-,10,0.00,216,"1,189",6%,-,-,-,-,-,-,-,-,-,-,-,-,-
Zavier Scott,40539,Chi,RB,NA,Sun 1:00 pm vs NYJ,FA,-,10,0.00,"2,646","1,034",0%,-,-,-,-,-,-,-,-,-,-,-,-,-
Travis Vokolek,40643,Ari,TE,NA,Sun 1:00 pm @ NYG,FA,-,14,0.00,"2,154","1,061",0%,-,-,-,-,-,-,-,-,-,-,-,-,-
Jason Brownlee,40545,KC,WR,NA,Sun 4:25 pm @ LV,FA,-,5,0.00,"2,410","1,036",0%,-,-,-,-,-,-,-,-,-,-,-,-,-
Xavier Gipson,40548,Phi,WR,NA,Sun 1:00 pm vs LAR,FA,-,10,0.00,"2,764","1,037",0%,-,-,-,-,-,-,-,-,-,-,-,-,-
Deneric Prince,40570,NE,RB,NA,Sun 1:00 pm @ Buf,FA,-,11,0.00,"2,546","1,039",0%,-,-,-,-,-,-,-,-,-,-,-,-,-
Julian Hill,40629,NE,TE,IR,Sun 1:00 pm @ Buf,FA,-,11,0.00,"2,274","1,053",0%,-,-,-,-,-,-,-,-,-,-,-,-,-
Tyrell Shavers,40630,Buf,WR,PUP-R,Sun 1:00 pm vs NE,FA,-,7,0.00,"2,236","1,055",0%,-,-,-,-,-,-,-,-,-,-,-,-,-
Jordan Mims,40631,Phi,RB,NA,Sun 1:00 pm vs LAR,FA,-,10,0.00,"2,627","1,056",0%,-,-,-,-,-,-,-,-,-,-,-,-,-
Owen Wright,40639,LV,RB,NA,Sun 4:25 pm vs KC,FA,-,13,0.00,"2,563","1,060",0%,-,-,-,-,-,-,-,-,-,-,-,-,-
Dylan Drummond,40737,Atl,WR,NA,Mon 8:15 pm @ NO,FA,-,11,0.00,"2,659","1,083",0%,-,-,-,-,-,-,-,-,-,-,-,-,-
Jonathon Brooks,40926,Car,RB,IR,Sun 8:20 pm vs Det,Sunday Kevin,-,5,0.00,264,"1,174",53%,-,-,-,-,-,-,-,-,-,-,-,-,-
Jalen Cropper,40774,NO,WR,NA,Mon 8:15 pm vs Atl,FA,-,8,0.00,"2,672","1,093",0%,-,-,-,-,-,-,-,-,-,-,-,-,-
Princeton Fant,40778,Dal,TE,IR,Sun 1:00 pm @ Hou,FA,-,14,0.00,"2,200","1,096",0%,-,-,-,-,-,-,-,-,-,-,-,-,-
Lucky Jackson,40791,Det,WR,NA,Sun 8:20 pm @ Car,FA,-,6,0.00,"2,463","1,098",0%,-,-,-,-,-,-,-,-,-,-,-,-,-
Dante Miller,40874,NYG,RB,NA,Sun 1:00 pm vs Ari,FA,-,8,0.00,"2,593","1,143",0%,-,-,-,-,-,-,-,-,-,-,-,-,-
Xavier Legette,40890,Car,WR,IR,Sun 8:20 pm vs Det,FA,-,5,0.00,280,"1,152",0%,-,-,-,-,-,-,-,-,-,-,-,-,-
Ricky Pearsall,40892,SF,WR,IR,Sun 4:25 pm vs Den,FA,-,8,0.00,335,"1,153",3%,-,-,-,-,-,-,-,-,-,-,-,-,-
Ja'Lynn Polk,40914,NO,WR,NA,Mon 8:15 pm vs Atl,FA,-,8,0.00,"2,489","1,164",0%,-,-,-,-,-,-,-,-,-,-,-,-,-
Adonai Mitchell,40915,NYJ,WR,O,Sun 1:00 pm @ Chi,FA,-,13,0.00,96,"1,166",29%,-,-,-,-,-,-,-,-,-,-,-,-,-
Bub Means,41045,Cle,WR,NA,Final W 27-24 vs Pit,W (Oct 7),-,11,0.00,"2,249",512,0%,-,-,-,-,-,-,-,-,-,-,-,-,-
