Player,Player ID,Team,Positions,Injury,Game,Roster Status,GP*,Bye,Fantasy Fan Pts,Rankings Pre-Season,Rankings Actual,Trends % Ros,Passing Yds,Passing TD,Passing Int,Rushing Att*,Rushing Yds,Rushing TD,Receiving Tgt*,Receiving Rec,Receiving Yds,Receiving TD,Ret TD,Misc 2PT,Fum Lost
Tetairoa McMillan,41793,Car,WR,,Final W 32-26 vs Det,Dave’s Bone Crushers,1,5,38.20,40,1,99%,0,0,0,0,0,0,16,14,192,2,0,0,0
CeeDee Lamb,32687,Dal,WR,,Final W 34-30 @ Hou,Owl Out Blitz,1,14,32.80,14,2,100%,0,0,0,1,-6,0,21,17,189,1,-,-,0
Kyren Williams,34120,LAR,RB,,Final W 24-20 @ Phi,Locked In Michelle,1,11,31.70,16,3,100%,0,0,0,16,80,2,13,10,67,0,-,-,0
Kenneth Walker III,33996,KC,RB,,Final W 30-27 @ LV,Max’s TD Bombers,1,5,30.40,7,4,100%,0,0,0,22,177,2,1,1,2,0,0,0,0
Javonte Williams,33423,Dal,RB,,Final W 34-30 @ Hou,JGrahnasaurs,1,14,28.80,19,5,100%,0,0,0,19,62,3,5,5,21,0,-,-,0
Kyle Monangai,42025,Chi,RB,Q,Final W 23-12 vs NYJ,Jason's Jazzy Team,1,10,27.50,81,6,83%,0,0,0,30,146,2,1,1,4,0,-,-,0
Nico Collins,33477,Hou,WR,,Final L 30-34 vs Dal,Steel City,1,8,27.30,30,7,100%,0,0,0,0,0,0,8,7,118,2,-,-,0
Tyquan Thornton,34005,KC,WR,O,Final W 30-27 @ LV,W (Oct 7),1,5,25.60,169,10,3%,0,0,0,0,0,0,8,5,111,2,-,-,0
Emanuel Wilson,40707,Sea,RB,,Final W 30-23 vs LAC,W (Oct 7),1,11,25.50,208,11,49%,0,0,0,21,81,1,4,3,39,1,0,0,0
Chuba Hubbard,33514,Car,RB,,Final W 32-26 vs Det,Jason's Jazzy Team,1,5,25.40,34,12,96%,0,0,0,20,122,2,2,1,7,0,-,-,0
Puka Nacua,40168,LAR,WR,,Final W 24-20 @ Phi,Owl Out Blitz,1,11,23.20,12,15,100%,0,0,0,1,2,1,12,9,125,0,-,-,0
Jonathan Taylor,32711,Ind,RB,,Final W 30-13 @ Was,Max’s TD Bombers,1,13,22.20,3,17,100%,0,0,0,20,95,2,4,1,2,0,-,-,0
Zay Flowers,40039,Bal,WR,,Final W 24-18 vs Ten,Jason's Jazzy Team,1,13,21.80,17,18,100%,0,0,0,0,0,0,10,8,118,1,-,-,0
Tee Higgins,32703,Cin,WR,Q,Final L 17-22 vs Jax,Jason's Jazzy Team,1,6,21.20,38,20,99%,0,0,0,0,0,0,16,11,157,0,-,-,0
Romeo Doubs,34088,NE,WR,,Final W 29-26 @ Buf,Maybe Mitchell,1,11,20.80,90,21,57%,0,0,0,0,0,0,9,6,58,2,-,-,0
Keon Coleman,40911,Buf,WR,,Final L 26-29 vs NE,W (Oct 7),1,7,20.60,154,22,5%,0,0,0,0,0,0,7,6,116,1,-,-,0
Malik Nabers,40899,NYG,WR,,Final W 36-24 vs Ari,Sunday Kevin,1,8,20.20,47,24,99%,0,0,0,0,0,0,7,6,112,1,-,-,0
Quinshon Judkins,41821,Cle,RB,,Final W 27-24 vs Pit,Owl Out Blitz,1,11,18.60,48,30,96%,0,0,0,17,53,1,7,6,43,0,-,-,0
Sam LaPorta,40064,Det,TE,,Final L 26-32 @ Car,Maybe Mitchell,1,6,18.40,93,32,98%,0,0,0,0,0,0,13,8,84,1,-,-,0
T.J. Hockenson,31840,Min,TE,,Final W 15-10 vs Mia,W (Oct 7),1,6,18.40,167,31,30%,0,0,0,0,0,0,13,13,119,0,-,-,0
Brock Bowers,40878,LV,TE,,Final L 27-30 vs KC,Owl Out Blitz,1,13,17.60,46,35,100%,0,0,0,0,0,0,11,6,86,1,-,-,0
Carnell Tate,42626,Ten,WR,,Final L 18-24 @ Bal,W (Oct 7),1,9,17.00,108,38,80%,0,0,0,0,0,0,12,9,145,0,0,0,1
Ollie Gordon II,41969,Mia,RB,,Final L 10-15 @ Min,W (Oct 7),1,6,17.00,114,36,62%,0,0,0,9,100,1,2,2,0,0,-,-,0
Rhamondre Stevenson,33508,NE,RB,,Final W 29-26 @ Buf,Jason's Jazzy Team,1,11,16.90,79,39,93%,0,0,0,13,47,1,5,3,27,0,0,1,0
Darius Cooper,42464,Phi,WR,,Final L 20-24 vs LAR,W (Oct 7),1,10,16.80,"2,081",40,0%,0,0,0,0,0,0,7,3,33,2,-,-,0
Jahmyr Gibbs,40059,Det,RB,,Final L 26-32 @ Car,Locked In Michelle,1,6,15.70,1,45,100%,0,0,0,15,46,1,7,4,31,0,-,-,0
Ashton Jeanty,41791,LV,RB,,Final L 27-30 vs KC,Max’s TD Bombers,1,13,15.60,13,46,100%,0,0,0,15,58,0,8,6,68,0,-,-,0
Deebo Samuel Sr.,31868,SF,WR,,Final W 24-14 vs Den,Max’s TD Bombers,1,8,15.50,73,47,86%,0,0,0,3,44,0,6,5,26,1,0,0,0
James Cook III,34019,Buf,RB,,Final L 26-29 vs NE,Sunday Kevin,1,7,15.30,8,48,100%,0,0,0,12,75,1,2,2,8,0,0,0,0
George Kittle,30259,SF,TE,,Final W 24-14 vs Den,Owl Out Blitz,1,8,15.00,84,49,98%,0,0,0,0,0,0,6,4,70,1,-,-,0
Roman Wilson,40952,Pit,WR,,Final L 24-27 @ Cle,W (Oct 7),1,9,14.90,286,51,3%,0,0,0,0,0,0,6,3,74,1,-,-,0
Derrick Henry,29279,Bal,RB,,Final W 24-18 vs Ten,JGrahnasaurs,1,13,14.90,6,50,100%,0,0,0,23,73,1,2,2,6,0,-,-,0
Aaron Jones Sr.,30295,Min,RB,,Final W 15-10 vs Mia,Locked In Michelle,1,6,14.80,50,52,93%,0,0,0,20,94,0,8,4,34,0,0,0,0
Christian McCaffrey,30121,SF,RB,,Final W 24-14 vs Den,Jason's Jazzy Team,1,8,14.50,9,53,100%,0,0,0,15,52,1,5,3,18,0,-,-,0
RJ Harvey,41845,Den,RB,,Final L 14-24 @ SF,Max’s TD Bombers,1,10,14.30,142,56,81%,0,0,0,7,25,0,10,10,68,0,0,0,0
Isaiah Williams,41421,NYJ,WR,,Final L 12-23 @ Chi,W (Oct 7),1,13,14.30,"2,084",55,2%,0,0,0,0,0,0,3,2,73,1,0,0,0
Jaylen Warren,34447,Pit,RB,,Final L 24-27 @ Cle,Dave’s Bone Crushers,1,9,14.10,44,57,96%,0,0,0,17,93,0,6,3,33,0,0,0,0
DK Metcalf,31896,Pit,WR,,Final L 24-27 @ Cle,Jason's Jazzy Team,1,9,14.00,82,61,92%,0,0,0,0,0,0,9,5,115,0,-,-,0
Chase Brown,40196,Cin,RB,,Final L 17-22 vs Jax,Steel City,1,6,13.60,10,64,100%,0,0,0,9,10,0,11,11,71,0,-,-,0
Tucker Kraft,40102,GB,TE,,Final W 17-14 @ TB,Max’s TD Bombers,1,11,13.50,101,67,97%,0,0,0,1,3,0,7,6,42,1,-,-,0
Jameson Williams,33967,Det,WR,,Final L 26-32 @ Car,Jason's Jazzy Team,1,6,13.20,57,70,95%,0,0,0,0,0,0,8,6,102,0,-,-,0
Brenton Strange,40078,Jax,TE,,Final W 22-17 @ Cin,W (Oct 7),1,7,13.00,156,72,27%,0,0,0,0,0,0,8,7,95,0,0,0,0
Michael Wilson,40121,Ari,WR,,Final L 24-36 @ NYG,Maybe Mitchell,1,14,13.00,63,73,90%,0,0,0,0,0,0,13,7,95,0,-,-,0
Rome Odunze,40901,Chi,WR,,Final W 23-12 vs NYJ,JGrahnasaurs,1,10,12.40,69,74,90%,0,0,0,0,0,0,7,6,94,0,-,-,0
Omarion Hampton,41807,LAC,RB,,Final L 23-30 @ Sea,Monday Night Madison,1,7,12.30,45,75,100%,0,0,0,9,45,1,2,2,8,0,-,-,0
Malachi Fields,42696,NYG,WR,,Final W 36-24 vs Ari,W (Oct 7),1,8,12.20,200,76,7%,0,0,0,0,0,0,3,2,52,1,-,-,0
Michael Mayer,40065,LV,TE,,Final L 27-30 vs KC,W (Oct 7),1,13,12.20,235,77,7%,0,0,0,0,0,0,10,8,82,0,-,-,0
Jaylen Waddle,33394,Den,WR,,Final L 14-24 @ SF,Owl Out Blitz,1,10,12.00,43,79,99%,0,0,0,0,0,0,6,5,35,1,-,-,0
Tony Pollard,31960,Ten,RB,,Final L 18-24 @ Bal,Maybe Mitchell,1,9,12.00,117,80,90%,0,0,0,16,48,1,4,2,2,0,-,-,0
Tyler Allgeier,34107,Ari,RB,,Final L 24-36 @ NYG,W (Oct 7),1,14,11.90,177,85,37%,0,0,0,8,42,1,2,2,7,0,-,-,0
Rashid Shaheed,34659,Sea,WR,,Final W 30-23 vs LAC,Maybe Mitchell,1,11,11.80,148,86,33%,0,0,0,2,33,1,3,1,20,0,0,0,0
Dohnte Meyers,42616,Cin,WR,,Final L 17-22 vs Jax,W (Oct 7),1,6,11.70,"2,103",87,1%,0,0,0,0,0,0,9,7,82,0,0,0,0
Mike Gesicki,31012,Cin,TE,,Final L 17-22 vs Jax,W (Oct 7),1,6,11.50,172,90,7%,0,0,0,0,0,0,5,3,40,1,-,-,0
Isaac TeSlaa,41865,Det,WR,,Final L 26-32 @ Car,W (Oct 7),1,6,11.50,214,92,3%,0,0,0,0,0,0,8,4,95,0,-,-,0
Amon-Ra St. Brown,33500,Det,WR,,Final L 26-32 @ Car,Sunday Kevin,1,6,11.50,5,91,100%,0,0,0,0,0,0,11,8,75,0,-,-,0
Treylon Burks,33973,Was,WR,,Final L 13-30 vs Ind,W (Oct 7),1,7,11.20,"2,078",94,0%,0,0,0,0,0,0,3,1,47,1,-,-,0
Mark Andrews,31056,Bal,TE,,Final W 24-18 vs Ten,Dave’s Bone Crushers,1,13,11.20,155,96,84%,0,0,0,0,0,0,6,5,27,1,-,-,0
Efton Chism III,42296,NE,WR,,Final W 29-26 @ Buf,W (Oct 7),1,11,11.20,"2,271",95,0%,0,0,0,0,0,0,4,2,42,1,-,-,0
Denzel Boston,42661,Cle,WR,,Final W 27-24 vs Pit,JGrahnasaurs,1,11,10.90,91,98,75%,0,0,0,0,0,0,7,4,89,0,-,-,0
Kimani Vidal,41052,LAC,RB,,Final L 23-30 @ Sea,W (Oct 7),1,7,10.60,253,99,1%,0,0,0,5,25,0,3,2,11,1,0,0,0
Jaylin Noel,41885,Hou,WR,,Final L 30-34 vs Dal,W (Oct 7),1,8,10.40,217,100,2%,0,0,0,1,4,0,3,3,85,0,0,0,0
Matthew Golden,41808,GB,WR,,Final W 17-14 @ TB,Owl Out Blitz,1,11,10.20,61,102,91%,0,0,0,1,6,0,7,3,21,1,-,-,0
Ian Thomas,31071,LV,TE,,Final L 27-30 vs KC,W (Oct 7),1,13,10.20,"2,051",101,0%,0,0,0,0,0,0,2,2,32,1,-,-,0
Harold Fannin Jr.,41877,Cle,TE,,Final W 27-24 vs Pit,Locked In Michelle,1,11,10.20,111,103,95%,0,0,0,0,0,0,5,3,27,1,-,-,0
Darnell Washington,40094,Pit,TE,,Final L 24-27 @ Cle,W (Oct 7),1,9,10.20,343,104,1%,0,0,0,0,0,0,5,3,27,1,-,-,0
Mike Evans,27535,SF,WR,,Final W 24-14 vs Den,Owl Out Blitz,1,8,10.10,55,105,96%,0,0,0,0,0,0,8,5,76,0,-,-,0
Isaiah Likely,34095,NYG,TE,,Final W 36-24 vs Ari,Max’s TD Bombers,1,8,10.10,116,108,90%,0,0,0,0,0,0,12,7,66,0,-,-,0
Bhayshul Tuten,41900,Jax,RB,,Final W 22-17 @ Cin,Steel City,1,7,10.10,41,106,96%,0,0,0,17,73,0,2,2,18,0,-,-,0
Jaxon Smith-Njigba,40041,Sea,WR,,Final W 30-23 vs LAC,Maybe Mitchell,1,11,10.10,4,107,100%,0,0,0,0,0,0,6,5,76,0,-,-,0
Khalil Shakir,34104,Buf,WR,,Final L 26-29 vs NE,W (Oct 7),1,7,9.70,110,112,42%,0,0,0,0,0,0,8,7,82,0,0,0,1
Kenny Gainwell,33538,TB,RB,,Final L 14-17 vs GB,W (Oct 7),1,10,9.70,150,111,58%,0,0,0,3,5,0,2,2,22,1,-,-,0
Malik Washington,41058,Mia,WR,,Final L 10-15 @ Min,W (Oct 7),1,6,9.50,140,113,31%,0,0,0,2,3,0,5,5,67,0,0,0,0
Wan'Dale Robinson,33998,Ten,WR,,Final L 18-24 @ Bal,JGrahnasaurs,1,9,9.50,88,114,53%,0,0,0,1,1,0,5,3,19,1,-,-,0
Chris Rodriguez Jr.,40231,Jax,RB,,Final W 22-17 @ Cin,W (Oct 7),1,7,9.50,221,115,37%,0,0,0,6,35,1,0,0,0,0,-,-,0
Luther Burden III,41824,Chi,WR,,Final W 23-12 vs NYJ,Max’s TD Bombers,1,10,9.40,54,116,95%,0,0,0,1,11,0,6,4,63,0,-,-,0
Pat Freiermuth,33443,Pit,TE,,Final L 24-27 @ Cle,W (Oct 7),1,9,9.20,165,118,15%,0,0,0,0,0,0,5,3,17,1,-,-,0
Tyler Higbee,29344,LAR,TE,,Final W 24-20 @ Phi,W (Oct 7),1,11,9.20,321,117,2%,0,0,0,0,0,0,6,5,67,0,-,-,0
Xavier Worthy,40877,KC,WR,,Final W 30-27 @ LV,W (Oct 7),1,5,9.00,86,123,61%,0,0,0,0,0,0,7,4,70,0,0,0,0
KC Concepcion Jr.,42646,Cle,WR,,Final W 27-24 vs Pit,Steel City,1,11,8.90,98,126,61%,0,0,0,0,0,0,8,5,64,0,0,0,0
Elijah Higgins,40226,Ari,TE,,Final L 24-36 @ NYG,W (Oct 7),1,14,8.90,"2,066",125,0%,0,0,0,0,0,0,2,2,19,1,-,-,0
Jaleel McLaughlin,40696,Cle,RB,,Final W 27-24 vs Pit,W (Oct 7),1,11,8.80,"2,127",128,0%,0,0,0,1,28,1,0,0,0,0,-,-,0
Keaton Mitchell,40641,LAC,RB,,Final L 23-30 @ Sea,W (Oct 7),1,7,8.80,146,127,35%,0,0,0,10,39,0,6,5,24,0,0,0,0
Colston Loveland,41795,Chi,TE,,Final W 23-12 vs NYJ,Steel City,1,10,8.70,125,131,95%,0,0,0,0,0,0,9,6,57,0,-,-,0
Hunter Henry,29269,NE,TE,,Final W 29-26 @ Buf,Monday Night Madison,1,11,8.70,157,130,48%,0,0,0,0,0,0,5,5,62,0,-,-,0
Brian Thomas Jr.,40883,Jax,WR,,Final W 22-17 @ Cin,W (Oct 7),1,7,8.70,102,132,72%,0,0,0,0,0,0,2,2,17,1,0,0,0
George Pickens,34007,Dal,WR,,Final W 34-30 @ Hou,Locked In Michelle,1,14,8.50,32,133,100%,0,0,0,0,0,0,3,2,75,0,-,-,0
Woody Marks,41902,Hou,RB,,Final L 30-34 vs Dal,JGrahnasaurs,1,8,8.20,136,134,55%,0,0,0,6,22,1,1,0,0,0,-,-,0
Dyami Brown,33470,Was,WR,,Final L 13-30 vs Ind,W (Oct 7),1,7,8.00,"2,257",136,0%,0,0,0,0,0,0,4,3,65,0,0,0,0
Marvin Harrison Jr.,40893,Ari,WR,,Final L 24-36 @ NYG,Locked In Michelle,1,14,7.70,153,143,75%,0,0,0,0,0,0,4,1,12,1,-,-,0
Braelon Allen,40981,NYJ,RB,,Final L 12-23 @ Chi,Owl Out Blitz,1,13,7.70,128,142,81%,0,0,0,14,59,0,2,2,8,0,-,-,0
Theo Johnson,41003,NYG,TE,,Final W 36-24 vs Ari,W (Oct 7),1,8,7.60,328,144,0%,0,0,0,0,0,0,1,1,11,1,-,-,0
Tre' Harris,41840,LAC,WR,,Final L 23-30 @ Sea,W (Oct 7),1,7,7.50,180,145,9%,0,0,0,0,0,0,5,3,60,0,-,-,0
MarShawn Lloyd,40971,GB,RB,,Final W 17-14 @ TB,Steel City,1,11,7.40,176,146,59%,0,0,0,7,13,0,5,5,36,0,0,0,0
Jordan Addison,40042,Min,WR,,Final W 15-10 vs Mia,Monday Night Madison,1,6,7.10,76,148,89%,0,0,0,1,-1,0,6,4,52,0,-,-,0
Cam Skattebo,41922,NYG,RB,,Final W 36-24 vs Ari,Locked In Michelle,1,8,7.10,35,147,98%,0,0,0,18,58,0,1,1,8,0,-,-,0
Tory Horton,41952,Sea,WR,,Final W 30-23 vs LAC,W (Oct 7),1,11,7.10,326,149,0%,0,0,0,0,0,0,1,1,6,1,-,-,0
Sean Tucker,40742,TB,RB,,Final L 14-17 vs GB,W (Oct 7),1,10,7.00,284,154,1%,0,0,0,3,10,1,0,0,0,0,-,-,0
Tyler Badie,34152,Den,RB,,Final L 14-24 @ SF,W (Oct 7),1,10,6.90,"2,666",156,0%,0,0,0,2,7,0,2,2,32,0,0,1,0
Mack Hollins,30231,NE,WR,Q,Final W 29-26 @ Buf,W (Oct 7),1,11,6.80,242,157,12%,0,0,0,0,0,0,4,3,53,0,-,-,0
Laquon Treadwell,29257,Ind,WR,,Final W 30-13 @ Was,W (Oct 7),1,13,6.70,"2,663",158,0%,0,0,0,0,0,0,6,5,42,0,-,-,0
Cody White,32948,LV,WR,,Final L 27-30 vs KC,W (Oct 7),1,13,6.60,"2,075",159,1%,0,0,0,0,0,0,4,2,36,0,0,1,0
Tyler Warren,41799,Ind,TE,,Final W 30-13 @ Was,Sunday Kevin,1,13,6.60,52,161,99%,0,0,0,0,0,0,5,5,41,0,-,-,0
Trey McBride,34010,Ari,TE,,Final L 24-36 @ NYG,Maybe Mitchell,1,14,6.60,39,160,100%,-,-,-,-,-,-,12,7,31,0,-,-,0
Mitch Tinsley,40313,Cin,WR,,Final L 17-22 vs Jax,W (Oct 7),1,6,6.40,"2,053",164,0%,0,0,0,0,0,0,7,3,49,0,-,-,0
D'Andre Swift,32705,Chi,RB,,Final W 23-12 vs NYJ,Owl Out Blitz,1,10,6.40,21,162,98%,0,0,0,15,58,0,2,2,16,0,0,0,1
Tre Tucker,40114,LV,WR,,Final L 27-30 vs KC,W (Oct 7),1,13,6.40,95,163,42%,0,0,0,0,0,0,8,4,44,0,-,-,0
Oronde Gadsden,41951,LAC,TE,,Final L 23-30 @ Sea,W (Oct 7),1,7,6.30,160,165,9%,0,0,0,1,2,0,8,5,36,0,-,-,0
Christian Watson,33989,GB,WR,,Final W 17-14 @ TB,Sunday Kevin,1,11,6.20,29,167,98%,0,0,0,0,0,0,3,3,47,0,-,-,0
Pat Bryant,41860,Den,WR,D,Final L 14-24 @ SF,W (Oct 7),1,10,6.20,124,166,8%,0,0,0,0,0,0,3,3,47,0,-,-,0
J.K. Dobbins,32725,Den,RB,,Final L 14-24 @ SF,Sunday Kevin,1,10,6.20,94,168,82%,0,0,0,11,40,0,2,2,12,0,-,-,0
Chris Godwin Jr.,30197,TB,WR,,Final L 14-17 vs GB,Steel City,1,10,6.10,71,169,74%,0,0,0,0,0,0,7,6,31,0,-,-,0
Xavier Hutchinson,40232,Hou,WR,,Final L 30-34 vs Dal,W (Oct 7),1,8,6.10,"2,041",171,4%,0,0,0,0,0,0,5,3,46,0,-,-,0
Bucky Irving,40993,TB,RB,,Final L 14-17 vs GB,Sunday Kevin,1,10,6.10,31,170,97%,0,0,0,16,61,0,0,0,0,0,-,-,0
Stefon Diggs,28534,Was,WR,,Final L 13-30 vs Ind,Monday Night Madison,1,7,6.00,70,180,90%,0,0,0,0,0,0,9,5,35,0,-,-,0
Jeremiyah Love,42625,Ari,RB,Q,Final L 24-36 @ NYG,Monday Night Madison,1,14,6.00,22,175,100%,0,0,0,14,63,0,1,1,-8,0,-,-,0
Jacory Croskey-Merritt,42010,Was,RB,,Final L 13-30 vs Ind,Owl Out Blitz,1,7,6.00,80,174,87%,0,0,0,9,15,0,4,2,35,0,-,-,0
Cade Otton,34062,TB,TE,,Final L 14-17 vs GB,W (Oct 7),1,10,5.70,193,182,3%,0,0,0,0,0,0,6,4,37,0,-,-,0
Ryan Flournoy,41087,Dal,WR,,Final W 34-30 @ Hou,W (Oct 7),1,14,5.70,224,181,8%,0,0,0,0,0,0,5,4,37,0,-,-,0
Rashod Bateman,33415,Bal,WR,,Final W 24-18 vs Ten,W (Oct 7),1,13,5.60,126,183,26%,0,0,0,0,0,0,2,2,46,0,-,-,0
Tank Bigsby,40095,Phi,RB,O,Final L 20-24 vs LAR,Monday Night Madison,1,10,5.50,202,184,27%,0,0,0,14,55,0,1,0,0,0,-,-,0
John Metchie III,33999,Car,WR,,Final W 32-26 vs Det,W (Oct 7),1,5,5.20,"2,056",188,0%,0,0,0,0,0,0,5,3,37,0,-,-,0
Josh Cameron,42813,Jax,WR,,Final W 22-17 @ Cin,W (Oct 7),1,7,5.20,"2,091",186,0%,0,0,0,0,0,0,2,2,42,0,0,0,0
Davante Adams,27581,LAR,WR,,Final W 24-20 @ Phi,JGrahnasaurs,1,11,5.20,33,187,98%,0,0,0,0,0,0,9,4,32,0,-,-,0
Kayshon Boutte,40224,Hou,WR,,Final L 30-34 vs Dal,W (Oct 7),1,8,5.10,194,189,18%,0,0,0,0,0,0,4,3,36,0,-,-,0
Jerry Jeudy,32685,Cle,WR,,Final W 27-24 vs Pit,W (Oct 7),1,11,5.10,218,190,5%,0,0,0,0,0,0,3,3,36,0,-,-,0
Darren Waller,28592,Car,TE,,Final W 32-26 vs Det,W (Oct 7),1,5,5.10,132,191,32%,0,0,0,0,0,0,6,3,36,0,-,-,0
Jakobi Meyers,32231,Jax,WR,,Final W 22-17 @ Cin,Locked In Michelle,1,7,4.80,74,200,55%,0,0,0,0,0,0,4,3,33,0,-,-,0
Austin Ekeler,30423,Was,RB,,Final L 13-30 vs Ind,W (Oct 7),1,7,4.50,310,202,3%,0,0,0,4,29,0,2,1,11,0,-,-,0
Quentin Johnston,40051,LAC,WR,,Final L 23-30 @ Sea,Sunday Kevin,1,7,4.50,121,201,63%,0,0,0,1,-4,0,2,1,44,0,-,-,0
Ashton Dulin,32292,Ind,WR,,Final W 30-13 @ Was,W (Oct 7),1,13,4.40,"2,688",203,0%,0,0,0,0,0,0,6,3,29,0,-,-,0
Matt Hibner,42755,Bal,TE,,Final W 24-18 vs Ten,W (Oct 7),1,13,4.40,"2,060",204,0%,0,0,0,0,0,0,2,2,34,0,-,-,0
David Montgomery,31905,Hou,RB,,Final L 30-34 vs Dal,Maybe Mitchell,1,8,4.30,56,205,98%,0,0,0,10,24,0,0,0,19,0,-,-,0
Seth McGowan,42859,Ind,RB,,Final W 30-13 @ Was,W (Oct 7),1,13,4.30,278,206,1%,0,0,0,6,31,0,2,1,7,0,0,0,0
TreVeyon Henderson,41823,NE,RB,,Final W 29-26 @ Buf,Steel City,1,11,4.20,62,207,93%,0,0,0,14,42,0,2,0,0,0,-,-,0
Brycen Tremayne,40407,Car,WR,,Final W 32-26 vs Det,W (Oct 7),1,5,4.20,"2,508",210,2%,0,0,0,0,0,0,3,2,32,0,-,-,0
Ja'Marr Chase,33393,Cin,WR,Q,Final L 17-22 vs Jax,Steel City,1,6,4.20,11,208,100%,0,0,0,0,0,0,3,3,27,0,-,-,0
Makai Lemon,42642,Phi,WR,,Final L 20-24 vs LAR,W (Oct 7),1,10,4.20,118,211,49%,0,0,0,0,0,0,6,3,27,0,-,-,0
Garrett Wilson,33965,NYJ,WR,,Final L 12-23 @ Chi,Steel City,1,13,4.20,36,209,99%,0,0,0,0,0,0,4,3,27,0,-,-,0
Chris Brooks,40625,GB,RB,Q,Final W 17-14 @ TB,W (Oct 7),1,11,4.00,285,219,2%,0,0,0,4,30,0,1,1,5,0,-,-,0
Mark Redman,42323,GB,TE,,Final W 17-14 @ TB,W (Oct 7),1,11,3.90,"2,087",222,0%,0,0,0,0,0,0,2,2,29,0,-,-,0
Kyle Juszczyk,26753,SF,RB,D,Final W 24-14 vs Den,W (Oct 7),1,8,3.80,"2,506",223,0%,0,0,0,0,0,0,2,2,28,0,-,-,0
Tez Johnson,42030,TB,WR,,Final L 14-17 vs GB,W (Oct 7),1,10,3.70,"2,092",224,0%,0,0,0,1,10,0,2,2,17,0,0,0,0
Antonio Williams,42693,Was,WR,,Final L 13-30 vs Ind,W (Oct 7),1,7,3.60,139,225,6%,0,0,0,0,0,0,8,3,21,0,0,0,0
Justice Hill,31945,Bal,RB,,Final W 24-18 vs Ten,W (Oct 7),1,13,3.50,279,226,4%,0,0,0,1,3,0,3,2,22,0,-,-,0
Ted Hurst III,42706,TB,WR,,Final L 14-17 vs GB,W (Oct 7),1,10,3.50,120,227,2%,0,0,0,0,0,0,3,2,25,0,-,-,0
Dontayvion Wicks,40201,Phi,WR,,Final L 20-24 vs LAR,Monday Night Madison,1,10,3.30,72,228,60%,0,0,0,0,0,0,5,3,18,0,-,-,0
Tommy Tremble,33471,Car,TE,,Final W 32-26 vs Det,W (Oct 7),1,5,3.20,"2,059",229,0%,-,-,-,-,-,-,4,4,12,0,-,-,0
Josh Downs,40126,Ind,WR,,Final W 30-13 @ Was,Dave’s Bone Crushers,1,13,3.10,59,230,92%,-,-,-,-,-,-,4,3,16,0,-,-,0
Najee Harris,33412,NYG,RB,,Final W 36-24 vs Ari,W (Oct 7),1,8,3.00,240,231,6%,0,0,0,9,30,0,0,0,0,0,0,1,1
Gunnar Helm,41905,Ten,TE,,Final L 18-24 @ Bal,W (Oct 7),1,9,3.00,197,232,1%,-,-,-,-,-,-,1,1,5,0,0,1,0
Roschon Johnson,40162,Chi,RB,,Final W 23-12 vs NYJ,W (Oct 7),1,10,2.80,"2,776",235,0%,0,0,0,4,16,0,1,1,7,0,-,-,0
Elic Ayomanor,41904,Ten,WR,,Final L 18-24 @ Bal,W (Oct 7),1,9,2.70,275,237,0%,0,0,0,0,0,0,1,1,22,0,-,-,0
Noah Gray,33550,KC,TE,,Final W 30-27 @ LV,W (Oct 7),1,5,2.70,"2,106",236,0%,0,0,0,0,0,0,3,2,17,0,-,-,0
Raheim Sanders,42139,Cle,RB,,Final W 27-24 vs Pit,W (Oct 7),1,11,2.60,294,238,2%,0,0,0,2,9,0,2,2,7,0,0,0,0
Jake Ferguson,34085,Dal,TE,,Final W 34-30 @ Hou,JGrahnasaurs,1,14,2.60,130,240,76%,0,0,0,0,0,0,4,3,11,0,-,-,0
Blake Corum,40962,LAR,RB,,Final W 24-20 @ Phi,Maybe Mitchell,1,11,2.60,113,239,83%,-,-,-,5,14,0,2,1,7,0,-,-,0
Travis Kelce,26686,KC,TE,,Final W 30-27 @ LV,Sunday Kevin,1,5,2.50,97,243,97%,0,0,0,0,0,0,4,2,15,0,-,-,0
Michael Pittman Jr.,32704,Pit,WR,,Final L 24-27 @ Cle,Sunday Kevin,1,9,2.50,119,246,59%,-,-,-,-,-,-,4,2,15,0,-,-,0
George Holani,41344,Sea,RB,,Final W 30-23 vs LAC,W (Oct 7),1,11,2.50,261,241,15%,0,0,0,7,18,0,1,1,2,0,-,-,0
DeMario Douglas,40222,NE,WR,,Final W 29-26 @ Buf,W (Oct 7),1,11,2.50,229,245,2%,0,0,0,0,0,0,3,2,15,0,-,-,0
Cade Stover,40987,Hou,TE,,Final L 30-34 vs Dal,W (Oct 7),1,8,2.50,"2,480",242,0%,0,0,0,0,0,0,1,1,20,0,-,-,0
Jonnu Smith,30213,GB,TE,,Final W 17-14 @ TB,W (Oct 7),1,11,2.40,335,248,0%,-,-,-,-,-,-,1,1,19,0,-,-,0
Devontez Walker,40991,Bal,WR,,Final W 24-18 vs Ten,W (Oct 7),1,13,2.40,"2,088",247,0%,0,0,0,0,0,0,2,1,19,0,-,-,0
Dawson Knox,31928,Buf,TE,,Final L 26-29 vs NE,W (Oct 7),1,7,2.30,346,251,1%,-,-,-,-,-,-,2,2,13,0,-,-,0
Will Shipley,41002,Phi,RB,,Final L 20-24 vs LAR,W (Oct 7),1,10,2.30,308,253,1%,0,0,0,6,23,0,1,0,0,0,0,0,0
Zach Ertz,26658,Phi,TE,NA,Final L 20-24 vs LAR,W (Oct 7),1,10,2.30,325,249,2%,-,-,-,-,-,-,4,2,13,0,-,-,0
Emeka Egbuka,41804,TB,WR,,Final L 14-17 vs GB,Monday Night Madison,1,10,2.30,53,250,97%,0,0,0,0,0,0,4,2,13,0,-,-,0
Cole Kmet,32713,Chi,TE,,Final W 23-12 vs NYJ,W (Oct 7),1,10,2.30,"2,039",252,1%,0,0,0,0,0,0,2,2,13,0,-,-,0
Sione Vaki,41006,Det,RB,,Final L 26-32 @ Car,W (Oct 7),1,6,2.20,270,256,1%,0,0,0,0,0,0,2,1,17,0,-,-,0
DJ Moore,30994,Buf,WR,Q,Final L 26-29 vs NE,Dave’s Bone Crushers,1,7,2.20,51,257,97%,0,0,0,1,6,0,2,1,11,0,-,-,0
Kaleb Johnson,41881,GB,RB,,Final W 17-14 @ TB,W (Oct 7),1,11,2.20,227,254,6%,0,0,0,8,42,0,0,0,0,0,0,0,1
Mike Washington Jr.,42744,LV,RB,,Final L 27-30 vs KC,W (Oct 7),1,13,2.20,179,255,34%,0,0,0,9,18,0,2,1,-1,0,-,-,0
Ty Johnson,32018,Buf,RB,,Final L 26-29 vs NE,W (Oct 7),1,7,2.20,295,258,1%,0,0,0,1,3,0,2,2,9,0,-,-,0
Germie Bernard,42669,Pit,WR,,Final L 24-27 @ Cle,W (Oct 7),1,9,2.10,230,259,1%,-,-,-,-,-,-,2,2,11,0,-,-,0
Will Kacmarek,42709,Mia,TE,,Final L 10-15 @ Min,W (Oct 7),1,6,2.00,"2,484",266,0%,0,0,0,0,0,0,2,1,15,0,-,-,0
Chimere Dike,41903,Ten,WR,,Final L 18-24 @ Bal,W (Oct 7),1,9,2.00,263,260,1%,0,0,0,0,0,0,1,1,15,0,0,0,0
Nate Boerkircher,42678,Jax,TE,,Final W 22-17 @ Cin,W (Oct 7),1,7,2.00,"2,478",265,0%,0,0,0,0,0,0,2,1,15,0,-,-,0
Dalton Schultz,31107,Hou,TE,,Final L 30-34 vs Dal,Jason's Jazzy Team,1,8,1.90,141,267,72%,0,0,0,0,0,0,2,2,9,0,-,-,0
Tai Felton,41859,Min,WR,,Final W 15-10 vs Mia,W (Oct 7),1,6,1.90,"2,751",268,0%,-,-,-,-,-,-,1,1,14,0,-,-,0
Calvin Ridley,30996,Ten,WR,,Final L 18-24 @ Bal,W (Oct 7),1,9,1.80,237,269,2%,0,0,0,0,0,0,2,1,13,0,-,-,0
Myles Price,42389,Min,WR,,Final W 15-10 vs Mia,W (Oct 7),1,6,1.80,"2,755",271,2%,-,-,-,1,2,0,2,2,6,0,0,0,0
Elijah Sarratt,42737,Bal,WR,,Final W 24-18 vs Ten,W (Oct 7),1,13,1.80,262,273,0%,0,0,0,0,0,0,2,1,13,0,-,-,0
Brevin Jordan,33535,Hou,TE,,Final L 30-34 vs Dal,W (Oct 7),1,8,1.80,"2,473",270,0%,0,0,0,0,0,0,1,1,13,0,-,-,0
Cooper Kupp,30182,Sea,WR,,Final W 30-23 vs LAC,W (Oct 7),1,11,1.80,225,272,10%,0,0,0,0,0,0,2,1,13,0,-,-,0
Eli Raridon,42717,NE,TE,Q,Final W 29-26 @ Buf,W (Oct 7),1,11,1.70,236,275,0%,0,0,0,0,0,0,2,1,12,0,-,-,0
AJ Barner,41001,Sea,TE,,Final W 30-23 vs LAC,W (Oct 7),1,11,1.70,168,274,14%,0,0,0,0,0,0,3,1,12,0,-,-,0
Kalif Raymond,29631,Chi,WR,,Final W 23-12 vs NYJ,JGrahnasaurs,1,10,1.60,104,276,37%,-,-,-,-,-,-,2,2,6,0,0,0,0
Jelani Woods,34029,NYJ,TE,,Final L 12-23 @ Chi,W (Oct 7),1,13,1.60,"2,238",277,0%,-,-,-,-,-,-,1,1,11,0,-,-,0
Emmett Johnson,42796,KC,RB,,Final W 30-27 @ LV,W (Oct 7),1,5,1.50,161,283,31%,0,0,0,0,0,0,1,1,10,0,0,0,0
Parker Washington,40234,Jax,WR,,Final W 22-17 @ Cin,Max’s TD Bombers,1,7,1.50,25,281,97%,0,0,0,1,3,0,3,1,7,0,0,0,0
Hunter Long,33469,Ari,TE,Q,Final L 24-36 @ NYG,W (Oct 7),1,14,1.50,"2,120",280,0%,0,0,0,0,0,0,1,1,10,0,-,-,0
Saquon Barkley,30972,Phi,RB,Q,Final L 20-24 vs LAR,Monday Night Madison,1,10,1.50,20,279,100%,-,-,-,2,8,0,1,1,2,0,0,0,0
Chig Okonkwo,34099,Was,TE,,Final L 13-30 vs Ind,W (Oct 7),1,7,1.50,174,282,18%,-,-,-,-,-,-,4,2,5,0,-,-,0
DeeJay Dallas,32814,Min,RB,,Final W 15-10 vs Mia,W (Oct 7),1,6,1.50,"2,791",278,0%,-,-,-,-,-,-,1,1,10,0,-,-,0
Sam Roush,42691,Chi,TE,,Final W 23-12 vs NYJ,W (Oct 7),1,10,1.30,"2,259",289,0%,0,0,0,0,0,0,1,1,8,0,-,-,0
Jauan Jennings,32887,Min,WR,,Final W 15-10 vs Mia,W (Oct 7),1,6,1.30,220,285,13%,-,-,-,-,-,-,1,1,8,0,-,-,0
Kaelon Black,42712,SF,RB,,Final W 24-14 vs Den,W (Oct 7),1,8,1.30,158,284,42%,0,0,0,6,13,0,0,0,0,0,-,-,0
Tutu Atwell,33445,LAR,WR,,Final W 24-20 @ Phi,W (Oct 7),1,11,1.30,"2,270",286,0%,-,-,-,-,-,-,1,1,8,0,-,-,0
Mitchell Evans,41949,Car,TE,,Final W 32-26 vs Det,W (Oct 7),1,5,1.30,"2,100",287,0%,-,-,-,-,-,-,1,1,8,0,-,-,0
Brock Wright,33774,Det,TE,,Final L 26-32 @ Car,W (Oct 7),1,6,1.30,"2,089",288,0%,-,-,-,-,-,-,2,1,8,0,-,-,0
Dalton Kincaid,40048,Buf,TE,,Final L 26-29 vs NE,Jason's Jazzy Team,1,7,1.20,87,293,97%,-,-,-,-,-,-,2,1,7,0,-,-,0
Konata Mumpfield,42035,LAR,WR,Q,Final W 24-20 @ Phi,W (Oct 7),1,11,1.20,"2,250",292,1%,0,0,0,0,0,0,3,1,7,0,-,-,0
Demond Claiborne,42820,Min,RB,,Final W 15-10 vs Mia,W (Oct 7),1,6,1.20,289,295,2%,-,-,-,3,12,0,0,0,0,0,-,-,0
Ben Skowronek,33637,Pit,WR,,Final L 24-27 @ Cle,W (Oct 7),1,9,1.20,"2,667",291,0%,-,-,-,-,-,-,2,1,7,0,-,-,0
Tyler Goodson,34261,Dal,RB,,Final W 34-30 @ Hou,W (Oct 7),1,14,1.20,"2,788",294,0%,0,0,0,3,12,0,1,0,0,0,-,-,0
Ray Davis,40980,Buf,RB,,Final L 26-29 vs NE,W (Oct 7),1,7,1.20,228,290,8%,-,-,-,1,3,0,1,1,4,0,0,0,0
AJ Dillon,32732,Car,RB,,Final W 32-26 vs Det,W (Oct 7),1,5,1.20,"2,770",296,1%,0,0,0,5,2,0,1,1,5,0,-,-,0
Evan Engram,30136,Den,TE,,Final L 14-24 @ SF,W (Oct 7),1,10,1.10,206,298,2%,0,0,0,0,0,0,5,1,6,0,-,-,0
Deion Burks,42876,Ind,WR,,Final W 30-13 @ Was,W (Oct 7),1,13,1.10,"2,627",299,0%,-,-,-,-,-,-,2,1,6,0,-,-,0
Tyjae Spears,40119,Ten,RB,,Final L 18-24 @ Bal,W (Oct 7),1,9,1.10,199,297,27%,0,0,0,2,7,0,1,1,-1,0,0,0,0
Connor Heyward,34163,LV,RB,,Final L 27-30 vs KC,W (Oct 7),1,13,1.00,"2,777",300,0%,0,0,0,2,-4,0,1,1,9,0,-,-,0
Jordan Whittington,41083,LAR,WR,,Final W 24-20 @ Phi,W (Oct 7),1,11,0.90,"2,690",304,0%,-,-,-,-,-,-,2,1,4,0,-,-,0
Courtland Sutton,31010,Den,WR,,Final L 14-24 @ SF,JGrahnasaurs,1,10,0.90,83,305,78%,-,-,-,-,-,-,6,1,4,0,-,-,0
Gavin Bartholomew,41994,Min,TE,,Final W 15-10 vs Mia,W (Oct 7),1,6,0.90,"2,472",306,0%,-,-,-,-,-,-,1,1,4,0,-,-,0
Kevin Coleman Jr.,42768,Mia,WR,,Final L 10-15 @ Min,W (Oct 7),1,6,0.80,281,309,0%,-,-,-,-,-,-,4,1,3,0,-,-,0
Joshua Palmer,33465,Buf,WR,,Final L 26-29 vs NE,W (Oct 7),1,7,0.80,"2,025",308,2%,-,-,-,-,-,-,4,1,3,0,-,-,0
Kameron Johnson,41300,TB,WR,,Final L 14-17 vs GB,W (Oct 7),1,10,0.80,"2,771",307,0%,-,-,-,-,-,-,2,1,3,0,-,-,0
Samaje Perine,30227,Cin,RB,,Final L 17-22 vs Jax,W (Oct 7),1,6,0.70,265,313,3%,0,0,0,3,7,0,1,0,0,0,-,-,0
Hunter Luepke,40780,Dal,RB,,Final W 34-30 @ Hou,W (Oct 7),1,14,0.70,"2,772",315,0%,-,-,-,-,-,-,1,1,2,0,-,-,0
Tanner Hudson,31257,Cin,TE,,Final L 17-22 vs Jax,W (Oct 7),1,6,0.70,"2,093",311,0%,-,-,-,-,-,-,1,1,2,0,-,-,0
Daniel Bellinger,34068,Ten,TE,,Final L 18-24 @ Bal,W (Oct 7),1,9,0.70,"2,104",312,0%,-,-,-,-,-,-,1,1,2,0,-,-,0
Isaiah Bond,42598,Cle,WR,,Final W 27-24 vs Pit,W (Oct 7),1,11,0.70,"2,636",314,0%,-,-,-,-,-,-,1,1,2,0,-,-,0
Jaylen Wright,41010,Mia,RB,,Final L 10-15 @ Min,W (Oct 7),1,6,0.70,162,310,31%,0,0,0,5,7,0,0,0,0,0,0,0,0
Foster Moreau,31969,Hou,TE,,Final L 30-34 vs Dal,W (Oct 7),1,8,0.60,"2,097",316,0%,-,-,-,-,-,-,1,1,1,0,-,-,0
Patrick Ricard,30592,NYG,RB,,Final W 36-24 vs Ari,W (Oct 7),1,8,0.60,"2,798",317,0%,-,-,-,-,-,-,2,1,1,0,-,-,0
Craig Reynolds,32596,Was,RB,NA,Final L 13-30 vs Ind,W (Oct 7),1,7,0.40,"2,799",318,0%,-,-,-,2,4,0,-,-,-,-,-,-,0
Skyy Moore,34009,GB,WR,,Final W 17-14 @ TB,W (Oct 7),1,11,0.30,"2,727",319,2%,-,-,-,-,-,-,2,1,-2,0,0,0,0
Nicholas Singleton,42763,Ten,RB,,Final L 18-24 @ Bal,W (Oct 7),1,9,0.20,276,321,2%,-,-,-,3,2,0,-,-,-,-,-,-,0
Jacob Cowing,40996,SF,WR,,Final W 24-14 vs Den,W (Oct 7),1,8,0.20,"2,716",320,0%,-,-,-,1,2,0,1,0,0,0,0,0,0
Kaytron Allen,42809,Was,RB,,Final L 13-30 vs Ind,W (Oct 7),1,7,0.10,267,322,1%,0,0,0,3,1,0,0,0,0,0,-,-,0
Rivaldo Fairweather,42153,Ari,TE,NA,Final L 24-36 @ NYG,W (Oct 7),-,14,0.00,"2,155",761,0%,-,-,-,-,-,-,-,-,-,-,-,-,-
Jeremiah Franklin,43463,Mia,TE,NA,Final L 10-15 @ Min,W (Oct 7),-,6,0.00,"2,205",559,0%,-,-,-,-,-,-,-,-,-,-,-,-,-
Xavier Guillory,42340,Bal,WR,NA,Final W 24-18 vs Ten,W (Oct 7),-,13,0.00,"2,314",884,0%,-,-,-,-,-,-,-,-,-,-,-,-,-
Tyrone Broden,42351,Sea,WR,NA,Final W 30-23 vs LAC,W (Oct 7),-,11,0.00,"2,367",890,0%,-,-,-,-,-,-,-,-,-,-,-,-,-
Marshall Lang,42353,Min,TE,NA,Final W 15-10 vs Mia,W (Oct 7),-,6,0.00,"2,187",891,0%,-,-,-,-,-,-,-,-,-,-,-,-,-
Jacardia Wright,42357,Sea,RB,NA,Final W 30-23 vs LAC,W (Oct 7),-,11,0.00,"2,543",892,0%,-,-,-,-,-,-,-,-,-,-,-,-,-
Jackson Hawes,41959,Buf,TE,,Final L 26-29 vs NE,W (Oct 7),-,7,0.00,"2,263",674,0%,-,-,-,-,-,-,-,-,-,-,-,-,-
Xavier Restrepo,42368,Ten,WR,NA,Final L 18-24 @ Bal,W (Oct 7),-,9,0.00,"2,280",897,0%,-,-,-,-,-,-,-,-,-,-,-,-,-
Mario Williams,42326,LAR,WR,NA,Final W 24-20 @ Phi,W (Oct 7),-,11,0.00,"2,336",877,0%,-,-,-,-,-,-,-,-,-,-,-,-,-
Isaiah Neyor,42385,GB,WR,NA,Final W 17-14 @ TB,W (Oct 7),-,11,0.00,"2,409",904,0%,-,-,-,-,-,-,-,-,-,-,-,-,-
Tyler Moore,43464,Ind,TE,NA,Final W 30-13 @ Was,W (Oct 7),-,13,0.00,"2,227",560,0%,-,-,-,-,-,-,-,-,-,-,-,-,-
Corey Kiner,42386,NE,RB,,Final W 29-26 @ Buf,W (Oct 7),1,11,0.00,"2,749",905,0%,-,-,-,-,-,-,-,-,-,-,0,0,-
KeAndre Lambert-Smith,41944,LAC,WR,IR,Final L 23-30 @ Sea,W (Oct 7),-,7,0.00,"2,646",673,0%,-,-,-,-,-,-,-,-,-,-,-,-,-
DJ Giddens,41937,Ind,RB,,Final W 30-13 @ Was,W (Oct 7),-,13,0.00,296,671,0%,-,-,-,-,-,-,-,-,-,-,-,-,-
Jaydon Blue,41935,Phi,RB,NA,Final L 20-24 vs LAR,W (Oct 7),-,10,0.00,314,670,1%,-,-,-,-,-,-,-,-,-,-,-,-,-
Jahdae Walker,42400,Chi,WR,,Final W 23-12 vs NYJ,W (Oct 7),-,10,0.00,"2,042",912,0%,-,-,-,-,-,-,-,-,-,-,-,-,-
Jordan Waters,42329,LAR,RB,NA,Final W 24-20 @ Phi,W (Oct 7),-,11,0.00,"2,573",879,0%,-,-,-,-,-,-,-,-,-,-,-,-,-
Malick Meiga,43460,Sea,WR,NA,Final W 30-23 vs LAC,W (Oct 7),-,11,0.00,"2,448",558,0%,-,-,-,-,-,-,-,-,-,-,-,-,-
Robbie Ouzts,41961,Sea,"RB,TE",IR,Final W 30-23 vs LAC,W (Oct 7),-,11,0.00,"2,278",675,0%,-,-,-,-,-,-,-,-,-,-,-,-,-
Brock Lampe,42293,Buf,RB,NA,Final L 26-29 vs NE,W (Oct 7),-,7,0.00,"2,553",862,0%,-,-,-,-,-,-,-,-,-,-,-,-,-
Lan Larison,42284,NE,RB,NA,Final W 29-26 @ Buf,W (Oct 7),-,11,0.00,"2,661",854,0%,-,-,-,-,-,-,-,-,-,-,-,-,-
Brett Weaver,43412,Den,TE,NA,Final L 14-24 @ SF,W (Oct 7),-,10,0.00,"2,176",529,0%,-,-,-,-,-,-,-,-,-,-,-,-,-
Thomas Fidone II,42004,NYG,TE,,Final W 36-24 vs Ari,W (Oct 7),-,8,0.00,"2,132",688,0%,-,-,-,-,-,-,-,-,-,-,-,-,-
Gee Scott,42290,NE,WR,NA,Final W 29-26 @ Buf,W (Oct 7),-,11,0.00,"2,434",858,0%,-,-,-,-,-,-,-,-,-,-,-,-,-
LaJohntay Wester,42000,Bal,WR,,Final W 24-18 vs Ten,W (Oct 7),1,13,0.00,"2,768",687,0%,-,-,-,-,-,-,-,-,-,-,0,0,0
CJ Dippre,42291,TB,TE,NA,Final L 14-17 vs GB,W (Oct 7),-,10,0.00,"2,128",860,0%,-,-,-,-,-,-,-,-,-,-,-,-,-
Jimmy Horn Jr.,41999,Cle,WR,NA,Final W 27-24 vs Pit,W (Oct 7),-,11,0.00,"2,761",686,0%,-,-,-,-,-,-,-,-,-,-,-,-,-
Deion Hankins,42403,Chi,RB,NA,Final W 23-12 vs NYJ,W (Oct 7),-,10,0.00,"2,551",913,0%,-,-,-,-,-,-,-,-,-,-,-,-,-
Tommy Thomas,43408,Den,WR,NA,Final L 14-24 @ SF,W (Oct 7),-,10,0.00,"2,308",527,0%,-,-,-,-,-,-,-,-,-,-,-,-,-
Kyre Duplessis,43458,Den,WR,NA,Final L 14-24 @ SF,W (Oct 7),-,10,0.00,"2,339",556,0%,-,-,-,-,-,-,-,-,-,-,-,-,-
Kalel Mullings,41986,Ten,RB,NA,Final L 18-24 @ Bal,W (Oct 7),-,9,0.00,"2,574",682,0%,-,-,-,-,-,-,-,-,-,-,-,-,-
Tru Edwards,42316,LAR,WR,NA,Final W 24-20 @ Phi,W (Oct 7),-,11,0.00,"2,405",872,0%,-,-,-,-,-,-,-,-,-,-,-,-,-
Tahj Brooks,41983,Cin,RB,,Final L 17-22 vs Jax,W (Oct 7),-,6,0.00,303,681,0%,-,-,-,-,-,-,-,-,-,-,-,-,-
Brennan Presley,42322,LAR,WR,NA,Final W 24-20 @ Phi,W (Oct 7),-,11,0.00,"2,358",875,0%,-,-,-,-,-,-,-,-,-,-,-,-,-
Devin Neal,41972,Min,RB,NA,Final W 15-10 vs Mia,W (Oct 7),-,6,0.00,312,679,0%,-,-,-,-,-,-,-,-,-,-,-,-,-
Jordan James,41933,SF,RB,,Final W 24-14 vs Den,W (Oct 7),-,8,0.00,290,669,1%,-,-,-,-,-,-,-,-,-,-,-,-,-
Gage Larvadain,42417,Bal,WR,NA,Final W 24-18 vs Ten,W (Oct 7),-,13,0.00,"2,687",916,0%,-,-,-,-,-,-,-,-,-,-,-,-,-
Roc Taylor,42279,Car,WR,NA,Final W 32-26 vs Det,W (Oct 7),-,5,0.00,"2,354",851,0%,-,-,-,-,-,-,-,-,-,-,-,-,-
Ja'seem Reed,42497,Car,WR,NA,Final W 32-26 vs Det,W (Oct 7),1,5,0.00,"2,675",947,0%,-,-,-,-,-,-,1,0,0,0,-,-,0
Nick Kallerup,42465,Sea,TE,,Final W 30-23 vs LAC,W (Oct 7),-,11,0.00,"2,174",936,0%,-,-,-,-,-,-,-,-,-,-,-,-,-
Kisean Johnson,42475,GB,WR,NA,Final W 17-14 @ TB,W (Oct 7),-,11,0.00,"2,362",940,0%,-,-,-,-,-,-,-,-,-,-,-,-,-
Ja'Corey Brooks,42482,Was,WR,NA,Final L 13-30 vs Ind,W (Oct 7),-,7,0.00,"2,451",943,0%,-,-,-,-,-,-,-,-,-,-,-,-,-
Barika Kpeenu,43482,TB,RB,NA,Final L 14-17 vs GB,W (Oct 7),-,10,0.00,"2,596",571,0%,-,-,-,-,-,-,-,-,-,-,-,-,-
Jimmy Holiday,42490,KC,WR,IR,Final W 30-27 @ LV,W (Oct 7),-,5,0.00,"2,321",945,0%,-,-,-,-,-,-,-,-,-,-,-,-,-
Trevor Etienne,41913,Car,RB,IR-R,Final W 32-26 vs Det,W (Oct 7),-,5,0.00,304,662,1%,-,-,-,-,-,-,-,-,-,-,-,-,-
Luke Floriea,42507,Cle,WR,NA,Final W 27-24 vs Pit,W (Oct 7),-,11,0.00,"2,370",951,0%,-,-,-,-,-,-,-,-,-,-,-,-,-
Jarquez Hunter,41919,Mia,RB,NA,Final L 10-15 @ Min,W (Oct 7),-,6,0.00,305,664,0%,-,-,-,-,-,-,-,-,-,-,-,-,-
Alex Tecza,43609,Pit,RB,NA,Final L 24-27 @ Cle,W (Oct 7),-,9,0.00,"2,536",590,0%,-,-,-,-,-,-,-,-,-,-,-,-,-
Rodney Hammond Jr.,43399,Den,RB,NA,Final L 14-24 @ SF,W (Oct 7),-,10,0.00,"2,606",521,0%,-,-,-,-,-,-,-,-,-,-,-,-,-
Julius Davis,43392,Den,RB,NA,Final L 14-24 @ SF,W (Oct 7),-,10,0.00,"2,539",518,0%,-,-,-,-,-,-,-,-,-,-,-,-,-
Stone Eby,43391,Den,TE,NA,Final L 14-24 @ SF,W (Oct 7),-,10,0.00,"2,168",516,0%,-,-,-,-,-,-,-,-,-,-,-,-,-
Dylan Sampson,41907,Cle,RB,IR,Final W 27-24 vs Pit,W (Oct 7),-,11,0.00,257,661,7%,-,-,-,-,-,-,-,-,-,-,-,-,-
Montorie Foster Jr.,42515,Sea,WR,,Final W 30-23 vs LAC,W (Oct 7),-,11,0.00,"2,682",956,0%,-,-,-,-,-,-,-,-,-,-,-,-,-
Matthew Henry,43615,TB,WR,NA,Final L 14-17 vs GB,W (Oct 7),-,10,0.00,"2,399",594,0%,-,-,-,-,-,-,-,-,-,-,-,-,-
Jordan Watkins,41917,SF,WR,,Final W 24-14 vs Den,W (Oct 7),-,8,0.00,"2,058",663,0%,-,-,-,-,-,-,-,-,-,-,-,-,-
ShunDerrick Powell,42460,Phi,RB,NA,Final L 20-24 vs LAR,W (Oct 7),-,10,0.00,"2,557",933,0%,-,-,-,-,-,-,-,-,-,-,-,-,-
Zach Horton,42420,Det,TE,NA,Final L 26-32 @ Car,W (Oct 7),-,6,0.00,"2,198",917,0%,-,-,-,-,-,-,-,-,-,-,-,-,-
Jeff Weimer,43469,KC,WR,NA,Final W 30-27 @ LV,W (Oct 7),-,5,0.00,"2,374",565,0%,-,-,-,-,-,-,-,-,-,-,-,-,-
Liam Clifford,43465,LAC,WR,NA,Final L 23-30 @ Sea,W (Oct 7),-,7,0.00,"2,312",561,0%,-,-,-,-,-,-,-,-,-,-,-,-,-
Roydell Williams,43466,Det,RB,NA,Final L 26-32 @ Car,W (Oct 7),-,6,0.00,"2,566",563,0%,-,-,-,-,-,-,-,-,-,-,-,-,-
Tre Watson,42430,Mia,TE,NA,Final L 10-15 @ Min,W (Oct 7),-,6,0.00,"2,149",921,0%,-,-,-,-,-,-,-,-,-,-,-,-,-
Carter Runyon,42433,LV,TE,IR-R,Final L 27-30 vs KC,W (Oct 7),-,13,0.00,"2,647",922,0%,-,-,-,-,-,-,-,-,-,-,-,-,-
Ben Yurosek,42434,Min,TE,IR,Final W 15-10 vs Mia,W (Oct 7),-,6,0.00,"2,626",924,0%,-,-,-,-,-,-,-,-,-,-,-,-,-
Jacoby Jones,42436,Was,WR,NA,Final L 13-30 vs Ind,W (Oct 7),-,7,0.00,"2,332",925,0%,-,-,-,-,-,-,-,-,-,-,-,-,-
Trent Howland,43406,Den,RB,NA,Final L 14-24 @ SF,W (Oct 7),-,10,0.00,"2,563",526,0%,-,-,-,-,-,-,-,-,-,-,-,-,-
Jaylin Lane,41920,Was,WR,O,Final L 13-30 vs Ind,W (Oct 7),1,7,0.00,"2,650",665,0%,-,-,-,-,-,-,-,-,-,-,0,0,-
Drew Biber,43470,Cle,TE,NA,Final W 27-24 vs Pit,W (Oct 7),-,11,0.00,"2,191",566,0%,-,-,-,-,-,-,-,-,-,-,-,-,-
Connor Hulstein,43471,NYJ,TE,NA,Final L 12-23 @ Chi,W (Oct 7),-,13,0.00,"2,141",567,0%,-,-,-,-,-,-,-,-,-,-,-,-,-
Jeremiah Webb,42437,NE,WR,IR,Final W 29-26 @ Buf,W (Oct 7),-,11,0.00,"2,281",926,0%,-,-,-,-,-,-,-,-,-,-,-,-,-
Grant Finley,43473,NYG,RB,NA,Final W 36-24 vs Ari,W (Oct 7),-,8,0.00,"2,589",568,0%,-,-,-,-,-,-,-,-,-,-,-,-,-
Juice Wells Jr.,42444,Atl,WR,NA,Mon 8:15 pm @ NO,FA,-,11,–,"2,403",929,0%,-,-,-,-,-,-,-,-,-,-,-,-,-
Justin Jones,43478,Sea,RB,NA,Final W 30-23 vs LAC,W (Oct 7),-,11,0.00,"2,544",570,0%,-,-,-,-,-,-,-,-,-,-,-,-,-
Jermaine Terry,42446,Cle,TE,NA,Final W 27-24 vs Pit,W (Oct 7),-,11,0.00,"2,208",930,0%,-,-,-,-,-,-,-,-,-,-,-,-,-
Moliki Matavao,42006,NO,TE,IR,Mon 8:15 pm vs Atl,FA,-,8,–,"2,207",690,0%,-,-,-,-,-,-,-,-,-,-,-,-,-
Louis Hansen,43457,Hou,TE,NA,Final L 30-34 vs Dal,W (Oct 7),-,8,0.00,"2,184",555,0%,-,-,-,-,-,-,-,-,-,-,-,-,-
LeQuint Allen Jr.,42007,Jax,RB,,Final W 22-17 @ Cin,W (Oct 7),1,7,0.00,301,691,0%,-,-,-,-,-,-,-,-,-,-,-,-,-
Josh Williams,42086,TB,RB,NA,Final L 14-17 vs GB,W (Oct 7),-,10,0.00,"2,736",719,0%,-,-,-,-,-,-,-,-,-,-,-,-,-
Dalen Cambre,42200,NYG,WR,NA,Final W 36-24 vs Ari,W (Oct 7),-,8,0.00,"2,411",790,0%,-,-,-,-,-,-,-,-,-,-,-,-,-
Ahmani Marshall,42092,Car,RB,NA,Final W 32-26 vs Det,W (Oct 7),-,5,0.00,"2,613",723,0%,-,-,-,-,-,-,-,-,-,-,-,-,-
Da'Quan Felton,42201,NYJ,WR,NA,Final L 12-23 @ Chi,W (Oct 7),-,13,0.00,"2,455",791,0%,-,-,-,-,-,-,-,-,-,-,-,-,-
Garrett Greene,42091,TB,WR,NA,Final L 14-17 vs GB,W (Oct 7),-,10,0.00,"2,424",722,0%,-,-,-,-,-,-,-,-,-,-,-,-,-
Will Sheppard,42089,Mia,WR,NA,Final L 10-15 @ Min,W (Oct 7),-,6,0.00,"2,359",721,0%,-,-,-,-,-,-,-,-,-,-,-,-,-
Patrick Herbert,42204,LAC,TE,NA,Final L 23-30 @ Sea,W (Oct 7),-,7,0.00,"2,194",793,0%,-,-,-,-,-,-,-,-,-,-,-,-,-
Joaquin Davis,42072,Pit,WR,NA,Final L 24-27 @ Cle,W (Oct 7),-,9,0.00,"2,402",714,0%,-,-,-,-,-,-,-,-,-,-,-,-,-
Luke Grimm,42104,LAC,WR,NA,Final L 23-30 @ Sea,W (Oct 7),-,7,0.00,"2,449",730,0%,-,-,-,-,-,-,-,-,-,-,-,-,-
Terrill Davis,43442,Min,WR,NA,Final W 15-10 vs Mia,W (Oct 7),-,6,0.00,"2,348",548,0%,-,-,-,-,-,-,-,-,-,-,-,-,-
Courtney Jackson,42071,Ten,WR,NA,Final L 18-24 @ Bal,W (Oct 7),-,9,0.00,"2,284",713,0%,-,-,-,-,-,-,-,-,-,-,-,-,-
Keleki Latu,42063,Buf,TE,,Final L 26-29 vs NE,W (Oct 7),1,7,0.00,"2,528",711,0%,-,-,-,-,-,-,-,-,-,-,-,-,-
Chandler Brayboy,42210,NE,WR,NA,Final W 29-26 @ Buf,W (Oct 7),-,11,0.00,"2,352",797,0%,-,-,-,-,-,-,-,-,-,-,-,-,-
Mante Morrow,43441,LAC,WR,NA,Final L 23-30 @ Sea,W (Oct 7),-,7,0.00,"2,356",547,0%,-,-,-,-,-,-,-,-,-,-,-,-,-
Cam Camper,42212,NYJ,WR,NA,Final L 12-23 @ Chi,W (Oct 7),-,13,0.00,"2,452",798,0%,-,-,-,-,-,-,-,-,-,-,-,-,-
Stephen Gosnell,42062,Buf,WR,NA,Final L 26-29 vs NE,W (Oct 7),-,7,0.00,"2,304",710,0%,-,-,-,-,-,-,-,-,-,-,-,-,-
Bryson Green,42100,Ari,WR,NA,Final L 24-36 @ NYG,W (Oct 7),-,14,0.00,"2,390",728,0%,-,-,-,-,-,-,-,-,-,-,-,-,-
Mac Dalena,42107,Buf,WR,NA,Final L 26-29 vs NE,W (Oct 7),-,7,0.00,"2,320",731,0%,-,-,-,-,-,-,-,-,-,-,-,-,-
Ja'Quinden Jackson,42214,Phi,RB,NA,Final L 20-24 vs LAR,W (Oct 7),-,10,0.00,"2,567",801,0%,-,-,-,-,-,-,-,-,-,-,-,-,-
Montrell Johnson Jr.,42173,Car,RB,NA,Final W 32-26 vs Det,W (Oct 7),-,5,0.00,"2,584",774,0%,-,-,-,-,-,-,-,-,-,-,-,-,-
Theo Wease Jr.,42161,LAC,WR,NA,Final L 23-30 @ Sea,W (Oct 7),-,7,0.00,"2,460",765,0%,-,-,-,-,-,-,-,-,-,-,-,-,-
Traeshon Holden,42151,Dal,WR,NA,Final W 34-30 @ Hou,W (Oct 7),-,14,0.00,"2,441",760,0%,-,-,-,-,-,-,-,-,-,-,-,-,-
Josh Kelly,42150,Hou,WR,NA,Final L 30-34 vs Dal,W (Oct 7),-,8,0.00,"2,292",759,0%,-,-,-,-,-,-,-,-,-,-,-,-,-
Andrew Armstrong,42162,KC,WR,NA,Final W 30-27 @ LV,W (Oct 7),-,5,0.00,"2,318",766,0%,-,-,-,-,-,-,-,-,-,-,-,-,-
AJ Henning,42163,Mia,WR,NA,Final L 10-15 @ Min,W (Oct 7),-,6,0.00,"2,377",768,0%,-,-,-,-,-,-,-,-,-,-,-,-,-
Jalin Conyers,42167,Mia,TE,NA,Final L 10-15 @ Min,W (Oct 7),-,6,0.00,"2,220",771,0%,-,-,-,-,-,-,-,-,-,-,-,-,-
Nick Nash,42185,Was,WR,NA,Final L 13-30 vs Ind,W (Oct 7),-,7,0.00,"2,331",780,0%,-,-,-,-,-,-,-,-,-,-,-,-,-
Miles Davis,43445,Car,RB,NA,Final W 32-26 vs Det,W (Oct 7),-,5,0.00,"2,590",551,0%,-,-,-,-,-,-,-,-,-,-,-,-,-
Joshua Simon,42186,Atl,TE,NA,Mon 8:15 pm @ NO,FA,-,11,–,"2,164",781,0%,-,-,-,-,-,-,-,-,-,-,-,-,-
Quincy Skinner Jr.,42187,GB,WR,NA,Final W 17-14 @ TB,W (Oct 7),-,11,0.00,"2,426",783,0%,-,-,-,-,-,-,-,-,-,-,-,-,-
Beaux Collins,42194,Atl,WR,IR-R,Mon 8:15 pm @ NO,FA,-,11,–,"2,672",787,0%,-,-,-,-,-,-,-,-,-,-,-,-,-
Coleman Owen,42130,GB,WR,NA,Final W 17-14 @ TB,W (Oct 7),-,11,0.00,"2,372",748,0%,-,-,-,-,-,-,-,-,-,-,-,-,-
Ulysses Bentley IV,42126,NO,RB,NA,Mon 8:15 pm vs Atl,FA,-,8,–,"2,572",746,0%,-,-,-,-,-,-,-,-,-,-,-,-,-
Nate Carter,42196,KC,RB,NA,Final W 30-27 @ LV,W (Oct 7),-,5,0.00,"2,602",788,0%,-,-,-,-,-,-,-,-,-,-,-,-,-
Jake Briningstool,42117,KC,TE,,Final W 30-27 @ LV,W (Oct 7),1,5,0.00,"2,503",736,0%,-,-,-,-,-,-,-,-,-,-,-,-,-
Hal Presley III,42060,KC,WR,NA,Final W 30-27 @ LV,W (Oct 7),-,5,0.00,"2,341",709,0%,-,-,-,-,-,-,-,-,-,-,-,-,-
Eli Pancol,42217,Ind,WR,NA,Final W 30-13 @ Was,W (Oct 7),-,13,0.00,"2,369",803,0%,-,-,-,-,-,-,-,-,-,-,-,-,-
Heinrich Haarberg,43449,Car,TE,NA,Final W 32-26 vs Det,W (Oct 7),-,5,0.00,"2,199",553,0%,-,-,-,-,-,-,-,-,-,-,-,-,-
Damien Martinez,42015,GB,RB,NA,Final W 17-14 @ TB,W (Oct 7),-,11,0.00,"2,533",696,0%,-,-,-,-,-,-,-,-,-,-,-,-,-
Johnny Pascuzzi,43433,LAC,TE,NA,Final L 23-30 @ Sea,W (Oct 7),-,7,0.00,"2,140",541,0%,-,-,-,-,-,-,-,-,-,-,-,-,-
Kaden Prather,42020,GB,WR,NA,Final W 17-14 @ TB,W (Oct 7),-,11,0.00,"2,459",699,0%,-,-,-,-,-,-,-,-,-,-,-,-,-
Kyron Hudson,43432,Chi,WR,NA,Final W 23-12 vs NYJ,W (Oct 7),-,10,0.00,"2,306",539,0%,-,-,-,-,-,-,-,-,-,-,-,-,-
Dontae Fleming,42255,Min,WR,NA,Final W 15-10 vs Mia,W (Oct 7),-,6,0.00,"2,351",834,0%,-,-,-,-,-,-,-,-,-,-,-,-,-
Bryson Nesbit,42266,Min,TE,NA,Final W 15-10 vs Mia,W (Oct 7),-,6,0.00,"2,153",838,0%,-,-,-,-,-,-,-,-,-,-,-,-,-
Phil Mafah,42018,NYG,RB,NA,Final W 36-24 vs Ari,W (Oct 7),-,8,0.00,"2,591",698,0%,-,-,-,-,-,-,-,-,-,-,-,-,-
Tre Stewart,42271,Ari,RB,NA,Final L 24-36 @ NYG,W (Oct 7),-,14,0.00,"2,577",841,0%,-,-,-,-,-,-,-,-,-,-,-,-,-
Kye Robichaux,42245,Det,RB,NA,Final L 26-32 @ Car,W (Oct 7),-,6,0.00,"2,549",826,0%,-,-,-,-,-,-,-,-,-,-,-,-,-
Brashard Smith,42012,KC,RB,,Final W 30-27 @ LV,W (Oct 7),-,5,0.00,302,695,0%,-,-,-,-,-,-,-,-,-,-,-,-,-
Bryce Pierre,42274,Car,TE,NA,Final W 32-26 vs Det,W (Oct 7),-,5,0.00,"2,226",846,0%,-,-,-,-,-,-,-,-,-,-,-,-,-
Kadarius Calloway,43424,TB,RB,NA,Final L 14-17 vs GB,W (Oct 7),-,10,0.00,"2,541",536,0%,-,-,-,-,-,-,-,-,-,-,-,-,-
JJ Galbreath,42275,Ind,TE,NA,Final W 30-13 @ Was,W (Oct 7),-,13,0.00,"2,203",848,0%,-,-,-,-,-,-,-,-,-,-,-,-,-
Dean Patterson IV,43423,TB,WR,NA,Final L 14-17 vs GB,W (Oct 7),-,10,0.00,"2,435",535,0%,-,-,-,-,-,-,-,-,-,-,-,-,-
Ke'Shawn Williams,42278,Cin,WR,NA,Final L 17-22 vs Jax,W (Oct 7),-,6,0.00,"2,795",850,0%,-,-,-,-,-,-,-,-,-,-,-,-,-
Jordan Nubin,43417,Den,RB,NA,Final L 14-24 @ SF,W (Oct 7),-,10,0.00,"2,570",532,0%,-,-,-,-,-,-,-,-,-,-,-,-,-
Jakobie Keeney-James,42246,Pit,WR,NA,Final L 24-27 @ Cle,W (Oct 7),-,9,0.00,"2,298",827,0%,-,-,-,-,-,-,-,-,-,-,-,-,-
Brandon Hayes,43451,Phi,WR,NA,Final L 20-24 vs LAR,W (Oct 7),-,10,0.00,"2,322",554,0%,-,-,-,-,-,-,-,-,-,-,-,-,-
Jordan Moore,42057,Cin,WR,NA,Final L 17-22 vs Jax,W (Oct 7),-,6,0.00,"2,454",708,0%,-,-,-,-,-,-,-,-,-,-,-,-,-
Anthony Tyus III,42235,Car,RB,,Final W 32-26 vs Det,W (Oct 7),1,5,0.00,"2,732",816,0%,-,-,-,-,-,-,-,-,-,-,0,0,-
JP Richardson,42047,Chi,WR,NA,Final W 23-12 vs NYJ,W (Oct 7),-,10,0.00,"2,307",707,0%,-,-,-,-,-,-,-,-,-,-,-,-,-
Quentin Skinner,42223,Buf,WR,NA,Final L 26-29 vs NE,W (Oct 7),-,7,0.00,"2,342",809,0%,-,-,-,-,-,-,-,-,-,-,-,-,-
Rashad Rochelle,43440,Sea,WR,NA,Final W 30-23 vs LAC,W (Oct 7),-,11,0.00,"2,385",546,0%,-,-,-,-,-,-,-,-,-,-,-,-,-
Donovan Edwards,42226,Mia,RB,NA,Final L 10-15 @ Min,W (Oct 7),-,6,0.00,"2,583",810,0%,-,-,-,-,-,-,-,-,-,-,-,-,-
Jamaal Pritchett,42233,NYJ,WR,,Final L 12-23 @ Chi,W (Oct 7),-,13,0.00,"2,681",815,0%,-,-,-,-,-,-,-,-,-,-,-,-,-
Dominic Lovett,42043,Det,WR,NA,Final L 26-32 @ Car,W (Oct 7),-,6,0.00,"2,417",705,0%,-,-,-,-,-,-,-,-,-,-,-,-,-
Jackson Meeks,42238,Det,"WR,TE",,Final L 26-32 @ Car,W (Oct 7),-,6,0.00,"2,501",819,0%,-,-,-,-,-,-,-,-,-,-,-,-,-
Caleb Lohner,42027,Den,TE,IR-R,Final L 14-24 @ SF,W (Oct 7),-,10,0.00,"2,218",700,0%,-,-,-,-,-,-,-,-,-,-,-,-,-
Amar Johnson,42240,LAC,RB,NA,Final L 23-30 @ Sea,W (Oct 7),-,7,0.00,"2,548",822,0%,-,-,-,-,-,-,-,-,-,-,-,-,-
Trayvon Rudolph,43439,Min,WR,NA,Final W 15-10 vs Mia,W (Oct 7),-,6,0.00,"2,283",545,0%,-,-,-,-,-,-,-,-,-,-,-,-,-
Ricky White III,42042,Sea,WR,NA,Final W 30-23 vs LAC,W (Oct 7),-,11,0.00,"2,398",704,0%,-,-,-,-,-,-,-,-,-,-,-,-,-
Caden Prieskorn,42243,Car,TE,NA,Final W 32-26 vs Det,W (Oct 7),-,5,0.00,"2,162",824,0%,-,-,-,-,-,-,-,-,-,-,-,-,-
Luke Lachey,42041,Hou,TE,NA,Final L 30-34 vs Dal,W (Oct 7),-,8,0.00,"2,172",703,0%,-,-,-,-,-,-,-,-,-,-,-,-,-
Brock Rechsteiner,43435,NO,WR,SUSP,Mon 8:15 pm vs Atl,FA,-,8,–,"2,430",542,0%,-,-,-,-,-,-,-,-,-,-,-,-,-
Junior Bergen,42032,NYJ,WR,NA,Final L 12-23 @ Chi,W (Oct 7),-,13,0.00,"2,301",701,0%,-,-,-,-,-,-,-,-,-,-,-,-,-
Anderson Castle,43443,Ind,RB,NA,Final W 30-13 @ Was,W (Oct 7),-,13,0.00,"2,611",549,0%,-,-,-,-,-,-,-,-,-,-,-,-,-
Cameron Dorner,43364,NE,WR,NA,Final W 29-26 @ Buf,W (Oct 7),-,11,0.00,"2,357",505,0%,-,-,-,-,-,-,-,-,-,-,-,-,-
Max Hurleman,42516,Pit,"WR,RB",O,Final L 24-27 @ Cle,W (Oct 7),-,9,0.00,"2,498",957,0%,-,-,-,-,-,-,-,-,-,-,-,-,-
Treyvhon Saunders,43196,Hou,WR,NA,Final L 30-34 vs Dal,W (Oct 7),-,8,0.00,"2,394",443,0%,-,-,-,-,-,-,-,-,-,-,-,-,-
Sam Scott,43209,NYJ,RB,NA,Final L 12-23 @ Chi,W (Oct 7),-,13,0.00,"2,550",446,0%,-,-,-,-,-,-,-,-,-,-,-,-,-
Eric Rivers Jr.,42990,TB,WR,NA,Final L 14-17 vs GB,W (Oct 7),-,10,0.00,"2,429","1,176",0%,-,-,-,-,-,-,-,-,-,-,-,-,-
Noah Short,42991,TB,WR,NA,Final L 14-17 vs GB,W (Oct 7),-,10,0.00,"2,392","1,178",0%,-,-,-,-,-,-,-,-,-,-,-,-,-
Vinny Anthony II,42996,Atl,WR,NA,Mon 8:15 pm @ NO,FA,-,11,–,"2,282","1,180",0%,-,-,-,-,-,-,-,-,-,-,-,-,-
Quentin Moore,43206,Was,TE,NA,Final L 13-30 vs Ind,W (Oct 7),-,7,0.00,"2,204",445,0%,-,-,-,-,-,-,-,-,-,-,-,-,-
Malik Rutherford,42998,Atl,WR,NA,Mon 8:15 pm @ NO,FA,-,11,–,"2,353","1,181",0%,-,-,-,-,-,-,-,-,-,-,-,-,-
Ty Pezza,43002,Bal,TE,NA,Final W 24-18 vs Ten,W (Oct 7),-,13,0.00,"2,185","1,183",0%,-,-,-,-,-,-,-,-,-,-,-,-,-
Lance Mason,43012,Pit,TE,NA,Final L 24-27 @ Cle,W (Oct 7),-,9,0.00,"2,135",324,0%,-,-,-,-,-,-,-,-,-,-,-,-,-
Noah Whittington,43197,Hou,RB,O,Final L 30-34 vs Dal,W (Oct 7),-,8,0.00,"2,608",444,0%,-,-,-,-,-,-,-,-,-,-,-,-,-
Ja'Mori Maclin,43013,Buf,WR,NA,Final L 26-29 vs NE,W (Oct 7),-,7,0.00,"2,423",325,0%,-,-,-,-,-,-,-,-,-,-,-,-,-
Jameson Geers,43212,Ari,TE,IR,Final L 24-36 @ NYG,W (Oct 7),-,14,0.00,"2,195",447,0%,-,-,-,-,-,-,-,-,-,-,-,-,-
Daniel Sobkowicz,43195,Hou,WR,NA,Final L 30-34 vs Dal,W (Oct 7),-,8,0.00,"2,355",442,0%,-,-,-,-,-,-,-,-,-,-,-,-,-
Max Tomczak,43015,Buf,WR,NA,Final L 26-29 vs NE,W (Oct 7),-,7,0.00,"2,347",327,0%,-,-,-,-,-,-,-,-,-,-,-,-,-
Kobe Prentice,43022,NE,WR,NA,Final W 29-26 @ Buf,W (Oct 7),-,11,0.00,"2,376",328,0%,-,-,-,-,-,-,-,-,-,-,-,-,-
Hayden Large,43027,Chi,TE,IR,Final W 23-12 vs NYJ,W (Oct 7),-,10,0.00,"2,183",332,0%,-,-,-,-,-,-,-,-,-,-,-,-,-
Noah Thomas,43033,Cin,WR,NA,Final L 17-22 vs Jax,W (Oct 7),-,6,0.00,"2,419",334,0%,-,-,-,-,-,-,-,-,-,-,-,-,-
Dominic Richardson,43034,NYJ,RB,NA,Final L 12-23 @ Chi,W (Oct 7),-,13,0.00,"2,534",335,0%,-,-,-,-,-,-,-,-,-,-,-,-,-
Chamon Metayer,43035,Car,TE,NA,Final W 32-26 vs Det,W (Oct 7),-,5,0.00,"2,142",337,0%,-,-,-,-,-,-,-,-,-,-,-,-,-
Lake McRee,43036,Pit,TE,NA,Final L 24-27 @ Cle,W (Oct 7),-,9,0.00,"2,193",338,0%,-,-,-,-,-,-,-,-,-,-,-,-,-
TJ Harden,43051,Sea,RB,NA,Final W 30-23 vs LAC,W (Oct 7),-,11,0.00,"2,579",344,0%,-,-,-,-,-,-,-,-,-,-,-,-,-
Chris Hilton Jr.,42987,GB,WR,NA,Final W 17-14 @ TB,W (Oct 7),-,11,0.00,"2,388","1,175",0%,-,-,-,-,-,-,-,-,-,-,-,-,-
Robert Henry Jr.,42986,Was,RB,NA,Final L 13-30 vs Ind,W (Oct 7),-,7,0.00,"2,603","1,174",0%,-,-,-,-,-,-,-,-,-,-,-,-,-
DJ Rogers,43055,Dal,TE,IR,Final W 34-30 @ Hou,W (Oct 7),-,14,0.00,"2,137",346,0%,-,-,-,-,-,-,-,-,-,-,-,-,-
Ben Patterson,42949,Cle,WR,NA,Final W 27-24 vs Pit,W (Oct 7),-,11,0.00,"2,450","1,150",0%,-,-,-,-,-,-,-,-,-,-,-,-,-
Shaleak Knotts,42917,Min,WR,NA,Final W 15-10 vs Mia,W (Oct 7),-,6,0.00,"2,291","1,130",0%,-,-,-,-,-,-,-,-,-,-,-,-,-
Gregory Desrosiers,42922,LAC,RB,NA,Final L 23-30 @ Sea,W (Oct 7),-,7,0.00,"2,565","1,132",0%,-,-,-,-,-,-,-,-,-,-,-,-,-
Sincere Brown,42925,LAC,WR,NA,Final L 23-30 @ Sea,W (Oct 7),-,7,0.00,"2,360","1,134",0%,-,-,-,-,-,-,-,-,-,-,-,-,-
Evan Svoboda,42927,LAC,TE,NA,Final L 23-30 @ Sea,W (Oct 7),-,7,0.00,"2,131","1,135",0%,-,-,-,-,-,-,-,-,-,-,-,-,-
Devonte Ross,42930,LAC,WR,NA,Final L 23-30 @ Sea,W (Oct 7),-,7,0.00,"2,349","1,136",0%,-,-,-,-,-,-,-,-,-,-,-,-,-
Jerand Bradley,42936,LAC,TE,NA,Final L 23-30 @ Sea,W (Oct 7),-,7,0.00,"2,182","1,140",0%,-,-,-,-,-,-,-,-,-,-,-,-,-
Luke Wysong,42938,Min,WR,NA,Final W 15-10 vs Mia,W (Oct 7),-,6,0.00,"2,297","1,142",0%,-,-,-,-,-,-,-,-,-,-,-,-,-
CJ Donaldson,42940,NO,RB,,Mon 8:15 pm vs Atl,FA,-,8,–,"2,720","1,144",0%,-,-,-,-,-,-,-,-,-,-,-,-,-
Roman Hemby,42941,LV,RB,NA,Final L 27-30 vs KC,W (Oct 7),-,13,0.00,"2,587","1,146",0%,-,-,-,-,-,-,-,-,-,-,-,-,-
Michael Wortham,42950,Jax,WR,NA,Final W 22-17 @ Cin,W (Oct 7),-,7,0.00,"2,340","1,151",0%,-,-,-,-,-,-,-,-,-,-,-,-,-
Harrison Wallace III,42979,Ari,WR,NA,Final L 24-36 @ NYG,W (Oct 7),-,14,0.00,"2,383","1,171",0%,-,-,-,-,-,-,-,-,-,-,-,-,-
Trebor Pena,42951,Jax,WR,NA,Final W 22-17 @ Cin,W (Oct 7),-,7,0.00,"2,300","1,152",0%,-,-,-,-,-,-,-,-,-,-,-,-,-
Alex Bullock,42957,Jax,WR,NA,Final W 22-17 @ Cin,W (Oct 7),-,7,0.00,"2,457","1,155",0%,-,-,-,-,-,-,-,-,-,-,-,-,-
Brady Boyd,42959,Jax,WR,NA,Final W 22-17 @ Cin,W (Oct 7),-,7,0.00,"2,344","1,156",0%,-,-,-,-,-,-,-,-,-,-,-,-,-
Ethan Conner,42965,Mia,TE,NA,Final L 10-15 @ Min,W (Oct 7),-,6,0.00,"2,216","1,160",0%,-,-,-,-,-,-,-,-,-,-,-,-,-
Will Pauling,42969,SF,WR,NA,Final W 24-14 vs Den,W (Oct 7),-,8,0.00,"2,462","1,162",0%,-,-,-,-,-,-,-,-,-,-,-,-,-
Wesley Grimes,42970,SF,WR,NA,Final W 24-14 vs Den,W (Oct 7),-,8,0.00,"2,289","1,164",0%,-,-,-,-,-,-,-,-,-,-,-,-,-
Khalil Dinkins,42972,SF,TE,NA,Final W 24-14 vs Den,W (Oct 7),-,8,0.00,"2,163","1,165",0%,-,-,-,-,-,-,-,-,-,-,-,-,-
Marcus Burke,42975,Ten,WR,NA,Final L 18-24 @ Bal,W (Oct 7),-,9,0.00,"2,366","1,168",0%,-,-,-,-,-,-,-,-,-,-,-,-,-
Trent Battle,42978,Atl,RB,NA,Mon 8:15 pm @ NO,FA,-,11,–,"2,552","1,170",0%,-,-,-,-,-,-,-,-,-,-,-,-,-
Aaron Anderson,43052,Cle,WR,NA,Final W 27-24 vs Pit,W (Oct 7),-,11,0.00,"2,364",345,0%,-,-,-,-,-,-,-,-,-,-,-,-,-
Josh Kattus,43058,Cin,TE,NA,Final L 17-22 vs Jax,W (Oct 7),-,6,0.00,"2,192",349,0%,-,-,-,-,-,-,-,-,-,-,-,-,-
Marcus Sanders Jr.,42913,Min,WR,NA,Final W 15-10 vs Mia,W (Oct 7),-,6,0.00,"2,380","1,126",0%,-,-,-,-,-,-,-,-,-,-,-,-,-
Tanner Arkin,43152,NE,TE,,Final W 29-26 @ Buf,W (Oct 7),-,11,0.00,"2,139",417,0%,-,-,-,-,-,-,-,-,-,-,-,-,-
Rohan Jones,43139,LAR,TE,NA,Final W 24-20 @ Phi,W (Oct 7),-,11,0.00,"2,211",406,0%,-,-,-,-,-,-,-,-,-,-,-,-,-
Dane Key,43188,Den,WR,NA,Final L 14-24 @ SF,W (Oct 7),-,10,0.00,"2,309",439,0%,-,-,-,-,-,-,-,-,-,-,-,-,-
Coleman Bennett,43187,Mia,RB,NA,Final L 10-15 @ Min,W (Oct 7),-,6,0.00,"2,568",438,0%,-,-,-,-,-,-,-,-,-,-,-,-,-
Desmond Reid,43185,Buf,RB,NA,Final L 26-29 vs NE,W (Oct 7),-,7,0.00,"2,535",437,0%,-,-,-,-,-,-,-,-,-,-,-,-,-
Dean Connors,43140,LAR,RB,,Final W 24-20 @ Phi,W (Oct 7),1,11,0.00,"2,733",407,0%,-,-,-,-,-,-,-,-,-,-,-,-,-
Donaven McCulley,43147,Mia,WR,NA,Final L 10-15 @ Min,W (Oct 7),-,6,0.00,"2,412",412,0%,-,-,-,-,-,-,-,-,-,-,-,-,-
Anthony Hankerson,43149,Sea,RB,NA,Final W 30-23 vs LAC,W (Oct 7),-,11,0.00,"2,614",414,0%,-,-,-,-,-,-,-,-,-,-,-,-,-
Dontae McMillan,43182,Bal,RB,NA,Final W 24-18 vs Ten,W (Oct 7),-,13,0.00,"2,594",434,0%,-,-,-,-,-,-,-,-,-,-,-,-,-
Romello Brinson,43150,Dal,WR,NA,Final W 34-30 @ Hou,W (Oct 7),-,14,0.00,"2,379",415,0%,-,-,-,-,-,-,-,-,-,-,-,-,-
Kyle Dixon,43155,NE,WR,NA,Final W 29-26 @ Buf,W (Oct 7),-,11,0.00,"2,415",419,0%,-,-,-,-,-,-,-,-,-,-,-,-,-
Dan Villari,43138,LAR,TE,NA,Final W 24-20 @ Phi,W (Oct 7),-,11,0.00,"2,189",405,0%,-,-,-,-,-,-,-,-,-,-,-,-,-
DT Sheffield,43158,NYJ,WR,NA,Final L 12-23 @ Chi,W (Oct 7),-,13,0.00,"2,343",420,0%,-,-,-,-,-,-,-,-,-,-,-,-,-
Malik McClain,43159,NYJ,WR,,Final L 12-23 @ Chi,W (Oct 7),-,13,0.00,"2,442",421,0%,-,-,-,-,-,-,-,-,-,-,-,-,-
Cody Hardy,43161,NYJ,TE,NA,Final L 12-23 @ Chi,W (Oct 7),-,13,0.00,"2,212",422,0%,-,-,-,-,-,-,-,-,-,-,-,-,-
Chase Curtis,43164,NYJ,TE,NA,Final L 12-23 @ Chi,W (Oct 7),-,13,0.00,"2,181",423,0%,-,-,-,-,-,-,-,-,-,-,-,-,-
Caullin Lacy,43165,NYJ,WR,NA,Final L 12-23 @ Chi,W (Oct 7),-,13,0.00,"2,350",424,0%,-,-,-,-,-,-,-,-,-,-,-,-,-
Mekhi Mews,43166,NO,WR,NA,Mon 8:15 pm vs Atl,FA,-,8,–,"2,316",425,0%,-,-,-,-,-,-,-,-,-,-,-,-,-
Kevorian Barnes,43168,NYG,RB,NA,Final W 36-24 vs Ari,W (Oct 7),-,8,0.00,"2,581",427,0%,-,-,-,-,-,-,-,-,-,-,-,-,-
Jack Velling,43178,Atl,TE,NA,Mon 8:15 pm @ NO,FA,-,11,–,"2,214",430,0%,-,-,-,-,-,-,-,-,-,-,-,-,-
Octavian Smith Jr.,43180,Bal,WR,NA,Final W 24-18 vs Ten,W (Oct 7),-,13,0.00,"2,368",431,0%,-,-,-,-,-,-,-,-,-,-,-,-,-
Sean Brown,43192,Den,WR,NA,Final L 14-24 @ SF,W (Oct 7),-,10,0.00,"2,428",440,0%,-,-,-,-,-,-,-,-,-,-,-,-,-
Matt Lauter,43130,Min,TE,NA,Final W 15-10 vs Mia,W (Oct 7),-,6,0.00,"2,159",401,0%,-,-,-,-,-,-,-,-,-,-,-,-,-
Camden Brown,43059,Dal,WR,,Final W 34-30 @ Hou,W (Oct 7),-,14,0.00,"2,305",350,0%,-,-,-,-,-,-,-,-,-,-,-,-,-
Eni Falayi,43088,GB,TE,NA,Final W 17-14 @ TB,W (Oct 7),-,11,0.00,"2,151",370,0%,-,-,-,-,-,-,-,-,-,-,-,-,-
Davon Booth,43060,Ind,RB,NA,Final W 30-13 @ Was,W (Oct 7),-,13,0.00,"2,586",351,0%,-,-,-,-,-,-,-,-,-,-,-,-,-
Jordan Hudson,43061,Dal,WR,NA,Final W 34-30 @ Hou,W (Oct 7),-,14,0.00,"2,458",352,0%,-,-,-,-,-,-,-,-,-,-,-,-,-
Kole Wilson,43066,Cle,WR,NA,Final W 27-24 vs Pit,W (Oct 7),-,11,0.00,"2,416",355,0%,-,-,-,-,-,-,-,-,-,-,-,-,-
Cameron Ross,43069,Den,WR,NA,Final L 14-24 @ SF,W (Oct 7),-,10,0.00,"2,410",357,0%,-,-,-,-,-,-,-,-,-,-,-,-,-
Joseph Manjack,43076,Den,WR,NA,Final L 14-24 @ SF,W (Oct 7),-,10,0.00,"2,363",359,0%,-,-,-,-,-,-,-,-,-,-,-,-,-
Jalen Walthall,43193,NYJ,WR,NA,Final L 12-23 @ Chi,W (Oct 7),-,13,0.00,"2,387",441,0%,-,-,-,-,-,-,-,-,-,-,-,-,-
Miles Kitselman,43082,Det,TE,NA,Final L 26-32 @ Car,W (Oct 7),-,6,0.00,"2,186",364,0%,-,-,-,-,-,-,-,-,-,-,-,-,-
J. Michael Sturdivant,43085,GB,WR,,Final W 17-14 @ TB,W (Oct 7),1,11,0.00,"2,630",367,0%,-,-,-,-,-,-,1,0,0,0,-,-,0
RJ Maryland,43087,GB,TE,NA,Final W 17-14 @ TB,W (Oct 7),-,11,0.00,"2,129",369,0%,-,-,-,-,-,-,-,-,-,-,-,-,-
Isaiah Jacobs,43090,GB,RB,NA,Final W 17-14 @ TB,W (Oct 7),-,11,0.00,"2,597",371,0%,-,-,-,-,-,-,-,-,-,-,-,-,-
E.J. Williams Jr.,43129,Car,WR,NA,Final W 32-26 vs Det,W (Oct 7),-,5,0.00,"2,327",400,0%,-,-,-,-,-,-,-,-,-,-,-,-,-
Jaden Bradley,43092,Was,WR,NA,Final L 13-30 vs Ind,W (Oct 7),-,7,0.00,"2,338",373,0%,-,-,-,-,-,-,-,-,-,-,-,-,-
Hank Beatty,43094,Ten,WR,NA,Final L 18-24 @ Bal,W (Oct 7),-,9,0.00,"2,299",376,0%,-,-,-,-,-,-,-,-,-,-,-,-,-
Joshua Pitsenberger,43098,Hou,RB,NA,Final L 30-34 vs Dal,W (Oct 7),-,8,0.00,"2,593",377,0%,-,-,-,-,-,-,-,-,-,-,-,-,-
Raylen Sharpe,43102,Ind,WR,NA,Final W 30-13 @ Was,W (Oct 7),-,13,0.00,"2,329",380,0%,-,-,-,-,-,-,-,-,-,-,-,-,-
Ademola Faleye,43109,TB,TE,NA,Final L 14-17 vs GB,W (Oct 7),-,10,0.00,"2,145",383,0%,-,-,-,-,-,-,-,-,-,-,-,-,-
Al-Jay Henderson,43110,NYJ,RB,NA,Final L 12-23 @ Chi,W (Oct 7),-,13,0.00,"2,542",385,0%,-,-,-,-,-,-,-,-,-,-,-,-,-
EJ Smith,43115,KC,RB,NA,Final W 30-27 @ LV,W (Oct 7),-,5,0.00,"2,610",391,0%,-,-,-,-,-,-,-,-,-,-,-,-,-
J. Michael Gyllenborg,43116,KC,TE,IR,Final W 30-27 @ LV,W (Oct 7),-,5,0.00,"2,206",392,0%,-,-,-,-,-,-,-,-,-,-,-,-,-
Terion Stewart,43119,KC,RB,NA,Final W 30-27 @ LV,W (Oct 7),-,5,0.00,"2,607",394,0%,-,-,-,-,-,-,-,-,-,-,-,-,-
Chase Roberts,43126,LV,WR,NA,Final L 27-30 vs KC,W (Oct 7),-,13,0.00,"2,420",396,0%,-,-,-,-,-,-,-,-,-,-,-,-,-
Dillon Bell,42914,Min,WR,NA,Final W 15-10 vs Mia,W (Oct 7),-,6,0.00,"2,425","1,127",0%,-,-,-,-,-,-,-,-,-,-,-,-,-
Kejon Owens,42912,Min,RB,NA,Final W 15-10 vs Mia,W (Oct 7),-,6,0.00,"2,595","1,125",0%,-,-,-,-,-,-,-,-,-,-,-,-,-
Dalevon Campbell,42519,LAC,WR,NA,Final L 23-30 @ Sea,W (Oct 7),-,7,0.00,"2,404",959,0%,-,-,-,-,-,-,-,-,-,-,-,-,-
Zachariah Branch,42701,Atl,WR,,Mon 8:15 pm @ NO,FA,-,11,–,255,"1,028",2%,-,-,-,-,-,-,-,-,-,-,-,-,-
Squirrel White,43349,Chi,WR,NA,Final W 23-12 vs NYJ,W (Oct 7),-,10,0.00,"2,293",500,0%,-,-,-,-,-,-,-,-,-,-,-,-,-
Marlin Klein,42681,Hou,TE,,Final L 30-34 vs Dal,W (Oct 7),-,8,0.00,"2,236","1,017",0%,-,-,-,-,-,-,-,-,-,-,-,-,-
Omari Kelly,43346,Chi,WR,NA,Final W 23-12 vs NYJ,W (Oct 7),-,10,0.00,"2,371",499,0%,-,-,-,-,-,-,-,-,-,-,-,-,-
Jamal Haynes,43345,Cin,RB,NA,Final L 17-22 vs Jax,W (Oct 7),-,6,0.00,"2,582",498,0%,-,-,-,-,-,-,-,-,-,-,-,-,-
Max Klare,42683,LAR,TE,,Final W 24-20 @ Phi,W (Oct 7),-,11,0.00,"2,177","1,020",0%,-,-,-,-,-,-,-,-,-,-,-,-,-
Kentrel Bullock,43342,Cin,RB,NA,Final L 17-22 vs Jax,W (Oct 7),-,6,0.00,"2,576",497,0%,-,-,-,-,-,-,-,-,-,-,-,-,-
Oscar Delp,42695,NO,TE,,Mon 8:15 pm vs Atl,FA,-,8,–,"2,269","1,024",0%,-,-,-,-,-,-,-,-,-,-,-,-,-
Lincoln Pare,43339,Ind,RB,NA,Final W 30-13 @ Was,W (Oct 7),-,13,0.00,"2,598",493,0%,-,-,-,-,-,-,-,-,-,-,-,-,-
Caleb Douglas,42697,Mia,WR,O,Final L 10-15 @ Min,W (Oct 7),-,6,0.00,144,"1,026",16%,-,-,-,-,-,-,-,-,-,-,-,-,-
Ja'Kobi Lane,42702,Bal,WR,IR,Final W 24-18 vs Ten,W (Oct 7),-,13,0.00,231,"1,030",9%,-,-,-,-,-,-,-,-,-,-,-,-,-
Damon Bankston,43354,GB,RB,NA,Final W 17-14 @ TB,W (Oct 7),-,11,0.00,"2,540",502,0%,-,-,-,-,-,-,-,-,-,-,-,-,-
Chris Brazzell II,42705,Car,WR,IR,Final W 32-26 vs Det,W (Oct 7),-,5,0.00,"2,463","1,031",0%,-,-,-,-,-,-,-,-,-,-,-,-,-
Zavion Thomas,42711,Chi,WR,,Final W 23-12 vs NYJ,W (Oct 7),1,10,0.00,"2,665","1,033",0%,-,-,-,-,-,-,-,-,-,-,0,0,-
Chris Bell,42716,Mia,WR,,Final L 10-15 @ Min,W (Oct 7),1,6,0.00,147,"1,036",8%,0,0,0,0,0,0,3,0,0,0,-,-,0
Brenen Thompson,42727,LAC,WR,O,Final L 23-30 @ Sea,W (Oct 7),-,7,0.00,"2,516","1,038",0%,-,-,-,-,-,-,-,-,-,-,-,-,-
Jonah Coleman,42730,Den,RB,IR,Final L 14-24 @ SF,W (Oct 7),-,10,0.00,152,"1,039",33%,-,-,-,-,-,-,-,-,-,-,-,-,-
Gabriel Benyard,43333,Car,WR,NA,Final W 32-26 vs Det,W (Oct 7),-,5,0.00,"2,335",491,0%,-,-,-,-,-,-,-,-,-,-,-,-,-
Kaden Wetjen,42743,Pit,WR,,Final L 24-27 @ Cle,W (Oct 7),1,9,0.00,"2,683","1,042",0%,-,-,-,-,-,-,-,-,-,-,0,0,-
Skyler Bell,42747,Buf,WR,,Final L 26-29 vs NE,W (Oct 7),-,7,0.00,282,"1,044",0%,-,-,-,-,-,-,-,-,-,-,-,-,-
Bryce Lance,42758,NO,WR,,Mon 8:15 pm vs Atl,FA,-,8,–,256,"1,047",0%,-,-,-,-,-,-,-,-,-,-,-,-,-
Eli Stowers,42676,Phi,TE,IR,Final L 20-24 vs LAR,W (Oct 7),-,10,0.00,"2,223","1,012",1%,-,-,-,-,-,-,-,-,-,-,-,-,-
Kenny Fletcher Jr.,43357,Ind,TE,NA,Final W 30-13 @ Was,W (Oct 7),-,13,0.00,"2,178",503,0%,-,-,-,-,-,-,-,-,-,-,-,-,-
Justin Joly,42764,Mia,TE,,Final L 10-15 @ Min,W (Oct 7),-,6,0.00,"2,146","1,052",0%,-,-,-,-,-,-,-,-,-,-,-,-,-
Carson Towt,42620,Ind,TE,IR,Final W 30-13 @ Was,W (Oct 7),-,13,0.00,"2,130",993,0%,-,-,-,-,-,-,-,-,-,-,-,-,-
Drake Dabney,42523,GB,TE,NA,Final W 17-14 @ TB,W (Oct 7),-,11,0.00,"2,190",962,0%,-,-,-,-,-,-,-,-,-,-,-,-,-
Kyrese Rowan,42527,NO,WR,NA,Mon 8:15 pm vs Atl,FA,-,8,–,"2,365",964,0%,-,-,-,-,-,-,-,-,-,-,-,-,-
Lucas Scott,42531,Bal,RB,NA,Final W 24-18 vs Ten,W (Oct 7),-,13,0.00,"2,531",965,0%,-,-,-,-,-,-,-,-,-,-,-,-,-
Mitch Van Vooren,42547,NE,TE,NA,Final W 29-26 @ Buf,W (Oct 7),-,11,0.00,"2,147",969,0%,-,-,-,-,-,-,-,-,-,-,-,-,-
Jaden Smith,42568,Dal,WR,NA,Final W 34-30 @ Hou,W (Oct 7),-,14,0.00,"2,375",976,0%,-,-,-,-,-,-,-,-,-,-,-,-,-
Kolbe Katsis,43382,Den,WR,NA,Final L 14-24 @ SF,W (Oct 7),-,10,0.00,"2,678",515,0%,-,-,-,-,-,-,-,-,-,-,-,-,-
Thomas Gordon,42571,Det,TE,NA,Final L 26-32 @ Car,W (Oct 7),-,6,0.00,"2,188",978,0%,-,-,-,-,-,-,-,-,-,-,-,-,-
Layne Pryor,42612,Hou,TE,NA,Final L 30-34 vs Dal,W (Oct 7),-,8,0.00,"2,200",990,0%,-,-,-,-,-,-,-,-,-,-,-,-,-
Brandon Frazier,43379,Atl,TE,NA,Mon 8:15 pm @ NO,FA,-,11,–,"2,169",512,0%,-,-,-,-,-,-,-,-,-,-,-,-,-
Damien Alford,42622,NO,WR,NA,Mon 8:15 pm vs Atl,FA,-,8,–,"2,391",994,0%,-,-,-,-,-,-,-,-,-,-,-,-,-
Nick DeGennaro,43363,NE,WR,NA,Final W 29-26 @ Buf,W (Oct 7),-,11,0.00,"2,313",504,0%,-,-,-,-,-,-,-,-,-,-,-,-,-
Keelan Marion,43377,Atl,WR,NA,Mon 8:15 pm @ NO,FA,-,11,–,"2,444",510,0%,-,-,-,-,-,-,-,-,-,-,-,-,-
Le'Meke Brockington,43376,Atl,WR,NA,Mon 8:15 pm @ NO,FA,-,11,–,"2,406",509,0%,-,-,-,-,-,-,-,-,-,-,-,-,-
Jimmy Kibble,43368,NE,WR,NA,Final W 29-26 @ Buf,W (Oct 7),-,11,0.00,"2,337",507,0%,-,-,-,-,-,-,-,-,-,-,-,-,-
Jordyn Tyson,42630,NO,WR,IR-R,Mon 8:15 pm vs Atl,FA,-,8,–,163,998,51%,-,-,-,-,-,-,-,-,-,-,-,-,-
Kenyon Sadiq,42638,NYJ,TE,,Final L 12-23 @ Chi,W (Oct 7),1,13,0.00,138,"1,000",56%,-,-,-,-,-,-,4,0,0,0,-,-,0
Myles Montgomery,43367,NE,RB,IR,Final W 29-26 @ Buf,W (Oct 7),-,11,0.00,"2,532",506,0%,-,-,-,-,-,-,-,-,-,-,-,-,-
Omar Cooper Jr.,42652,NYJ,WR,IR,Final L 12-23 @ Chi,W (Oct 7),-,13,0.00,226,"1,003",3%,-,-,-,-,-,-,-,-,-,-,-,-,-
Jadarian Price,42654,Sea,RB,IR,Final W 30-23 vs LAC,Dave’s Bone Crushers,-,11,0.00,75,"1,004",85%,-,-,-,-,-,-,-,-,-,-,-,-,-
Cortez Braham Jr.,43181,Bal,WR,NA,Final W 24-18 vs Ten,W (Oct 7),-,13,0.00,"2,288",433,0%,-,-,-,-,-,-,-,-,-,-,-,-,-
De'Zhaun Stribling,42655,SF,WR,IR,Final W 24-14 vs Den,Maybe Mitchell,-,8,0.00,258,"1,005",32%,-,-,-,-,-,-,-,-,-,-,-,-,-
Colbie Young,42762,Cin,WR,O,Final L 17-22 vs Jax,W (Oct 7),-,6,0.00,"2,645","1,049",0%,-,-,-,-,-,-,-,-,-,-,-,-,-
Joe Royer,42772,Cle,TE,NFI-R,Final W 27-24 vs Pit,W (Oct 7),-,11,0.00,"2,222","1,054",0%,-,-,-,-,-,-,-,-,-,-,-,-,-
Tyren Montgomery,42896,Ten,WR,NA,Final L 18-24 @ Bal,W (Oct 7),-,9,0.00,"2,296","1,113",0%,-,-,-,-,-,-,-,-,-,-,-,-,-
Dae'Quan Wright,42885,Cle,TE,NA,Final W 27-24 vs Pit,W (Oct 7),-,11,0.00,"2,219","1,107",0%,-,-,-,-,-,-,-,-,-,-,-,-,-
Patrick Gurd,43272,LV,TE,NA,Final L 27-30 vs KC,W (Oct 7),-,13,0.00,"2,152",467,0%,-,-,-,-,-,-,-,-,-,-,-,-,-
Jam Miller,42867,NE,RB,NA,Final W 29-26 @ Buf,W (Oct 7),-,11,0.00,"2,605","1,098",0%,-,-,-,-,-,-,-,-,-,-,-,-,-
Carsen Ryan,42870,Cle,TE,,Final W 27-24 vs Pit,W (Oct 7),-,11,0.00,"2,524","1,100",0%,-,-,-,-,-,-,-,-,-,-,-,-,-
Dallen Bentley,42878,Den,TE,,Final L 14-24 @ SF,W (Oct 7),-,10,0.00,"2,157","1,102",0%,-,-,-,-,-,-,-,-,-,-,-,-,-
Jeff Caldwell,42880,KC,WR,IR,Final W 30-27 @ LV,W (Oct 7),-,5,0.00,"2,676","1,103",0%,-,-,-,-,-,-,-,-,-,-,-,-,-
Cash Jones,42881,Atl,RB,NA,Mon 8:15 pm @ NO,FA,-,11,–,"2,545","1,104",0%,-,-,-,-,-,-,-,-,-,-,-,-,-
J'Mari Taylor,42882,Jax,RB,NA,Final W 22-17 @ Cin,W (Oct 7),-,7,0.00,"2,604","1,105",0%,-,-,-,-,-,-,-,-,-,-,-,-,-
Elijah Tau-Tolliver,43268,Bal,RB,NA,Final W 24-18 vs Ten,W (Oct 7),-,13,0.00,"2,537",466,0%,-,-,-,-,-,-,-,-,-,-,-,-,-
Jaden Nixon,43265,GB,RB,NA,Final W 17-14 @ TB,W (Oct 7),-,11,0.00,"2,559",464,0%,-,-,-,-,-,-,-,-,-,-,-,-,-
Omari Evans,43261,KC,WR,NA,Final W 30-27 @ LV,W (Oct 7),-,5,0.00,"2,437",462,0%,-,-,-,-,-,-,-,-,-,-,-,-,-
Jaren Kanak,42847,Ten,TE,IR,Final L 18-24 @ Bal,W (Oct 7),-,9,0.00,"2,180","1,090",0%,-,-,-,-,-,-,-,-,-,-,-,-,-
Jacob De Jesus,43258,KC,WR,NA,Final W 30-27 @ LV,W (Oct 7),-,5,0.00,"2,294",460,0%,-,-,-,-,-,-,-,-,-,-,-,-,-
Corey Rucker,43248,LV,WR,IR,Final L 27-30 vs KC,W (Oct 7),-,13,0.00,"2,303",456,0%,-,-,-,-,-,-,-,-,-,-,-,-,-
Michael Briscoe,43242,Min,WR,NA,Final W 15-10 vs Mia,W (Oct 7),-,6,0.00,"2,334",453,0%,-,-,-,-,-,-,-,-,-,-,-,-,-
Levi Wentz,43241,Pit,WR,NA,Final L 24-27 @ Cle,W (Oct 7),-,9,0.00,"2,373",452,0%,-,-,-,-,-,-,-,-,-,-,-,-,-
Michael Trigg,42887,Dal,TE,NA,Final W 34-30 @ Hou,W (Oct 7),-,14,0.00,"2,161","1,108",0%,-,-,-,-,-,-,-,-,-,-,-,-,-
DeShawn Hanika,43239,Ind,TE,NA,Final W 30-13 @ Was,W (Oct 7),-,13,0.00,"2,165",450,0%,-,-,-,-,-,-,-,-,-,-,-,-,-
Le'Veon Moss,42890,Mia,RB,NA,Final L 10-15 @ Min,W (Oct 7),-,6,0.00,"2,546","1,109",0%,-,-,-,-,-,-,-,-,-,-,-,-,-
Chip Trayanum,43213,NYJ,RB,IR,Final L 12-23 @ Chi,W (Oct 7),-,13,0.00,"2,569",448,0%,-,-,-,-,-,-,-,-,-,-,-,-,-
Jaydn Ott,42895,KC,RB,NA,Final W 30-27 @ LV,W (Oct 7),-,5,0.00,"2,560","1,112",0%,-,-,-,-,-,-,-,-,-,-,-,-,-
Eli Heidenreich,42852,Pit,RB,,Final L 24-27 @ Cle,W (Oct 7),0,9,0.00,307,"1,093",0%,-,-,-,-,-,-,-,-,-,-,-,-,-
Jack Endries,42843,Cin,TE,,Final L 17-22 vs Jax,W (Oct 7),-,6,0.00,"2,196","1,088",0%,-,-,-,-,-,-,-,-,-,-,-,-,-
Cyrus Allen,42773,KC,WR,,Final W 30-27 @ LV,W (Oct 7),1,5,0.00,241,"1,055",2%,-,-,-,-,-,-,1,0,0,0,-,-,0
Bauer Sharp,42807,TB,TE,,Final L 14-17 vs GB,W (Oct 7),1,10,0.00,"2,525","1,073",0%,-,-,-,-,-,-,-,-,-,-,-,-,-
Adam Randall,42780,Bal,RB,IR-R,Final W 24-18 vs Ten,W (Oct 7),-,13,0.00,297,"1,057",1%,-,-,-,-,-,-,-,-,-,-,-,-,-
Josh Cuevas,42782,Bal,TE,,Final W 24-18 vs Ten,W (Oct 7),1,13,0.00,"2,471","1,058",0%,-,-,-,-,-,-,-,-,-,-,-,-,-
Seydou Traore,42790,Mia,TE,,Final L 10-15 @ Min,W (Oct 7),-,6,0.00,"2,224","1,061",0%,-,-,-,-,-,-,-,-,-,-,-,-,-
Reggie Virgil,42791,Ari,WR,,Final L 24-36 @ NYG,W (Oct 7),-,14,0.00,"2,389","1,062",0%,-,-,-,-,-,-,-,-,-,-,-,-,-
Tanner Koziol,42797,Jax,TE,,Final W 22-17 @ Cin,W (Oct 7),-,7,0.00,"2,154","1,064",0%,-,-,-,-,-,-,-,-,-,-,-,-,-
Kendrick Law,42798,Det,WR,IR,Final L 26-32 @ Car,W (Oct 7),-,6,0.00,"2,295","1,065",0%,-,-,-,-,-,-,-,-,-,-,-,-,-
Max Bredeson,42799,Min,RB,,Final W 15-10 vs Mia,W (Oct 7),-,6,0.00,"2,737","1,066",0%,-,-,-,-,-,-,-,-,-,-,-,-,-
Riley Nowakowski,42803,Pit,"RB,TE",,Final L 24-27 @ Cle,W (Oct 7),-,9,0.00,"2,671","1,071",0%,-,-,-,-,-,-,-,-,-,-,-,-,-
Jackson Acker,43331,Buf,RB,NA,Final L 26-29 vs NE,W (Oct 7),-,7,0.00,"2,588",490,0%,-,-,-,-,-,-,-,-,-,-,-,-,-
Barion Brown,42812,NO,WR,,Mon 8:15 pm vs Atl,FA,-,8,–,"2,668","1,075",1%,-,-,-,-,-,-,-,-,-,-,-,-,-
Anthony Smith,42840,Dal,WR,NA,Final W 34-30 @ Hou,W (Oct 7),-,14,0.00,"2,447","1,087",0%,-,-,-,-,-,-,-,-,-,-,-,-,-
Jordon Vaughn,43329,Ind,RB,NA,Final W 30-13 @ Was,W (Oct 7),-,13,0.00,"2,575",489,0%,-,-,-,-,-,-,-,-,-,-,-,-,-
Malik Benson,42817,LV,WR,,Final L 27-30 vs KC,W (Oct 7),1,13,0.00,"2,670","1,076",0%,-,-,-,-,-,-,-,-,-,-,0,0,-
CJ Daniels,42819,LAR,WR,,Final W 24-20 @ Phi,W (Oct 7),-,11,0.00,"2,290","1,078",0%,-,-,-,-,-,-,-,-,-,-,-,-,-
E.J. Horton,43328,Ind,WR,NA,Final W 30-13 @ Was,W (Oct 7),-,13,0.00,"2,438",488,0%,-,-,-,-,-,-,-,-,-,-,-,-,-
E. Henderson Jr.,42821,Sea,WR,NA,Final W 30-23 vs LAC,W (Oct 7),-,11,0.00,"2,422","1,079",0%,-,-,-,-,-,-,-,-,-,-,-,-,-
Sahmir Hagans,43327,Ind,WR,NA,Final W 30-13 @ Was,W (Oct 7),-,13,0.00,"2,381",486,0%,-,-,-,-,-,-,-,-,-,-,-,-,-
Jonathan Brady,43287,LV,WR,NA,Final L 27-30 vs KC,W (Oct 7),-,13,0.00,"2,330",475,0%,-,-,-,-,-,-,-,-,-,-,-,-,-
CJ Williams,42825,Jax,WR,,Final W 22-17 @ Cin,W (Oct 7),-,7,0.00,"2,453","1,081",0%,-,-,-,-,-,-,-,-,-,-,-,-,-
Xavier Loyd,43281,KC,WR,NA,Final W 30-27 @ LV,W (Oct 7),-,5,0.00,"2,431",471,0%,-,-,-,-,-,-,-,-,-,-,-,-,-
Lewis Bond,42826,Hou,WR,NA,Final L 30-34 vs Dal,W (Oct 7),-,8,0.00,"2,679","1,082",0%,-,-,-,-,-,-,-,-,-,-,-,-,-
Marcedes Lewis,7777,Den,TE,NA,Final L 14-24 @ SF,W (Oct 7),-,10,0.00,"2,136",986,0%,-,-,-,-,-,-,-,-,-,-,-,-,-
Bub Means,41045,Cle,WR,NA,Final W 27-24 vs Pit,W (Oct 7),-,11,0.00,"2,247",374,0%,-,-,-,-,-,-,-,-,-,-,-,-,-
Arian Smith,41896,NYJ,WR,IR,Final L 12-23 @ Chi,W (Oct 7),-,13,0.00,"2,766",656,0%,-,-,-,-,-,-,-,-,-,-,-,-,-
Dee Eskridge,33444,Mia,WR,NA,Final L 10-15 @ Min,W (Oct 7),-,6,0.00,"2,721",607,0%,-,-,-,-,-,-,-,-,-,-,-,-,-
Nick Westbrook-Ikhine,33348,Ind,WR,NA,Final W 30-13 @ Was,W (Oct 7),1,13,0.00,"2,708",583,0%,-,-,-,-,-,-,-,-,-,-,-,-,-
Kristian Wilkerson,33349,Atl,WR,NA,Mon 8:15 pm @ NO,FA,-,11,–,"2,421",584,0%,-,-,-,-,-,-,-,-,-,-,-,-,-
Mason Kinsey,33351,Ten,WR,NA,Final L 18-24 @ Bal,W (Oct 7),-,9,0.00,"2,713",586,0%,-,-,-,-,-,-,-,-,-,-,-,-,-
Reggie Gilliam,33357,NE,RB,,Final W 29-26 @ Buf,W (Oct 7),-,11,0.00,"2,797",587,0%,-,-,-,-,-,-,-,-,-,-,-,-,-
Chris Blair,33376,Atl,WR,,Mon 8:15 pm @ NO,FA,-,11,–,"2,640",595,0%,-,-,-,-,-,-,-,-,-,-,-,-,-
Kyle Pitts Sr.,33392,Atl,TE,,Mon 8:15 pm @ NO,Dave’s Bone Crushers,-,11,–,131,598,78%,-,-,-,-,-,-,-,-,-,-,-,-,-
DeVonta Smith,33398,Phi,WR,O,Final L 20-24 vs LAR,Max’s TD Bombers,-,10,0.00,26,599,100%,-,-,-,-,-,-,-,-,-,-,-,-,-
Travis Etienne Jr.,33413,NO,RB,IR,Mon 8:15 pm vs Atl,JGrahnasaurs,-,8,–,109,603,91%,-,-,-,-,-,-,-,-,-,-,-,-,-
Elijah Moore,33422,Phi,WR,,Final L 20-24 vs LAR,W (Oct 7),-,10,0.00,"2,260",604,0%,-,-,-,-,-,-,-,-,-,-,-,-,-
Terrace Marshall Jr.,33447,Mia,WR,NA,Final L 10-15 @ Min,W (Oct 7),-,6,0.00,"2,505",608,0%,-,-,-,-,-,-,-,-,-,-,-,-,-
Salvon Ahmed,33265,Chi,RB,NA,Final W 23-12 vs NYJ,W (Oct 7),-,10,0.00,"2,555",574,0%,-,-,-,-,-,-,-,-,-,-,-,-,-
Trey Sermon,33476,Atl,RB,IR,Mon 8:15 pm @ NO,FA,-,11,–,"2,620",615,0%,-,-,-,-,-,-,-,-,-,-,-,-,-
Tre' McKitty,33485,Was,TE,NA,Final L 13-30 vs Ind,W (Oct 7),-,7,0.00,"2,175",617,0%,-,-,-,-,-,-,-,-,-,-,-,-,-
Michael Carter,33495,Ten,RB,,Final L 18-24 @ Bal,W (Oct 7),-,9,0.00,"2,057",619,0%,-,-,-,-,-,-,-,-,-,-,-,-,-
Kene Nwangwu,33507,NYJ,RB,,Final L 12-23 @ Chi,W (Oct 7),1,13,0.00,"2,787",622,0%,-,-,-,-,-,-,-,-,-,-,0,0,-
John Bates,33512,Was,TE,,Final L 13-30 vs Ind,W (Oct 7),-,7,0.00,"2,276",623,0%,-,-,-,-,-,-,-,-,-,-,-,-,-
Kylen Granson,33515,Ten,TE,,Final L 18-24 @ Bal,W (Oct 7),-,9,0.00,"2,629",625,0%,-,-,-,-,-,-,-,-,-,-,-,-,-
Tylan Wallace,33519,Cle,WR,O,Final W 27-24 vs Pit,W (Oct 7),-,11,0.00,"2,754",626,0%,-,-,-,-,-,-,-,-,-,-,-,-,-
Luke Farrell,33533,SF,TE,,Final W 24-14 vs Den,W (Oct 7),1,8,0.00,"2,625",629,0%,-,-,-,-,-,-,-,-,-,-,0,0,0
Ihmir Smith-Marsette,33545,Car,WR,NA,Final W 32-26 vs Det,W (Oct 7),-,5,0.00,"2,512",631,0%,-,-,-,-,-,-,-,-,-,-,-,-,-
Lawrence Cager,33329,Was,TE,NA,Final L 13-30 vs Ind,W (Oct 7),-,7,0.00,"2,215",581,0%,-,-,-,-,-,-,-,-,-,-,-,-,-
Patrick Taylor Jr.,33235,SF,RB,NA,Final W 24-14 vs Den,W (Oct 7),-,8,0.00,"2,518",569,0%,-,-,-,-,-,-,-,-,-,-,-,-,-
Cornell Powell,33569,Pit,WR,NA,Final L 24-27 @ Cle,W (Oct 7),-,9,0.00,"2,324",633,0%,-,-,-,-,-,-,-,-,-,-,-,-,-
K.J. Osborn,32846,Ten,WR,NA,Final L 18-24 @ Bal,W (Oct 7),-,9,0.00,"2,476",368,0%,-,-,-,-,-,-,-,-,-,-,-,-,-
Devin Duvernay,32762,Ari,WR,,Final L 24-36 @ NYG,W (Oct 7),1,14,0.00,"2,782","1,184",0%,-,-,-,-,-,-,-,-,-,-,0,0,-
Josiah Deguara,32764,Phi,TE,NA,Final L 20-24 vs LAR,W (Oct 7),-,10,0.00,"2,493","1,188",0%,-,-,-,-,-,-,-,-,-,-,-,-,-
Adam Trautman,32775,Den,TE,,Final L 14-24 @ SF,W (Oct 7),1,10,0.00,"2,124",326,0%,-,-,-,-,-,-,1,0,0,0,-,-,0
Harrison Bryant,32785,Hou,TE,NA,Final L 30-34 vs Dal,W (Oct 7),-,8,0.00,"2,638",330,0%,-,-,-,-,-,-,-,-,-,-,-,-,-
A. Okwuegbunam Jr.,32788,LV,TE,NA,Final L 27-30 vs KC,W (Oct 7),-,13,0.00,"2,134",333,0%,-,-,-,-,-,-,-,-,-,-,-,-,-
Gabe Davis,32798,Buf,WR,NA,Final L 26-29 vs NE,W (Oct 7),-,7,0.00,"2,095",340,0%,-,-,-,-,-,-,-,-,-,-,-,-,-
Colby Parkinson,32803,LAR,TE,O,Final W 24-20 @ Phi,W (Oct 7),-,11,0.00,207,341,1%,-,-,-,-,-,-,-,-,-,-,-,-,-
Tyler Johnson,32831,NYJ,WR,NA,Final L 12-23 @ Chi,W (Oct 7),-,13,0.00,"2,119",358,0%,-,-,-,-,-,-,-,-,-,-,-,-,-
Darnell Mooney,32843,NYG,WR,,Final W 36-24 vs Ari,W (Oct 7),1,8,0.00,248,365,1%,-,-,-,-,-,-,2,0,0,0,-,-,0
Charlie Woerner,32860,Atl,TE,,Mon 8:15 pm @ NO,FA,-,11,–,"2,691",378,0%,-,-,-,-,-,-,-,-,-,-,-,-,-
JaMycal Hasty,33199,NE,RB,NA,Final W 29-26 @ Buf,W (Oct 7),-,11,0.00,"2,634",544,0%,-,-,-,-,-,-,-,-,-,-,-,-,-
Quez Watkins,32870,Phi,WR,NA,Final L 20-24 vs LAR,W (Oct 7),-,10,0.00,"2,346",384,0%,-,-,-,-,-,-,-,-,-,-,-,-,-
James Proche II,32871,Ten,WR,NA,Final L 18-24 @ Bal,W (Oct 7),-,9,0.00,"2,673",386,0%,-,-,-,-,-,-,-,-,-,-,-,-,-
Isaiah Hodgins,32877,Pit,WR,NA,Final L 24-27 @ Cle,W (Oct 7),-,9,0.00,"2,256",393,0%,-,-,-,-,-,-,-,-,-,-,-,-,-
Andre Baccellia,32943,Ari,WR,NA,Final L 24-36 @ NYG,W (Oct 7),-,14,0.00,"2,709",436,0%,-,-,-,-,-,-,-,-,-,-,-,-,-
Dan Chisena,33023,Car,WR,NA,Final W 32-26 vs Det,W (Oct 7),-,5,0.00,"2,502",463,0%,-,-,-,-,-,-,-,-,-,-,-,-,-
Jonathan Ward,33088,Bal,RB,NA,Final W 24-18 vs Ten,W (Oct 7),-,13,0.00,"2,654",487,0%,-,-,-,-,-,-,-,-,-,-,-,-,-
Rico Dowdle,33100,Pit,RB,O,Final L 24-27 @ Cle,W (Oct 7),-,9,0.00,122,494,75%,-,-,-,-,-,-,-,-,-,-,-,-,-
Sean McKeon,33101,Ind,TE,NA,Final W 30-13 @ Was,W (Oct 7),-,13,0.00,"2,209",496,0%,-,-,-,-,-,-,-,-,-,-,-,-,-
Juwan Johnson,33113,NO,TE,,Mon 8:15 pm vs Atl,Steel City,-,8,–,115,501,87%,-,-,-,-,-,-,-,-,-,-,-,-,-
Simi Fehoko,33567,Ari,WR,,Final L 24-36 @ NYG,W (Oct 7),1,14,0.00,"2,780",632,0%,-,-,-,-,-,-,-,-,-,-,-,-,-
Elijah Mitchell,33582,KC,RB,NA,Final W 30-27 @ LV,W (Oct 7),-,5,0.00,"2,609",634,0%,-,-,-,-,-,-,-,-,-,-,-,-,-
Denzel Mims,32729,Dal,WR,NA,Final W 34-30 @ Hou,W (Oct 7),-,14,0.00,"2,418","1,163",0%,-,-,-,-,-,-,-,-,-,-,-,-,-
Hassan Haskins,34087,NE,RB,NA,Final W 29-26 @ Buf,W (Oct 7),-,11,0.00,"2,758",852,0%,-,-,-,-,-,-,-,-,-,-,-,-,-
Rachaad White,34047,Was,RB,O,Final L 13-30 vs Ind,W (Oct 7),-,7,0.00,135,821,58%,-,-,-,-,-,-,-,-,-,-,-,-,-
Brian Robinson,34054,Atl,RB,,Mon 8:15 pm @ NO,FA,-,11,–,222,828,31%,-,-,-,-,-,-,-,-,-,-,-,-,-
Jeremy Ruckert,34057,NYJ,TE,,Final L 12-23 @ Chi,W (Oct 7),-,13,0.00,"2,064",830,0%,-,-,-,-,-,-,-,-,-,-,-,-,-
Danny Gray,34061,Phi,WR,NA,Final L 20-24 vs LAR,W (Oct 7),-,10,0.00,"2,400",832,0%,-,-,-,-,-,-,-,-,-,-,-,-,-
Dameon Pierce,34063,Phi,RB,NA,Final L 20-24 vs LAR,W (Oct 7),-,10,0.00,"2,741",835,0%,-,-,-,-,-,-,-,-,-,-,-,-,-
Zamir White,34078,NO,RB,NA,Mon 8:15 pm vs Atl,FA,-,8,–,"2,723",840,0%,-,-,-,-,-,-,-,-,-,-,-,-,-
Erik Ezukanma,34081,Phi,WR,NA,Final L 20-24 vs LAR,W (Oct 7),-,10,0.00,"2,414",844,0%,-,-,-,-,-,-,-,-,-,-,-,-,-
Pierre Strong Jr.,34083,GB,RB,NA,Final W 17-14 @ TB,W (Oct 7),-,11,0.00,"2,628",847,0%,-,-,-,-,-,-,-,-,-,-,-,-,-
Charlie Kolar,34084,LAC,TE,O,Final L 23-30 @ Sea,W (Oct 7),-,7,0.00,"2,094",849,0%,-,-,-,-,-,-,-,-,-,-,-,-,-
Calvin Austin III,34094,NYG,WR,IR,Final W 36-24 vs Ari,W (Oct 7),-,8,0.00,"2,062",856,0%,-,-,-,-,-,-,-,-,-,-,-,-,-
Greg Dulcich,34036,Mia,TE,,Final L 10-15 @ Min,W (Oct 7),-,6,0.00,175,811,7%,-,-,-,-,-,-,-,-,-,-,-,-,-
Cole Turner,34105,Mia,TE,IR,Final L 10-15 @ Min,W (Oct 7),-,6,0.00,"2,213",863,0%,-,-,-,-,-,-,-,-,-,-,-,-,-
Jerome Ford,34112,Min,RB,NA,Final W 15-10 vs Mia,W (Oct 7),-,6,0.00,"2,523",865,0%,-,-,-,-,-,-,-,-,-,-,-,-,-
Montrell Washington,34118,NYG,WR,NA,Final W 36-24 vs Ari,W (Oct 7),-,8,0.00,"2,285",869,0%,-,-,-,-,-,-,-,-,-,-,-,-,-
Ty Chandler,34125,NO,RB,IR,Mon 8:15 pm vs Atl,FA,-,8,–,"2,637",873,0%,-,-,-,-,-,-,-,-,-,-,-,-,-
Teagan Quitoriano,34126,Ari,TE,NA,Final L 24-36 @ NYG,W (Oct 7),-,14,0.00,"2,201",874,0%,-,-,-,-,-,-,-,-,-,-,-,-,-
James Mitchell,34133,Dal,TE,NA,Final W 34-30 @ Hou,W (Oct 7),-,14,0.00,"2,158",876,0%,-,-,-,-,-,-,-,-,-,-,-,-,-
Jalen Nailor,34147,LV,WR,Q,Final L 27-30 vs KC,W (Oct 7),0,13,0.00,201,882,8%,-,-,-,-,-,-,-,-,-,-,-,-,0
Drew Ogletree,34148,Ind,TE,,Final W 30-13 @ Was,W (Oct 7),1,13,0.00,"2,689",883,0%,-,-,-,-,-,-,-,-,-,-,-,-,-
Grant Calcaterra,34154,Phi,TE,IR-R,Final L 20-24 vs LAR,W (Oct 7),-,10,0.00,"2,234",886,0%,-,-,-,-,-,-,-,-,-,-,-,-,-
Jalen Tolbert,34044,Mia,WR,,Final L 10-15 @ Min,W (Oct 7),1,6,0.00,"2,500",817,0%,-,-,-,-,-,-,1,0,0,0,-,-,0
Velus Jones Jr.,34027,Sea,"WR,RB",,Final W 30-23 vs LAC,W (Oct 7),-,11,0.00,"2,726",805,0%,-,-,-,-,-,-,-,-,-,-,-,-,-
Gary Brightwell,33584,Cin,RB,NA,Final L 17-22 vs Jax,W (Oct 7),-,6,0.00,"2,558",635,0%,-,-,-,-,-,-,-,-,-,-,-,-,-
Shane Zylstra,33803,NE,TE,NA,Final W 29-26 @ Buf,W (Oct 7),-,11,0.00,"2,229",685,0%,-,-,-,-,-,-,-,-,-,-,-,-,-
Khalil Herbert,33605,Atl,RB,NA,Mon 8:15 pm @ NO,FA,-,11,–,"2,740",637,0%,-,-,-,-,-,-,-,-,-,-,-,-,-
Jermar Jefferson,33644,Min,RB,NA,Final W 15-10 vs Mia,W (Oct 7),-,6,0.00,"2,592",645,0%,-,-,-,-,-,-,-,-,-,-,-,-,-
Tim Jones,33649,Jax,WR,NA,Final W 22-17 @ Cin,W (Oct 7),-,7,0.00,"2,507",646,0%,-,-,-,-,-,-,-,-,-,-,-,-,-
Kenny Yeboah,33705,Ari,TE,NA,Final L 24-36 @ NYG,W (Oct 7),-,14,0.00,"2,235",658,0%,-,-,-,-,-,-,-,-,-,-,-,-,-
Jaret Patterson,33706,Min,RB,NA,Final W 15-10 vs Mia,W (Oct 7),-,6,0.00,"2,475",659,0%,-,-,-,-,-,-,-,-,-,-,-,-,-
Brandon Smith,33710,Pit,WR,NA,Final L 24-27 @ Cle,W (Oct 7),-,9,0.00,"2,407",660,0%,-,-,-,-,-,-,-,-,-,-,-,-,-
Feleipe Franks,33729,Car,TE,,Final W 32-26 vs Det,W (Oct 7),-,5,0.00,"2,748",666,0%,-,-,-,-,-,-,-,-,-,-,-,-,-
Austin Trammell,33745,Jax,WR,NA,Final W 22-17 @ Cin,W (Oct 7),-,7,0.00,"2,664",672,0%,-,-,-,-,-,-,-,-,-,-,-,-,-
Tarik Black,33797,Det,WR,NA,Final L 26-32 @ Car,W (Oct 7),-,6,0.00,"2,427",684,0%,-,-,-,-,-,-,-,-,-,-,-,-,-
DJ Turner,33813,LV,WR,NA,Final L 27-30 vs KC,W (Oct 7),-,13,0.00,"2,468",689,0%,-,-,-,-,-,-,-,-,-,-,-,-,-
Alec Pierce,34008,Ind,WR,IR,Final W 30-13 @ Was,W (Oct 7),-,13,0.00,173,789,60%,-,-,-,-,-,-,-,-,-,-,-,-,-
Quintin Morris,33819,Jax,TE,,Final W 22-17 @ Cin,W (Oct 7),1,7,0.00,"2,660",694,0%,-,-,-,-,-,-,-,-,-,-,-,-,-
Jack Stoll,33891,SF,TE,NA,Final W 24-14 vs Den,W (Oct 7),-,8,0.00,"2,510",717,0%,-,-,-,-,-,-,-,-,-,-,-,-,-
Adam Prentice,33901,Den,RB,,Final L 14-24 @ SF,W (Oct 7),1,10,0.00,"2,793",725,0%,-,-,-,-,-,-,-,-,-,-,-,-,-
Michael Bandy,33928,Den,WR,NA,Final L 14-24 @ SF,W (Oct 7),-,10,0.00,"2,467",737,0%,-,-,-,-,-,-,-,-,-,-,-,-,-
Sal Cannella,33932,Cle,TE,NA,Final W 27-24 vs Pit,W (Oct 7),-,11,0.00,"2,144",742,0%,-,-,-,-,-,-,-,-,-,-,-,-,-
Nikola Kalinic,33950,Chi,TE,IR,Final W 23-12 vs NYJ,W (Oct 7),-,10,0.00,"2,150",753,0%,-,-,-,-,-,-,-,-,-,-,-,-,-
Drake London,33963,Atl,WR,,Mon 8:15 pm @ NO,Dave’s Bone Crushers,-,11,–,18,762,100%,-,-,-,-,-,-,-,-,-,-,-,-,-
Chris Olave,33966,NO,WR,,Mon 8:15 pm vs Atl,Sunday Kevin,-,8,–,15,764,100%,-,-,-,-,-,-,-,-,-,-,-,-,-
Jahan Dotson,33971,Atl,WR,,Mon 8:15 pm @ NO,FA,-,11,–,268,767,1%,-,-,-,-,-,-,-,-,-,-,-,-,-
Breece Hall,33991,NYJ,RB,O,Final L 12-23 @ Chi,Maybe Mitchell,-,13,0.00,105,779,98%,-,-,-,-,-,-,-,-,-,-,-,-,-
Antonio Gibson,32736,NE,RB,NA,Final W 29-26 @ Buf,W (Oct 7),-,11,0.00,"2,240","1,169",0%,-,-,-,-,-,-,-,-,-,-,-,-,-
Van Jefferson,32727,Was,WR,NA,Final L 13-30 vs Ind,W (Oct 7),-,7,0.00,"2,114","1,161",0%,-,-,-,-,-,-,-,-,-,-,-,-,-
Michael Woods II,34158,Den,WR,NA,Final L 14-24 @ SF,W (Oct 7),-,10,0.00,"2,488",889,0%,-,-,-,-,-,-,-,-,-,-,-,-,-
Anthony Firkser,30571,Det,TE,NA,Final L 26-32 @ Car,W (Oct 7),-,6,0.00,"2,262","1,097",0%,-,-,-,-,-,-,-,-,-,-,-,-,-
Josh Reynolds,30230,NYJ,WR,NA,Final L 12-23 @ Chi,W (Oct 7),-,13,0.00,"2,126",958,0%,-,-,-,-,-,-,-,-,-,-,-,-,-
Jeremy McNichols,30275,Was,RB,IR-R,Final L 13-30 vs Ind,W (Oct 7),-,7,0.00,"2,494",972,0%,-,-,-,-,-,-,-,-,-,-,-,-,-
Eric Saubert,30287,Sea,TE,,Final W 30-23 vs LAC,W (Oct 7),1,11,0.00,"2,520",980,0%,-,-,-,-,-,-,-,-,-,-,-,-,-
Trent Taylor,30290,SF,WR,NA,Final W 24-14 vs Den,W (Oct 7),-,8,0.00,"2,323",982,0%,-,-,-,-,-,-,-,-,-,-,-,-,-
David Moore,30339,Car,WR,,Final W 32-26 vs Det,W (Oct 7),1,5,0.00,"2,659",997,0%,-,-,-,-,-,-,-,-,-,-,0,0,-
Noah Brown,30352,LV,WR,NA,Final L 27-30 vs KC,W (Oct 7),-,13,0.00,"2,245","1,001",0%,-,-,-,-,-,-,-,-,-,-,-,-,-
Johnny Mundt,30373,Phi,TE,,Final L 20-24 vs LAR,W (Oct 7),-,10,0.00,"2,515","1,009",0%,-,-,-,-,-,-,-,-,-,-,-,-,-
Tim Patrick,30511,NYJ,WR,IR,Final L 12-23 @ Chi,W (Oct 7),-,13,0.00,"2,121","1,067",0%,-,-,-,-,-,-,-,-,-,-,-,-,-
Kendrick Bourne,30551,Ari,WR,,Final L 24-36 @ NYG,W (Oct 7),-,14,0.00,254,"1,085",1%,-,-,-,-,-,-,-,-,-,-,-,-,-
Taysom Hill,30614,NO,TE,NA,Mon 8:15 pm vs Atl,FA,-,8,–,"2,048","1,120",0%,-,-,-,-,-,-,-,-,-,-,-,-,-
Kareem Hunt,30199,KC,RB,NA,Final W 30-27 @ LV,W (Oct 7),-,5,0.00,313,944,0%,-,-,-,-,-,-,-,-,-,-,-,-,-
Pharaoh Brown,30627,Ind,TE,NA,Final W 30-13 @ Was,W (Oct 7),-,13,0.00,"2,251","1,128",0%,-,-,-,-,-,-,-,-,-,-,-,-,-
Robert Tonyan,30777,Pit,TE,,Final L 24-27 @ Cle,W (Oct 7),-,9,0.00,"2,487",354,0%,-,-,-,-,-,-,-,-,-,-,-,-,-
Dare Ogunbowale,30860,Hou,RB,,Final L 30-34 vs Dal,W (Oct 7),-,8,0.00,"2,730",413,0%,-,-,-,-,-,-,-,-,-,-,-,-,-
River Cracraft,30955,Was,WR,NA,Final L 13-30 vs Ind,W (Oct 7),-,7,0.00,"2,486",454,0%,-,-,-,-,-,-,-,-,-,-,-,-,-
Nick Chubb,31005,Hou,RB,NA,Final L 30-34 vs Dal,W (Oct 7),-,8,0.00,"2,082",477,0%,-,-,-,-,-,-,-,-,-,-,-,-,-
Dante Pettis,31014,SF,WR,NA,Final W 24-14 vs Den,W (Oct 7),-,8,0.00,"2,617",479,0%,-,-,-,-,-,-,-,-,-,-,-,-,-
Christian Kirk,31017,SF,WR,IR-R,Final W 24-14 vs Den,W (Oct 7),-,8,0.00,292,480,2%,-,-,-,-,-,-,-,-,-,-,-,-,-
Dallas Goedert,31019,Phi,TE,O,Final L 20-24 vs LAR,Monday Night Madison,-,10,0.00,182,481,76%,-,-,-,-,-,-,-,-,-,-,-,-,-
Will Dissly,31090,LAC,TE,NA,Final L 23-30 @ Sea,W (Oct 7),-,7,0.00,"2,115",511,0%,-,-,-,-,-,-,-,-,-,-,-,-,-
James Conner,30218,Ari,RB,IR-R,Final L 24-36 @ NYG,W (Oct 7),-,14,0.00,293,950,6%,-,-,-,-,-,-,-,-,-,-,-,-,-
Alvin Kamara,30180,NO,RB,,Mon 8:15 pm vs Atl,Jason's Jazzy Team,-,8,–,187,938,70%,-,-,-,-,-,-,-,-,-,-,-,-,-
Chase Edmonds,31104,Was,RB,NA,Final L 13-30 vs Ind,W (Oct 7),-,7,0.00,"2,580",517,0%,-,-,-,-,-,-,-,-,-,-,-,-,-
DeAndre Carter,28947,Cle,WR,NA,Final W 27-24 vs Pit,W (Oct 7),-,11,0.00,"2,743",473,0%,-,-,-,-,-,-,-,-,-,-,-,-,-
Keenan Allen,26699,Ind,WR,O,Final W 30-13 @ Was,W (Oct 7),-,13,0.00,129,366,37%,-,-,-,-,-,-,-,-,-,-,-,-,-
Odell Beckham Jr.,27540,NYG,WR,NA,Final W 36-24 vs Ari,W (Oct 7),-,8,0.00,"2,712",651,1%,-,-,-,-,-,-,-,-,-,-,-,-,-
Brandin Cooks,27548,SF,WR,,Final W 24-14 vs Den,W (Oct 7),1,8,0.00,"2,649",653,1%,-,-,-,-,-,-,1,0,0,0,-,-,0
Chris Manhertz,28365,NYG,TE,,Final W 36-24 vs Ari,W (Oct 7),0,8,0.00,"2,619","1,029",0%,-,-,-,-,-,-,-,-,-,-,0,0,0
Phillip Dorsett II,28417,LV,WR,NA,Final L 27-30 vs KC,W (Oct 7),-,13,0.00,"2,384","1,046",0%,-,-,-,-,-,-,-,-,-,-,-,-,-
Ameer Abdullah,28442,Jax,RB,,Final W 22-17 @ Cin,W (Oct 7),1,7,0.00,"2,715","1,056",0%,-,-,-,-,-,-,-,-,-,-,0,0,-
Tyler Lockett,28457,LV,WR,NA,Final L 27-30 vs KC,W (Oct 7),-,13,0.00,"2,233","1,063",0%,-,-,-,-,-,-,-,-,-,-,-,-,-
Michael Burton,28556,Cle,RB,,Final W 27-24 vs Pit,W (Oct 7),-,11,0.00,"2,745","1,110",0%,-,-,-,-,-,-,-,-,-,-,-,-,-
Raheem Mostert,28654,LV,RB,NA,Final L 27-30 vs KC,W (Oct 7),-,13,0.00,"2,686","1,177",0%,-,-,-,-,-,-,-,-,-,-,-,-,-
Sterling Shepard,29274,NYJ,WR,NA,Final L 12-23 @ Chi,W (Oct 7),1,13,0.00,"2,109",591,0%,-,-,-,-,-,-,1,0,0,0,-,-,0
JuJu Smith-Schuster,30175,NYG,WR,NA,Final W 36-24 vs Ari,W (Oct 7),-,8,0.00,"2,123",935,0%,-,-,-,-,-,-,-,-,-,-,-,-,-
Austin Hooper,29315,Atl,TE,,Mon 8:15 pm @ NO,FA,-,11,–,336,602,0%,-,-,-,-,-,-,-,-,-,-,-,-,-
Nick Vannett,29328,Bal,TE,NA,Final W 24-18 vs Ten,W (Oct 7),-,13,0.00,"2,118",605,0%,-,-,-,-,-,-,-,-,-,-,-,-,-
Chris Moore,29341,Bal,WR,O,Final W 24-18 vs Ten,W (Oct 7),-,13,0.00,"2,102",606,0%,-,-,-,-,-,-,-,-,-,-,-,-,-
Demarcus Robinson,29360,SF,WR,IR,Final W 24-14 vs Den,W (Oct 7),-,8,0.00,334,611,1%,-,-,-,-,-,-,-,-,-,-,-,-,-
Tyreek Hill,29399,Mia,WR,NA,Final L 10-15 @ Min,Owl Out Blitz,-,6,0.00,320,618,23%,-,-,-,-,-,-,-,-,-,-,-,-,-
Mo Alie-Cox,30112,Ind,TE,,Final W 30-13 @ Was,W (Oct 7),-,13,0.00,"2,248",911,0%,-,-,-,-,-,-,-,-,-,-,-,-,-
David Njoku,30142,LAC,TE,IR,Final L 23-30 @ Sea,W (Oct 7),-,7,0.00,322,920,2%,-,-,-,-,-,-,-,-,-,-,-,-,-
Zay Jones,30150,Hou,WR,NA,Final L 30-34 vs Dal,W (Oct 7),-,8,0.00,"2,265",927,0%,-,-,-,-,-,-,-,-,-,-,-,-,-
Curtis Samuel,30153,Buf,WR,NA,Final L 26-29 vs NE,W (Oct 7),-,7,0.00,"2,267",928,0%,-,-,-,-,-,-,-,-,-,-,-,-,-
Joe Mixon,30161,Sea,RB,,Final W 30-23 vs LAC,W (Oct 7),-,11,0.00,"2,085",932,3%,-,-,-,-,-,-,-,-,-,-,-,-,-
Durham Smythe,31093,Bal,TE,Q,Final W 24-18 vs Ten,W (Oct 7),1,13,0.00,"2,711",514,0%,-,-,-,-,-,-,-,-,-,-,-,-,-
Justin Watson,31114,Hou,WR,NA,Final L 30-34 vs Dal,W (Oct 7),-,8,0.00,"2,464",524,0%,-,-,-,-,-,-,-,-,-,-,-,-,-
Cam Akers,32722,Sea,RB,NA,Final W 30-23 vs LAC,W (Oct 7),-,11,0.00,"2,496","1,158",0%,-,-,-,-,-,-,-,-,-,-,-,-,-
Trenton Irwin,32438,SF,WR,NA,Final W 24-14 vs Den,W (Oct 7),-,8,0.00,"2,511","1,014",0%,-,-,-,-,-,-,-,-,-,-,-,-,-
Scotty Miller,32040,Chi,WR,NA,Final W 23-12 vs NYJ,W (Oct 7),-,10,0.00,"2,622",853,0%,-,-,-,-,-,-,-,-,-,-,-,-,-
Olamide Zaccheaus,32123,Atl,WR,,Mon 8:15 pm @ NO,FA,-,11,–,"2,113",894,0%,-,-,-,-,-,-,-,-,-,-,-,-,-
Alex Bachman,32124,LAR,WR,,Final W 24-20 @ Phi,W (Oct 7),1,11,0.00,"2,783",895,0%,-,-,-,-,-,-,-,-,-,-,0,0,-
Andrew Beck,32225,NYJ,RB,,Final L 12-23 @ Chi,W (Oct 7),1,13,0.00,"2,774",937,0%,-,-,-,-,-,-,-,-,-,-,-,-,-
Stephen Carlson,32273,Chi,TE,NA,Final W 23-12 vs NYJ,W (Oct 7),-,10,0.00,"2,217",954,0%,-,-,-,-,-,-,-,-,-,-,-,-,-
D.J. Montgomery,32283,Ind,WR,IR,Final W 30-13 @ Was,W (Oct 7),-,13,0.00,"2,378",963,0%,-,-,-,-,-,-,-,-,-,-,-,-,-
Alec Ingold,32344,LAC,RB,,Final L 23-30 @ Sea,W (Oct 7),-,7,0.00,"2,773",984,0%,-,-,-,-,-,-,-,-,-,-,-,-,-
Tyree Jackson,32415,Was,TE,NA,Final L 13-30 vs Ind,W (Oct 7),-,7,0.00,"2,160","1,006",0%,-,-,-,-,-,-,-,-,-,-,-,-,-
David Sills V,32418,TB,WR,IR-R,Final L 14-17 vs GB,W (Oct 7),-,10,0.00,"2,246","1,008",0%,-,-,-,-,-,-,-,-,-,-,-,-,-
Chris Myarick,32442,LV,TE,NA,Final L 27-30 vs KC,W (Oct 7),-,13,0.00,"2,133","1,019",0%,-,-,-,-,-,-,-,-,-,-,-,-,-
Trayveon Williams,32014,Det,RB,NA,Final L 26-32 @ Car,W (Oct 7),-,6,0.00,"2,739",833,0%,-,-,-,-,-,-,-,-,-,-,-,-,-
Donald Parham Jr.,32456,Pit,TE,NA,Final L 24-27 @ Cle,W (Oct 7),-,9,0.00,"2,228","1,025",0%,-,-,-,-,-,-,-,-,-,-,-,-,-
Lil'Jordan Humphrey,32494,Den,WR,NA,Final L 14-24 @ SF,W (Oct 7),-,10,0.00,"2,519","1,041",0%,-,-,-,-,-,-,-,-,-,-,-,-,-
Greg Dortch,32523,Buf,WR,,Final L 26-29 vs NE,W (Oct 7),1,7,0.00,"2,249","1,051",0%,-,-,-,-,-,-,-,-,-,-,0,0,-
Tom Kennedy,32561,Det,WR,,Final L 26-32 @ Car,W (Oct 7),1,6,0.00,"2,759","1,069",0%,-,-,-,-,-,-,-,-,-,-,0,0,-
D'Ernest Johnson,32608,Ten,RB,NA,Final L 18-24 @ Bal,W (Oct 7),-,9,0.00,"2,763","1,091",0%,-,-,-,-,-,-,-,-,-,-,-,-,-
Gunner Olszewski,32612,NYG,WR,IR,Final W 36-24 vs Ari,W (Oct 7),-,8,0.00,"2,623","1,094",0%,-,-,-,-,-,-,-,-,-,-,-,-,-
Jalen Reagor,32691,Mia,WR,NA,Final L 10-15 @ Min,W (Oct 7),-,6,0.00,"2,495","1,137",0%,-,-,-,-,-,-,-,-,-,-,-,-,-
Justin Jefferson,32692,Min,WR,O,Final W 15-10 vs Mia,Maybe Mitchell,-,6,0.00,23,"1,138",100%,-,-,-,-,-,-,-,-,-,-,-,-,-
Brandon Aiyuk,32695,SF,WR,NA,Final W 24-14 vs Den,W (Oct 7),-,8,0.00,"2,125","1,139",1%,-,-,-,-,-,-,-,-,-,-,-,-,-
Juwann Winfree,32019,Hou,WR,NA,Final L 30-34 vs Dal,W (Oct 7),-,8,0.00,"2,287",836,0%,-,-,-,-,-,-,-,-,-,-,-,-,-
Darius Slayton,32003,Ind,WR,,Final W 30-13 @ Was,W (Oct 7),-,13,0.00,"2,047",825,0%,-,-,-,-,-,-,-,-,-,-,-,-,-
Tyler Conklin,31127,Det,TE,,Final L 26-32 @ Car,W (Oct 7),-,6,0.00,"2,098",530,0%,-,-,-,-,-,-,-,-,-,-,-,-,-
Hollywood Brown,31857,Phi,WR,O,Final L 20-24 vs LAR,W (Oct 7),-,10,0.00,"2,054",727,0%,-,-,-,-,-,-,-,-,-,-,-,-,-
M. Valdes-Scantling,31144,LAC,WR,,Final L 23-30 @ Sea,W (Oct 7),1,7,0.00,"2,651",540,0%,-,-,-,-,-,-,1,0,0,0,-,-,0
Ray-Ray McCloud III,31157,Chi,WR,NA,Final W 23-12 vs NYJ,W (Oct 7),-,10,0.00,"2,279",552,0%,-,-,-,-,-,-,-,-,-,-,-,-,-
Cedrick Wilson Jr.,31178,Det,WR,NA,Final L 26-32 @ Car,W (Oct 7),-,6,0.00,"2,669",562,0%,-,-,-,-,-,-,-,-,-,-,-,-,-
Braxton Berrios,31180,NYG,WR,NA,Final W 36-24 vs Ari,W (Oct 7),1,8,0.00,"2,760",564,0%,-,-,-,-,-,-,1,0,0,0,0,0,0
Trent Sherfield,31320,Buf,WR,NA,Final L 26-29 vs NE,W (Oct 7),-,7,0.00,"2,717",589,0%,-,-,-,-,-,-,-,-,-,-,-,-,-
KhaDarel Hodge,31769,SF,WR,NA,Final W 24-14 vs Den,W (Oct 7),-,8,0.00,"2,764",693,0%,-,-,-,-,-,-,-,-,-,-,-,-,-
Malik Turner,31777,SF,WR,NA,Final W 24-14 vs Den,W (Oct 7),-,8,0.00,"2,345",697,0%,-,-,-,-,-,-,-,-,-,-,-,-,-
Noah Fant,31852,NO,TE,O,Mon 8:15 pm vs Atl,FA,-,8,–,317,724,2%,-,-,-,-,-,-,-,-,-,-,-,-,-
Josh Jacobs,31856,GB,RB,CEL,Final W 17-14 @ TB,W (Oct 7),-,11,0.00,134,726,75%,-,-,-,-,-,-,-,-,-,-,-,-,-
A.J. Brown,31883,NE,WR,IR,Final W 29-26 @ Buf,Monday Night Madison,-,11,0.00,67,741,96%,-,-,-,-,-,-,-,-,-,-,-,-,-
Hunter Renfrow,31981,Car,WR,NA,Final W 32-26 vs Det,W (Oct 7),-,5,0.00,"2,090",807,0%,-,-,-,-,-,-,-,-,-,-,-,-,-
Drew Sample,31884,Cin,TE,,Final L 17-22 vs Jax,W (Oct 7),-,6,0.00,"2,264",743,0%,-,-,-,-,-,-,-,-,-,-,-,-,-
Miles Sanders,31885,Dal,RB,NA,Final W 34-30 @ Hou,W (Oct 7),-,14,0.00,"2,086",745,0%,-,-,-,-,-,-,-,-,-,-,-,-,-
Mecole Hardman Jr.,31888,Buf,WR,NA,Final L 26-29 vs NE,W (Oct 7),-,7,0.00,"2,481",747,0%,-,-,-,-,-,-,-,-,-,-,-,-,-
Parris Campbell,31891,Dal,WR,NA,Final W 34-30 @ Hou,W (Oct 7),-,14,0.00,"2,469",749,0%,-,-,-,-,-,-,-,-,-,-,-,-,-
Josh Oliver,31901,Min,TE,IR,Final W 15-10 vs Mia,W (Oct 7),-,6,0.00,"2,046",752,0%,-,-,-,-,-,-,-,-,-,-,-,-,-
Devin Singletary,31906,NYG,RB,,Final W 36-24 vs Ari,W (Oct 7),-,8,0.00,283,756,3%,-,-,-,-,-,-,-,-,-,-,-,-,-
Terry McLaurin,31908,Was,WR,O,Final L 13-30 vs Ind,Monday Night Madison,-,7,0.00,64,757,95%,-,-,-,-,-,-,-,-,-,-,-,-,-
Alexander Mattison,31934,Mia,RB,NA,Final L 10-15 @ Min,W (Oct 7),-,6,0.00,"2,261",775,0%,-,-,-,-,-,-,-,-,-,-,-,-,-
Hakeem Butler,31935,Den,WR,NA,Final L 14-24 @ SF,W (Oct 7),-,10,0.00,"2,445",776,0%,-,-,-,-,-,-,-,-,-,-,-,-,-
Gary Jennings,31952,LAC,WR,NA,Final L 23-30 @ Sea,W (Oct 7),-,7,0.00,"2,317",786,0%,-,-,-,-,-,-,-,-,-,-,-,-,-
Keaontay Ingram,34157,KC,RB,NA,Final W 30-27 @ LV,W (Oct 7),-,5,0.00,"2,562",888,0%,-,-,-,-,-,-,-,-,-,-,-,-,-
John FitzPatrick,34169,Cle,TE,NA,Final W 27-24 vs Pit,W (Oct 7),-,11,0.00,"2,266",893,0%,-,-,-,-,-,-,-,-,-,-,-,-,-
Dont'e Thornton Jr.,41892,LV,WR,IR,Final L 27-30 vs KC,W (Oct 7),-,13,0.00,"2,633",655,0%,-,-,-,-,-,-,-,-,-,-,-,-,-
Jha'Quan Jackson,41065,Hou,WR,NA,Final L 30-34 vs Dal,W (Oct 7),-,8,0.00,"2,615",389,0%,-,-,-,-,-,-,-,-,-,-,-,-,-
Jamari Thrash,41016,Cle,WR,NA,Final W 27-24 vs Pit,W (Oct 7),-,11,0.00,"2,653",353,0%,-,-,-,-,-,-,-,-,-,-,-,-,-
Audric Estime,41019,Min,RB,NA,Final W 15-10 vs Mia,W (Oct 7),-,6,0.00,311,356,0%,-,-,-,-,-,-,-,-,-,-,-,-,-
Ainias Smith,41030,Car,WR,NA,Final W 32-26 vs Det,W (Oct 7),-,5,0.00,"2,273",361,0%,-,-,-,-,-,-,-,-,-,-,-,-,-
Isaiah Davis,41031,NYJ,RB,,Final L 12-23 @ Chi,W (Oct 7),1,13,0.00,244,362,5%,-,-,-,-,-,-,-,-,-,-,-,-,-
Rasheen Ali,41033,Bal,RB,,Final W 24-18 vs Ten,W (Oct 7),-,13,0.00,"2,792",363,0%,-,-,-,-,-,-,-,-,-,-,-,-,-
DeAndre Hopkins,26650,Bal,WR,NA,Final W 24-18 vs Ten,W (Oct 7),-,13,0.00,"2,107",336,0%,-,-,-,-,-,-,-,-,-,-,-,-,-
Anthony Gould,41046,Ind,WR,,Final W 30-13 @ Was,W (Oct 7),0,13,0.00,"2,786",375,0%,-,-,-,-,-,-,-,-,-,-,0,0,-
Dylan Laube,41054,LV,RB,,Final L 27-30 vs KC,W (Oct 7),1,13,0.00,"2,863",379,1%,-,-,-,-,-,-,-,-,-,-,0,0,-
Jawhar Jordan,41064,Hou,RB,NA,Final L 30-34 vs Dal,W (Oct 7),-,8,0.00,"2,077",388,0%,-,-,-,-,-,-,-,-,-,-,-,-,-
Tanner McLachlan,41066,SF,TE,NA,Final W 24-14 vs Den,W (Oct 7),-,8,0.00,"2,210",390,0%,-,-,-,-,-,-,-,-,-,-,-,-,-
Isaac Guerendo,40998,SF,RB,PUP-R,Final W 24-14 vs Den,W (Oct 7),-,8,0.00,"2,756",343,0%,-,-,-,-,-,-,-,-,-,-,-,-,-
Casey Washington,41074,Car,WR,NA,Final W 32-26 vs Det,W (Oct 7),-,5,0.00,"2,490",395,0%,-,-,-,-,-,-,-,-,-,-,-,-,-
Tejhaun Palmer,41079,NE,WR,NA,Final W 29-26 @ Buf,W (Oct 7),-,11,0.00,"2,311",397,0%,-,-,-,-,-,-,-,-,-,-,-,-,-
Johnny Wilson,41089,Phi,WR,IR,Final L 20-24 vs LAR,W (Oct 7),-,10,0.00,"2,504",404,0%,-,-,-,-,-,-,-,-,-,-,-,-,-
Devaughn Vele,41097,NO,WR,,Mon 8:15 pm vs Atl,FA,-,8,–,92,408,63%,-,-,-,-,-,-,-,-,-,-,-,-,-
Brenden Rice,41098,LV,WR,NA,Final L 27-30 vs KC,W (Oct 7),-,13,0.00,"2,456",409,0%,-,-,-,-,-,-,-,-,-,-,-,-,-
Cornelius Johnson,41099,Bal,WR,NA,Final W 24-18 vs Ten,W (Oct 7),-,13,0.00,"2,413",411,0%,-,-,-,-,-,-,-,-,-,-,-,-,-
Tahj Washington,41104,Mia,WR,NA,Final L 10-15 @ Min,W (Oct 7),-,6,0.00,"2,432",416,0%,-,-,-,-,-,-,-,-,-,-,-,-,-
Jaheim Bell,41106,Pit,TE,NA,Final L 24-27 @ Cle,W (Oct 7),-,9,0.00,"2,252",418,0%,-,-,-,-,-,-,-,-,-,-,-,-,-
Devin Culp,41120,TB,TE,NA,Final L 14-17 vs GB,W (Oct 7),-,10,0.00,"2,143",426,0%,-,-,-,-,-,-,-,-,-,-,-,-,-
Troy Franklin,41009,Den,WR,,Final L 14-24 @ SF,W (Oct 7),-,10,0.00,259,348,0%,-,-,-,-,-,-,-,-,-,-,-,-,-
Ja'Tavion Sanders,40995,Car,TE,,Final W 32-26 vs Det,W (Oct 7),-,5,0.00,"2,076",342,0%,-,-,-,-,-,-,-,-,-,-,-,-,-
Mason Tipton,41188,NO,WR,PUP-R,Mon 8:15 pm vs Atl,FA,-,8,–,"2,641",449,0%,-,-,-,-,-,-,-,-,-,-,-,-,-
Ladd McConkey,40908,LAC,WR,Q,Final L 23-30 @ Sea,Dave’s Bone Crushers,1,7,0.00,42,"1,154",97%,-,-,-,-,-,-,2,0,0,0,-,-,0
Ryan Miller,40676,Mia,WR,,Final L 10-15 @ Min,W (Oct 7),1,6,0.00,"2,258","1,037",0%,-,-,-,-,-,-,-,-,-,-,-,-,-
Nate Adkins,40702,Den,TE,,Final L 14-24 @ SF,W (Oct 7),-,10,0.00,"2,052","1,045",0%,-,-,-,-,-,-,-,-,-,-,-,-,-
Dylan Drummond,40737,Atl,WR,NA,Mon 8:15 pm @ NO,FA,-,11,–,"2,656","1,060",0%,-,-,-,-,-,-,-,-,-,-,-,-,-
Jalen Cropper,40774,NO,WR,NA,Mon 8:15 pm vs Atl,FA,-,8,–,"2,677","1,080",0%,-,-,-,-,-,-,-,-,-,-,-,-,-
Princeton Fant,40778,Dal,TE,IR,Final W 34-30 @ Hou,W (Oct 7),-,14,0.00,"2,202","1,083",0%,-,-,-,-,-,-,-,-,-,-,-,-,-
Lucky Jackson,40791,Det,WR,NA,Final L 26-32 @ Car,W (Oct 7),-,6,0.00,"2,461","1,086",0%,-,-,-,-,-,-,-,-,-,-,-,-,-
Dante Miller,40874,NYG,RB,NA,Final W 36-24 vs Ari,W (Oct 7),-,8,0.00,"2,601","1,133",0%,-,-,-,-,-,-,-,-,-,-,-,-,-
Xavier Legette,40890,Car,WR,IR,Final W 32-26 vs Det,W (Oct 7),-,5,0.00,280,"1,143",0%,-,-,-,-,-,-,-,-,-,-,-,-,-
Ricky Pearsall,40892,SF,WR,IR,Final W 24-14 vs Den,W (Oct 7),-,8,0.00,338,"1,145",3%,-,-,-,-,-,-,-,-,-,-,-,-,-
Ja'Lynn Polk,40914,NO,WR,NA,Mon 8:15 pm vs Atl,FA,-,8,–,"2,485","1,157",0%,-,-,-,-,-,-,-,-,-,-,-,-,-
Erick All Jr.,40989,Cin,TE,,Final L 17-22 vs Jax,W (Oct 7),0,6,0.00,"2,466",339,0%,-,-,-,-,-,-,-,-,-,-,-,-,0
Adonai Mitchell,40915,NYJ,WR,O,Final L 12-23 @ Chi,W (Oct 7),-,13,0.00,96,"1,159",29%,-,-,-,-,-,-,-,-,-,-,-,-,-
Jonathon Brooks,40926,Car,RB,IR,Final W 32-26 vs Det,Sunday Kevin,-,5,0.00,264,"1,167",53%,-,-,-,-,-,-,-,-,-,-,-,-,-
Ben Sinnott,40931,Was,TE,,Final L 13-30 vs Ind,W (Oct 7),-,7,0.00,"2,272","1,172",0%,-,-,-,-,-,-,-,-,-,-,-,-,-
Malachi Corley,40944,Cle,WR,,Final W 27-24 vs Pit,W (Oct 7),1,11,0.00,"2,746","1,179",0%,-,-,-,-,-,-,-,-,-,-,0,0,-
Jalen McMillan,40954,TB,WR,IR,Final L 14-17 vs GB,W (Oct 7),-,10,0.00,216,"1,185",6%,-,-,-,-,-,-,-,-,-,-,-,-,-
Trey Benson,40958,Ari,RB,IR,Final L 24-36 @ NYG,W (Oct 7),-,14,0.00,"2,099","1,189",0%,-,-,-,-,-,-,-,-,-,-,-,-,-
Tip Reiman,40959,Ari,TE,PUP-R,Final L 24-36 @ NYG,W (Oct 7),-,14,0.00,"2,621","1,190",0%,-,-,-,-,-,-,-,-,-,-,-,-,-
Luke McCaffrey,40964,Was,WR,,Final L 13-30 vs Ind,W (Oct 7),-,7,0.00,"2,277",323,0%,-,-,-,-,-,-,-,-,-,-,-,-,-
Jared Wiley,40978,KC,TE,,Final W 30-27 @ LV,W (Oct 7),-,5,0.00,"2,148",331,0%,-,-,-,-,-,-,-,-,-,-,-,-,-
John Rhys Plumlee,41135,Pit,WR,NA,Final L 24-27 @ Cle,W (Oct 7),-,9,0.00,"2,328",435,0%,-,-,-,-,-,-,-,-,-,-,-,-,-
Cody Schrader,41193,Den,RB,NA,Final L 14-24 @ SF,W (Oct 7),-,10,0.00,"2,578",451,0%,-,-,-,-,-,-,-,-,-,-,-,-,-
Ko Kieft,34174,TB,TE,O,Final L 14-17 vs GB,W (Oct 7),-,10,0.00,"2,530",896,0%,-,-,-,-,-,-,-,-,-,-,-,-,-
John Jiles,41687,NE,WR,NA,Final W 29-26 @ Buf,W (Oct 7),-,11,0.00,"2,397",620,0%,-,-,-,-,-,-,-,-,-,-,-,-,-
Carson Steele,41464,Phi,RB,NA,Final L 20-24 vs LAR,W (Oct 7),-,10,0.00,"2,642",576,0%,-,-,-,-,-,-,-,-,-,-,-,-,-
British Brooks,41480,Hou,RB,IR,Final L 30-34 vs Dal,W (Oct 7),-,8,0.00,"2,790",578,0%,-,-,-,-,-,-,-,-,-,-,-,-,-
Cole Burgess,41502,Pit,WR,IR,Final L 24-27 @ Cle,W (Oct 7),-,9,0.00,"2,310",579,0%,-,-,-,-,-,-,-,-,-,-,-,-,-
Shawn Bowman,41512,Ari,TE,NA,Final L 24-36 @ NYG,W (Oct 7),-,14,0.00,"2,197",580,0%,-,-,-,-,-,-,-,-,-,-,-,-,-
Baylor Cupp,41556,Ari,TE,NA,Final L 24-36 @ NYG,W (Oct 7),-,14,0.00,"2,170",588,0%,-,-,-,-,-,-,-,-,-,-,-,-,-
Qadir Ismail,41562,Chi,TE,NA,Final W 23-12 vs NYJ,W (Oct 7),-,10,0.00,"2,230",592,0%,-,-,-,-,-,-,-,-,-,-,-,-,-
Jabari Small,41661,Det,RB,NA,Final L 26-32 @ Car,W (Oct 7),-,6,0.00,"2,538",613,0%,-,-,-,-,-,-,-,-,-,-,-,-,-
David Martin-Robinson,41662,Ten,TE,,Final L 18-24 @ Bal,W (Oct 7),-,9,0.00,"2,618",614,0%,-,-,-,-,-,-,-,-,-,-,-,-,-
Brenden Bates,41675,Jax,TE,NA,Final W 22-17 @ Cin,W (Oct 7),-,7,0.00,"2,477",616,0%,-,-,-,-,-,-,-,-,-,-,-,-,-
Hayden Rucci,41692,LAC,TE,,Final L 23-30 @ Sea,W (Oct 7),-,7,0.00,"2,171",621,0%,-,-,-,-,-,-,-,-,-,-,-,-,-
Julian Hicks,41451,Sea,WR,NA,Final W 30-23 vs LAC,W (Oct 7),-,11,0.00,"2,443",572,0%,-,-,-,-,-,-,-,-,-,-,-,-,-
Terrell Jennings,41713,NE,RB,NA,Final W 29-26 @ Buf,W (Oct 7),-,11,0.00,"2,662",627,0%,-,-,-,-,-,-,-,-,-,-,-,-,-
Jayden Higgins,41819,Hou,WR,IR,Final L 30-34 vs Dal,W (Oct 7),-,8,0.00,"2,043",640,3%,-,-,-,-,-,-,-,-,-,-,-,-,-
Mason Taylor,41827,NYJ,TE,O,Final L 12-23 @ Chi,W (Oct 7),-,13,0.00,"2,065",642,0%,-,-,-,-,-,-,-,-,-,-,-,-,-
Terrance Ferguson,41831,LAR,TE,IR,Final W 24-20 @ Phi,W (Oct 7),-,11,0.00,143,643,19%,-,-,-,-,-,-,-,-,-,-,-,-,-
Elijah Arroyo,41835,Sea,TE,,Final W 30-23 vs LAC,W (Oct 7),-,11,0.00,"2,237",644,0%,-,-,-,-,-,-,-,-,-,-,-,-,-
Jack Bech,41843,LV,WR,IR,Final L 27-30 vs KC,W (Oct 7),-,13,0.00,260,647,1%,-,-,-,-,-,-,-,-,-,-,-,-,-
Savion Williams,41851,GB,WR,IR-R,Final W 17-14 @ TB,W (Oct 7),-,11,0.00,"2,631",648,0%,-,-,-,-,-,-,-,-,-,-,-,-,-
Kyle Williams,41864,NE,WR,,Final W 29-26 @ Buf,W (Oct 7),1,11,0.00,251,650,0%,-,-,-,-,-,-,2,0,0,0,0,0,0
Jalen Royals,41891,KC,WR,,Final W 30-27 @ LV,W (Oct 7),1,5,0.00,"2,492",654,0%,-,-,-,-,-,-,2,0,0,0,-,-,0
Messiah Swinson,41463,Cle,TE,NA,Final W 27-24 vs Pit,W (Oct 7),-,11,0.00,"2,138",575,0%,-,-,-,-,-,-,-,-,-,-,-,-,-
Joshua Cephus,41411,Jax,WR,NA,Final W 22-17 @ Cin,W (Oct 7),-,7,0.00,"2,386",557,0%,-,-,-,-,-,-,-,-,-,-,-,-,-
Xavier Weaver,41202,Ari,WR,NA,Final L 24-36 @ NYG,W (Oct 7),-,14,0.00,"2,648",457,0%,-,-,-,-,-,-,-,-,-,-,-,-,-
Xavier Johnson,41274,Cin,WR,NA,Final L 17-22 vs Jax,W (Oct 7),-,6,0.00,"2,315",484,0%,-,-,-,-,-,-,-,-,-,-,-,-,-
Jeshaun Jones,41205,Min,WR,,Final W 15-10 vs Mia,W (Oct 7),1,6,0.00,"2,680",458,0%,-,-,-,-,-,-,-,-,-,-,-,-,-
Isaiah Wooden,41226,LAC,WR,NA,Final L 23-30 @ Sea,W (Oct 7),-,7,0.00,"2,446",468,0%,-,-,-,-,-,-,-,-,-,-,-,-,-
JaQuae Jackson,41231,LAC,WR,NA,Final L 23-30 @ Sea,W (Oct 7),-,7,0.00,"2,393",469,0%,-,-,-,-,-,-,-,-,-,-,-,-,-
Colson Yankoff,41233,Was,TE,,Final L 13-30 vs Ind,W (Oct 7),1,7,0.00,"2,728",470,0%,-,-,-,-,-,-,1,0,0,0,-,-,0
Michael Wiley,41234,TB,RB,NA,Final L 14-17 vs GB,W (Oct 7),-,10,0.00,"2,564",472,0%,-,-,-,-,-,-,-,-,-,-,-,-,-
Frank Gore Jr.,41243,Buf,RB,NA,Final L 26-29 vs NE,W (Oct 7),-,7,0.00,"2,725",476,0%,-,-,-,-,-,-,-,-,-,-,-,-,-
Bryce Oliver,41251,Hou,WR,NA,Final L 30-34 vs Dal,W (Oct 7),-,8,0.00,"2,497",478,0%,-,-,-,-,-,-,-,-,-,-,-,-,-
Chris Collier,41261,LV,RB,IR,Final L 27-30 vs KC,W (Oct 7),-,13,0.00,"2,658",482,0%,-,-,-,-,-,-,-,-,-,-,-,-,-
Dayton Wade,41262,Bal,WR,NA,Final W 24-18 vs Ten,W (Oct 7),-,13,0.00,"2,440",483,0%,-,-,-,-,-,-,-,-,-,-,-,-,-
Lawrence Keys,41275,Det,WR,NA,Final L 26-32 @ Car,W (Oct 7),-,6,0.00,"2,396",485,0%,-,-,-,-,-,-,-,-,-,-,-,-,-
Thomas Yassmin,41397,GB,TE,IR,Final W 17-14 @ TB,W (Oct 7),-,11,0.00,"2,225",550,0%,-,-,-,-,-,-,-,-,-,-,-,-,-
Jalen Coker,41293,Car,WR,O,Final W 32-26 vs Det,Dave’s Bone Crushers,-,5,0.00,65,495,90%,-,-,-,-,-,-,-,-,-,-,-,-,-
Ian Wheeler,41322,Buf,RB,NA,Final L 26-29 vs NE,W (Oct 7),-,7,0.00,"2,561",508,0%,-,-,-,-,-,-,-,-,-,-,-,-,-
Jack Westover,41352,Was,"RB,TE",NA,Final L 13-30 vs Ind,W (Oct 7),-,7,0.00,"2,722",522,0%,-,-,-,-,-,-,-,-,-,-,-,-,-
Cam Grandy,41353,Min,TE,NA,Final W 15-10 vs Mia,W (Oct 7),-,6,0.00,"2,244",523,0%,-,-,-,-,-,-,-,-,-,-,-,-,-
Treyton Welch,41363,NO,TE,,Mon 8:15 pm vs Atl,FA,-,8,–,"2,526",528,0%,-,-,-,-,-,-,-,-,-,-,-,-,-
Mason Pline,41368,KC,TE,NA,Final W 30-27 @ LV,W (Oct 7),-,5,0.00,"2,221",531,0%,-,-,-,-,-,-,-,-,-,-,-,-,-
Brevyn Spann-Ford,41371,Dal,TE,,Final W 34-30 @ Hou,W (Oct 7),1,14,0.00,"2,643",533,0%,-,-,-,-,-,-,1,0,0,0,-,-,0
McCallan Castles,41373,GB,TE,NA,Final W 17-14 @ TB,W (Oct 7),-,11,0.00,"2,173",534,0%,-,-,-,-,-,-,-,-,-,-,-,-,-
Kendall Milton,41377,Cin,RB,NA,Final L 17-22 vs Jax,W (Oct 7),-,6,0.00,"2,556",538,0%,-,-,-,-,-,-,-,-,-,-,-,-,-
Blake Watson,41388,Ten,RB,NA,Final L 18-24 @ Bal,W (Oct 7),-,9,0.00,"2,585",543,0%,-,-,-,-,-,-,-,-,-,-,-,-,-
Travis Vokolek,40643,Ari,TE,NA,Final L 24-36 @ NYG,W (Oct 7),-,14,0.00,"2,156","1,023",0%,-,-,-,-,-,-,-,-,-,-,-,-,-
Owen Wright,40639,LV,RB,NA,Final L 27-30 vs KC,W (Oct 7),-,13,0.00,"2,571","1,022",0%,-,-,-,-,-,-,-,-,-,-,-,-,-
Jordan Mims,40631,Phi,RB,NA,Final L 20-24 vs LAR,W (Oct 7),-,10,0.00,"2,624","1,016",0%,-,-,-,-,-,-,-,-,-,-,-,-,-
Luke Schoonmaker,40061,Dal,TE,,Final W 34-30 @ Hou,W (Oct 7),0,14,0.00,"2,513",732,0%,-,-,-,-,-,-,-,-,-,-,-,-,0
Malik Davis,34610,Dal,RB,IR,Final W 34-30 @ Hou,W (Oct 7),-,14,0.00,"2,483","1,070",1%,-,-,-,-,-,-,-,-,-,-,-,-,-
Raheem Blackshear,34617,Det,RB,NA,Final L 26-32 @ Car,W (Oct 7),-,6,0.00,"2,655","1,074",0%,-,-,-,-,-,-,-,-,-,-,-,-,-
Tucker Fisk,34625,LAC,TE,NA,Final L 23-30 @ Sea,W (Oct 7),-,7,0.00,"2,632","1,077",0%,-,-,-,-,-,-,-,-,-,-,-,-,-
Stone Smartt,34637,NO,TE,NA,Mon 8:15 pm vs Atl,FA,-,8,–,"2,274","1,084",0%,-,-,-,-,-,-,-,-,-,-,-,-,-
Lucas Krull,34654,Den,TE,NA,Final L 14-24 @ SF,W (Oct 7),-,10,0.00,"2,616","1,089",0%,-,-,-,-,-,-,-,-,-,-,-,-,-
Jashaun Corbin,34665,Dal,RB,NA,Final W 34-30 @ Hou,W (Oct 7),-,14,0.00,"2,600","1,096",0%,-,-,-,-,-,-,-,-,-,-,-,-,-
KaVontae Turpin,34709,Dal,WR,,Final W 34-30 @ Hou,W (Oct 7),1,14,0.00,"2,083","1,118",5%,-,-,-,-,-,-,-,-,-,-,0,0,-
Maurice Alexander,34712,Chi,WR,NA,Final W 23-12 vs NYJ,W (Oct 7),-,10,0.00,"2,326","1,122",0%,-,-,-,-,-,-,-,-,-,-,-,-,-
Bijan Robinson,40055,Atl,RB,,Mon 8:15 pm @ NO,Dave’s Bone Crushers,-,11,–,2,729,100%,-,-,-,-,-,-,-,-,-,-,-,-,-
Jayden Reed,40063,GB,WR,IR,Final W 17-14 @ TB,Locked In Michelle,-,11,0.00,203,733,36%,-,-,-,-,-,-,-,-,-,-,-,-,-
Jalen Virgil,34579,Ari,WR,NA,Final L 24-36 @ NYG,W (Oct 7),-,14,0.00,"2,302","1,053",0%,-,-,-,-,-,-,-,-,-,-,-,-,-
Jonathan Mingo,40073,Dal,WR,,Final W 34-30 @ Hou,W (Oct 7),1,14,0.00,"2,765",738,0%,-,-,-,-,-,-,2,0,0,0,-,-,0
Luke Musgrave,40074,GB,TE,PUP-R,Final W 17-14 @ TB,W (Oct 7),-,11,0.00,"2,117",739,0%,-,-,-,-,-,-,-,-,-,-,-,-,-
Zach Charbonnet,40075,Sea,RB,PUP-R,Final W 30-23 vs LAC,W (Oct 7),-,11,0.00,245,740,61%,-,-,-,-,-,-,-,-,-,-,-,-,-
Rashee Rice,40084,KC,WR,Q,Final W 30-27 @ LV,Locked In Michelle,0,5,0.00,58,750,99%,-,-,-,-,-,-,0,0,0,0,-,-,0
Cedric Tillman,40093,NO,WR,NA,Mon 8:15 pm vs Atl,FA,-,8,–,"2,079",751,0%,-,-,-,-,-,-,-,-,-,-,-,-,-
Tank Dell,40097,Hou,WR,IR-R,Final L 30-34 vs Dal,W (Oct 7),-,8,0.00,"2,116",755,15%,-,-,-,-,-,-,-,-,-,-,-,-,-
Cameron Latu,40101,NE,TE,,Final W 29-26 @ Buf,W (Oct 7),1,11,0.00,"2,738",758,0%,-,-,-,-,-,-,-,-,-,-,-,-,-
Kendre Miller,40108,NO,RB,,Mon 8:15 pm vs Atl,FA,-,8,–,234,763,15%,-,-,-,-,-,-,-,-,-,-,-,-,-
De'Von Achane,40118,Mia,RB,IR,Final L 10-15 @ Min,W (Oct 7),-,6,0.00,316,769,43%,-,-,-,-,-,-,-,-,-,-,-,-,-
Dennis Houston,34592,TB,WR,NA,Final L 14-17 vs GB,W (Oct 7),-,10,0.00,"2,436","1,059",0%,-,-,-,-,-,-,-,-,-,-,-,-,-
Brandon Johnson,34571,Pit,WR,NA,Final L 24-27 @ Cle,W (Oct 7),-,9,0.00,"2,361","1,050",0%,-,-,-,-,-,-,-,-,-,-,-,-,-
Tyrell Shavers,40630,Buf,WR,PUP-R,Final L 26-29 vs NE,W (Oct 7),-,7,0.00,"2,241","1,015",0%,-,-,-,-,-,-,-,-,-,-,-,-,-
Lance McCutcheon,34330,Ten,WR,NA,Final L 18-24 @ Bal,W (Oct 7),-,9,0.00,"2,433",960,0%,-,-,-,-,-,-,-,-,-,-,-,-,-
Nick Muse,34183,Atl,TE,,Mon 8:15 pm @ NO,FA,-,11,–,"2,529",899,0%,-,-,-,-,-,-,-,-,-,-,-,-,-
Bo Melton,34185,GB,WR,,Final W 17-14 @ TB,W (Oct 7),1,11,0.00,"2,731",900,0%,-,-,-,-,-,-,1,0,0,0,-,-,0
Brittain Brown,34206,Chi,RB,IR,Final W 23-12 vs NYJ,W (Oct 7),-,10,0.00,"2,547",909,0%,-,-,-,-,-,-,-,-,-,-,-,-,-
Isiah Pacheco,34207,Det,RB,IR,Final L 26-32 @ Car,W (Oct 7),-,6,0.00,291,910,10%,-,-,-,-,-,-,-,-,-,-,-,-,-
Samori Toure,34214,Phi,WR,NA,Final L 20-24 vs LAR,W (Oct 7),-,10,0.00,"2,325",915,0%,-,-,-,-,-,-,-,-,-,-,-,-,-
Kevin Austin Jr.,34242,NO,WR,,Mon 8:15 pm vs Atl,FA,-,8,–,"2,112",923,0%,-,-,-,-,-,-,-,-,-,-,-,-,-
Ronnie Rivers,34310,LAR,RB,IR,Final W 24-20 @ Phi,W (Oct 7),-,11,0.00,"2,762",949,0%,-,-,-,-,-,-,-,-,-,-,-,-,-
Tay Martin,34319,Det,WR,,Final L 26-32 @ Car,W (Oct 7),1,6,0.00,"2,674",952,0%,-,-,-,-,-,-,-,-,-,-,-,-,-
Jordan Mason,34320,Min,RB,IR,Final W 15-10 vs Mia,Locked In Michelle,-,6,0.00,195,953,69%,-,-,-,-,-,-,-,-,-,-,-,-,-
Irv Charles,34356,Sea,WR,IR-R,Final W 30-23 vs LAC,W (Oct 7),-,11,0.00,"2,522",970,0%,-,-,-,-,-,-,-,-,-,-,-,-,-
Kaden Davis,34569,Chi,WR,NA,Final W 23-12 vs NYJ,W (Oct 7),-,10,0.00,"2,684","1,048",0%,-,-,-,-,-,-,-,-,-,-,-,-,-
Bam Knight,34357,Ari,RB,,Final L 24-36 @ NYG,W (Oct 7),-,14,0.00,309,971,0%,-,-,-,-,-,-,-,-,-,-,-,-,-
Jake Tonges,34374,SF,TE,IR,Final W 24-14 vs Den,W (Oct 7),-,8,0.00,329,973,0%,-,-,-,-,-,-,-,-,-,-,-,-,-
Britain Covey,34378,Phi,WR,,Final L 20-24 vs LAR,W (Oct 7),1,10,0.00,"2,775",977,0%,-,-,-,-,-,-,-,-,-,-,0,0,-
Julius Chestnut,34451,Ten,RB,,Final L 18-24 @ Bal,W (Oct 7),1,9,0.00,"2,802","1,002",0%,-,-,-,-,-,-,-,-,-,-,-,-,-
Kendric Pryor,34476,Cin,WR,NA,Final L 17-22 vs Jax,W (Oct 7),-,6,0.00,"2,395","1,010",0%,-,-,-,-,-,-,-,-,-,-,-,-,-
Zaire Mitchell-Paden,34489,Hou,TE,NA,Final L 30-34 vs Dal,W (Oct 7),-,8,0.00,"2,166","1,018",0%,-,-,-,-,-,-,-,-,-,-,-,-,-
Tanner Conner,34513,NE,TE,NA,Final W 29-26 @ Buf,W (Oct 7),-,11,0.00,"2,479","1,032",0%,-,-,-,-,-,-,-,-,-,-,-,-,-
Deven Thompkins,34520,LV,WR,NA,Final L 27-30 vs KC,W (Oct 7),-,13,0.00,"2,719","1,034",0%,-,-,-,-,-,-,-,-,-,-,-,-,-
Sincere McCormick,34551,SF,RB,NA,Final W 24-14 vs Den,W (Oct 7),-,8,0.00,"2,482","1,043",0%,-,-,-,-,-,-,-,-,-,-,-,-,-
Jalin Hyatt,40128,NYG,WR,NA,Final W 36-24 vs Ari,W (Oct 7),-,8,0.00,"2,707",777,0%,-,-,-,-,-,-,-,-,-,-,-,-,-
Tyler Scott,40141,LV,WR,NA,Final L 27-30 vs KC,W (Oct 7),-,13,0.00,"2,517",784,0%,-,-,-,-,-,-,-,-,-,-,-,-,-
Charlie Jones,40158,NYG,WR,,Final W 36-24 vs Ari,W (Oct 7),1,8,0.00,"2,778",796,0%,-,-,-,-,-,-,-,-,-,-,0,0,-
Jacob Saylors,40474,Det,RB,,Final L 26-32 @ Car,W (Oct 7),1,6,0.00,315,961,0%,-,-,-,-,-,-,-,-,-,-,0,0,-
Joel Wilson,40346,Ten,TE,NA,Final L 18-24 @ Bal,W (Oct 7),-,9,0.00,"2,167",907,0%,-,-,-,-,-,-,-,-,-,-,-,-,-
Elijah Cooks,40374,Car,WR,NA,Final W 32-26 vs Det,W (Oct 7),-,5,0.00,"2,319",918,0%,-,-,-,-,-,-,-,-,-,-,-,-,-
Xavier Smith,40399,LAR,WR,NA,Final W 24-20 @ Phi,W (Oct 7),-,11,0.00,"2,729",931,0%,-,-,-,-,-,-,-,-,-,-,-,-,-
Carlos Washington Jr.,40420,Mia,RB,,Final L 10-15 @ Min,W (Oct 7),-,6,0.00,"2,612",939,0%,-,-,-,-,-,-,-,-,-,-,-,-,-
Emari Demercado,40430,Dal,RB,,Final W 34-30 @ Hou,W (Oct 7),-,14,0.00,266,941,1%,-,-,-,-,-,-,-,-,-,-,-,-,-
Blake Whiteheart,40433,Cle,TE,,Final W 27-24 vs Pit,W (Oct 7),1,11,0.00,"2,514",942,0%,-,-,-,-,-,-,-,-,-,-,-,-,-
Malik Heath,40445,Atl,WR,NA,Mon 8:15 pm @ NO,FA,-,11,–,"2,465",946,0%,-,-,-,-,-,-,-,-,-,-,-,-,-
Jake Bobo,40452,Sea,WR,IR,Final W 30-23 vs LAC,W (Oct 7),-,11,0.00,"2,710",948,0%,-,-,-,-,-,-,-,-,-,-,-,-,-
Isaiah Winstead,40466,Pit,WR,NA,Final L 24-27 @ Cle,W (Oct 7),-,9,0.00,"2,382",955,0%,-,-,-,-,-,-,-,-,-,-,-,-,-
Shedrick Jackson,40491,Bal,WR,NA,Final W 24-18 vs Ten,W (Oct 7),-,13,0.00,"2,439",968,0%,-,-,-,-,-,-,-,-,-,-,-,-,-
Davis Allen,40164,LAR,TE,,Final W 24-20 @ Phi,W (Oct 7),1,11,0.00,"2,231",799,0%,-,-,-,-,-,-,2,0,0,0,-,-,0
Ben VanSumeren,40518,KC,RB,,Final W 30-27 @ LV,W (Oct 7),0,5,0.00,"2,735",974,0%,-,-,-,-,-,-,-,-,-,-,-,-,-
Brady Russell,40519,Sea,"RB,TE",,Final W 30-23 vs LAC,W (Oct 7),-,11,0.00,"2,747",975,0%,-,-,-,-,-,-,-,-,-,-,-,-,-
Bryce Ford-Wheaton,40529,NYG,WR,NA,Final W 36-24 vs Ari,W (Oct 7),-,8,0.00,"2,521",981,0%,-,-,-,-,-,-,-,-,-,-,-,-,-
Zavier Scott,40539,Chi,RB,NA,Final W 23-12 vs NYJ,W (Oct 7),-,10,0.00,"2,644",985,0%,-,-,-,-,-,-,-,-,-,-,-,-,-
Jason Brownlee,40545,KC,WR,NA,Final W 30-27 @ LV,W (Oct 7),-,5,0.00,"2,408",987,0%,-,-,-,-,-,-,-,-,-,-,-,-,-
Xavier Gipson,40548,Phi,WR,NA,Final L 20-24 vs LAR,W (Oct 7),-,10,0.00,"2,757",988,0%,-,-,-,-,-,-,-,-,-,-,-,-,-
E.J. Jenkins,40550,Phi,TE,,Final L 20-24 vs LAR,W (Oct 7),1,10,0.00,"2,527",989,0%,-,-,-,-,-,-,-,-,-,-,-,-,-
Deneric Prince,40570,NE,RB,NA,Final W 29-26 @ Buf,W (Oct 7),-,11,0.00,"2,554",991,0%,-,-,-,-,-,-,-,-,-,-,-,-,-
Nikko Remigio,40571,KC,WR,,Final W 30-27 @ LV,W (Oct 7),1,5,0.00,"2,779",992,0%,-,-,-,-,-,-,-,-,-,-,0,0,-
Julian Hill,40629,NE,TE,IR,Final W 29-26 @ Buf,W (Oct 7),-,11,0.00,"2,268","1,013",0%,-,-,-,-,-,-,-,-,-,-,-,-,-
Ben Sims,40335,Mia,TE,NA,Final L 10-15 @ Min,W (Oct 7),-,6,0.00,"2,242",903,0%,-,-,-,-,-,-,-,-,-,-,-,-,-
Malik Cunningham,40290,Det,WR,NA,Final L 26-32 @ Car,W (Oct 7),-,6,0.00,"2,401",881,0%,-,-,-,-,-,-,-,-,-,-,-,-,-
Jared Wayne,40288,Hou,WR,,Final L 30-34 vs Dal,W (Oct 7),-,8,0.00,"2,275",880,0%,-,-,-,-,-,-,-,-,-,-,-,-,-
Scott Matlock,40225,LAC,RB,IR-R,Final L 23-30 @ Sea,W (Oct 7),-,7,0.00,"2,718",845,0%,-,-,-,-,-,-,-,-,-,-,-,-,-
Israel Abanikanda,40165,Dal,RB,NA,Final W 34-30 @ Hou,W (Oct 7),-,14,0.00,"2,599",800,0%,-,-,-,-,-,-,-,-,-,-,-,-,-
Justin Shorter,40167,LV,"WR,TE",NA,Final L 27-30 vs KC,W (Oct 7),-,13,0.00,"2,255",802,0%,-,-,-,-,-,-,-,-,-,-,-,-,-
Evan Hull,40169,Ari,RB,NA,Final L 24-36 @ NYG,W (Oct 7),-,14,0.00,"2,789",804,0%,-,-,-,-,-,-,-,-,-,-,-,-,-
Will Mallory,40180,Ind,TE,IR-R,Final W 30-13 @ Was,W (Oct 7),-,13,0.00,"2,254",812,0%,-,-,-,-,-,-,-,-,-,-,-,-,-
Josh Whyle,40182,GB,TE,,Final W 17-14 @ TB,W (Oct 7),-,11,0.00,"2,239",814,0%,-,-,-,-,-,-,-,-,-,-,-,-,-
Payne Durham,40193,TB,TE,,Final L 14-17 vs GB,W (Oct 7),-,10,0.00,"2,714",823,0%,-,-,-,-,-,-,-,-,-,-,-,-,-
Eric Gray,40198,Cle,RB,NA,Final W 27-24 vs Pit,W (Oct 7),-,11,0.00,"2,652",829,0%,-,-,-,-,-,-,-,-,-,-,-,-,-
Andrei Iosivas,40211,Cin,WR,IR,Final L 17-22 vs Jax,W (Oct 7),-,6,0.00,277,837,0%,-,-,-,-,-,-,-,-,-,-,-,-,-
Ronnie Bell,40279,LV,WR,NA,Final L 27-30 vs KC,W (Oct 7),-,13,0.00,"2,509",878,0%,-,-,-,-,-,-,-,-,-,-,-,-,-
Trey Palmer,40223,NO,WR,NA,Mon 8:15 pm vs Atl,FA,-,8,–,"2,489",842,0%,-,-,-,-,-,-,-,-,-,-,-,-,-
Deuce Vaughn,40240,Hou,RB,NA,Final L 30-34 vs Dal,W (Oct 7),-,8,0.00,"2,639",857,0%,-,-,-,-,-,-,-,-,-,-,-,-,-
A.T. Perry,40242,Den,WR,NA,Final L 14-24 @ SF,W (Oct 7),-,10,0.00,"2,286",859,0%,-,-,-,-,-,-,-,-,-,-,-,-,-
Zack Kuntz,40255,Dal,TE,NA,Final W 34-30 @ Hou,W (Oct 7),-,14,0.00,"2,179",864,0%,-,-,-,-,-,-,-,-,-,-,-,-,-
Jalen Brooks,40257,Ari,WR,,Final L 24-36 @ NYG,W (Oct 7),1,14,0.00,"2,767",866,0%,-,-,-,-,-,-,-,-,-,-,0,0,-
Lew Nichols,40260,Pit,RB,NA,Final L 24-27 @ Cle,W (Oct 7),1,9,0.00,"2,734",867,0%,-,-,-,-,-,-,-,-,-,-,-,-,-
Brayden Willis,40261,SF,TE,,Final W 24-14 vs Den,W (Oct 7),0,8,0.00,"2,750",868,0%,-,-,-,-,-,-,-,-,-,-,0,0,0
Colton Dowell,40263,SF,WR,NA,Final W 24-14 vs Den,W (Oct 7),-,8,0.00,"2,333",870,0%,-,-,-,-,-,-,-,-,-,-,-,-,-
Kenny McIntosh,40267,Sea,RB,NA,Final W 30-23 vs LAC,W (Oct 7),-,11,0.00,"2,635",871,0%,-,-,-,-,-,-,-,-,-,-,-,-,-
Travis Hunter,41787,Jax,WR,,Final W 22-17 @ Cin,W (Oct 7),1,7,0.00,243,612,9%,-,-,-,-,-,-,-,-,-,-,-,-,-
Tyrone Tracy Jr.,41048,NYG,RB,,Final W 36-24 vs Ari,W (Oct 7),1,8,0.10,287,"1,191",5%,0,0,0,1,-1,0,0,0,0,0,0,0,0
Travis Homer,32036,Pit,RB,,Final L 24-27 @ Cle,W (Oct 7),1,9,0.10,"2,801","1,192",0%,0,0,0,2,-1,0,0,0,0,0,-,-,0
Marvin Mims Jr.,40090,Den,WR,,Final L 14-24 @ SF,W (Oct 7),1,10,0.50,273,"1,193",1%,0,0,0,0,0,0,3,1,10,0,0,0,1
Dareke Young,34189,LV,WR,,Final L 27-30 vs KC,W (Oct 7),1,13,0.60,"2,769","1,194",0%,-,-,-,-,-,-,2,1,9,0,0,0,1
Derius Davis,40133,LAC,WR,,Final L 23-30 @ Sea,W (Oct 7),1,7,0.90,"2,784","1,195",0%,-,-,-,-,-,-,1,1,6,0,0,0,1
