Player,Player ID,Team,Positions,Injury,Game,Roster Status,GP*,Bye,Fantasy Fan Pts,Rankings Pre-Season,Rankings Actual,Trends % Ros,Passing Yds,Passing TD,Passing Int,Rushing Att*,Rushing Yds,Rushing TD,Receiving Tgt*,Receiving Rec,Receiving Yds,Receiving TD,Ret TD,Misc 2PT,Fum Lost
Jahmyr Gibbs,40059,Det,RB,,Sun 8:20 pm @ Car,Locked In Michelle,1,6,22.09,1,2,100%,-,-,-,20.3,98.2,0.8,6.1,4.6,34.1,0.3,-,0.1,0.1
Bijan Robinson,40055,Atl,RB,,Mon 8:15 pm @ NO,Dave’s Bone Crushers,1,11,19.71,2,6,100%,-,-,-,18.9,86.2,0.6,5.8,4.4,37.7,0.3,-,0.1,0.1
Jonathan Taylor,32711,Ind,RB,,Sun 9:30 am @ Was,Max’s TD Bombers,1,13,18.48,3,16,100%,-,-,-,20.4,92.4,0.8,3.4,2.7,22.7,0.1,-,0.1,0.1
Jaxon Smith-Njigba,40041,Sea,WR,,Sun 4:25 pm vs LAC,Maybe Mitchell,1,11,17.72,4,20,100%,0.1,0.0,-,0.4,2.0,0.0,10.5,6.7,98.7,0.7,-,0.0,0.0
Christian McCaffrey,30121,SF,RB,,Sun 4:25 pm vs Den,Jason's Jazzy Team,1,8,17.58,9,22,100%,-,-,-,15.8,66.8,0.6,6.4,4.6,38.1,0.3,-,0.0,0.1
Ja'Marr Chase,33393,Cin,WR,,Sun 1:00 pm vs Jax,Steel City,1,6,17.35,11,23,100%,-,-,-,0.2,1.1,0.0,10.6,7.7,94.0,0.7,-,0.0,0.0
Derrick Henry,29279,Bal,RB,,Sun 1:00 pm vs Ten,JGrahnasaurs,1,13,17.33,6,24,100%,-,-,-,20.6,99.8,0.9,1.4,1.2,11.5,0.1,-,0.1,0.1
Kenneth Walker III,33996,KC,RB,,Sun 4:25 pm @ LV,Max’s TD Bombers,1,5,16.71,7,29,100%,-,-,-,16.9,76.7,0.5,4.8,3.6,28.5,0.2,-,0.0,0.1
Jaylen Warren,34447,Pit,RB,,Thu 8:15 pm @ Cle,Dave’s Bone Crushers,1,9,16.51,44,31,96%,-,-,-,18.7,86.7,0.4,4.6,3.6,27.2,0.1,-,0.0,0.1
Amon-Ra St. Brown,33500,Det,WR,,Sun 8:20 pm @ Car,Sunday Kevin,1,6,16.22,5,32,100%,-,-,-,0.2,1.0,0.0,10.5,7.0,82.6,0.7,-,0.0,0.0
Puka Nacua,40168,LAR,WR,Q,Sun 1:00 pm @ Phi,Owl Out Blitz,1,11,15.80,12,34,100%,-,-,-,0.6,4.0,0.0,9.6,6.5,88.4,0.5,-,0.0,0.0
Chris Olave,33966,NO,WR,,Mon 8:15 pm vs Atl,Sunday Kevin,1,8,15.41,15,37,100%,-,-,-,0.0,0.2,0.0,10.1,6.3,87.3,0.6,-,0.0,0.0
Chase Brown,40196,Cin,RB,,Sun 1:00 pm vs Jax,Steel City,1,6,15.35,10,38,100%,-,-,-,14.9,60.3,0.5,4.9,4.2,25.8,0.2,-,0.0,0.1
Nico Collins,33477,Hou,WR,Q,Sun 1:00 pm vs Dal,Steel City,1,8,15.16,30,40,100%,-,-,-,0.2,1.2,0.0,8.9,5.6,85.5,0.6,-,0.0,0.0
James Cook III,34019,Buf,RB,,Sun 1:00 pm vs NE,Sunday Kevin,1,7,15.15,8,41,100%,-,-,-,17.6,88.5,0.5,2.5,1.9,14.2,0.1,-,0.0,0.1
Jeremiyah Love,42625,Ari,RB,,Sun 1:00 pm @ NYG,Monday Night Madison,1,14,14.63,22,45,100%,-,-,-,15.4,68.1,0.5,3.4,3.2,23.0,0.2,-,0.0,0.1
Chuba Hubbard,33514,Car,RB,,Sun 8:20 pm vs Det,Jason's Jazzy Team,1,5,14.44,34,47,96%,-,-,-,16.3,71.0,0.4,4.3,3.2,21.5,0.2,-,0.1,0.1
Cam Skattebo,41922,NYG,RB,,Sun 1:00 pm vs Ari,Locked In Michelle,1,8,14.41,35,48,98%,-,-,-,17.9,76.3,0.4,3.4,2.4,22.1,0.1,-,0.0,0.1
CeeDee Lamb,32687,Dal,WR,,Sun 1:00 pm @ Hou,Owl Out Blitz,1,14,14.35,14,49,100%,-,-,-,0.3,1.2,0.0,9.3,5.9,85.2,0.5,-,0.0,0.0
Zay Flowers,40039,Bal,WR,,Sun 1:00 pm vs Ten,Jason's Jazzy Team,1,13,14.30,17,51,100%,-,-,-,0.5,3.8,0.0,7.0,5.2,84.7,0.5,-,0.0,0.0
Justin Jefferson,32692,Min,WR,Q,Sun 4:05 pm vs Mia,Maybe Mitchell,1,6,14.24,23,52,100%,-,-,-,0.1,0.3,0.0,8.1,6.0,78.3,0.6,-,0.0,0.0
Garrett Wilson,33965,NYJ,WR,,Sun 1:00 pm @ Chi,Steel City,1,13,14.14,36,53,99%,-,-,-,0.1,0.6,0.0,10.3,6.5,82.0,0.4,-,0.0,0.0
Drake London,33963,Atl,WR,,Mon 8:15 pm @ NO,Dave’s Bone Crushers,1,11,13.88,18,54,100%,-,-,-,0.1,0.9,0.0,9.6,5.6,80.2,0.5,-,0.0,0.0
Ashton Jeanty,41791,LV,RB,,Sun 4:25 pm vs KC,Max’s TD Bombers,1,13,13.50,13,56,100%,-,-,-,15.5,56.1,0.4,5.0,3.7,23.5,0.2,-,0.0,0.1
Tee Higgins,32703,Cin,WR,,Sun 1:00 pm vs Jax,Jason's Jazzy Team,1,6,13.39,38,57,99%,-,-,-,0.0,0.2,0.0,7.7,5.1,78.7,0.5,-,0.0,0.0
D'Andre Swift,32705,Chi,RB,Q,Sun 1:00 pm vs NYJ,Owl Out Blitz,1,10,13.26,21,58,98%,-,-,-,14.3,67.3,0.6,2.7,1.9,15.9,0.1,-,0.0,0.1
Trey McBride,34010,Ari,TE,,Sun 1:00 pm @ NYG,Maybe Mitchell,1,14,13.25,39,59,100%,-,-,-,0.0,0.2,0.0,9.1,6.9,63.6,0.6,-,0.0,0.0
Brock Bowers,40878,LV,TE,,Sun 4:25 pm vs KC,Owl Out Blitz,1,13,13.19,46,60,100%,-,-,-,0.2,0.5,0.0,9.4,6.7,67.3,0.5,-,0.0,0.0
Christian Watson,33989,GB,WR,,Sun 1:00 pm @ TB,Sunday Kevin,1,11,13.17,29,61,98%,-,-,-,0.1,0.5,0.0,7.7,4.7,76.1,0.5,-,0.0,0.0
Aaron Jones Sr.,30295,Min,RB,,Sun 4:05 pm vs Mia,Locked In Michelle,1,6,12.81,50,62,92%,-,-,-,16.4,64.8,0.4,3.3,2.7,19.3,0.1,-,0.0,0.1
Javonte Williams,33423,Dal,RB,,Sun 1:00 pm @ Hou,JGrahnasaurs,1,14,12.74,19,63,100%,-,-,-,16.1,62.8,0.6,3.3,2.3,12.6,0.1,-,0.1,0.1
Parker Washington,40234,Jax,WR,,Sun 1:00 pm @ Cin,Max’s TD Bombers,1,7,12.69,25,64,97%,-,-,-,0.3,1.7,0.0,8.5,4.6,73.1,0.4,0.0,0.0,0.0
Saquon Barkley,30972,Phi,RB,,Sun 1:00 pm vs LAR,Monday Night Madison,1,10,12.60,20,65,100%,-,-,-,17.2,73.8,0.4,2.9,2.1,14.8,0.1,-,0.0,0.1
Rashee Rice,40084,KC,WR,,Sun 4:25 pm @ LV,Locked In Michelle,1,5,12.47,58,66,99%,-,-,-,0.4,2.2,0.0,7.8,5.2,64.1,0.5,-,0.0,0.0
Kyren Williams,34120,LAR,RB,,Sun 1:00 pm @ Phi,Locked In Michelle,1,11,12.45,16,67,100%,-,-,-,14.4,64.2,0.5,2.6,1.9,14.7,0.1,-,0.0,0.1
George Pickens,34007,Dal,WR,,Sun 1:00 pm @ Hou,Locked In Michelle,1,14,12.44,32,68,100%,-,-,-,0.0,0.1,0.0,8.4,5.1,74.6,0.4,-,0.0,0.0
Tetairoa McMillan,41793,Car,WR,,Sun 8:20 pm vs Det,Dave’s Bone Crushers,1,5,12.33,40,69,98%,-,-,-,0.0,0.2,0.0,8.9,4.8,74.3,0.4,-,0.0,0.0
David Montgomery,31905,Hou,RB,,Sun 1:00 pm vs Dal,Maybe Mitchell,1,8,12.28,56,70,98%,-,-,-,13.5,55.3,0.6,2.5,2.1,16.1,0.1,-,0.0,0.1
Bucky Irving,40993,TB,RB,Q,Sun 1:00 pm vs GB,Sunday Kevin,1,10,11.98,31,71,97%,-,-,-,16.1,62.4,0.3,3.5,2.7,19.0,0.1,-,0.0,0.1
Jaylen Waddle,33394,Den,WR,,Sun 4:25 pm @ SF,Owl Out Blitz,1,10,11.63,43,72,99%,-,-,-,0.2,1.3,0.0,8.3,5.1,69.2,0.3,-,0.0,0.0
DeVonta Smith,33398,Phi,WR,Q,Sun 1:00 pm vs LAR,Max’s TD Bombers,1,10,11.54,26,73,100%,-,-,-,0.0,0.2,-,8.5,5.3,67.2,0.4,-,0.0,0.0
Quinshon Judkins,41821,Cle,RB,,Thu 8:15 pm vs Pit,Owl Out Blitz,1,11,11.40,48,74,96%,-,-,-,17.2,61.3,0.4,2.5,2.4,15.5,0.1,-,0.0,0.1
Braelon Allen,40981,NYJ,RB,,Sun 1:00 pm @ Chi,Owl Out Blitz,1,13,11.31,128,75,74%,-,-,-,14.3,60.2,0.4,2.8,2.0,14.5,0.1,-,0.0,0.1
Davante Adams,27581,LAR,WR,,Sun 1:00 pm @ Phi,JGrahnasaurs,1,11,11.24,33,76,98%,-,-,-,-,-,-,8.3,4.1,63.5,0.5,-,0.0,0.0
Jalen Coker,41293,Car,WR,Q,Sun 8:20 pm vs Det,Dave’s Bone Crushers,1,5,11.19,65,77,90%,-,-,-,0.0,0.1,0.0,7.3,4.8,61.9,0.4,-,0.0,0.0
Josh Downs,40126,Ind,WR,,Sun 9:30 am @ Was,Dave’s Bone Crushers,1,13,11.19,59,78,91%,-,-,-,0.1,0.5,0.0,7.4,4.9,62.6,0.4,-,0.0,0.0
Mike Evans,27535,SF,WR,Q,Sun 4:25 pm vs Den,Owl Out Blitz,1,8,10.95,55,79,96%,-,-,-,-,-,-,7.7,4.4,61.9,0.4,-,0.0,0.0
DJ Moore,30994,Buf,WR,Q,Sun 1:00 pm vs NE,Dave’s Bone Crushers,1,7,10.91,51,80,97%,-,-,-,0.4,1.7,0.0,7.0,4.4,58.8,0.4,-,0.0,0.0
Malik Nabers,40899,NYG,WR,,Sun 1:00 pm vs Ari,Sunday Kevin,1,8,10.81,47,81,99%,-,-,-,0.2,0.6,0.0,8.8,4.8,59.2,0.4,-,0.0,0.0
Matthew Golden,41808,GB,WR,,Sun 1:00 pm @ TB,Owl Out Blitz,1,11,10.74,61,82,90%,-,-,-,0.3,1.5,0.0,7.8,4.6,63.4,0.3,-,0.0,0.0
Michael Wilson,40121,Ari,WR,,Sun 1:00 pm @ NYG,Maybe Mitchell,1,14,10.68,63,83,88%,-,-,-,0.0,0.1,0.0,7.8,4.5,57.7,0.4,-,0.0,0.0
Jordan Addison,40042,Min,WR,,Sun 4:05 pm vs Mia,Monday Night Madison,1,6,10.61,76,84,83%,-,-,-,0.3,2.7,0.0,6.9,3.9,58.2,0.4,-,0.0,0.0
Luther Burden III,41824,Chi,WR,,Sun 1:00 pm vs NYJ,Max’s TD Bombers,1,10,10.54,54,85,95%,-,-,-,0.6,2.9,0.0,6.5,4.5,59.1,0.3,-,0.0,0.0
Tyler Warren,41799,Ind,TE,,Sun 9:30 am @ Was,Sunday Kevin,1,13,10.51,52,86,99%,-,-,-,0.4,1.2,0.0,7.1,5.1,51.2,0.4,-,0.0,0.0
Bhayshul Tuten,41900,Jax,RB,,Sun 1:00 pm @ Cin,Steel City,1,7,10.35,41,87,96%,-,-,-,11.6,53,0.4,2.2,1.6,13.5,0.1,-,0.0,0.1
Terry McLaurin,31908,Was,WR,,Sun 9:30 am vs Ind,Monday Night Madison,1,7,10.18,64,88,96%,-,-,-,0.0,0.2,0.0,7.0,3.9,60.6,0.4,-,0.0,0.0
Jacory Croskey-Merritt,42010,Was,RB,,Sun 9:30 am vs Ind,Owl Out Blitz,1,7,10.08,80,89,85%,-,-,-,13.6,56.8,0.5,1.2,0.9,6.0,0.0,-,0.0,0.1
George Kittle,30259,SF,TE,,Sun 4:25 pm vs Den,Owl Out Blitz,1,8,9.96,84,90,97%,-,-,-,0.0,0.0,-,6.5,4.4,55.3,0.4,-,0.0,0.0
Rhamondre Stevenson,33508,NE,RB,,Sun 1:00 pm @ Buf,Jason's Jazzy Team,1,11,9.90,79,92,93%,-,-,-,9.2,43.1,0.3,3.0,2.3,19.0,0.1,-,0.0,0.1
Jameson Williams,33967,Det,WR,,Sun 8:20 pm @ Car,Jason's Jazzy Team,1,6,9.89,57,91,95%,-,-,-,0.5,2.6,0.0,6.1,3.7,57.1,0.3,-,0.0,0.0
Omarion Hampton,41807,LAC,RB,,Sun 4:25 pm @ Sea,Monday Night Madison,1,7,9.79,45,93,100%,-,-,-,14.3,53.2,0.4,1.9,1.8,10.2,0.1,-,0.0,0.1
Ladd McConkey,40908,LAC,WR,Q,Sun 4:25 pm @ Sea,Dave’s Bone Crushers,1,7,9.67,42,94,97%,-,-,-,0.1,0.2,0.0,6.9,4.5,55.5,0.3,-,0.0,0.0
Dalton Kincaid,40048,Buf,TE,,Sun 1:00 pm vs NE,Jason's Jazzy Team,1,7,9.49,87,95,97%,-,-,-,-,-,-,6.2,4.2,56.2,0.3,-,0.0,0.0
Travis Kelce,26686,KC,TE,,Sun 4:25 pm @ LV,Sunday Kevin,1,5,9.45,97,96,97%,-,-,-,0.0,0.0,-,6.4,4.7,53.0,0.3,-,0.0,0.0
Harold Fannin Jr.,41877,Cle,TE,,Thu 8:15 pm vs Pit,Locked In Michelle,1,11,9.40,111,97,95%,-,-,-,0.2,0.6,0.0,6.6,4.7,49.4,0.3,-,0.0,0.0
Tucker Kraft,40102,GB,TE,,Sun 1:00 pm @ TB,Max’s TD Bombers,1,11,9.33,101,98,97%,-,-,-,0.1,0.3,0.0,5.8,4.2,53.2,0.3,-,0.0,0.0
Emeka Egbuka,41804,TB,WR,,Sun 1:00 pm vs GB,Monday Night Madison,1,10,9.28,53,99,97%,-,-,-,0.2,0.9,0.0,6.8,4.0,53.7,0.3,-,0.0,0.0
RJ Harvey,41845,Den,RB,,Sun 4:25 pm @ SF,Max’s TD Bombers,1,10,9.28,142,100,80%,-,-,-,7.6,27.5,0.2,4.3,3.4,24.5,0.2,-,0.0,0.0
Tony Pollard,31960,Ten,RB,,Sun 1:00 pm @ Bal,Maybe Mitchell,1,9,9.16,117,101,90%,-,-,-,13.8,55.9,0.3,2.2,1.7,10.5,0.0,-,0.0,0.1
Courtland Sutton,31010,Den,WR,,Sun 4:25 pm @ SF,JGrahnasaurs,1,10,9.15,83,102,77%,-,-,-,-,-,-,6.5,3.7,50.3,0.4,-,0.0,0.0
DK Metcalf,31896,Pit,WR,,Thu 8:15 pm @ Cle,Jason's Jazzy Team,1,9,9.15,82,103,92%,-,-,-,0.1,0.2,0.0,6.8,3.7,51.0,0.4,-,0.0,0.0
Stefon Diggs,28534,Was,WR,,Sun 9:30 am vs Ind,Monday Night Madison,1,7,9.14,70,104,90%,-,-,-,0.0,0.2,0.0,6.4,4.0,50.6,0.3,-,0.0,0.0
TreVeyon Henderson,41823,NE,RB,,Sun 1:00 pm @ Buf,Steel City,1,11,9.07,62,106,94%,-,-,-,10.0,47.7,0.3,2,1.7,11.1,0.1,-,0.0,0.0
Alvin Kamara,30180,NO,RB,,Mon 8:15 pm vs Atl,FA,1,8,8.92,187,109,61%,-,-,-,11.5,41.3,0.2,3.8,2.6,15.4,0.1,-,0.0,0.1
Sam LaPorta,40064,Det,TE,,Sun 8:20 pm @ Car,Maybe Mitchell,1,6,8.90,93,108,98%,-,-,-,0.0,0.1,0.0,6.0,4.4,48.3,0.3,-,0.0,0.0
Jadarian Price,42654,Sea,RB,Q,Sun 4:25 pm vs LAC,Dave’s Bone Crushers,1,11,8.83,75,110,92%,-,-,-,10.5,41.4,0.4,1.8,1.4,12.1,0.1,0.0,0.0,0.1
Denzel Boston,42661,Cle,WR,,Thu 8:15 pm vs Pit,JGrahnasaurs,1,11,8.76,91,111,75%,-,-,-,0.0,0.2,0.0,5.5,3.4,52.4,0.3,-,0.0,0.0
Isaiah Likely,34095,NYG,TE,,Sun 1:00 pm vs Ari,Max’s TD Bombers,1,8,8.70,116,114,90%,-,-,-,-,-,-,6.4,4.3,45.5,0.3,-,0.0,0.0
Colston Loveland,41795,Chi,TE,,Sun 1:00 pm vs NYJ,Steel City,1,10,8.65,125,116,95%,-,-,-,0.0,0.1,0.0,5.1,3.9,44.6,0.4,-,0.0,0.0
Kyle Monangai,42025,Chi,RB,,Sun 1:00 pm vs NYJ,Jason's Jazzy Team,1,10,8.63,81,117,81%,-,-,-,10.4,50.1,0.3,1.4,1.1,9.7,0.1,-,0.0,0.0
Juwan Johnson,33113,NO,TE,,Mon 8:15 pm vs Atl,Steel City,1,8,8.60,115,121,85%,-,-,-,-,-,-,5.8,4.0,48.4,0.3,-,0.0,0.0
Deebo Samuel Sr.,31868,SF,WR,,Sun 4:25 pm vs Den,Max’s TD Bombers,1,8,8.60,73,120,85%,-,-,-,1.3,5.3,0.0,5.9,3.7,45.4,0.2,0.0,0.0,0.0
Devaughn Vele,41097,NO,WR,,Mon 8:15 pm vs Atl,FA,1,8,8.51,92,124,60%,-,-,-,0.0,0.1,0.0,6.2,3.9,49.5,0.3,-,0.0,0.0
Carnell Tate,42626,Ten,WR,,Sun 1:00 pm @ Bal,FA,1,9,8.19,108,131,79%,-,-,-,0.0,0.0,-,7.5,4.3,46.3,0.2,-,0.0,0.0
KC Concepcion Jr.,42646,Cle,WR,,Thu 8:15 pm vs Pit,Steel City,1,11,8.15,98,134,61%,-,-,-,0.7,2.7,0.0,6.2,4.0,40.4,0.3,0.0,0.0,0.0
Keenan Allen,26699,Ind,WR,Q,Sun 9:30 am @ Was,FA,1,13,8.08,129,138,41%,-,-,-,-,-,-,6.0,3.9,43.4,0.3,-,0.0,0.0
Quentin Johnston,40051,LAC,WR,,Sun 4:25 pm @ Sea,Sunday Kevin,1,7,8.05,121,136,64%,-,-,-,0.2,1.1,0.0,5.8,3.4,46.5,0.3,-,0.0,0.0
Rome Odunze,40901,Chi,WR,,Sun 1:00 pm vs NYJ,JGrahnasaurs,1,10,8.03,69,137,90%,-,-,-,0.0,0.2,-,5,2.9,45.2,0.3,-,0.0,0.0
Xavier Worthy,40877,KC,WR,,Sun 4:25 pm @ LV,FA,1,5,8.01,86,140,62%,-,-,-,0.9,4.9,0.0,5.9,3.3,39.0,0.3,-,0.0,0.0
Mark Andrews,31056,Bal,TE,,Sun 1:00 pm vs Ten,Dave’s Bone Crushers,1,13,8.01,155,141,85%,-,-,-,0.3,1.3,0.0,4.7,3.9,38.2,0.3,-,0.0,0.0
Jakobi Meyers,32231,Jax,WR,Q,Sun 1:00 pm @ Cin,Locked In Michelle,1,7,8.00,74,142,52%,-,-,-,0.2,0.9,0.0,6.0,3.5,44.5,0.3,-,0.0,0.0
Kenyon Sadiq,42638,NYJ,TE,Q,Sun 1:00 pm @ Chi,FA,1,13,8.00,138,143,53%,-,-,-,0.0,0.2,0.0,5.6,4.0,45.2,0.2,-,0.0,0.0
Wan'Dale Robinson,33998,Ten,WR,,Sun 1:00 pm @ Bal,JGrahnasaurs,1,9,7.85,88,147,51%,-,-,-,0.2,0.7,0.0,6.9,4.4,44.6,0.2,-,0.0,0.0
Dalton Schultz,31107,Hou,TE,,Sun 1:00 pm vs Dal,Jason's Jazzy Team,1,8,7.80,141,151,74%,-,-,-,-,-,-,5.9,4.2,42.0,0.3,-,0.0,0.0
Woody Marks,41902,Hou,RB,,Sun 1:00 pm vs Dal,JGrahnasaurs,1,8,7.78,136,152,53%,-,-,-,9.2,37.4,0.2,2.1,1.7,12.5,0.1,-,0.0,0.0
J.K. Dobbins,32725,Den,RB,,Sun 4:25 pm @ SF,W (Oct 3),1,10,7.68,94,155,82%,-,-,-,11.4,47.1,0.3,1.3,1.1,5.1,0.0,-,0.0,0.1
Rachaad White,34047,Was,RB,Q,Sun 9:30 am vs Ind,FA,1,7,7.55,135,159,60%,-,-,-,7.2,31.6,0.2,2.6,2.1,13.8,0.1,-,0.0,0.0
Hunter Henry,29269,NE,TE,,Sun 1:00 pm @ Buf,Monday Night Madison,1,11,7.55,157,158,50%,-,-,-,-,-,-,5.1,3.6,41.4,0.3,-,0.0,0.0
Romeo Doubs,34088,NE,WR,,Sun 1:00 pm @ Buf,Maybe Mitchell,1,11,7.50,90,160,59%,-,-,-,-,-,-,5.0,3.0,44.3,0.3,-,0.0,0.0
Brenton Strange,40078,Jax,TE,,Sun 1:00 pm @ Cin,FA,1,7,7.33,156,164,27%,-,-,-,-,-,-,5.2,3.4,40.3,0.3,-,0.0,0.0
Blake Corum,40962,LAR,RB,,Sun 1:00 pm @ Phi,Maybe Mitchell,1,11,7.33,113,166,84%,-,-,-,10.3,45.4,0.3,1.0,0.8,4.8,0.0,-,0.0,0.0
Michael Pittman Jr.,32704,Pit,WR,,Thu 8:15 pm @ Cle,Sunday Kevin,1,9,7.33,119,165,64%,-,-,-,0.0,0.1,0.0,5.6,3.8,39.9,0.2,-,0.0,0.0
Tre Tucker,40114,LV,WR,,Sun 4:25 pm vs KC,FA,1,13,7.30,95,167,42%,-,-,-,0.4,1.7,0.0,5.8,3.2,41.3,0.2,-,0.0,0.0
Dontayvion Wicks,40201,Phi,WR,,Sun 1:00 pm vs LAR,Monday Night Madison,1,10,7.21,72,169,45%,-,-,-,0.0,0.1,-,5.3,3.2,41.5,0.2,-,0.0,0.0
MarShawn Lloyd,40971,GB,RB,,Sun 1:00 pm @ TB,Steel City,1,11,7.20,176,170,63%,-,-,-,8.0,27.4,0.3,2.0,1.9,14.0,0.1,-,0.0,0.0
Chris Godwin Jr.,30197,TB,WR,,Sun 1:00 pm vs GB,Steel City,1,10,7.15,71,171,77%,-,-,-,0.2,0.8,0.0,4.7,3.6,39.1,0.2,-,0.0,0.0
Kyle Pitts Sr.,33392,Atl,TE,,Mon 8:15 pm @ NO,Dave’s Bone Crushers,1,11,7.14,131,173,80%,-,-,-,-,-,-,4.6,3.5,37.0,0.3,-,0.0,0.0
Khalil Shakir,34104,Buf,WR,,Sun 1:00 pm vs NE,FA,1,7,7.10,110,174,43%,-,-,-,0.1,0.5,0.0,5.2,3.8,38.5,0.2,-,0.0,0.0
Malik Washington,41058,Mia,WR,,Sun 4:05 pm @ Min,FA,1,6,7.08,140,175,26%,-,-,-,0.9,3.9,0.0,6.8,3.6,35.5,0.2,0.0,0.0,0.0
T.J. Hockenson,31840,Min,TE,,Sun 4:05 pm vs Mia,FA,1,6,6.98,167,178,26%,-,-,-,-,-,-,4.9,3.7,35.8,0.3,-,0.0,0.0
Jauan Jennings,32887,Min,WR,,Sun 4:05 pm vs Mia,FA,1,6,6.91,220,180,6%,-,-,-,0.0,0.0,-,4.6,2.9,35.5,0.3,-,0.0,0.0
Jake Ferguson,34085,Dal,TE,,Sun 1:00 pm @ Hou,JGrahnasaurs,1,14,6.87,130,182,77%,-,-,-,0.0,0.1,-,5.1,3.8,32.2,0.3,-,0.0,0.0
Ryan Flournoy,41087,Dal,WR,,Sun 1:00 pm @ Hou,FA,1,14,6.83,224,183,8%,-,-,-,0.1,0.6,0.0,5.6,3.2,37.8,0.2,-,0.0,0.0
Brian Thomas Jr.,40883,Jax,WR,,Sun 1:00 pm @ Cin,W (Oct 2),1,7,6.75,102,184,74%,-,-,-,0.2,0.9,0.0,4.8,2.6,39.3,0.2,-,0.0,0.0
Darren Waller,28592,Car,TE,,Sun 8:20 pm vs Det,FA,1,5,6.72,132,185,25%,-,-,-,-,-,-,4.7,3.0,34.1,0.3,-,0.0,0.0
Marvin Harrison Jr.,40893,Ari,WR,,Sun 1:00 pm @ NYG,Locked In Michelle,1,14,6.64,153,187,77%,-,-,-,0.0,0.1,-,4.5,2.5,36.7,0.3,-,0.0,0.0
Mack Hollins,30231,NE,WR,,Sun 1:00 pm @ Buf,FA,1,11,6.57,242,188,7%,-,-,-,0.0,0.1,0.0,5.6,3.1,39.5,0.2,-,0.0,0.0
AJ Barner,41001,Sea,TE,,Sun 4:25 pm vs LAC,FA,1,11,6.53,168,189,14%,-,-,-,0.4,1.2,0.0,4.6,3.0,32.0,0.3,-,0.0,0.0
Kayshon Boutte,40224,Hou,WR,,Sun 1:00 pm vs Dal,FA,1,8,6.53,194,190,20%,-,-,-,-,-,-,3.9,2.5,38.1,0.2,-,0.0,0.0
Kalif Raymond,29631,Chi,WR,,Sun 1:00 pm vs NYJ,JGrahnasaurs,1,10,6.49,104,191,33%,-,-,-,0.1,0.8,0.0,4.9,3.1,36.3,0.2,0.0,0.0,0.0
Kenny Gainwell,33538,TB,RB,,Sun 1:00 pm vs GB,W (Oct 2),1,10,6.44,150,192,60%,-,-,-,5.3,22.3,0.2,2.5,2.4,15.7,0.1,-,0.0,0.0
Tyler Allgeier,34107,Ari,RB,,Sun 1:00 pm @ NYG,FA,1,14,6.40,177,195,38%,-,-,-,6.5,26.7,0.2,2.4,2.0,11.5,0.1,-,0.0,0.0
Greg Dulcich,34036,Mia,TE,,Sun 4:05 pm @ Min,FA,1,6,6.40,175,196,7%,-,-,-,-,-,-,4.5,3.3,37.2,0.2,-,0.0,0.0
Tre' Harris,41840,LAC,WR,,Sun 4:25 pm @ Sea,FA,1,7,6.29,180,197,6%,-,-,-,0.0,0.1,0.0,5.3,3.1,37.5,0.2,-,0.0,0.0
Chig Okonkwo,34099,Was,TE,Q,Sun 9:30 am vs Ind,FA,1,7,6.13,174,200,19%,-,-,-,-,-,-,4.9,3.1,32.2,0.2,-,0.0,0.0
Caleb Douglas,42697,Mia,WR,Q,Sun 4:05 pm @ Min,FA,1,6,6.06,144,202,18%,-,-,-,0.1,0.2,0.0,4.2,2.7,36.8,0.2,-,0.0,0.0
Pat Freiermuth,33443,Pit,TE,,Thu 8:15 pm @ Cle,FA,1,9,6.04,165,204,15%,-,-,-,0.2,0.6,0.0,4.4,3.1,31.9,0.2,-,0.0,0.0
Ollie Gordon II,41969,Mia,RB,,Sun 4:05 pm @ Min,FA,1,6,6.04,114,205,62%,-,-,-,10.7,36.1,0.2,1.9,1.1,7.2,0.0,-,0.0,0.0
Mike Gesicki,31012,Cin,TE,,Sun 1:00 pm vs Jax,FA,1,6,6.02,172,206,6%,-,-,-,-,-,-,4.1,2.8,32.4,0.2,-,0.0,0.0
Rashod Bateman,33415,Bal,WR,,Sun 1:00 pm vs Ten,FA,1,13,6.01,126,207,30%,-,-,-,0.0,0.1,0.0,4.2,2.5,34.6,0.2,-,0.0,0.0
Rashid Shaheed,34659,Sea,WR,,Sun 4:25 pm vs LAC,Maybe Mitchell,1,11,5.96,148,209,34%,-,-,-,0.6,3.4,0.0,4.1,2.3,29.4,0.2,0.1,0.0,0.0
Pat Bryant,41860,Den,WR,,Sun 4:25 pm @ SF,FA,1,10,5.88,124,211,8%,-,-,-,0.1,0.5,0.0,4.2,2.7,31.9,0.2,-,0.0,0.0
Chris Rodriguez Jr.,40231,Jax,RB,,Sun 1:00 pm @ Cin,FA,1,7,5.83,221,213,38%,-,-,-,7.1,32.6,0.3,0.5,0.4,4.5,0.0,-,0.0,0.0
Tyjae Spears,40119,Ten,RB,Q,Sun 1:00 pm @ Bal,FA,1,9,5.78,199,214,29%,-,-,-,5.4,20.4,0.1,2.7,2.2,14.0,0.1,-,0.0,0.0
DeMario Douglas,40222,NE,WR,,Sun 1:00 pm @ Buf,FA,1,11,5.75,229,216,3%,-,-,-,0.3,2.0,0.0,4.7,2.7,33.0,0.1,-,0.0,0.0
Cade Otton,34062,TB,TE,,Sun 1:00 pm vs GB,FA,1,10,5.65,193,218,3%,-,-,-,-,-,-,4.7,3.3,31.2,0.2,-,0.0,0.0
Jalen Nailor,34147,LV,WR,,Sun 4:25 pm vs KC,FA,1,13,5.61,201,220,9%,-,-,-,0.1,0.4,0.0,3.9,2.3,30.9,0.2,-,0.0,0.0
Makai Lemon,42642,Phi,WR,,Sun 1:00 pm vs LAR,FA,1,10,5.54,118,222,45%,-,-,-,0.2,0.7,0.0,4.5,3.1,27.2,0.2,-,0.0,0.0
Chris Bell,42716,Mia,WR,Q,Sun 4:05 pm @ Min,FA,1,6,5.49,147,223,7%,-,-,-,0.0,0.0,-,4.6,2.5,33.6,0.1,-,0.0,0.0
Isaiah Davis,41031,NYJ,RB,,Sun 1:00 pm @ Chi,FA,1,13,5.43,244,224,2%,-,-,-,4.7,23.2,0.2,1.8,1.4,12.5,0.0,-,0.0,0.0
Xavier Hutchinson,40232,Hou,WR,,Sun 1:00 pm vs Dal,FA,1,8,5.43,"2,044",225,5%,-,-,-,0.1,0.8,0.0,3.8,2.5,32.7,0.1,-,0.0,0.0
Oronde Gadsden,41951,LAC,TE,,Sun 4:25 pm @ Sea,FA,1,7,5.42,160,226,11%,-,-,-,-,-,-,4.2,2.6,30.4,0.2,-,0.0,0.0
Emanuel Wilson,40707,Sea,RB,,Sun 4:25 pm vs LAC,FA,1,11,5.42,208,227,15%,-,-,-,8.6,32.5,0.2,0.9,0.6,4.1,0.0,-,0.0,0.0
Kendre Miller,40108,NO,RB,,Mon 8:15 pm vs Atl,FA,1,8,5.21,234,233,10%,-,-,-,7.2,26.8,0.2,1.4,0.9,6.5,0.0,-,0.0,0.0
Kaleb Johnson,41881,GB,RB,,Sun 1:00 pm @ TB,FA,1,11,5.21,227,232,6%,-,-,-,8.7,28.8,0.2,1.4,0.8,6.6,0.0,-,0.0,0.1
Tyquan Thornton,34005,KC,WR,,Sun 4:25 pm @ LV,FA,1,5,5.14,169,237,4%,-,-,-,-,-,-,3.0,1.9,32.5,0.2,-,0.0,0.0
Keaton Mitchell,40641,LAC,RB,Q,Sun 4:25 pm @ Sea,FA,1,7,4.99,146,240,35%,-,-,-,5.8,23.2,0.1,1.9,1.6,9.6,0.1,-,0.0,0.0
Malachi Fields,42696,NYG,WR,,Sun 1:00 pm vs Ari,FA,1,8,4.99,200,241,8%,-,-,-,0.0,0.1,-,3.7,2.2,28.6,0.2,-,0.0,0.0
Brian Robinson,34054,Atl,RB,,Mon 8:15 pm @ NO,FA,1,11,4.99,222,242,28%,-,-,-,7.2,28.6,0.2,0.9,0.6,4.1,0.0,0.0,0.0,0.0
Ted Hurst III,42706,TB,WR,,Sun 1:00 pm vs GB,FA,1,10,4.92,120,244,2%,-,-,-,0.0,0.1,0.0,4.1,2.1,28.7,0.2,-,0.0,0.0
Justice Hill,31945,Bal,RB,,Sun 1:00 pm vs Ten,FA,1,13,4.86,279,246,4%,-,-,-,3.9,16.4,0.1,2.2,1.7,14.2,0.1,-,0.0,0.0
Gunnar Helm,41905,Ten,TE,,Sun 1:00 pm @ Bal,FA,1,9,4.86,197,247,1%,-,-,-,-,-,-,4.2,3.0,24.9,0.1,-,0.0,0.0
Jaylen Wright,41010,Mia,RB,,Sun 4:05 pm @ Min,FA,1,6,4.68,162,248,27%,-,-,-,7.5,27.5,0.1,1.7,0.9,7.2,0.0,-,0.0,0.0
Emmett Johnson,42796,KC,RB,,Sun 4:25 pm @ LV,FA,1,5,4.66,161,249,33%,-,-,-,4.5,17.7,0.1,1.5,1.3,12.2,0.1,-,0.0,0.0
Evan Engram,30136,Den,TE,,Sun 4:25 pm @ SF,FA,1,10,4.64,206,251,2%,-,-,-,0.0,0.1,0.0,3.9,2.5,24.3,0.2,-,0.0,0.0
Michael Mayer,40065,LV,TE,,Sun 4:25 pm vs KC,FA,1,13,4.64,235,252,8%,-,-,-,-,-,-,4.4,2.8,24.8,0.1,-,0.0,0.0
Cooper Kupp,30182,Sea,WR,,Sun 4:25 pm vs LAC,FA,1,11,4.61,225,253,10%,-,-,-,0.0,0.2,0.0,3.5,2.0,26.5,0.2,-,0.0,0.0
George Holani,41344,Sea,RB,Q,Sun 4:25 pm vs LAC,FA,1,11,4.58,261,254,6%,-,-,-,4.4,15.7,0.1,2.0,1.5,12.1,0.1,-,0.0,0.0
Mike Washington Jr.,42744,LV,RB,,Sun 4:25 pm vs KC,FA,1,13,4.57,179,255,35%,-,-,-,5.2,23.4,0.2,0.7,0.8,7.1,0.0,-,0.0,0.0
Najee Harris,33412,NYG,RB,,Sun 1:00 pm vs Ari,FA,1,8,4.57,240,256,6%,-,-,-,6.9,29.2,0.1,0.8,0.5,4.3,0.0,-,0.0,0.0
Kaelon Black,42712,SF,RB,,Sun 4:25 pm vs Den,FA,1,8,4.47,158,258,44%,-,-,-,5.8,24.8,0.1,0.8,0.8,6.2,0.0,-,0.0,0.0
Isaiah Williams,41421,NYJ,WR,,Sun 1:00 pm @ Chi,FA,1,13,4.47,"2,274",259,1%,-,-,-,0.2,1.0,0.0,4.2,2.5,24.0,0.1,0.0,0.0,0.0
Breece Hall,33991,NYJ,RB,D,Sun 1:00 pm @ Chi,Maybe Mitchell,1,13,4.45,105,260,99%,-,-,-,3.3,15.1,0.2,-,0.7,7.6,0.1,-,-,-
Kendrick Bourne,30551,Ari,WR,,Sun 1:00 pm @ NYG,FA,1,14,4.42,254,261,1%,-,-,-,0.0,0.1,-,3.7,2.2,25.8,0.1,-,0.0,0.0
Colby Parkinson,32803,LAR,TE,Q,Sun 1:00 pm @ Phi,FA,1,11,4.36,207,262,1%,-,-,-,-,-,-,3.1,2.0,20.1,0.2,-,0.0,0.0
Elic Ayomanor,41904,Ten,WR,,Sun 1:00 pm @ Bal,FA,1,9,4.32,275,263,0%,-,-,-,0.0,0.0,-,3.7,1.8,25.6,0.1,-,0.0,0.0
Samaje Perine,30227,Cin,RB,,Sun 1:00 pm vs Jax,FA,1,6,4.26,265,264,4%,-,-,-,3.6,13.7,0.2,1.9,1.3,9.6,0.0,-,0.0,0.0
Darnell Mooney,32843,NYG,WR,,Sun 1:00 pm vs Ari,FA,1,8,4.21,248,265,1%,-,-,-,0.1,0.9,0.0,3.2,1.7,25.1,0.1,-,0.0,0.0
Roman Wilson,40952,Pit,WR,,Thu 8:15 pm @ Cle,FA,1,9,4.17,286,266,2%,-,-,-,0.0,0.0,-,3.9,1.9,22.8,0.2,-,0.0,0.0
Isaac TeSlaa,41865,Det,WR,,Sun 8:20 pm @ Car,FA,1,6,4.14,214,267,3%,-,-,-,0.0,0.1,0.0,2.5,1.5,22.8,0.2,-,0.0,0.0
Dohnte Meyers,42616,Cin,WR,,Sun 1:00 pm vs Jax,FA,1,6,4.11,"2,479",268,0%,-,-,-,0.2,0.9,0.0,2.7,1.8,21.9,0.1,0.0,0.0,0.0
Tyler Higbee,29344,LAR,TE,,Sun 1:00 pm @ Phi,FA,1,11,4.08,321,269,2%,-,-,-,-,-,-,3.6,2.1,21.2,0.2,-,0.0,0.0
Antonio Williams,42693,Was,WR,,Sun 9:30 am vs Ind,FA,1,7,4.02,139,270,5%,0.1,0.0,-,0.1,0.3,0.0,3.0,1.7,22.1,0.2,-,0.0,0.0
Jahan Dotson,33971,Atl,WR,,Mon 8:15 pm @ NO,FA,1,11,3.98,268,271,0%,-,-,-,0.0,0.0,-,3.7,1.7,21.7,0.2,-,0.0,0.0
Chris Brooks,40625,GB,RB,,Sun 1:00 pm @ TB,FA,1,11,3.90,285,273,2%,-,-,-,4.4,16.0,0.1,1.9,1.2,8.1,0.1,-,0.0,0.0
Sione Vaki,41006,Det,RB,,Sun 8:20 pm @ Car,FA,1,6,3.90,270,272,1%,-,-,-,4.0,17.9,0.1,1.0,0.9,9.0,0.0,-,0.0,0.0
Laquon Treadwell,29257,Ind,WR,,Sun 9:30 am @ Was,FA,1,13,3.81,"2,722",276,0%,-,-,-,-,-,-,2.7,1.4,24.5,0.1,-,0.0,0.0
Kyle Williams,41864,NE,WR,,Sun 1:00 pm @ Buf,FA,1,11,3.79,251,274,0%,-,-,-,0.1,0.4,0.0,2.1,1.3,24.1,0.1,0.0,0.0,0.0
Raheim Sanders,42139,Cle,RB,,Thu 8:15 pm vs Pit,FA,1,11,3.78,294,275,2%,-,-,-,2.8,9.7,0.0,2.7,1.8,13.6,0.1,-,0.0,0.0
Jaylin Noel,41885,Hou,WR,,Sun 1:00 pm vs Dal,FA,1,8,3.75,217,277,3%,-,-,-,0.3,1.6,0.0,1.7,1.5,19.4,0.1,0.0,0.0,0.0
Ty Johnson,32018,Buf,RB,,Sun 1:00 pm vs NE,FA,1,7,3.68,295,278,0%,-,-,-,2.1,8.7,0.1,2.1,1.5,13.2,0.1,-,0.0,0.0
Jerry Jeudy,32685,Cle,WR,,Thu 8:15 pm vs Pit,FA,1,11,3.55,218,279,5%,-,-,-,0.0,0.2,0.0,2.6,1.6,19.9,0.1,-,0.0,0.0
Skyy Moore,34009,GB,WR,,Sun 1:00 pm @ TB,FA,1,11,3.53,"2,721",280,2%,-,-,-,0.2,1.0,0.0,3.1,1.7,20.3,0.1,0.0,0.0,0.0
Keon Coleman,40911,Buf,WR,Q,Sun 1:00 pm vs NE,FA,1,7,3.45,154,281,4%,-,-,-,0.0,0.2,-,2.5,1.6,19.0,0.1,-,0.0,0.0
Darnell Washington,40094,Pit,TE,,Thu 8:15 pm @ Cle,FA,1,9,3.41,"2,048",282,1%,-,-,-,-,-,-,2.6,1.8,18.8,0.1,-,0.0,0.0
Noah Fant,31852,NO,TE,Q,Mon 8:15 pm vs Atl,FA,1,8,3.40,318,283,2%,-,-,-,-,-,-,3.0,1.7,16.1,0.2,-,0.0,0.0
Cody White,32948,LV,WR,,Sun 4:25 pm vs KC,FA,1,13,3.38,"2,083",284,1%,-,-,-,-,-,-,1.7,1.1,20.9,0.1,-,0.0,0.0
Zachariah Branch,42701,Atl,WR,,Mon 8:15 pm @ NO,FA,1,11,3.11,255,286,2%,-,-,-,0.2,0.7,0.0,1.7,1.4,13.5,0.1,0.0,0.0,0.0
Brycen Tremayne,40407,Car,WR,,Sun 8:20 pm vs Det,FA,1,5,3.11,"2,617",285,0%,-,-,-,0.0,0.1,0.0,2.2,1.5,17.1,0.1,-,0.0,0.0
Jeremy Ruckert,34057,NYJ,TE,Q,Sun 1:00 pm @ Chi,FA,1,13,3.01,"2,074",287,0%,-,-,-,-,-,-,2.4,1.8,15.4,0.1,-,0.0,0.0
Elijah Arroyo,41835,Sea,TE,,Sun 4:25 pm vs LAC,FA,1,11,2.97,"2,243",288,0%,-,-,-,-,-,-,1.8,1.4,16.8,0.1,-,0.0,0.0
Bryce Lance,42758,NO,WR,,Mon 8:15 pm vs Atl,FA,1,8,2.92,256,289,0%,-,-,-,-,-,-,2.0,1.3,16.6,0.1,-,0.0,0.0
Zach Ertz,26658,Phi,TE,NA,Sun 1:00 pm vs LAR,FA,1,10,2.92,325,290,2%,-,-,-,-,-,-,2.4,1.7,15.4,0.1,-,0.0,0.0
Demond Claiborne,42820,Min,RB,,Sun 4:05 pm vs Mia,FA,1,6,2.86,289,291,2%,-,-,-,3.5,13.2,0.1,0.4,0.6,4.7,0.0,-,0.0,0.0
Tank Bigsby,40095,Phi,RB,,Sun 1:00 pm vs LAR,Monday Night Madison,1,10,2.85,202,292,29%,-,-,-,3.4,15.1,0.1,0.5,0.4,3.2,0.0,-,0.0,0.0
AJ Dillon,32732,Car,RB,,Sun 8:20 pm vs Det,FA,1,5,2.82,"2,767",293,1%,-,-,-,4.0,16.2,0.1,1.0,0.5,3.6,0.0,-,0.0,0.0
Kevin Coleman Jr.,42768,Mia,WR,,Sun 4:05 pm @ Min,FA,1,6,2.79,281,294,0%,-,-,-,-,-,-,3.2,1.4,17.1,0.1,-,0.0,0.0
KaVontae Turpin,34709,Dal,WR,,Sun 1:00 pm @ Hou,FA,1,14,2.77,"2,056",295,5%,-,-,-,0.8,5.2,0.0,1.1,0.8,11.2,0.1,0.0,0.0,0.0
Tai Felton,41859,Min,WR,,Sun 4:05 pm vs Mia,FA,1,6,2.77,"2,771",296,0%,-,-,-,0.0,0.1,0.0,2.3,1.2,15.7,0.1,-,0.0,0.0
Troy Franklin,41009,Den,WR,,Sun 4:25 pm @ SF,FA,1,10,2.76,259,297,1%,-,-,-,0.2,0.9,0.0,1.6,1.2,14.1,0.1,-,0.0,0.0
Tyler Goodson,34261,Dal,RB,,Sun 1:00 pm @ Hou,FA,1,14,2.76,"2,789",298,0%,-,-,-,3.4,12.9,0.1,0.9,0.7,4.6,0.0,-,0.0,0.0
Germie Bernard,42669,Pit,WR,,Thu 8:15 pm @ Cle,FA,1,9,2.74,230,299,1%,-,-,-,0.1,0.3,0.0,1.7,1.3,14.7,0.1,-,0.0,0.0
Dawson Knox,31928,Buf,TE,,Sun 1:00 pm vs NE,FA,1,7,2.72,342,300,1%,-,-,-,0.0,0.1,0.0,1.8,1.3,12.8,0.1,-,0.0,0.0
Tory Horton,41952,Sea,WR,,Sun 4:25 pm vs LAC,FA,1,11,2.70,326,301,0%,-,-,-,0.0,0.1,0.0,1.7,1.1,15.0,0.1,-,0.0,0.0
Lew Nichols,40260,Pit,RB,,Thu 8:15 pm @ Cle,FA,1,9,2.67,"2,717",302,0%,-,-,-,3.2,14.9,0.1,0.3,0.2,1.6,0.0,-,-,-
Theo Johnson,41003,NYG,TE,,Sun 1:00 pm vs Ari,FA,1,8,2.67,336,303,0%,-,-,-,-,-,-,1.8,1.2,15.2,0.1,-,0.0,0.0
DeeJay Dallas,32814,Min,RB,,Sun 4:05 pm vs Mia,FA,1,6,2.66,"2,792",304,0%,-,-,-,3.1,11.9,0.1,1.0,0.8,5.3,0.0,-,0.0,0.0
Tommy Tremble,33471,Car,TE,,Sun 8:20 pm vs Det,FA,1,5,2.64,"2,058",305,0%,-,-,-,-,-,-,2.4,1.4,13.4,0.1,-,0.0,0.0
Cole Kmet,32713,Chi,TE,,Sun 1:00 pm vs NYJ,FA,1,10,2.64,"2,034",306,1%,-,-,-,-,-,-,1.7,1.3,13.8,0.1,-,0.0,0.0
Jonnu Smith,30213,GB,TE,,Sun 1:00 pm @ TB,FA,1,11,2.64,334,307,0%,-,-,-,0.0,0.1,-,2.0,1.7,13.5,0.1,-,0.0,0.0
Joshua Palmer,33465,Buf,WR,,Sun 1:00 pm vs NE,FA,1,7,2.64,331,308,3%,-,-,-,-,-,-,1.6,1.2,16.1,0.1,-,0.0,0.0
Noah Gray,33550,KC,TE,,Sun 4:25 pm @ LV,FA,1,5,2.58,"2,105",309,0%,-,-,-,-,-,-,1.9,1.4,13.7,0.1,-,0.0,0.0
Calvin Ridley,30996,Ten,WR,,Sun 1:00 pm @ Bal,FA,1,9,2.58,237,310,2%,-,-,-,0.0,0.2,-,1.7,1.0,15.2,0.1,-,0.0,0.0
Devontez Walker,40991,Bal,WR,,Sun 1:00 pm vs Ten,FA,1,13,2.55,"2,077",311,0%,-,-,-,0.0,0.2,0.0,1.3,0.9,16.2,0.1,-,0.0,0.0
Jacob Cowing,40996,SF,WR,,Sun 4:25 pm vs Den,FA,1,8,2.53,"2,705",312,0%,-,-,-,-,-,-,2.3,1.1,14.7,0.1,0.0,0.0,0.0
CJ Donaldson,42940,NO,RB,,Mon 8:15 pm vs Atl,FA,1,8,2.51,"2,708",313,0%,-,-,-,2.6,9.9,0.1,0.9,0.6,5.1,0.0,-,0.0,0.0
Eli Raridon,42717,NE,TE,Q,Sun 1:00 pm @ Buf,FA,1,11,2.45,236,314,0%,-,-,-,-,-,-,1.6,1.1,12.6,0.1,-,0.0,0.0
Josh Cameron,42813,Jax,WR,,Sun 1:00 pm @ Cin,FA,1,7,2.44,"2,095",315,0%,-,-,-,0.1,0.3,0.0,1.8,1.0,13.3,0.1,-,0.0,0.0
Seth McGowan,42859,Ind,RB,,Sun 9:30 am @ Was,FA,1,13,2.43,278,316,1%,-,-,-,3.0,12.4,0.1,0.5,0.5,3.7,0.0,-,0.0,0.0
Johnny Mundt,30373,Phi,TE,,Sun 1:00 pm vs LAR,FA,1,10,2.41,"2,524",317,0%,-,-,-,-,-,-,1.9,1.5,13.7,0.0,-,0.0,0.0
Foster Moreau,31969,Hou,TE,,Sun 1:00 pm vs Dal,FA,1,8,2.34,"2,082",318,0%,-,-,-,-,-,-,1.9,1.2,12.0,0.1,-,0.0,0.0
Erick All Jr.,40989,Cin,TE,,Sun 1:00 pm vs Jax,FA,1,6,2.28,"2,250",319,0%,-,-,-,-,-,-,1.3,1.4,11.6,0.1,-,0.0,0.0
Brenen Thompson,42727,LAC,WR,Q,Sun 4:25 pm @ Sea,FA,1,7,2.26,"2,512",320,0%,-,-,-,0.0,0.1,-,1.6,1.2,12.4,0.1,-,0.0,0.0
Tez Johnson,42030,TB,WR,,Sun 1:00 pm vs GB,FA,1,10,2.25,"2,085",321,0%,-,-,-,0.3,1.1,0.0,1.8,0.9,12.2,0.1,-,0.0,0.0
Will Shipley,41002,Phi,RB,Q,Sun 1:00 pm vs LAR,FA,1,10,2.19,308,322,1%,-,-,-,1.8,6.6,0.0,1.2,1.1,6.8,0.0,0.0,0.0,0.0
Matt Hibner,42755,Bal,TE,,Sun 1:00 pm vs Ten,FA,1,13,2.19,"2,062",323,0%,-,-,-,-,-,-,1.0,1.1,11.9,0.1,-,0.0,0.0
Olamide Zaccheaus,32123,Atl,WR,,Mon 8:15 pm @ NO,FA,1,11,2.18,"2,099",324,0%,-,-,-,0.1,0.4,0.0,2.2,1.1,11.0,0.1,-,0.0,0.0
Sterling Shepard,29274,NYJ,WR,NA,Sun 1:00 pm @ Chi,FA,1,13,2.12,"2,066",325,0%,-,-,-,-,-,-,1.6,1.1,12.5,0.1,-,-,-
Austin Hooper,29315,Atl,TE,,Mon 8:15 pm @ NO,FA,1,11,2.07,340,326,0%,-,-,-,-,-,-,1.5,1.0,10.1,0.1,-,0.0,0.0
Ameer Abdullah,28442,Jax,RB,,Sun 1:00 pm @ Cin,FA,1,7,2.05,"2,681",327,0%,-,-,-,1.7,8.1,0.0,0.9,0.8,5.3,0.0,0.0,0.0,0.0
Ray Davis,40980,Buf,RB,,Sun 1:00 pm vs NE,FA,1,7,2.04,228,328,9%,-,-,-,2.1,9.7,0.1,0.4,0.5,3.6,0.0,-,0.0,0.0
Xavier Legette,40890,Car,WR,D,Sun 8:20 pm vs Det,FA,1,5,2.04,280,329,0%,-,-,-,0.1,0.2,-,-,0.9,11.0,0.1,-,-,-
Kimani Vidal,41052,LAC,RB,,Sun 4:25 pm @ Sea,FA,1,7,2.03,253,330,1%,-,-,-,1.7,5.7,0.0,1.1,0.8,5.9,0.0,-,0.0,0.0
Konata Mumpfield,42035,LAR,WR,,Sun 1:00 pm @ Phi,FA,1,11,2.00,"2,122",331,1%,-,-,-,-,-,-,1.9,0.9,11.3,0.1,-,0.0,0.0
Marvin Mims Jr.,40090,Den,WR,,Sun 4:25 pm @ SF,FA,1,10,1.98,273,332,1%,-,-,-,0.5,2.4,0.0,0.9,0.8,7.1,0.1,0.0,0.0,0.0
Adonai Mitchell,40915,NYJ,WR,D,Sun 1:00 pm @ Chi,FA,1,13,1.97,96,333,32%,-,-,-,0.1,0.0,-,-,0.7,10.1,0.1,-,-,-
Drew Sample,31884,Cin,TE,,Sun 1:00 pm vs Jax,FA,1,6,1.96,"2,267",334,0%,-,-,-,0.0,0.1,0.0,1.5,1.2,9.9,0.1,-,0.0,0.0
Chimere Dike,41903,Ten,WR,,Sun 1:00 pm @ Bal,FA,1,9,1.92,263,335,1%,-,-,-,0.3,1.0,0.0,0.9,0.7,6.9,0.1,0.0,0.0,0.0
Daniel Bellinger,34068,Ten,TE,,Sun 1:00 pm @ Bal,FA,1,9,1.90,"2,091",336,0%,-,-,-,-,-,-,1.4,1.0,11.1,0.1,-,0.0,0.0
Jordan Watkins,41917,SF,WR,,Sun 4:25 pm vs Den,FA,1,8,1.89,"2,068",337,0%,-,-,-,-,-,-,1.7,0.8,11.7,0.1,-,0.0,0.0
Barion Brown,42812,NO,WR,Q,Mon 8:15 pm vs Atl,FA,1,8,1.89,"2,659",338,1%,-,-,-,0.2,0.9,0.0,1.0,0.7,8.5,0.0,0.0,0.0,0.0
Treylon Burks,33973,Was,WR,,Sun 9:30 am vs Ind,FA,1,7,1.87,"2,252",339,0%,-,-,-,0.1,0.4,0.0,1.8,0.8,10.4,0.1,-,0.0,0.0
Kyle Juszczyk,26753,SF,RB,,Sun 4:25 pm vs Den,FA,1,8,1.84,"2,506",341,0%,-,-,-,0.1,0.3,0.0,1.4,0.9,8.4,0.1,-,0.0,0.0
Davis Allen,40164,LAR,TE,,Sun 1:00 pm @ Phi,FA,1,11,1.83,"2,111",342,0%,-,-,-,-,-,-,1.5,1.0,9.8,0.1,-,0.0,0.0
Tanner Hudson,31257,Cin,TE,,Sun 1:00 pm vs Jax,FA,1,6,1.83,"2,079",343,0%,-,-,-,-,-,-,1.2,1.0,9.4,0.1,-,0.0,0.0
Chris Moore,29341,Bal,WR,Q,Sun 1:00 pm vs Ten,FA,1,13,1.81,"2,107",344,0%,-,-,-,-,-,-,1.1,0.7,10.8,0.1,-,0.0,0.0
Jared Wayne,40288,Hou,WR,,Sun 1:00 pm vs Dal,FA,1,8,1.80,"2,278",345,0%,-,-,-,-,-,-,1.2,0.8,10.0,0.1,-,0.0,0.0
Ashton Dulin,32292,Ind,WR,,Sun 9:30 am @ Was,FA,1,13,1.78,"2,752",347,0%,-,-,-,0.1,0.7,0.0,0.6,0.5,11.6,0.0,-,0.0,0.0
Mitchell Evans,41949,Car,TE,,Sun 8:20 pm vs Det,FA,1,5,1.78,"2,092",346,0%,-,-,-,0.0,0.1,0.0,1.4,0.9,9.4,0.1,-,0.0,0.0
Malik Benson,42817,LV,WR,,Sun 4:25 pm vs KC,FA,1,13,1.77,"2,662",348,0%,-,-,-,0.1,0.5,0.0,0.8,0.8,9.0,0.1,0.0,0.0,0.0
Nate Adkins,40702,Den,TE,,Sun 4:25 pm @ SF,FA,1,10,1.74,"2,063",349,0%,-,-,-,0.1,0.4,0.0,1.1,0.8,7.7,0.1,-,0.0,0.0
KhaDarel Hodge,31769,SF,WR,Q,Sun 4:25 pm vs Den,FA,1,8,1.73,"2,764",340,0%,-,-,-,-,-,-,1.3,0.8,10.5,0.0,-,0.0,0.0
Isaiah Bond,42598,Cle,WR,,Thu 8:15 pm vs Pit,FA,1,11,1.72,"2,621",350,0%,-,-,-,0.1,0.4,0.0,0.9,0.6,10.9,0.0,-,0.0,0.0
Darius Slayton,32003,Ind,WR,,Sun 9:30 am @ Was,FA,1,13,1.69,"2,040",351,0%,-,-,-,-,-,-,1.2,0.7,11.1,0.0,-,0.0,0.0
Travis Hunter,41787,Jax,WR,,Sun 1:00 pm @ Cin,FA,1,7,1.68,243,352,9%,-,-,-,0.2,0.8,0.0,0.9,0.7,7.9,0.1,-,0.0,0.0
Elijah Higgins,40226,Ari,TE,,Sun 1:00 pm @ NYG,FA,1,14,1.66,"2,124",353,0%,-,-,-,-,-,-,1.0,1.0,8.8,0.1,-,0.0,0.0
Tyler Badie,34152,Den,RB,,Sun 4:25 pm @ SF,FA,1,10,1.61,"2,728",354,0%,-,-,-,0.8,3.0,0.0,1.1,0.8,5.7,0.0,-,0.0,0.0
Malik McClain,43159,NYJ,WR,,Sun 1:00 pm @ Chi,FA,1,13,1.60,"2,448",355,0%,-,-,-,-,-,-,1.1,0.7,9.4,0.1,-,0.0,0.0
Marlin Klein,42681,Hou,TE,,Sun 1:00 pm vs Dal,FA,1,8,1.59,"2,238",356,0%,-,-,-,-,-,-,0.8,0.8,8.9,0.1,-,0.0,0.0
Kaytron Allen,42809,Was,RB,,Sun 9:30 am vs Ind,FA,1,7,1.57,267,359,1%,-,-,-,2.0,8.3,0.1,0.2,0.3,2.0,0.0,-,0.0,0.0
John Bates,33512,Was,TE,,Sun 9:30 am vs Ind,FA,1,7,1.57,"2,472",357,0%,-,-,-,-,-,-,1.2,0.8,8.1,0.1,-,0.0,0.0
Travis Homer,32036,Pit,RB,,Thu 8:15 pm @ Cle,FA,1,9,1.57,"2,800",358,0%,-,-,-,2.4,7.4,0.1,0.6,0.3,2.3,0.0,-,0.0,0.0
John Metchie III,33999,Car,WR,,Sun 8:20 pm vs Det,FA,1,5,1.56,"2,059",360,0%,-,-,-,0.0,0.0,-,1.4,0.8,8.4,0.1,-,0.0,0.0
Dyami Brown,33470,Was,WR,,Sun 9:30 am vs Ind,FA,1,7,1.55,"2,521",361,0%,0.1,0.0,-,0.0,0.3,0.0,1.3,0.7,8.2,0.1,-,0.0,0.0
Darius Cooper,42464,Phi,WR,,Sun 1:00 pm vs LAR,FA,1,10,1.55,"2,488",362,0%,-,-,-,-,-,-,1.2,0.8,8.6,0.1,-,0.0,0.0
Jalen Tolbert,34044,Mia,WR,,Sun 4:05 pm @ Min,FA,1,6,1.54,"2,093",363,0%,-,-,-,-,-,-,0.7,0.7,9.2,0.0,-,0.0,0.0
Efton Chism III,42296,NE,WR,,Sun 1:00 pm @ Buf,FA,1,11,1.52,"2,688",364,0%,0.1,0.0,-,-,-,-,1.0,0.7,8.5,0.1,-,0.0,0.0
Blake Whiteheart,40433,Cle,TE,,Thu 8:15 pm vs Pit,FA,1,11,1.50,"2,474",365,0%,-,-,-,-,-,-,1.1,0.7,7.6,0.1,-,0.0,0.0
LeQuint Allen Jr.,42007,Jax,RB,Q,Sun 1:00 pm @ Cin,FA,1,7,1.48,301,366,0%,-,-,-,0.7,2.9,0.0,0.9,0.7,5.1,0.0,-,0.0,0.0
Ben Sinnott,40931,Was,TE,Q,Sun 9:30 am vs Ind,FA,1,7,1.43,"2,265",367,0%,-,-,-,0.0,0.1,-,0.8,0.7,7.6,0.1,-,0.0,0.0
Adam Trautman,32775,Den,TE,,Sun 4:25 pm @ SF,FA,1,10,1.43,"2,096",368,0%,-,-,-,-,-,-,1.1,0.8,7.8,0.0,-,0.0,0.0
Oscar Delp,42695,NO,TE,,Mon 8:15 pm vs Atl,FA,1,8,1.41,"2,273",369,0%,-,-,-,-,-,-,0.7,0.8,7.1,0.1,-,0.0,0.0
Jordan Whittington,41083,LAR,WR,,Sun 1:00 pm @ Phi,FA,1,11,1.41,"2,680",370,0%,-,-,-,0.1,0.4,0.0,1.1,0.7,7.3,0.0,0.0,0.0,0.0
Sam Roush,42691,Chi,TE,,Sun 1:00 pm vs NYJ,FA,1,10,1.40,"2,255",371,0%,-,-,-,-,-,-,1.0,0.7,7.5,0.1,-,0.0,0.0
Jalen Royals,41891,KC,WR,,Sun 4:25 pm @ LV,FA,1,5,1.40,"2,270",372,0%,-,-,-,0.0,0.1,0.0,1.0,0.7,6.8,0.1,-,0.0,0.0
Brock Wright,33774,Det,TE,,Sun 8:20 pm @ Car,FA,1,6,1.38,"2,080",373,0%,-,-,-,-,-,-,0.9,0.8,6.5,0.1,-,0.0,0.0
Tyrone Tracy Jr.,41048,NYG,RB,Q,Sun 1:00 pm vs Ari,FA,1,8,1.37,287,374,5%,-,-,-,1.6,6.9,0.0,0.1,0.3,2.3,0.0,-,0.0,0.0
Emari Demercado,40430,Dal,RB,,Sun 1:00 pm @ Hou,FA,1,14,1.36,266,375,1%,-,-,-,1.5,6.7,0.0,0.0,0.4,3.5,0.0,-,0.0,0.0
Luke Farrell,33533,SF,TE,,Sun 4:25 pm vs Den,FA,1,8,1.31,"2,618",376,0%,-,-,-,-,-,-,1.0,0.7,6.6,0.0,-,0.0,0.0
Ryan Miller,40676,Mia,WR,,Sun 4:05 pm @ Min,FA,-,6,1.28,"2,101",377,0%,-,-,-,-,-,-,1.0,0.6,7.7,0.0,-,0.0,0.0
Bo Melton,34185,GB,WR,,Sun 1:00 pm @ TB,FA,1,11,1.26,"2,726",378,0%,-,-,-,0.1,0.8,0.0,0.5,0.5,7.9,0.0,0.0,0.0,0.0
Hollywood Brown,31857,Phi,WR,Q,Sun 1:00 pm vs LAR,FA,1,10,1.26,"2,043",379,0%,-,-,-,0.1,1.0,0.0,0.5,0.6,6.6,0.0,-,0.0,0.0
Brevyn Spann-Ford,41371,Dal,TE,,Sun 1:00 pm @ Hou,FA,1,14,1.23,"2,631",380,0%,-,-,-,-,-,-,0.9,0.7,6.9,0.0,-,0.0,0.0
Tutu Atwell,33445,LAR,WR,,Sun 1:00 pm @ Phi,FA,1,11,1.22,"2,239",381,0%,-,-,-,0.0,0.1,-,-,0.3,10.0,0.0,-,-,-
Jarquez Hunter,41919,Mia,RB,NA,Sun 4:05 pm @ Min,FA,-,6,1.21,305,382,0%,-,-,-,1.6,5.1,0.1,-,0.4,1.1,0.0,-,-,-
Nate Boerkircher,42678,Jax,TE,Q,Sun 1:00 pm @ Cin,FA,1,7,1.20,"2,493",383,0%,-,-,-,-,-,-,0.9,0.6,6.4,0.0,-,0.0,0.0
Cedric Tillman,40093,NO,WR,NA,Mon 8:15 pm vs Atl,FA,-,8,1.20,"2,071",384,0%,-,-,-,-,-,-,-,0.6,7.4,0.0,-,-,-
Camden Brown,43059,Dal,WR,,Sun 1:00 pm @ Hou,FA,-,14,1.17,"2,309",385,0%,-,-,-,-,-,-,-,0.5,8.1,0.0,-,-,-
Hayden Rucci,41692,LAC,TE,,Sun 4:25 pm @ Sea,FA,1,7,1.17,"2,171",386,0%,-,-,-,-,-,-,0.9,0.7,6.2,0.0,-,0.0,0.0
Elijah Sarratt,42737,Bal,WR,,Sun 1:00 pm vs Ten,FA,1,13,1.14,262,387,0%,-,-,-,-,-,-,-,0.6,6.0,0.0,-,-,-
Max Klare,42683,LAR,TE,,Sun 1:00 pm @ Phi,FA,1,11,1.07,"2,177",388,0%,-,-,-,-,-,-,0.6,0.6,5.4,0.0,-,0.0,0.0
Zavion Thomas,42711,Chi,WR,,Sun 1:00 pm vs NYJ,FA,1,10,1.06,"2,653",389,0%,-,-,-,0.2,0.7,0.0,0.4,0.4,5.5,0.0,-,0.0,0.0
Luke Schoonmaker,40061,Dal,TE,,Sun 1:00 pm @ Hou,FA,1,14,1.06,"2,496",390,0%,-,-,-,-,-,-,0.8,0.6,6.0,0.0,-,0.0,0.0
Will Kacmarek,42709,Mia,TE,,Sun 4:05 pm @ Min,FA,1,6,1.06,"2,503",391,0%,-,-,-,-,-,-,0.9,0.6,5.7,0.0,-,0.0,0.0
Jaylin Lane,41920,Was,WR,,Sun 9:30 am vs Ind,FA,1,7,1.05,"2,624",393,0%,-,-,-,0.1,0.4,0.0,0.5,0.3,4.4,0.0,0.0,0.0,0.0
Thomas Fidone II,42004,NYG,TE,,Sun 1:00 pm vs Ari,FA,-,8,1.04,"2,131",392,0%,-,-,-,-,-,-,-,0.7,5.3,0.0,-,-,-
Myles Price,42389,Min,WR,,Sun 4:05 pm vs Mia,FA,1,6,1.04,"2,761",394,2%,-,-,-,-,-,-,0.5,0.3,4.1,0.0,0.1,0.0,0.0
Jordan James,41933,SF,RB,,Sun 4:25 pm vs Den,FA,1,8,1.03,290,395,1%,-,-,-,1.3,5.4,0.0,0.0,0.2,2.0,0.0,-,0.0,0.0
Mo Alie-Cox,30112,Ind,TE,Q,Sun 9:30 am @ Was,FA,1,13,1.02,"2,254",398,0%,-,-,-,-,-,-,0.6,0.4,4.9,0.1,-,0.0,0.0
Hunter Luepke,40780,Dal,RB,,Sun 1:00 pm @ Hou,FA,1,14,1.01,"2,772",396,0%,-,-,-,0.8,3.0,0.0,0.5,0.4,3.1,0.0,-,0.0,0.0
Mason Taylor,41827,NYJ,TE,D,Sun 1:00 pm @ Chi,FA,1,13,1.01,"2,057",397,0%,-,-,-,-,-,-,-,0.5,4.5,0.1,-,-,-
LaJohntay Wester,42000,Bal,WR,,Sun 1:00 pm vs Ten,FA,1,13,1.00,"2,763",399,0%,-,-,-,0.0,0.1,0.0,0.6,0.4,5.3,0.0,0.0,0.0,0.0
David Moore,30339,Car,WR,,Sun 8:20 pm vs Det,FA,1,5,0.95,"2,643",400,0%,-,-,-,-,-,-,0.7,0.3,4.8,0.0,0.0,0.0,0.0
Jelani Woods,34029,NYJ,TE,,Sun 1:00 pm @ Chi,FA,1,13,0.94,"2,123",401,0%,-,-,-,-,-,-,0.6,0.5,5.0,0.0,-,0.0,0.0
Sean Tucker,40742,TB,RB,,Sun 1:00 pm vs GB,FA,1,10,0.92,284,402,1%,-,-,-,1.0,3.9,0.1,0.1,0.2,0.9,0.0,-,0.0,0.0
Bam Knight,34357,Ari,RB,,Sun 1:00 pm @ NYG,FA,-,14,0.90,309,403,0%,-,-,-,-,-,0.0,-,0.6,3.9,0.0,-,-,-
Derius Davis,40133,LAC,WR,,Sun 4:25 pm @ Sea,FA,1,7,0.90,"2,780",404,0%,-,-,-,0.1,0.3,0.0,0.5,0.3,2.9,0.0,0.1,0.0,0.0
Josh Cuevas,42782,Bal,TE,,Sun 1:00 pm vs Ten,FA,1,13,0.88,"2,248",405,0%,-,-,-,-,-,-,0.6,0.5,4.7,0.0,-,0.0,0.0
Jackson Hawes,41959,Buf,TE,,Sun 1:00 pm vs NE,FA,1,7,0.87,"2,245",406,0%,-,-,-,-,-,-,0.5,0.5,4.6,0.0,-,0.0,0.0
Colson Yankoff,41233,Was,TE,,Sun 9:30 am vs Ind,FA,1,7,0.84,"2,731",407,0%,-,-,-,-,-,-,0.8,0.5,4.4,0.0,-,0.0,0.0
Corey Kiner,42386,NE,RB,,Sun 1:00 pm @ Buf,FA,1,11,0.82,"2,740",408,0%,-,-,-,1.0,4.0,0.0,0.1,0.2,1.2,0.0,-,0.0,0.0
Jack Endries,42843,Cin,TE,,Sun 1:00 pm vs Jax,FA,1,6,0.81,"2,196",409,0%,-,-,-,-,-,-,-,0.5,4.6,0.0,-,-,-
Mitch Tinsley,40313,Cin,WR,,Sun 1:00 pm vs Jax,FA,1,6,0.80,"2,234",410,0%,-,-,-,-,-,-,0.6,0.3,4.0,0.0,-,0.0,0.0
Connor Heyward,34163,LV,RB,,Sun 4:25 pm vs KC,FA,1,13,0.80,"2,778",411,0%,-,-,-,0.6,2.3,0.0,0.3,0.2,1.8,0.0,-,0.0,0.0
Brandin Cooks,27548,SF,WR,,Sun 4:25 pm vs Den,FA,1,8,0.80,"2,237",412,1%,-,-,-,-,-,-,0.7,0.3,5.1,0.0,-,0.0,0.0
Tanner Koziol,42797,Jax,TE,,Sun 1:00 pm @ Cin,FA,1,7,0.77,"2,154",413,0%,-,-,-,-,-,-,0.4,0.4,4.5,0.0,-,0.0,0.0
Jaydon Blue,41935,Phi,RB,NA,Sun 1:00 pm vs LAR,FA,-,10,0.76,314,414,1%,-,-,-,0.9,3.4,0.1,-,-,-,0.0,-,-,-
Jaleel McLaughlin,40696,Cle,RB,,Thu 8:15 pm vs Pit,FA,1,11,0.76,"2,677",415,0%,-,-,-,0.5,2.1,0.0,0.3,0.4,2.2,0.0,-,0.0,0.0
E.J. Jenkins,40550,Phi,TE,,Sun 1:00 pm vs LAR,FA,1,10,0.76,"2,152",416,0%,-,-,-,-,-,-,0.6,0.4,3.9,0.0,-,0.0,0.0
Braxton Berrios,31180,NYG,WR,,Sun 1:00 pm vs Ari,FA,1,8,0.74,"2,755",417,0%,-,-,-,0.0,0.3,0.0,0.5,0.3,3.2,0.0,0.0,0.0,0.0
Cade Stover,40987,Hou,TE,,Sun 1:00 pm vs Dal,FA,1,8,0.74,"2,619",418,0%,-,-,-,0.1,0.6,0.0,0.4,0.3,2.9,0.0,-,0.0,0.0
Austin Ekeler,30423,Was,RB,,Sun 9:30 am vs Ind,FA,1,7,0.74,310,419,3%,-,-,-,0.3,1.4,0.0,0.4,0.3,2.6,0.0,-,0.0,0.0
Brashard Smith,42012,KC,RB,,Sun 4:25 pm @ LV,FA,1,5,0.73,302,420,0%,-,-,-,0.5,1.8,0.0,0.2,0.3,2.0,0.0,-,0.0,0.0
Devin Singletary,31906,NYG,RB,,Sun 1:00 pm vs Ari,FA,1,8,0.71,283,421,4%,-,-,-,0.7,2.8,0.0,0.1,0.2,1.5,0.0,-,0.0,0.0
Dareke Young,34189,LV,WR,,Sun 4:25 pm vs KC,FA,1,13,0.71,"2,758",422,0%,-,-,-,-,-,-,0.4,0.3,4.8,0.0,-,0.0,0.0
Charlie Woerner,32860,Atl,TE,,Mon 8:15 pm @ NO,FA,1,11,0.69,"2,689",423,0%,-,-,-,-,-,-,0.6,0.4,3.4,0.0,-,0.0,0.0
M. Valdes-Scantling,31144,LAC,WR,,Sun 4:25 pm @ Sea,FA,1,7,0.68,"2,626",424,0%,-,-,-,-,-,-,0.6,0.3,3.8,0.0,-,0.0,0.0
Durham Smythe,31093,Bal,TE,,Sun 1:00 pm vs Ten,FA,1,13,0.66,"2,707",425,0%,-,-,-,-,-,-,0.5,0.4,3.5,0.0,-,0.0,0.0
Nicholas Singleton,42763,Ten,RB,,Sun 1:00 pm @ Bal,FA,1,9,0.66,276,426,2%,-,-,-,0.7,2.5,0.0,0.1,0.1,0.9,0.0,-,0.0,0.0
Drew Ogletree,34148,Ind,TE,,Sun 9:30 am @ Was,FA,1,13,0.65,"2,687",429,0%,-,-,-,-,-,-,0.4,0.3,3.2,0.0,-,0.0,0.0
Tahj Brooks,41983,Cin,RB,,Sun 1:00 pm vs Jax,FA,1,6,0.65,303,427,0%,-,-,-,0.9,2.9,0.0,0.1,0.1,0.9,0.0,-,0.0,0.0
Rasheen Ali,41033,Bal,RB,,Sun 1:00 pm vs Ten,FA,1,13,0.64,"2,791",428,0%,-,-,-,0.7,2.5,0.0,0.1,0.2,1.3,0.0,0.0,0.0,0.0
Deion Burks,42876,Ind,WR,,Sun 9:30 am @ Was,FA,1,13,0.63,"2,614",430,0%,-,-,-,0.1,0.7,0.0,0.2,0.3,2.9,0.0,-,0.0,0.0
Cyrus Allen,42773,KC,WR,,Sun 4:25 pm @ LV,FA,1,5,0.63,241,431,2%,-,-,-,0.0,0.1,-,0.2,0.2,2.2,0.0,-,0.0,0.0
Jahdae Walker,42400,Chi,WR,,Sun 1:00 pm vs NYJ,FA,1,10,0.62,"2,046",432,0%,-,-,-,-,-,-,0.4,0.2,3.0,0.0,-,0.0,0.0
Eric Saubert,30287,Sea,TE,,Sun 4:25 pm vs LAC,FA,1,11,0.61,"2,487",433,0%,-,-,-,-,-,-,0.4,0.3,2.6,0.0,-,0.0,0.0
Quintin Morris,33819,Jax,TE,,Sun 1:00 pm @ Cin,FA,1,7,0.60,"2,658",434,0%,-,-,-,-,-,-,0.4,0.3,3.1,0.0,-,0.0,0.0
Luke McCaffrey,40964,Was,WR,,Sun 9:30 am vs Ind,FA,1,7,0.59,"2,249",435,0%,-,-,-,-,-,-,0.1,0.2,4.0,0.0,-,0.0,0.0
Xavier Smith,40399,LAR,WR,,Sun 1:00 pm @ Phi,FA,1,11,0.55,"2,724",436,0%,-,-,-,0.0,0.2,0.0,0.3,0.2,2.7,0.0,0.0,0.0,0.0
Reggie Virgil,42791,Ari,WR,,Sun 1:00 pm @ NYG,FA,1,14,0.54,"2,395",437,0%,-,-,-,-,-,-,-,0.3,3.2,0.0,-,-,-
CJ Daniels,42819,LAR,WR,,Sun 1:00 pm @ Phi,FA,1,11,0.53,"2,294",438,0%,-,-,-,-,-,-,-,0.3,2.8,0.0,-,-,-
Jake Briningstool,42117,KC,TE,,Sun 4:25 pm @ LV,FA,1,5,0.52,"2,482",439,0%,-,-,-,-,-,-,0.4,0.3,2.8,0.0,-,-,0.0
Alec Ingold,32344,LAC,RB,,Sun 4:25 pm @ Sea,FA,1,7,0.50,"2,775",440,0%,-,-,-,0.2,0.4,0.0,0.4,0.3,2.2,0.0,-,0.0,0.0
Hunter Long,33469,Ari,TE,,Sun 1:00 pm @ NYG,FA,-,14,0.48,"2,121",441,0%,-,-,-,-,-,-,0.3,0.2,1.9,0.0,-,0.0,0.0
Jacob Saylors,40474,Det,RB,,Sun 8:20 pm @ Car,FA,1,6,0.47,315,442,0%,-,-,-,0.3,1.7,0.0,0.0,0.1,0.6,0.0,-,0.0,0.0
Dylan Laube,41054,LV,RB,,Sun 4:25 pm vs KC,FA,1,13,0.47,"2,861",443,1%,-,-,-,0.3,0.9,0.0,0.2,0.2,1.7,0.0,0.0,-,0.0
Devin Duvernay,32762,Ari,WR,,Sun 1:00 pm @ NYG,FA,1,14,0.44,"2,784",444,0%,-,-,-,0.0,0.1,0.0,0.1,0.0,0.3,0.0,0.1,-,-
Eli Heidenreich,42852,Pit,RB,,Thu 8:15 pm @ Cle,FA,1,9,0.41,307,445,0%,-,-,-,0.3,1.4,0.0,0.0,0.1,1.2,0.0,-,0.0,0.0
Ben Skowronek,33637,Pit,WR,,Thu 8:15 pm @ Cle,FA,1,9,0.40,"2,651",446,0%,-,-,-,-,-,-,0.3,0.2,2.2,0.0,-,0.0,0.0
Pierre Strong Jr.,34083,GB,RB,NA,Sun 1:00 pm @ TB,FA,-,11,0.37,"2,634",447,0%,-,-,-,-,-,0.0,-,0.3,1.9,-,-,-,-
Kameron Johnson,41300,TB,WR,,Sun 1:00 pm vs GB,FA,1,10,0.36,"2,774",448,0%,-,-,-,0.1,0.3,0.0,0.2,0.1,1.2,0.0,0.0,0.0,0.0
Jonathan Mingo,40073,Dal,WR,,Sun 1:00 pm @ Hou,FA,1,14,0.34,"2,749",449,0%,-,-,-,-,-,-,0.3,0.1,2.1,0.0,-,-,0.0
Ja'Tavion Sanders,40995,Car,TE,,Sun 8:20 pm vs Det,FA,1,5,0.33,"2,070",450,0%,-,-,-,-,-,-,-,0.2,1.4,0.0,-,-,-
Roschon Johnson,40162,Chi,RB,,Sun 1:00 pm vs NYJ,FA,1,10,0.32,"2,790",451,0%,-,-,-,0.4,1.8,0.0,-,0.0,0.1,0.0,-,0.0,0.0
Skyler Bell,42747,Buf,WR,,Sun 1:00 pm vs NE,FA,1,7,0.32,282,452,0%,-,-,-,-,-,-,-,0.1,1.3,0.0,-,-,-
Tay Martin,34319,Det,WR,,Sun 8:20 pm @ Car,FA,1,6,0.30,"2,666",453,0%,-,-,-,-,-,-,0.2,0.1,1.7,0.0,-,0.0,0.0
Tom Kennedy,32561,Det,WR,,Sun 8:20 pm @ Car,FA,1,6,0.29,"2,754",454,0%,-,-,-,-,-,-,0.2,0.1,1.1,0.0,0.0,0.0,0.0
Payne Durham,40193,TB,TE,,Sun 1:00 pm vs GB,FA,1,10,0.28,"2,710",455,0%,-,-,-,-,-,-,0.2,0.2,1.4,0.0,-,0.0,0.0
Reggie Gilliam,33357,NE,RB,Q,Sun 1:00 pm @ Buf,FA,1,11,0.26,"2,798",456,0%,-,-,-,0.1,0.3,0.0,0.2,0.1,1.1,0.0,-,0.0,0.0
Malachi Corley,40944,Cle,WR,,Thu 8:15 pm vs Pit,FA,1,11,0.26,"2,744",457,0%,-,-,-,0.1,0.5,0.0,0.1,0.1,0.8,0.0,0.0,0.0,-
Ian Thomas,31071,LV,TE,,Sun 4:25 pm vs KC,FA,1,13,0.25,"2,268",458,0%,-,-,-,-,-,-,0.2,0.2,1.2,0.0,-,0.0,0.0
Chris Manhertz,28365,NYG,TE,,Sun 1:00 pm vs Ari,FA,1,8,0.25,"2,241",459,0%,-,-,-,-,-,-,0.2,0.1,1.2,0.0,-,0.0,0.0
Michael Carter,33495,Ten,RB,,Sun 1:00 pm @ Bal,FA,1,9,0.24,"2,049",460,0%,-,-,-,0.2,0.5,0.0,-,0.1,0.9,0.0,-,-,-
Jalen Brooks,40257,Ari,WR,,Sun 1:00 pm @ NYG,FA,1,14,0.23,"2,762",461,0%,-,-,-,-,-,-,0.2,0.1,1.1,0.0,-,0.0,-
Kene Nwangwu,33507,NYJ,RB,,Sun 1:00 pm @ Chi,FA,1,13,0.22,"2,742",462,0%,-,-,-,0.3,1.4,0.0,0.0,0.0,0.0,0.0,0.0,-,0.0
Dare Ogunbowale,30860,Hou,RB,,Sun 1:00 pm vs Dal,FA,1,8,0.21,"2,739",463,0%,-,-,-,0.1,0.4,0.0,0.0,0.0,0.3,0.0,-,0.0,0.0
DJ Giddens,41937,Ind,RB,,Sun 9:30 am @ Was,FA,1,13,0.20,296,464,0%,-,-,-,0.3,1.1,0.0,-,0.0,0.1,0.0,-,-,-
Anthony Gould,41046,Ind,WR,,Sun 9:30 am @ Was,FA,1,13,0.19,"2,786",465,0%,-,-,-,-,-,-,0.1,0.0,0.5,0.0,0.0,-,0.0
Greg Dortch,32523,Buf,WR,,Sun 1:00 pm vs NE,FA,1,7,0.19,"2,114",466,0%,-,-,-,0.1,0.3,0.0,0.0,0.0,0.2,0.0,0.0,-,-
Nikko Remigio,40571,KC,WR,,Sun 4:25 pm @ LV,FA,1,5,0.17,"2,781",467,0%,-,-,-,0.0,0.1,0.0,0.0,0.0,0.3,0.0,0.0,-,-
Kaden Wetjen,42743,Pit,WR,,Thu 8:15 pm @ Cle,FA,1,9,0.17,"2,673",468,0%,-,-,-,0.0,0.1,0.0,0.0,0.0,0.2,0.0,0.0,-,-
Cameron Latu,40101,NE,TE,,Sun 1:00 pm @ Buf,FA,1,11,0.17,"2,738",469,0%,-,-,-,-,-,-,0.1,0.1,0.9,0.0,-,0.0,0.0
Josh Whyle,40182,GB,TE,,Sun 1:00 pm @ TB,FA,1,11,0.15,"2,242",471,0%,-,-,-,-,-,-,0.1,0.1,0.7,0.0,-,0.0,0.0
Carsen Ryan,42870,Cle,TE,,Thu 8:15 pm vs Pit,FA,1,11,0.14,"2,514",472,0%,-,-,-,-,-,-,0.1,0.1,0.7,0.0,-,-,-
Elijah Moore,33422,Phi,WR,,Sun 1:00 pm vs LAR,FA,1,10,0.12,"2,259",473,0%,-,-,-,0.0,0.2,0.0,0.1,0.0,0.5,0.0,-,-,-
Julius Chestnut,34451,Ten,RB,,Sun 1:00 pm @ Bal,FA,1,9,0.12,"2,801",474,0%,-,-,-,0.1,0.4,0.0,0.1,0.0,0.3,0.0,-,0.0,0.0
Britain Covey,34378,Phi,WR,,Sun 1:00 pm vs LAR,FA,1,10,0.11,"2,776",475,0%,-,-,-,-,-,-,0.0,0.0,0.3,0.0,0.0,-,-
Patrick Ricard,30592,NYG,RB,,Sun 1:00 pm vs Ari,FA,1,8,0.11,"2,799",476,0%,-,-,-,0.0,0.1,0.0,0.1,0.1,0.5,0.0,-,-,0.0
Robert Tonyan,30777,Pit,TE,,Thu 8:15 pm @ Cle,FA,1,9,0.11,"2,481",477,0%,-,-,-,-,-,-,0.1,0.0,0.4,0.0,-,0.0,-
British Brooks,41480,Hou,RB,Q,Sun 1:00 pm vs Dal,FA,1,8,0.11,"2,788",478,0%,-,-,-,0.1,0.4,0.0,0.0,0.0,0.2,0.0,-,-,-
Bauer Sharp,42807,TB,TE,,Sun 1:00 pm vs GB,FA,1,10,0.09,"2,515",479,0%,-,-,-,-,-,-,0.1,0.0,0.5,0.0,-,-,-
Charlie Jones,40158,NYG,WR,,Sun 1:00 pm vs Ari,FA,1,8,0.09,"2,741",480,0%,-,-,-,0.0,0.0,-,0.1,0.0,0.4,0.0,-,-,-
Riley Nowakowski,42803,Pit,"RB,TE",,Thu 8:15 pm @ Cle,FA,1,9,0.08,"2,665",481,0%,-,-,-,-,-,-,0.1,0.0,0.4,0.0,-,-,-
Justin Joly,42764,Mia,TE,,Sun 4:05 pm @ Min,FA,1,6,0.07,"2,145",482,0%,-,-,-,-,-,-,0.1,0.0,0.4,0.0,-,-,-
Dean Connors,43140,LAR,RB,,Sun 1:00 pm @ Phi,FA,1,11,0.07,"2,716",483,0%,-,-,-,0.1,0.2,0.0,0.0,0.0,0.2,0.0,-,-,0.0
Max Bredeson,42799,Min,RB,,Sun 4:05 pm vs Mia,FA,1,6,0.05,"2,720",484,0%,-,-,-,0.0,0.0,-,0.0,0.0,0.2,0.0,-,-,-
Feleipe Franks,33729,Car,TE,,Sun 8:20 pm vs Det,FA,1,5,0.04,"2,753",485,0%,-,-,-,0.0,0.1,0.0,0.0,0.0,0.1,0.0,-,-,-
Seydou Traore,42790,Mia,TE,,Sun 4:05 pm @ Min,FA,1,6,0.03,"2,226",486,0%,-,-,-,-,-,-,0.0,0.0,0.2,0.0,-,-,-
Ko Kieft,34174,TB,TE,Q,Sun 1:00 pm vs GB,FA,1,10,0.03,"2,520",487,0%,-,-,-,-,-,-,0.0,0.0,0.2,0.0,-,-,-
Nate Carter,42196,KC,RB,NA,Sun 4:25 pm @ LV,FA,-,5,0.00,"2,601",876,0%,-,-,-,-,-,-,-,-,-,-,-,-,-
Ke'Shawn Williams,42278,Cin,WR,NA,Sun 1:00 pm vs Jax,FA,-,6,0.00,"2,793",927,0%,-,-,-,-,-,-,-,-,-,-,-,-,-
Amar Johnson,42240,LAC,RB,NA,Sun 4:25 pm @ Sea,FA,-,7,0.00,"2,547",904,0%,-,-,-,-,-,-,-,-,-,-,-,-,-
Dalen Cambre,42200,NYG,WR,NA,Sun 1:00 pm vs Ari,FA,-,8,0.00,"2,417",878,0%,-,-,-,-,-,-,-,-,-,-,-,-,-
Donovan Edwards,42226,Mia,RB,NA,Sun 4:05 pm @ Min,FA,-,6,0.00,"2,582",896,0%,-,-,-,-,-,-,-,-,-,-,-,-,-
Caden Prieskorn,42243,Car,TE,NA,Sun 8:20 pm vs Det,FA,-,5,0.00,"2,162",905,0%,-,-,-,-,-,-,-,-,-,-,-,-,-
Kye Robichaux,42245,Det,RB,NA,Sun 8:20 pm @ Car,FA,-,6,0.00,"2,548",906,0%,-,-,-,-,-,-,-,-,-,-,-,-,-
Jackson Meeks,42238,Det,"WR,TE",,Sun 8:20 pm @ Car,FA,-,6,0.00,"2,499",902,0%,-,-,-,-,-,-,-,-,-,-,-,-,-
Jakobie Keeney-James,42246,Pit,WR,NA,Thu 8:15 pm @ Cle,FA,-,9,0.00,"2,302",907,0%,-,-,-,-,-,-,-,-,-,-,-,-,-
Anthony Tyus III,42235,Car,RB,,Sun 8:20 pm vs Det,FA,-,5,0.00,"2,715",900,0%,-,-,-,-,-,-,-,-,-,-,-,-,-
Jamaal Pritchett,42233,NYJ,WR,,Sun 1:00 pm @ Chi,FA,-,13,0.00,"2,671",899,0%,-,-,-,-,-,-,-,-,-,-,-,-,-
Dontae Fleming,42255,Min,WR,NA,Sun 4:05 pm vs Mia,FA,-,6,0.00,"2,356",912,0%,-,-,-,-,-,-,-,-,-,-,-,-,-
Quentin Skinner,42223,Buf,WR,NA,Sun 1:00 pm vs NE,FA,-,7,0.00,"2,347",895,0%,-,-,-,-,-,-,-,-,-,-,-,-,-
Da'Quan Felton,42201,NYJ,WR,NA,Sun 1:00 pm @ Chi,FA,-,13,0.00,"2,461",879,0%,-,-,-,-,-,-,-,-,-,-,-,-,-
Eli Pancol,42217,Ind,WR,NA,Sun 9:30 am @ Was,FA,-,13,0.00,"2,375",889,0%,-,-,-,-,-,-,-,-,-,-,-,-,-
Bryson Nesbit,42266,Min,TE,NA,Sun 4:05 pm vs Mia,FA,-,6,0.00,"2,153",916,0%,-,-,-,-,-,-,-,-,-,-,-,-,-
Tre Stewart,42271,Ari,RB,NA,Sun 1:00 pm @ NYG,FA,-,14,0.00,"2,576",919,0%,-,-,-,-,-,-,-,-,-,-,-,-,-
Ja'Quinden Jackson,42214,Phi,RB,NA,Sun 1:00 pm vs LAR,FA,-,10,0.00,"2,566",887,0%,-,-,-,-,-,-,-,-,-,-,-,-,-
Cam Camper,42212,NYJ,WR,NA,Sun 1:00 pm @ Chi,FA,-,13,0.00,"2,458",885,0%,-,-,-,-,-,-,-,-,-,-,-,-,-
Bryce Pierre,42274,Car,TE,NA,Sun 8:20 pm vs Det,FA,-,5,0.00,"2,228",924,0%,-,-,-,-,-,-,-,-,-,-,-,-,-
JJ Galbreath,42275,Ind,TE,NA,Sun 9:30 am @ Was,FA,-,13,0.00,"2,203",925,0%,-,-,-,-,-,-,-,-,-,-,-,-,-
Patrick Herbert,42204,LAC,TE,NA,Sun 4:25 pm @ Sea,FA,-,7,0.00,"2,194",881,0%,-,-,-,-,-,-,-,-,-,-,-,-,-
Chandler Brayboy,42210,NE,WR,NA,Sun 1:00 pm @ Buf,FA,-,11,0.00,"2,357",884,0%,-,-,-,-,-,-,-,-,-,-,-,-,-
Jacardia Wright,42357,Sea,RB,NA,Sun 4:25 pm vs LAC,FA,-,11,0.00,"2,542",965,0%,-,-,-,-,-,-,-,-,-,-,-,-,-
Roc Taylor,42279,Car,WR,NA,Sun 8:20 pm vs Det,FA,-,5,0.00,"2,359",928,0%,-,-,-,-,-,-,-,-,-,-,-,-,-
Kyrese Rowan,42527,NO,WR,NA,Mon 8:15 pm vs Atl,FA,-,8,0.00,"2,371","1,025",0%,-,-,-,-,-,-,-,-,-,-,-,-,-
Nick Kallerup,42465,Sea,TE,,Sun 4:25 pm vs LAC,FA,-,11,0.00,"2,174","1,002",0%,-,-,-,-,-,-,-,-,-,-,-,-,-
Ja'Corey Brooks,42482,Was,WR,NA,Sun 9:30 am vs Ind,FA,-,7,0.00,"2,457","1,006",0%,-,-,-,-,-,-,-,-,-,-,-,-,-
Jimmy Holiday,42490,KC,WR,IR,Sun 4:25 pm @ LV,FA,-,5,0.00,"2,325","1,008",0%,-,-,-,-,-,-,-,-,-,-,-,-,-
Ja'seem Reed,42497,Car,WR,NA,Sun 8:20 pm vs Det,FA,-,5,0.00,"2,326","1,010",0%,-,-,-,-,-,-,-,-,-,-,-,-,-
Luke Floriea,42507,Cle,WR,NA,Thu 8:15 pm vs Pit,FA,-,11,0.00,"2,376","1,014",0%,-,-,-,-,-,-,-,-,-,-,-,-,-
Montorie Foster Jr.,42515,Sea,WR,,Sun 4:25 pm vs LAC,FA,-,11,0.00,"2,672","1,018",0%,-,-,-,-,-,-,-,-,-,-,-,-,-
Max Hurleman,42516,Pit,"WR,RB",O,Thu 8:15 pm @ Cle,FA,-,9,0.00,"2,501","1,019",0%,-,-,-,-,-,-,-,-,-,-,-,-,-
Dalevon Campbell,42519,LAC,WR,NA,Sun 4:25 pm @ Sea,FA,-,7,0.00,"2,410","1,021",0%,-,-,-,-,-,-,-,-,-,-,-,-,-
Drake Dabney,42523,GB,TE,NA,Sun 1:00 pm @ TB,FA,-,11,0.00,"2,190","1,023",0%,-,-,-,-,-,-,-,-,-,-,-,-,-
Lucas Scott,42531,Bal,RB,NA,Sun 1:00 pm vs Ten,FA,-,13,0.00,"2,530","1,026",0%,-,-,-,-,-,-,-,-,-,-,-,-,-
Jermaine Terry,42446,Cle,TE,NA,Thu 8:15 pm vs Pit,FA,-,11,0.00,"2,208",997,0%,-,-,-,-,-,-,-,-,-,-,-,-,-
Eli Stowers,42676,Phi,TE,IR,Sun 1:00 pm vs LAR,FA,-,10,0.00,"2,225","1,058",1%,-,-,-,-,-,-,-,-,-,-,-,-,-
Mitch Van Vooren,42547,NE,TE,NA,Sun 1:00 pm @ Buf,FA,-,11,0.00,"2,146","1,029",0%,-,-,-,-,-,-,-,-,-,-,-,-,-
De'Zhaun Stribling,42655,SF,WR,IR,Sun 4:25 pm vs Den,Maybe Mitchell,-,8,0.00,258,"1,054",34%,-,-,-,-,-,-,-,-,-,-,-,-,-
Jaden Smith,42568,Dal,WR,NA,Sun 1:00 pm @ Hou,FA,-,14,0.00,"2,381","1,035",0%,-,-,-,-,-,-,-,-,-,-,-,-,-
Omar Cooper Jr.,42652,NYJ,WR,IR,Sun 1:00 pm @ Chi,FA,-,13,0.00,226,"1,053",3%,-,-,-,-,-,-,-,-,-,-,-,-,-
Thomas Gordon,42571,Det,TE,NA,Sun 8:20 pm @ Car,FA,-,6,0.00,"2,188","1,036",0%,-,-,-,-,-,-,-,-,-,-,-,-,-
Layne Pryor,42612,Hou,TE,NA,Sun 1:00 pm vs Dal,FA,-,8,0.00,"2,200","1,045",0%,-,-,-,-,-,-,-,-,-,-,-,-,-
Carson Towt,42620,Ind,TE,IR,Sun 9:30 am @ Was,FA,-,13,0.00,"2,129","1,047",0%,-,-,-,-,-,-,-,-,-,-,-,-,-
Jordyn Tyson,42630,NO,WR,IR-R,Mon 8:15 pm vs Atl,FA,-,8,0.00,163,"1,050",52%,-,-,-,-,-,-,-,-,-,-,-,-,-
Damien Alford,42622,NO,WR,NA,Mon 8:15 pm vs Atl,FA,-,8,0.00,"2,397","1,048",0%,-,-,-,-,-,-,-,-,-,-,-,-,-
ShunDerrick Powell,42460,Phi,RB,NA,Sun 1:00 pm vs LAR,FA,-,10,0.00,"2,556",999,0%,-,-,-,-,-,-,-,-,-,-,-,-,-
Juice Wells Jr.,42444,Atl,WR,NA,Mon 8:15 pm @ NO,FA,-,11,0.00,"2,409",996,0%,-,-,-,-,-,-,-,-,-,-,-,-,-
Lan Larison,42284,NE,RB,NA,Sun 1:00 pm @ Buf,FA,-,11,0.00,"2,657",931,0%,-,-,-,-,-,-,-,-,-,-,-,-,-
Marshall Lang,42353,Min,TE,NA,Sun 4:05 pm vs Mia,FA,-,6,0.00,"2,187",964,0%,-,-,-,-,-,-,-,-,-,-,-,-,-
Gee Scott,42290,NE,WR,NA,Sun 1:00 pm @ Buf,FA,-,11,0.00,"2,440",935,0%,-,-,-,-,-,-,-,-,-,-,-,-,-
CJ Dippre,42291,TB,TE,NA,Sun 1:00 pm vs GB,FA,-,10,0.00,"2,127",937,0%,-,-,-,-,-,-,-,-,-,-,-,-,-
Brock Lampe,42293,Buf,RB,NA,Sun 1:00 pm vs NE,FA,-,7,0.00,"2,552",939,0%,-,-,-,-,-,-,-,-,-,-,-,-,-
Tru Edwards,42316,LAR,WR,NA,Sun 1:00 pm @ Phi,FA,-,11,0.00,"2,411",947,0%,-,-,-,-,-,-,-,-,-,-,-,-,-
Brennan Presley,42322,LAR,WR,NA,Sun 1:00 pm @ Phi,FA,-,11,0.00,"2,363",950,0%,-,-,-,-,-,-,-,-,-,-,-,-,-
Mark Redman,42323,GB,TE,,Sun 1:00 pm @ TB,FA,-,11,0.00,"2,217",951,0%,-,-,-,-,-,-,-,-,-,-,-,-,-
Mario Williams,42326,LAR,WR,NA,Sun 1:00 pm @ Phi,FA,-,11,0.00,"2,341",953,0%,-,-,-,-,-,-,-,-,-,-,-,-,-
Jordan Waters,42329,LAR,RB,NA,Sun 1:00 pm @ Phi,FA,-,11,0.00,"2,572",955,0%,-,-,-,-,-,-,-,-,-,-,-,-,-
Xavier Guillory,42340,Bal,WR,NA,Sun 1:00 pm vs Ten,FA,-,13,0.00,"2,318",957,0%,-,-,-,-,-,-,-,-,-,-,-,-,-
Tyrone Broden,42351,Sea,WR,NA,Sun 4:25 pm vs LAC,FA,-,11,0.00,"2,373",963,0%,-,-,-,-,-,-,-,-,-,-,-,-,-
Xavier Restrepo,42368,Ten,WR,NA,Sun 1:00 pm @ Bal,FA,-,9,0.00,"2,284",968,0%,-,-,-,-,-,-,-,-,-,-,-,-,-
Jeremiah Webb,42437,NE,WR,IR,Sun 1:00 pm @ Buf,FA,-,11,0.00,"2,285",993,0%,-,-,-,-,-,-,-,-,-,-,-,-,-
Chris Brazzell II,42705,Car,WR,IR,Sun 8:20 pm vs Det,FA,-,5,0.00,"2,469","1,071",0%,-,-,-,-,-,-,-,-,-,-,-,-,-
Isaiah Neyor,42385,GB,WR,NA,Sun 1:00 pm @ TB,FA,-,11,0.00,"2,415",974,0%,-,-,-,-,-,-,-,-,-,-,-,-,-
Ja'Kobi Lane,42702,Bal,WR,IR,Sun 1:00 pm vs Ten,FA,-,13,0.00,231,"1,070",10%,-,-,-,-,-,-,-,-,-,-,-,-,-
Deion Hankins,42403,Chi,RB,NA,Sun 1:00 pm vs NYJ,FA,-,10,0.00,"2,550",980,0%,-,-,-,-,-,-,-,-,-,-,-,-,-
Gage Larvadain,42417,Bal,WR,NA,Sun 1:00 pm vs Ten,FA,-,13,0.00,"2,706",983,0%,-,-,-,-,-,-,-,-,-,-,-,-,-
Zach Horton,42420,Det,TE,NA,Sun 8:20 pm @ Car,FA,-,6,0.00,"2,198",984,0%,-,-,-,-,-,-,-,-,-,-,-,-,-
Tre Watson,42430,Mia,TE,NA,Sun 4:05 pm @ Min,FA,-,6,0.00,"2,148",988,0%,-,-,-,-,-,-,-,-,-,-,-,-,-
Carter Runyon,42433,LV,TE,IR-R,Sun 4:25 pm vs KC,FA,-,13,0.00,"2,660",989,0%,-,-,-,-,-,-,-,-,-,-,-,-,-
Ben Yurosek,42434,Min,TE,IR,Sun 4:05 pm vs Mia,FA,-,6,0.00,"2,641",991,0%,-,-,-,-,-,-,-,-,-,-,-,-,-
Jacoby Jones,42436,Was,WR,NA,Sun 9:30 am vs Ind,FA,-,7,0.00,"2,337",992,0%,-,-,-,-,-,-,-,-,-,-,-,-,-
Kisean Johnson,42475,GB,WR,NA,Sun 1:00 pm @ TB,FA,-,11,0.00,"2,367","1,005",0%,-,-,-,-,-,-,-,-,-,-,-,-,-
Luke Wysong,42938,Min,WR,NA,Sun 4:05 pm vs Mia,FA,-,6,0.00,"2,301","1,153",0%,-,-,-,-,-,-,-,-,-,-,-,-,-
Jonah Coleman,42730,Den,RB,IR,Sun 4:25 pm @ SF,FA,-,10,0.00,152,"1,075",36%,-,-,-,-,-,-,-,-,-,-,-,-,-
Jonathan Brady,43287,LV,WR,NA,Sun 4:25 pm vs KC,FA,-,13,0.00,"2,335",620,0%,-,-,-,-,-,-,-,-,-,-,-,-,-
Michael Briscoe,43242,Min,WR,NA,Sun 4:05 pm vs Mia,FA,-,6,0.00,"2,339",600,0%,-,-,-,-,-,-,-,-,-,-,-,-,-
Corey Rucker,43248,LV,WR,IR,Sun 4:25 pm vs KC,FA,-,13,0.00,"2,307",602,0%,-,-,-,-,-,-,-,-,-,-,-,-,-
Jacob De Jesus,43258,KC,WR,NA,Sun 4:25 pm @ LV,FA,-,5,0.00,"2,298",606,0%,-,-,-,-,-,-,-,-,-,-,-,-,-
Omari Evans,43261,KC,WR,NA,Sun 4:25 pm @ LV,FA,-,5,0.00,"2,443",608,0%,-,-,-,-,-,-,-,-,-,-,-,-,-
Jaden Nixon,43265,GB,RB,NA,Sun 1:00 pm @ TB,FA,-,11,0.00,"2,558",610,0%,-,-,-,-,-,-,-,-,-,-,-,-,-
Elijah Tau-Tolliver,43268,Bal,RB,NA,Sun 1:00 pm vs Ten,FA,-,13,0.00,"2,536",612,0%,-,-,-,-,-,-,-,-,-,-,-,-,-
Patrick Gurd,43272,LV,TE,NA,Sun 4:25 pm vs KC,FA,-,13,0.00,"2,151",613,0%,-,-,-,-,-,-,-,-,-,-,-,-,-
Xavier Loyd,43281,KC,WR,NA,Sun 4:25 pm @ LV,FA,-,5,0.00,"2,437",616,0%,-,-,-,-,-,-,-,-,-,-,-,-,-
Sahmir Hagans,43327,Ind,WR,NA,Sun 9:30 am @ Was,FA,-,13,0.00,"2,387",631,0%,-,-,-,-,-,-,-,-,-,-,-,-,-
DeShawn Hanika,43239,Ind,TE,NA,Sun 9:30 am @ Was,FA,-,13,0.00,"2,165",597,0%,-,-,-,-,-,-,-,-,-,-,-,-,-
E.J. Horton,43328,Ind,WR,NA,Sun 9:30 am @ Was,FA,-,13,0.00,"2,444",633,0%,-,-,-,-,-,-,-,-,-,-,-,-,-
Jordon Vaughn,43329,Ind,RB,NA,Sun 9:30 am @ Was,FA,-,13,0.00,"2,574",634,0%,-,-,-,-,-,-,-,-,-,-,-,-,-
Jackson Acker,43331,Buf,RB,NA,Sun 1:00 pm vs NE,FA,-,7,0.00,"2,587",635,0%,-,-,-,-,-,-,-,-,-,-,-,-,-
Gabriel Benyard,43333,Car,WR,NA,Sun 8:20 pm vs Det,FA,-,5,0.00,"2,340",636,0%,-,-,-,-,-,-,-,-,-,-,-,-,-
Lincoln Pare,43339,Ind,RB,NA,Sun 9:30 am @ Was,FA,-,13,0.00,"2,597",638,0%,-,-,-,-,-,-,-,-,-,-,-,-,-
Kentrel Bullock,43342,Cin,RB,NA,Sun 1:00 pm vs Jax,FA,-,6,0.00,"2,575",641,0%,-,-,-,-,-,-,-,-,-,-,-,-,-
Jamal Haynes,43345,Cin,RB,NA,Sun 1:00 pm vs Jax,FA,-,6,0.00,"2,581",642,0%,-,-,-,-,-,-,-,-,-,-,-,-,-
Omari Kelly,43346,Chi,WR,NA,Sun 1:00 pm vs NYJ,FA,-,10,0.00,"2,377",643,0%,-,-,-,-,-,-,-,-,-,-,-,-,-
Levi Wentz,43241,Pit,WR,NA,Thu 8:15 pm @ Cle,FA,-,9,0.00,"2,379",599,0%,-,-,-,-,-,-,-,-,-,-,-,-,-
Chip Trayanum,43213,NYJ,RB,IR,Sun 1:00 pm @ Chi,FA,-,13,0.00,"2,568",594,0%,-,-,-,-,-,-,-,-,-,-,-,-,-
Damon Bankston,43354,GB,RB,NA,Sun 1:00 pm @ TB,FA,-,11,0.00,"2,539",645,0%,-,-,-,-,-,-,-,-,-,-,-,-,-
Dontae McMillan,43182,Bal,RB,NA,Sun 1:00 pm vs Ten,FA,-,13,0.00,"2,593",580,0%,-,-,-,-,-,-,-,-,-,-,-,-,-
Cody Hardy,43161,NYJ,TE,NA,Sun 1:00 pm @ Chi,FA,-,13,0.00,"2,212",568,0%,-,-,-,-,-,-,-,-,-,-,-,-,-
Chase Curtis,43164,NYJ,TE,NA,Sun 1:00 pm @ Chi,FA,-,13,0.00,"2,181",569,0%,-,-,-,-,-,-,-,-,-,-,-,-,-
Caullin Lacy,43165,NYJ,WR,NA,Sun 1:00 pm @ Chi,FA,-,13,0.00,"2,355",570,0%,-,-,-,-,-,-,-,-,-,-,-,-,-
Mekhi Mews,43166,NO,WR,NA,Mon 8:15 pm vs Atl,FA,-,8,0.00,"2,320",571,0%,-,-,-,-,-,-,-,-,-,-,-,-,-
Kevorian Barnes,43168,NYG,RB,NA,Sun 1:00 pm vs Ari,FA,-,8,0.00,"2,580",573,0%,-,-,-,-,-,-,-,-,-,-,-,-,-
Jack Velling,43178,Atl,TE,NA,Mon 8:15 pm @ NO,FA,-,11,0.00,"2,214",576,0%,-,-,-,-,-,-,-,-,-,-,-,-,-
Octavian Smith Jr.,43180,Bal,WR,NA,Sun 1:00 pm vs Ten,FA,-,13,0.00,"2,374",577,0%,-,-,-,-,-,-,-,-,-,-,-,-,-
Cortez Braham Jr.,43181,Bal,WR,NA,Sun 1:00 pm vs Ten,FA,-,13,0.00,"2,292",579,0%,-,-,-,-,-,-,-,-,-,-,-,-,-
Desmond Reid,43185,Buf,RB,NA,Sun 1:00 pm vs NE,FA,-,7,0.00,"2,534",583,0%,-,-,-,-,-,-,-,-,-,-,-,-,-
Jameson Geers,43212,Ari,TE,IR,Sun 1:00 pm @ NYG,FA,-,14,0.00,"2,195",593,0%,-,-,-,-,-,-,-,-,-,-,-,-,-
Coleman Bennett,43187,Mia,RB,NA,Sun 4:05 pm @ Min,FA,-,6,0.00,"2,567",584,0%,-,-,-,-,-,-,-,-,-,-,-,-,-
Dane Key,43188,Den,WR,NA,Sun 4:25 pm @ SF,FA,-,10,0.00,"2,313",585,0%,-,-,-,-,-,-,-,-,-,-,-,-,-
Sean Brown,43192,Den,WR,NA,Sun 4:25 pm @ SF,FA,-,10,0.00,"2,434",586,0%,-,-,-,-,-,-,-,-,-,-,-,-,-
Jalen Walthall,43193,NYJ,WR,NA,Sun 1:00 pm @ Chi,FA,-,13,0.00,"2,393",587,0%,-,-,-,-,-,-,-,-,-,-,-,-,-
Daniel Sobkowicz,43195,Hou,WR,NA,Sun 1:00 pm vs Dal,FA,-,8,0.00,"2,360",588,0%,-,-,-,-,-,-,-,-,-,-,-,-,-
Treyvhon Saunders,43196,Hou,WR,NA,Sun 1:00 pm vs Dal,FA,-,8,0.00,"2,400",589,0%,-,-,-,-,-,-,-,-,-,-,-,-,-
Noah Whittington,43197,Hou,RB,O,Sun 1:00 pm vs Dal,FA,-,8,0.00,"2,607",590,0%,-,-,-,-,-,-,-,-,-,-,-,-,-
Quentin Moore,43206,Was,TE,NA,Sun 9:30 am vs Ind,FA,-,7,0.00,"2,204",591,0%,-,-,-,-,-,-,-,-,-,-,-,-,-
Sam Scott,43209,NYJ,RB,NA,Sun 1:00 pm @ Chi,FA,-,13,0.00,"2,549",592,0%,-,-,-,-,-,-,-,-,-,-,-,-,-
Squirrel White,43349,Chi,WR,NA,Sun 1:00 pm vs NYJ,FA,-,10,0.00,"2,297",644,0%,-,-,-,-,-,-,-,-,-,-,-,-,-
Kenny Fletcher Jr.,43357,Ind,TE,NA,Sun 9:30 am @ Was,FA,-,13,0.00,"2,178",646,0%,-,-,-,-,-,-,-,-,-,-,-,-,-
Kyle Dixon,43155,NE,WR,NA,Sun 1:00 pm @ Buf,FA,-,11,0.00,"2,421",566,0%,-,-,-,-,-,-,-,-,-,-,-,-,-
Tyler Moore,43464,Ind,TE,NA,Sun 9:30 am @ Was,FA,-,13,0.00,"2,229",699,0%,-,-,-,-,-,-,-,-,-,-,-,-,-
Anderson Castle,43443,Ind,RB,NA,Sun 9:30 am @ Was,FA,-,13,0.00,"2,610",688,0%,-,-,-,-,-,-,-,-,-,-,-,-,-
Miles Davis,43445,Car,RB,NA,Sun 8:20 pm vs Det,FA,-,5,0.00,"2,589",690,0%,-,-,-,-,-,-,-,-,-,-,-,-,-
Heinrich Haarberg,43449,Car,TE,NA,Sun 8:20 pm vs Det,FA,-,5,0.00,"2,199",692,0%,-,-,-,-,-,-,-,-,-,-,-,-,-
Brandon Hayes,43451,Phi,WR,NA,Sun 1:00 pm vs LAR,FA,-,10,0.00,"2,327",693,0%,-,-,-,-,-,-,-,-,-,-,-,-,-
Louis Hansen,43457,Hou,TE,NA,Sun 1:00 pm vs Dal,FA,-,8,0.00,"2,184",694,0%,-,-,-,-,-,-,-,-,-,-,-,-,-
Kyre Duplessis,43458,Den,WR,NA,Sun 4:25 pm @ SF,FA,-,10,0.00,"2,344",695,0%,-,-,-,-,-,-,-,-,-,-,-,-,-
Malick Meiga,43460,Sea,WR,NA,Sun 4:25 pm vs LAC,FA,-,11,0.00,"2,454",697,0%,-,-,-,-,-,-,-,-,-,-,-,-,-
Jeremiah Franklin,43463,Mia,TE,NA,Sun 4:05 pm @ Min,FA,-,6,0.00,"2,205",698,0%,-,-,-,-,-,-,-,-,-,-,-,-,-
Liam Clifford,43465,LAC,WR,NA,Sun 4:25 pm @ Sea,FA,-,7,0.00,"2,316",700,0%,-,-,-,-,-,-,-,-,-,-,-,-,-
Mante Morrow,43441,LAC,WR,NA,Sun 4:25 pm @ Sea,FA,-,7,0.00,"2,361",686,0%,-,-,-,-,-,-,-,-,-,-,-,-,-
Roydell Williams,43466,Det,RB,NA,Sun 8:20 pm @ Car,FA,-,6,0.00,"2,565",702,0%,-,-,-,-,-,-,-,-,-,-,-,-,-
Jeff Weimer,43469,KC,WR,NA,Sun 4:25 pm @ LV,FA,-,5,0.00,"2,380",703,0%,-,-,-,-,-,-,-,-,-,-,-,-,-
Drew Biber,43470,Cle,TE,NA,Thu 8:15 pm vs Pit,FA,-,11,0.00,"2,191",704,0%,-,-,-,-,-,-,-,-,-,-,-,-,-
Connor Hulstein,43471,NYJ,TE,NA,Sun 1:00 pm @ Chi,FA,-,13,0.00,"2,140",705,0%,-,-,-,-,-,-,-,-,-,-,-,-,-
Grant Finley,43473,NYG,RB,NA,Sun 1:00 pm vs Ari,FA,-,8,0.00,"2,588",706,0%,-,-,-,-,-,-,-,-,-,-,-,-,-
Justin Jones,43478,Sea,RB,NA,Sun 4:25 pm vs LAC,FA,-,11,0.00,"2,543",708,0%,-,-,-,-,-,-,-,-,-,-,-,-,-
Barika Kpeenu,43482,TB,RB,NA,Sun 1:00 pm vs GB,FA,-,10,0.00,"2,595",709,0%,-,-,-,-,-,-,-,-,-,-,-,-,-
Alex Tecza,43609,Pit,RB,NA,Thu 8:15 pm @ Cle,FA,-,9,0.00,"2,535",726,0%,-,-,-,-,-,-,-,-,-,-,-,-,-
Matthew Henry,43615,TB,WR,NA,Sun 1:00 pm vs GB,FA,-,10,0.00,"2,405",729,0%,-,-,-,-,-,-,-,-,-,-,-,-,-
Terrill Davis,43442,Min,WR,NA,Sun 4:05 pm vs Mia,FA,-,6,0.00,"2,353",687,0%,-,-,-,-,-,-,-,-,-,-,-,-,-
Rashad Rochelle,43440,Sea,WR,NA,Sun 4:25 pm vs LAC,FA,-,11,0.00,"2,391",685,0%,-,-,-,-,-,-,-,-,-,-,-,-,-
Nick DeGennaro,43363,NE,WR,NA,Sun 1:00 pm @ Buf,FA,-,11,0.00,"2,317",647,0%,-,-,-,-,-,-,-,-,-,-,-,-,-
Julius Davis,43392,Den,RB,NA,Sun 4:25 pm @ SF,FA,-,10,0.00,"2,538",660,0%,-,-,-,-,-,-,-,-,-,-,-,-,-
Cameron Dorner,43364,NE,WR,NA,Sun 1:00 pm @ Buf,FA,-,11,0.00,"2,362",648,0%,-,-,-,-,-,-,-,-,-,-,-,-,-
Myles Montgomery,43367,NE,RB,IR,Sun 1:00 pm @ Buf,FA,-,11,0.00,"2,531",649,0%,-,-,-,-,-,-,-,-,-,-,-,-,-
Jimmy Kibble,43368,NE,WR,NA,Sun 1:00 pm @ Buf,FA,-,11,0.00,"2,342",650,0%,-,-,-,-,-,-,-,-,-,-,-,-,-
Le'Meke Brockington,43376,Atl,WR,NA,Mon 8:15 pm @ NO,FA,-,11,0.00,"2,412",652,0%,-,-,-,-,-,-,-,-,-,-,-,-,-
Keelan Marion,43377,Atl,WR,NA,Mon 8:15 pm @ NO,FA,-,11,0.00,"2,450",653,0%,-,-,-,-,-,-,-,-,-,-,-,-,-
Brandon Frazier,43379,Atl,TE,NA,Mon 8:15 pm @ NO,FA,-,11,0.00,"2,169",655,0%,-,-,-,-,-,-,-,-,-,-,-,-,-
Kolbe Katsis,43382,Den,WR,NA,Sun 4:25 pm @ SF,FA,-,10,0.00,"2,669",657,0%,-,-,-,-,-,-,-,-,-,-,-,-,-
Stone Eby,43391,Den,TE,NA,Sun 4:25 pm @ SF,FA,-,10,0.00,"2,168",658,0%,-,-,-,-,-,-,-,-,-,-,-,-,-
Rodney Hammond Jr.,43399,Den,RB,NA,Sun 4:25 pm @ SF,FA,-,10,0.00,"2,605",663,0%,-,-,-,-,-,-,-,-,-,-,-,-,-
Trayvon Rudolph,43439,Min,WR,NA,Sun 4:05 pm vs Mia,FA,-,6,0.00,"2,287",684,0%,-,-,-,-,-,-,-,-,-,-,-,-,-
Trent Howland,43406,Den,RB,NA,Sun 4:25 pm @ SF,FA,-,10,0.00,"2,562",668,0%,-,-,-,-,-,-,-,-,-,-,-,-,-
Tommy Thomas,43408,Den,WR,NA,Sun 4:25 pm @ SF,FA,-,10,0.00,"2,312",669,0%,-,-,-,-,-,-,-,-,-,-,-,-,-
Brett Weaver,43412,Den,TE,NA,Sun 4:25 pm @ SF,FA,-,10,0.00,"2,176",671,0%,-,-,-,-,-,-,-,-,-,-,-,-,-
Jordan Nubin,43417,Den,RB,NA,Sun 4:25 pm @ SF,FA,-,10,0.00,"2,569",674,0%,-,-,-,-,-,-,-,-,-,-,-,-,-
Dean Patterson IV,43423,TB,WR,NA,Sun 1:00 pm vs GB,FA,-,10,0.00,"2,441",676,0%,-,-,-,-,-,-,-,-,-,-,-,-,-
Kadarius Calloway,43424,TB,RB,NA,Sun 1:00 pm vs GB,FA,-,10,0.00,"2,540",677,0%,-,-,-,-,-,-,-,-,-,-,-,-,-
Kyron Hudson,43432,Chi,WR,NA,Sun 1:00 pm vs NYJ,FA,-,10,0.00,"2,310",679,0%,-,-,-,-,-,-,-,-,-,-,-,-,-
Johnny Pascuzzi,43433,LAC,TE,NA,Sun 4:25 pm @ Sea,FA,-,7,0.00,"2,139",680,0%,-,-,-,-,-,-,-,-,-,-,-,-,-
Brock Rechsteiner,43435,NO,WR,SUSP,Mon 8:15 pm vs Atl,FA,-,8,0.00,"2,436",681,0%,-,-,-,-,-,-,-,-,-,-,-,-,-
DT Sheffield,43158,NYJ,WR,NA,Sun 1:00 pm @ Chi,FA,-,13,0.00,"2,348",567,0%,-,-,-,-,-,-,-,-,-,-,-,-,-
Tanner Arkin,43152,NE,TE,,Sun 1:00 pm @ Buf,FA,-,11,0.00,"2,138",564,0%,-,-,-,-,-,-,-,-,-,-,-,-,-
Colbie Young,42762,Cin,WR,O,Sun 1:00 pm vs Jax,FA,-,6,0.00,"2,629","1,081",0%,-,-,-,-,-,-,-,-,-,-,-,-,-
Trebor Pena,42951,Jax,WR,NA,Sun 1:00 pm @ Cin,FA,-,7,0.00,"2,304","1,161",0%,-,-,-,-,-,-,-,-,-,-,-,-,-
Sincere Brown,42925,LAC,WR,NA,Sun 4:25 pm @ Sea,FA,-,7,0.00,"2,365","1,147",0%,-,-,-,-,-,-,-,-,-,-,-,-,-
Evan Svoboda,42927,LAC,TE,NA,Sun 4:25 pm @ Sea,FA,-,7,0.00,"2,130","1,148",0%,-,-,-,-,-,-,-,-,-,-,-,-,-
Devonte Ross,42930,LAC,WR,NA,Sun 4:25 pm @ Sea,FA,-,7,0.00,"2,354","1,149",0%,-,-,-,-,-,-,-,-,-,-,-,-,-
Jerand Bradley,42936,LAC,TE,NA,Sun 4:25 pm @ Sea,FA,-,7,0.00,"2,182","1,152",0%,-,-,-,-,-,-,-,-,-,-,-,-,-
Quincy Skinner Jr.,42187,GB,WR,NA,Sun 1:00 pm @ TB,FA,-,11,0.00,"2,432",871,0%,-,-,-,-,-,-,-,-,-,-,-,-,-
Roman Hemby,42941,LV,RB,NA,Sun 4:25 pm vs KC,FA,-,13,0.00,"2,586","1,155",0%,-,-,-,-,-,-,-,-,-,-,-,-,-
Ben Patterson,42949,Cle,WR,NA,Thu 8:15 pm vs Pit,FA,-,11,0.00,"2,456","1,159",0%,-,-,-,-,-,-,-,-,-,-,-,-,-
Michael Wortham,42950,Jax,WR,NA,Sun 1:00 pm @ Cin,FA,-,7,0.00,"2,345","1,160",0%,-,-,-,-,-,-,-,-,-,-,-,-,-
Alex Bullock,42957,Jax,WR,NA,Sun 1:00 pm @ Cin,FA,-,7,0.00,"2,463","1,163",0%,-,-,-,-,-,-,-,-,-,-,-,-,-
Shaleak Knotts,42917,Min,WR,NA,Sun 4:05 pm vs Mia,FA,-,6,0.00,"2,295","1,143",0%,-,-,-,-,-,-,-,-,-,-,-,-,-
Brady Boyd,42959,Jax,WR,NA,Sun 1:00 pm @ Cin,FA,-,7,0.00,"2,349","1,164",0%,-,-,-,-,-,-,-,-,-,-,-,-,-
Ethan Conner,42965,Mia,TE,NA,Sun 4:05 pm @ Min,FA,-,6,0.00,"2,218","1,167",0%,-,-,-,-,-,-,-,-,-,-,-,-,-
Will Pauling,42969,SF,WR,NA,Sun 4:25 pm vs Den,FA,-,8,0.00,"2,468","1,169",0%,-,-,-,-,-,-,-,-,-,-,-,-,-
Wesley Grimes,42970,SF,WR,NA,Sun 4:25 pm vs Den,FA,-,8,0.00,"2,293","1,171",0%,-,-,-,-,-,-,-,-,-,-,-,-,-
Khalil Dinkins,42972,SF,TE,NA,Sun 4:25 pm vs Den,FA,-,8,0.00,"2,163","1,172",0%,-,-,-,-,-,-,-,-,-,-,-,-,-
Marcus Burke,42975,Ten,WR,NA,Sun 1:00 pm @ Bal,FA,-,9,0.00,"2,372","1,175",0%,-,-,-,-,-,-,-,-,-,-,-,-,-
Trent Battle,42978,Atl,RB,NA,Mon 8:15 pm @ NO,FA,-,11,0.00,"2,551","1,177",0%,-,-,-,-,-,-,-,-,-,-,-,-,-
Harrison Wallace III,42979,Ari,WR,NA,Sun 1:00 pm @ NYG,FA,-,14,0.00,"2,389","1,178",0%,-,-,-,-,-,-,-,-,-,-,-,-,-
Gregory Desrosiers,42922,LAC,RB,NA,Sun 4:25 pm @ Sea,FA,-,7,0.00,"2,564","1,145",0%,-,-,-,-,-,-,-,-,-,-,-,-,-
Dillon Bell,42914,Min,WR,NA,Sun 4:05 pm vs Mia,FA,-,6,0.00,"2,431","1,140",0%,-,-,-,-,-,-,-,-,-,-,-,-,-
Chris Hilton Jr.,42987,GB,WR,NA,Sun 1:00 pm @ TB,FA,-,11,0.00,"2,394","1,181",0%,-,-,-,-,-,-,-,-,-,-,-,-,-
Jam Miller,42867,NE,RB,NA,Sun 1:00 pm @ Buf,FA,-,11,0.00,"2,604","1,114",0%,-,-,-,-,-,-,-,-,-,-,-,-,-
Joe Royer,42772,Cle,TE,NFI-R,Thu 8:15 pm vs Pit,FA,-,11,0.00,"2,224","1,084",0%,-,-,-,-,-,-,-,-,-,-,-,-,-
Adam Randall,42780,Bal,RB,IR-R,Sun 1:00 pm vs Ten,FA,-,13,0.00,297,"1,085",1%,-,-,-,-,-,-,-,-,-,-,-,-,-
Kendrick Law,42798,Det,WR,IR,Sun 8:20 pm @ Car,FA,-,6,0.00,"2,299","1,089",0%,-,-,-,-,-,-,-,-,-,-,-,-,-
E. Henderson Jr.,42821,Sea,WR,NA,Sun 4:25 pm vs LAC,FA,-,11,0.00,"2,428","1,096",0%,-,-,-,-,-,-,-,-,-,-,-,-,-
CJ Williams,42825,Jax,WR,,Sun 1:00 pm @ Cin,FA,-,7,0.00,"2,459","1,098",0%,-,-,-,-,-,-,-,-,-,-,-,-,-
Lewis Bond,42826,Hou,WR,NA,Sun 1:00 pm vs Dal,FA,-,8,0.00,"2,670","1,099",0%,-,-,-,-,-,-,-,-,-,-,-,-,-
Anthony Smith,42840,Dal,WR,NA,Sun 1:00 pm @ Hou,FA,-,14,0.00,"2,453","1,104",0%,-,-,-,-,-,-,-,-,-,-,-,-,-
Jaren Kanak,42847,Ten,TE,IR,Sun 1:00 pm @ Bal,FA,-,9,0.00,"2,180","1,107",0%,-,-,-,-,-,-,-,-,-,-,-,-,-
Dallen Bentley,42878,Den,TE,,Sun 4:25 pm @ SF,FA,1,10,0.00,"2,157","1,116",0%,-,-,-,-,-,-,-,-,-,-,-,-,-
Marcus Sanders Jr.,42913,Min,WR,NA,Sun 4:05 pm vs Mia,FA,-,6,0.00,"2,386","1,139",0%,-,-,-,-,-,-,-,-,-,-,-,-,-
Jeff Caldwell,42880,KC,WR,IR,Sun 4:25 pm @ LV,FA,-,5,0.00,"2,667","1,117",0%,-,-,-,-,-,-,-,-,-,-,-,-,-
Cash Jones,42881,Atl,RB,NA,Mon 8:15 pm @ NO,FA,-,11,0.00,"2,544","1,118",0%,-,-,-,-,-,-,-,-,-,-,-,-,-
J'Mari Taylor,42882,Jax,RB,NA,Sun 1:00 pm @ Cin,FA,-,7,0.00,"2,603","1,119",0%,-,-,-,-,-,-,-,-,-,-,-,-,-
Dae'Quan Wright,42885,Cle,TE,NA,Thu 8:15 pm vs Pit,FA,-,11,0.00,"2,221","1,121",0%,-,-,-,-,-,-,-,-,-,-,-,-,-
Michael Trigg,42887,Dal,TE,NA,Sun 1:00 pm @ Hou,FA,-,14,0.00,"2,161","1,122",0%,-,-,-,-,-,-,-,-,-,-,-,-,-
Le'Veon Moss,42890,Mia,RB,NA,Sun 4:05 pm @ Min,FA,-,6,0.00,"2,545","1,123",0%,-,-,-,-,-,-,-,-,-,-,-,-,-
Jaydn Ott,42895,KC,RB,NA,Sun 4:25 pm @ LV,FA,-,5,0.00,"2,559","1,126",0%,-,-,-,-,-,-,-,-,-,-,-,-,-
Tyren Montgomery,42896,Ten,WR,NA,Sun 1:00 pm @ Bal,FA,-,9,0.00,"2,300","1,127",0%,-,-,-,-,-,-,-,-,-,-,-,-,-
Kejon Owens,42912,Min,RB,NA,Sun 4:05 pm vs Mia,FA,-,6,0.00,"2,594","1,138",0%,-,-,-,-,-,-,-,-,-,-,-,-,-
Robert Henry Jr.,42986,Was,RB,NA,Sun 9:30 am vs Ind,FA,-,7,0.00,"2,602","1,180",0%,-,-,-,-,-,-,-,-,-,-,-,-,-
Eric Rivers Jr.,42990,TB,WR,NA,Sun 1:00 pm vs GB,FA,-,10,0.00,"2,435","1,182",0%,-,-,-,-,-,-,-,-,-,-,-,-,-
Romello Brinson,43150,Dal,WR,NA,Sun 1:00 pm @ Hou,FA,-,14,0.00,"2,385",562,0%,-,-,-,-,-,-,-,-,-,-,-,-,-
Al-Jay Henderson,43110,NYJ,RB,NA,Sun 1:00 pm @ Chi,FA,-,13,0.00,"2,541",535,0%,-,-,-,-,-,-,-,-,-,-,-,-,-
RJ Maryland,43087,GB,TE,NA,Sun 1:00 pm @ TB,FA,-,11,0.00,"2,128",522,0%,-,-,-,-,-,-,-,-,-,-,-,-,-
Eni Falayi,43088,GB,TE,NA,Sun 1:00 pm @ TB,FA,-,11,0.00,"2,150",523,0%,-,-,-,-,-,-,-,-,-,-,-,-,-
Isaiah Jacobs,43090,GB,RB,NA,Sun 1:00 pm @ TB,FA,-,11,0.00,"2,596",524,0%,-,-,-,-,-,-,-,-,-,-,-,-,-
Jaden Bradley,43092,Was,WR,NA,Sun 9:30 am vs Ind,FA,-,7,0.00,"2,343",526,0%,-,-,-,-,-,-,-,-,-,-,-,-,-
Hank Beatty,43094,Ten,WR,NA,Sun 1:00 pm @ Bal,FA,-,9,0.00,"2,303",528,0%,-,-,-,-,-,-,-,-,-,-,-,-,-
Joshua Pitsenberger,43098,Hou,RB,NA,Sun 1:00 pm vs Dal,FA,-,8,0.00,"2,592",529,0%,-,-,-,-,-,-,-,-,-,-,-,-,-
Raylen Sharpe,43102,Ind,WR,NA,Sun 9:30 am @ Was,FA,-,13,0.00,"2,334",530,0%,-,-,-,-,-,-,-,-,-,-,-,-,-
Ademola Faleye,43109,TB,TE,NA,Sun 1:00 pm vs GB,FA,-,10,0.00,"2,144",533,0%,-,-,-,-,-,-,-,-,-,-,-,-,-
EJ Smith,43115,KC,RB,NA,Sun 4:25 pm @ LV,FA,-,5,0.00,"2,609",541,0%,-,-,-,-,-,-,-,-,-,-,-,-,-
Miles Kitselman,43082,Det,TE,NA,Sun 8:20 pm @ Car,FA,-,6,0.00,"2,186",519,0%,-,-,-,-,-,-,-,-,-,-,-,-,-
J. Michael Gyllenborg,43116,KC,TE,IR,Sun 4:25 pm @ LV,FA,-,5,0.00,"2,206",542,0%,-,-,-,-,-,-,-,-,-,-,-,-,-
Terion Stewart,43119,KC,RB,NA,Sun 4:25 pm @ LV,FA,-,5,0.00,"2,606",544,0%,-,-,-,-,-,-,-,-,-,-,-,-,-
Chase Roberts,43126,LV,WR,NA,Sun 4:25 pm vs KC,FA,-,13,0.00,"2,426",546,0%,-,-,-,-,-,-,-,-,-,-,-,-,-
E.J. Williams Jr.,43129,Car,WR,NA,Sun 8:20 pm vs Det,FA,-,5,0.00,"2,332",550,0%,-,-,-,-,-,-,-,-,-,-,-,-,-
Matt Lauter,43130,Min,TE,NA,Sun 4:05 pm vs Mia,FA,-,6,0.00,"2,159",551,0%,-,-,-,-,-,-,-,-,-,-,-,-,-
Dan Villari,43138,LAR,TE,NA,Sun 1:00 pm @ Phi,FA,-,11,0.00,"2,189",555,0%,-,-,-,-,-,-,-,-,-,-,-,-,-
Rohan Jones,43139,LAR,TE,NA,Sun 1:00 pm @ Phi,FA,-,11,0.00,"2,211",556,0%,-,-,-,-,-,-,-,-,-,-,-,-,-
Donaven McCulley,43147,Mia,WR,NA,Sun 4:05 pm @ Min,FA,-,6,0.00,"2,418",560,0%,-,-,-,-,-,-,-,-,-,-,-,-,-
Anthony Hankerson,43149,Sea,RB,NA,Sun 4:25 pm vs LAC,FA,-,11,0.00,"2,613",561,0%,-,-,-,-,-,-,-,-,-,-,-,-,-
J. Michael Sturdivant,43085,GB,WR,,Sun 1:00 pm @ TB,FA,-,11,0.00,"2,510",520,0%,-,-,-,-,-,-,-,-,-,-,-,-,-
Joseph Manjack,43076,Den,WR,NA,Sun 4:25 pm @ SF,FA,-,10,0.00,"2,369",516,0%,-,-,-,-,-,-,-,-,-,-,-,-,-
Noah Short,42991,TB,WR,NA,Sun 1:00 pm vs GB,FA,-,10,0.00,"2,398","1,184",0%,-,-,-,-,-,-,-,-,-,-,-,-,-
Noah Thomas,43033,Cin,WR,NA,Sun 1:00 pm vs Jax,FA,-,6,0.00,"2,425",497,0%,-,-,-,-,-,-,-,-,-,-,-,-,-
Vinny Anthony II,42996,Atl,WR,NA,Mon 8:15 pm @ NO,FA,-,11,0.00,"2,286","1,185",0%,-,-,-,-,-,-,-,-,-,-,-,-,-
Malik Rutherford,42998,Atl,WR,NA,Mon 8:15 pm @ NO,FA,-,11,0.00,"2,358","1,186",0%,-,-,-,-,-,-,-,-,-,-,-,-,-
Ty Pezza,43002,Bal,TE,NA,Sun 1:00 pm vs Ten,FA,-,13,0.00,"2,185","1,188",0%,-,-,-,-,-,-,-,-,-,-,-,-,-
Lance Mason,43012,Pit,TE,NA,Thu 8:15 pm @ Cle,FA,-,9,0.00,"2,134",488,0%,-,-,-,-,-,-,-,-,-,-,-,-,-
Ja'Mori Maclin,43013,Buf,WR,NA,Sun 1:00 pm vs NE,FA,-,7,0.00,"2,429",489,0%,-,-,-,-,-,-,-,-,-,-,-,-,-
Max Tomczak,43015,Buf,WR,NA,Sun 1:00 pm vs NE,FA,-,7,0.00,"2,352",490,0%,-,-,-,-,-,-,-,-,-,-,-,-,-
Kobe Prentice,43022,NE,WR,NA,Sun 1:00 pm @ Buf,FA,-,11,0.00,"2,382",491,0%,-,-,-,-,-,-,-,-,-,-,-,-,-
Hayden Large,43027,Chi,TE,IR,Sun 1:00 pm vs NYJ,FA,-,10,0.00,"2,183",495,0%,-,-,-,-,-,-,-,-,-,-,-,-,-
Dominic Richardson,43034,NYJ,RB,NA,Sun 1:00 pm @ Chi,FA,-,13,0.00,"2,533",498,0%,-,-,-,-,-,-,-,-,-,-,-,-,-
Cameron Ross,43069,Den,WR,NA,Sun 4:25 pm @ SF,FA,-,10,0.00,"2,416",514,0%,-,-,-,-,-,-,-,-,-,-,-,-,-
Chamon Metayer,43035,Car,TE,NA,Sun 8:20 pm vs Det,FA,-,5,0.00,"2,141",500,0%,-,-,-,-,-,-,-,-,-,-,-,-,-
Lake McRee,43036,Pit,TE,NA,Thu 8:15 pm @ Cle,FA,-,9,0.00,"2,193",501,0%,-,-,-,-,-,-,-,-,-,-,-,-,-
TJ Harden,43051,Sea,RB,NA,Sun 4:25 pm vs LAC,FA,-,11,0.00,"2,578",504,0%,-,-,-,-,-,-,-,-,-,-,-,-,-
Aaron Anderson,43052,Cle,WR,NA,Thu 8:15 pm vs Pit,FA,-,11,0.00,"2,370",505,0%,-,-,-,-,-,-,-,-,-,-,-,-,-
DJ Rogers,43055,Dal,TE,IR,Sun 1:00 pm @ Hou,FA,-,14,0.00,"2,136",506,0%,-,-,-,-,-,-,-,-,-,-,-,-,-
Josh Kattus,43058,Cin,TE,NA,Sun 1:00 pm vs Jax,FA,-,6,0.00,"2,192",508,0%,-,-,-,-,-,-,-,-,-,-,-,-,-
Davon Booth,43060,Ind,RB,NA,Sun 9:30 am @ Was,FA,-,13,0.00,"2,585",509,0%,-,-,-,-,-,-,-,-,-,-,-,-,-
Jordan Hudson,43061,Dal,WR,NA,Sun 1:00 pm @ Hou,FA,-,14,0.00,"2,464",510,0%,-,-,-,-,-,-,-,-,-,-,-,-,-
Kole Wilson,43066,Cle,WR,NA,Thu 8:15 pm vs Pit,FA,-,11,0.00,"2,422",512,0%,-,-,-,-,-,-,-,-,-,-,-,-,-
Beaux Collins,42194,Atl,WR,IR-R,Mon 8:15 pm @ NO,FA,-,11,0.00,"2,684",875,0%,-,-,-,-,-,-,-,-,-,-,-,-,-
Marcedes Lewis,7777,Den,TE,NA,Sun 4:25 pm @ SF,FA,-,10,0.00,"2,135","1,042",0%,-,-,-,-,-,-,-,-,-,-,-,-,-
Joshua Simon,42186,Atl,TE,NA,Mon 8:15 pm @ NO,FA,-,11,0.00,"2,164",869,0%,-,-,-,-,-,-,-,-,-,-,-,-,-
Jaret Patterson,33706,Min,RB,NA,Sun 4:05 pm vs Mia,FA,-,6,0.00,"2,478",778,0%,-,-,-,-,-,-,-,-,-,-,-,-,-
Cornell Powell,33569,Pit,WR,NA,Thu 8:15 pm @ Cle,FA,-,9,0.00,"2,329",758,0%,-,-,-,-,-,-,-,-,-,-,-,-,-
Elijah Mitchell,33582,KC,RB,NA,Sun 4:25 pm @ LV,FA,-,5,0.00,"2,608",759,0%,-,-,-,-,-,-,-,-,-,-,-,-,-
Gary Brightwell,33584,Cin,RB,NA,Sun 1:00 pm vs Jax,FA,-,6,0.00,"2,557",760,0%,-,-,-,-,-,-,-,-,-,-,-,-,-
Khalil Herbert,33605,Atl,RB,NA,Mon 8:15 pm @ NO,FA,-,11,0.00,"2,748",762,0%,-,-,-,-,-,-,-,-,-,-,-,-,-
Jermar Jefferson,33644,Min,RB,NA,Sun 4:05 pm vs Mia,FA,-,6,0.00,"2,591",767,0%,-,-,-,-,-,-,-,-,-,-,-,-,-
Tim Jones,33649,Jax,WR,NA,Sun 1:00 pm @ Cin,FA,-,7,0.00,"2,513",768,0%,-,-,-,-,-,-,-,-,-,-,-,-,-
Kenny Yeboah,33705,Ari,TE,NA,Sun 1:00 pm @ NYG,FA,-,14,0.00,"2,236",777,0%,-,-,-,-,-,-,-,-,-,-,-,-,-
Brandon Smith,33710,Pit,WR,NA,Thu 8:15 pm @ Cle,FA,-,9,0.00,"2,413",779,0%,-,-,-,-,-,-,-,-,-,-,-,-,-
Ihmir Smith-Marsette,33545,Car,WR,NA,Sun 8:20 pm vs Det,FA,-,5,0.00,"2,526",756,0%,-,-,-,-,-,-,-,-,-,-,-,-,-
Austin Trammell,33745,Jax,WR,NA,Sun 1:00 pm @ Cin,FA,-,7,0.00,"2,679",784,0%,-,-,-,-,-,-,-,-,-,-,-,-,-
Tarik Black,33797,Det,WR,NA,Sun 8:20 pm @ Car,FA,-,6,0.00,"2,433",794,0%,-,-,-,-,-,-,-,-,-,-,-,-,-
Shane Zylstra,33803,NE,TE,NA,Sun 1:00 pm @ Buf,FA,-,11,0.00,"2,231",796,0%,-,-,-,-,-,-,-,-,-,-,-,-,-
DJ Turner,33813,LV,WR,NA,Sun 4:25 pm vs KC,FA,-,13,0.00,"2,476",798,0%,-,-,-,-,-,-,-,-,-,-,-,-,-
Jack Stoll,33891,SF,TE,NA,Sun 4:25 pm vs Den,FA,-,8,0.00,"2,528",822,0%,-,-,-,-,-,-,-,-,-,-,-,-,-
Adam Prentice,33901,Den,RB,NA,Sun 4:25 pm @ SF,FA,-,10,0.00,"2,794",829,0%,-,-,-,-,-,-,-,-,-,-,-,-,-
Michael Bandy,33928,Den,WR,NA,Sun 4:25 pm @ SF,FA,-,10,0.00,"2,475",837,0%,-,-,-,-,-,-,-,-,-,-,-,-,-
Simi Fehoko,33567,Ari,WR,,Sun 1:00 pm @ NYG,FA,-,14,0.00,"2,782",757,0%,-,-,-,-,-,-,-,-,-,-,-,-,-
Brevin Jordan,33535,Hou,TE,,Sun 1:00 pm vs Dal,FA,1,8,0.00,"2,519",754,0%,-,-,-,-,-,-,-,-,-,-,-,-,-
Nikola Kalinic,33950,Chi,TE,IR,Sun 1:00 pm vs NYJ,FA,-,10,0.00,"2,149",849,0%,-,-,-,-,-,-,-,-,-,-,-,-,-
Kristian Wilkerson,33349,Atl,WR,NA,Mon 8:15 pm @ NO,FA,-,11,0.00,"2,427",721,0%,-,-,-,-,-,-,-,-,-,-,-,-,-
Rico Dowdle,33100,Pit,RB,O,Thu 8:15 pm @ Cle,FA,-,9,0.00,122,639,77%,-,-,-,-,-,-,-,-,-,-,-,-,-
Sean McKeon,33101,Ind,TE,NA,Sun 9:30 am @ Was,FA,-,13,0.00,"2,209",640,0%,-,-,-,-,-,-,-,-,-,-,-,-,-
JaMycal Hasty,33199,NE,RB,NA,Sun 1:00 pm @ Buf,FA,-,11,0.00,"2,636",683,0%,-,-,-,-,-,-,-,-,-,-,-,-,-
Patrick Taylor Jr.,33235,SF,RB,NA,Sun 4:25 pm vs Den,FA,-,8,0.00,"2,523",707,0%,-,-,-,-,-,-,-,-,-,-,-,-,-
Salvon Ahmed,33265,Chi,RB,NA,Sun 1:00 pm vs NYJ,FA,-,10,0.00,"2,554",712,0%,-,-,-,-,-,-,-,-,-,-,-,-,-
Lawrence Cager,33329,Was,TE,NA,Sun 9:30 am vs Ind,FA,-,7,0.00,"2,215",718,0%,-,-,-,-,-,-,-,-,-,-,-,-,-
Nick Westbrook-Ikhine,33348,Ind,WR,NA,Sun 9:30 am @ Was,FA,-,13,0.00,"2,502",720,0%,-,-,-,-,-,-,-,-,-,-,-,-,-
Mason Kinsey,33351,Ten,WR,NA,Sun 1:00 pm @ Bal,FA,-,9,0.00,"2,723",723,0%,-,-,-,-,-,-,-,-,-,-,-,-,-
Tylan Wallace,33519,Cle,WR,O,Thu 8:15 pm vs Pit,FA,-,11,0.00,"2,751",751,0%,-,-,-,-,-,-,-,-,-,-,-,-,-
Chris Blair,33376,Atl,WR,,Mon 8:15 pm @ NO,FA,-,11,0.00,"2,625",730,0%,-,-,-,-,-,-,-,-,-,-,-,-,-
Travis Etienne Jr.,33413,NO,RB,IR,Mon 8:15 pm vs Atl,JGrahnasaurs,-,8,0.00,109,735,93%,-,-,-,-,-,-,-,-,-,-,-,-,-
Dee Eskridge,33444,Mia,WR,NA,Sun 4:05 pm @ Min,FA,-,6,0.00,"2,733",737,0%,-,-,-,-,-,-,-,-,-,-,-,-,-
Terrace Marshall Jr.,33447,Mia,WR,NA,Sun 4:05 pm @ Min,FA,-,6,0.00,"2,511",738,0%,-,-,-,-,-,-,-,-,-,-,-,-,-
Trey Sermon,33476,Atl,RB,IR,Mon 8:15 pm @ NO,FA,-,11,0.00,"2,622",744,0%,-,-,-,-,-,-,-,-,-,-,-,-,-
Tre' McKitty,33485,Was,TE,NA,Sun 9:30 am vs Ind,FA,-,7,0.00,"2,175",746,0%,-,-,-,-,-,-,-,-,-,-,-,-,-
Kylen Granson,33515,Ten,TE,,Sun 1:00 pm @ Bal,FA,1,9,0.00,"2,644",750,0%,-,-,-,-,-,-,-,-,-,-,-,-,-
Sal Cannella,33932,Cle,TE,NA,Thu 8:15 pm vs Pit,FA,-,11,0.00,"2,143",841,0%,-,-,-,-,-,-,-,-,-,-,-,-,-
Alec Pierce,34008,Ind,WR,IR,Sun 9:30 am @ Was,FA,-,13,0.00,173,877,62%,-,-,-,-,-,-,-,-,-,-,-,-,-
Dan Chisena,33023,Car,WR,NA,Sun 8:20 pm vs Det,FA,-,5,0.00,"2,508",609,0%,-,-,-,-,-,-,-,-,-,-,-,-,-
Kendric Pryor,34476,Cin,WR,NA,Sun 1:00 pm vs Jax,FA,-,6,0.00,"2,401","1,057",0%,-,-,-,-,-,-,-,-,-,-,-,-,-
Samori Toure,34214,Phi,WR,NA,Sun 1:00 pm vs LAR,FA,-,10,0.00,"2,330",982,0%,-,-,-,-,-,-,-,-,-,-,-,-,-
Kevin Austin Jr.,34242,NO,WR,,Mon 8:15 pm vs Atl,FA,-,8,0.00,"2,098",990,0%,-,-,-,-,-,-,-,-,-,-,-,-,-
Ronnie Rivers,34310,LAR,RB,IR,Sun 1:00 pm @ Phi,FA,-,11,0.00,"2,768","1,012",0%,-,-,-,-,-,-,-,-,-,-,-,-,-
Jordan Mason,34320,Min,RB,IR,Sun 4:05 pm vs Mia,Locked In Michelle,-,6,0.00,195,"1,015",70%,-,-,-,-,-,-,-,-,-,-,-,-,-
Lance McCutcheon,34330,Ten,WR,NA,Sun 1:00 pm @ Bal,FA,-,9,0.00,"2,439","1,022",0%,-,-,-,-,-,-,-,-,-,-,-,-,-
Irv Charles,34356,Sea,WR,IR-R,Sun 4:25 pm vs LAC,FA,-,11,0.00,"2,616","1,030",0%,-,-,-,-,-,-,-,-,-,-,-,-,-
Jake Tonges,34374,SF,TE,IR,Sun 4:25 pm vs Den,FA,-,8,0.00,329,"1,032",0%,-,-,-,-,-,-,-,-,-,-,-,-,-
Zaire Mitchell-Paden,34489,Hou,TE,NA,Sun 1:00 pm vs Dal,FA,-,8,0.00,"2,166","1,063",0%,-,-,-,-,-,-,-,-,-,-,-,-,-
Brittain Brown,34206,Chi,RB,IR,Sun 1:00 pm vs NYJ,FA,-,10,0.00,"2,546",978,0%,-,-,-,-,-,-,-,-,-,-,-,-,-
Tanner Conner,34513,NE,TE,NA,Sun 1:00 pm @ Buf,FA,-,11,0.00,"2,495","1,072",0%,-,-,-,-,-,-,-,-,-,-,-,-,-
Deven Thompkins,34520,LV,WR,NA,Sun 4:25 pm vs KC,FA,-,13,0.00,"2,729","1,073",0%,-,-,-,-,-,-,-,-,-,-,-,-,-
Sincere McCormick,34551,SF,RB,NA,Sun 4:25 pm vs Den,FA,-,8,0.00,"2,480","1,078",0%,-,-,-,-,-,-,-,-,-,-,-,-,-
Kaden Davis,34569,Chi,WR,NA,Sun 1:00 pm vs NYJ,FA,-,10,0.00,"2,674","1,080",0%,-,-,-,-,-,-,-,-,-,-,-,-,-
Brandon Johnson,34571,Pit,WR,NA,Thu 8:15 pm @ Cle,FA,-,9,0.00,"2,366","1,082",0%,-,-,-,-,-,-,-,-,-,-,-,-,-
Jalen Virgil,34579,Ari,WR,NA,Sun 1:00 pm @ NYG,FA,-,14,0.00,"2,306","1,083",0%,-,-,-,-,-,-,-,-,-,-,-,-,-
Dennis Houston,34592,TB,WR,NA,Sun 1:00 pm vs GB,FA,-,10,0.00,"2,442","1,086",0%,-,-,-,-,-,-,-,-,-,-,-,-,-
Isiah Pacheco,34207,Det,RB,IR,Sun 8:20 pm @ Car,FA,-,6,0.00,291,979,11%,-,-,-,-,-,-,-,-,-,-,-,-,-
Nick Muse,34183,Atl,TE,,Mon 8:15 pm @ NO,FA,-,11,0.00,"2,518",970,0%,-,-,-,-,-,-,-,-,-,-,-,-,-
Velus Jones Jr.,34027,Sea,"WR,RB",NA,Sun 4:25 pm vs LAC,FA,-,11,0.00,"2,737",891,0%,-,-,-,-,-,-,-,-,-,-,-,-,-
Cole Turner,34105,Mia,TE,IR,Sun 4:05 pm @ Min,FA,-,6,0.00,"2,213",940,0%,-,-,-,-,-,-,-,-,-,-,-,-,-
Danny Gray,34061,Phi,WR,NA,Sun 1:00 pm vs LAR,FA,-,10,0.00,"2,406",910,0%,-,-,-,-,-,-,-,-,-,-,-,-,-
Dameon Pierce,34063,Phi,RB,NA,Sun 1:00 pm vs LAR,FA,-,10,0.00,"2,750",913,0%,-,-,-,-,-,-,-,-,-,-,-,-,-
Zamir White,34078,NO,RB,NA,Mon 8:15 pm vs Atl,FA,-,8,0.00,"2,730",918,0%,-,-,-,-,-,-,-,-,-,-,-,-,-
Erik Ezukanma,34081,Phi,WR,NA,Sun 1:00 pm vs LAR,FA,-,10,0.00,"2,420",922,0%,-,-,-,-,-,-,-,-,-,-,-,-,-
Charlie Kolar,34084,LAC,TE,D,Sun 4:25 pm @ Sea,FA,1,7,0.00,"2,103",926,0%,-,-,-,-,-,-,-,-,-,-,-,-,-
Hassan Haskins,34087,NE,RB,NA,Sun 1:00 pm @ Buf,FA,-,11,0.00,"2,766",929,0%,-,-,-,-,-,-,-,-,-,-,-,-,-
Calvin Austin III,34094,NYG,WR,IR,Sun 1:00 pm vs Ari,FA,-,8,0.00,"2,054",933,0%,-,-,-,-,-,-,-,-,-,-,-,-,-
Jerome Ford,34112,Min,RB,NA,Sun 4:05 pm vs Mia,FA,-,6,0.00,"2,527",942,0%,-,-,-,-,-,-,-,-,-,-,-,-,-
John FitzPatrick,34169,Cle,TE,NA,Thu 8:15 pm vs Pit,FA,-,11,0.00,"2,275",966,0%,-,-,-,-,-,-,-,-,-,-,-,-,-
Montrell Washington,34118,NYG,WR,NA,Sun 1:00 pm vs Ari,FA,-,8,0.00,"2,289",944,0%,-,-,-,-,-,-,-,-,-,-,-,-,-
Ty Chandler,34125,NO,RB,IR,Mon 8:15 pm vs Atl,FA,-,8,0.00,"2,640",948,0%,-,-,-,-,-,-,-,-,-,-,-,-,-
Teagan Quitoriano,34126,Ari,TE,NA,Sun 1:00 pm @ NYG,FA,-,14,0.00,"2,201",949,0%,-,-,-,-,-,-,-,-,-,-,-,-,-
James Mitchell,34133,Dal,TE,NA,Sun 1:00 pm @ Hou,FA,-,14,0.00,"2,158",952,0%,-,-,-,-,-,-,-,-,-,-,-,-,-
Grant Calcaterra,34154,Phi,TE,IR-R,Sun 1:00 pm vs LAR,FA,-,10,0.00,"2,235",959,0%,-,-,-,-,-,-,-,-,-,-,-,-,-
Keaontay Ingram,34157,KC,RB,NA,Sun 4:25 pm @ LV,FA,-,5,0.00,"2,561",961,0%,-,-,-,-,-,-,-,-,-,-,-,-,-
Michael Woods II,34158,Den,WR,NA,Sun 4:25 pm @ SF,FA,-,10,0.00,"2,494",962,0%,-,-,-,-,-,-,-,-,-,-,-,-,-
Jonathan Ward,33088,Bal,RB,NA,Sun 1:00 pm vs Ten,FA,-,13,0.00,"2,661",632,0%,-,-,-,-,-,-,-,-,-,-,-,-,-
Andre Baccellia,32943,Ari,WR,NA,Sun 1:00 pm @ NYG,FA,-,14,0.00,"2,713",582,0%,-,-,-,-,-,-,-,-,-,-,-,-,-
Raheem Blackshear,34617,Det,RB,NA,Sun 8:20 pm @ Car,FA,-,6,0.00,"2,663","1,094",0%,-,-,-,-,-,-,-,-,-,-,-,-,-
Christian Kirk,31017,SF,WR,IR-R,Sun 4:25 pm vs Den,FA,-,8,0.00,292,625,1%,-,-,-,-,-,-,-,-,-,-,-,-,-
Tim Patrick,30511,NYJ,WR,IR,Sun 1:00 pm @ Chi,FA,-,13,0.00,"2,116","1,090",0%,-,-,-,-,-,-,-,-,-,-,-,-,-
Anthony Firkser,30571,Det,TE,NA,Sun 8:20 pm @ Car,FA,-,6,0.00,"2,266","1,113",0%,-,-,-,-,-,-,-,-,-,-,-,-,-
Taysom Hill,30614,NO,TE,NA,Mon 8:15 pm vs Atl,FA,-,8,0.00,"2,045","1,133",0%,-,-,-,-,-,-,-,-,-,-,-,-,-
Pharaoh Brown,30627,Ind,TE,NA,Sun 9:30 am @ Was,FA,-,13,0.00,"2,257","1,141",0%,-,-,-,-,-,-,-,-,-,-,-,-,-
River Cracraft,30955,Was,WR,NA,Sun 9:30 am vs Ind,FA,-,7,0.00,"2,492",601,0%,-,-,-,-,-,-,-,-,-,-,-,-,-
Nick Chubb,31005,Hou,RB,NA,Sun 1:00 pm vs Dal,FA,-,8,0.00,"2,072",622,0%,-,-,-,-,-,-,-,-,-,-,-,-,-
Dante Pettis,31014,SF,WR,NA,Sun 4:25 pm vs Den,FA,-,8,0.00,"2,623",624,0%,-,-,-,-,-,-,-,-,-,-,-,-,-
Dallas Goedert,31019,Phi,TE,D,Sun 1:00 pm vs LAR,Monday Night Madison,1,10,0.00,182,626,77%,-,-,-,-,-,-,-,-,-,-,-,-,-
Trent Taylor,30290,SF,WR,NA,Sun 4:25 pm vs Den,FA,-,8,0.00,"2,328","1,039",0%,-,-,-,-,-,-,-,-,-,-,-,-,-
Will Dissly,31090,LAC,TE,NA,Sun 4:25 pm @ Sea,FA,-,7,0.00,"2,112",654,0%,-,-,-,-,-,-,-,-,-,-,-,-,-
Chase Edmonds,31104,Was,RB,NA,Sun 9:30 am vs Ind,FA,-,7,0.00,"2,579",659,0%,-,-,-,-,-,-,-,-,-,-,-,-,-
Justin Watson,31114,Hou,WR,NA,Sun 1:00 pm vs Dal,FA,-,8,0.00,"2,470",666,0%,-,-,-,-,-,-,-,-,-,-,-,-,-
Tyler Conklin,31127,Det,TE,,Sun 8:20 pm @ Car,FA,1,6,0.00,"2,097",672,0%,-,-,-,-,-,-,-,-,-,-,-,-,-
Ray-Ray McCloud III,31157,Chi,WR,NA,Sun 1:00 pm vs NYJ,FA,-,10,0.00,"2,281",691,0%,-,-,-,-,-,-,-,-,-,-,-,-,-
Cedrick Wilson Jr.,31178,Det,WR,NA,Sun 8:20 pm @ Car,FA,-,6,0.00,"2,682",701,0%,-,-,-,-,-,-,-,-,-,-,-,-,-
Trent Sherfield,31320,Buf,WR,NA,Sun 1:00 pm vs NE,FA,-,7,0.00,"2,725",725,0%,-,-,-,-,-,-,-,-,-,-,-,-,-
Noah Brown,30352,LV,WR,NA,Sun 4:25 pm vs KC,FA,-,13,0.00,"2,240","1,052",0%,-,-,-,-,-,-,-,-,-,-,-,-,-
Jeremy McNichols,30275,Was,RB,IR-R,Sun 9:30 am vs Ind,FA,-,7,0.00,"2,491","1,031",0%,-,-,-,-,-,-,-,-,-,-,-,-,-
Josh Jacobs,31856,GB,RB,CEL,Sun 1:00 pm @ TB,FA,-,11,0.00,134,830,76%,-,-,-,-,-,-,-,-,-,-,-,-,-
Demarcus Robinson,29360,SF,WR,IR,Sun 4:25 pm vs Den,FA,-,8,0.00,345,741,1%,-,-,-,-,-,-,-,-,-,-,-,-,-
Odell Beckham Jr.,27540,NYG,WR,NA,Sun 1:00 pm vs Ari,FA,-,8,0.00,"2,686",772,1%,-,-,-,-,-,-,-,-,-,-,-,-,-
Phillip Dorsett II,28417,LV,WR,NA,Sun 4:25 pm vs KC,FA,-,13,0.00,"2,390","1,079",0%,-,-,-,-,-,-,-,-,-,-,-,-,-
Tyler Lockett,28457,LV,WR,NA,Sun 4:25 pm vs KC,FA,-,13,0.00,"2,125","1,088",0%,-,-,-,-,-,-,-,-,-,-,-,-,-
Michael Burton,28556,Cle,RB,,Thu 8:15 pm vs Pit,FA,-,11,0.00,"2,736","1,124",0%,-,-,-,-,-,-,-,-,-,-,-,-,-
Raheem Mostert,28654,LV,RB,NA,Sun 4:25 pm vs KC,FA,-,13,0.00,"2,683","1,183",0%,-,-,-,-,-,-,-,-,-,-,-,-,-
DeAndre Carter,28947,Cle,WR,NA,Thu 8:15 pm vs Pit,FA,-,11,0.00,"2,756",618,0%,-,-,-,-,-,-,-,-,-,-,-,-,-
Nick Vannett,29328,Bal,TE,NA,Sun 1:00 pm vs Ten,FA,-,13,0.00,"2,119",736,0%,-,-,-,-,-,-,-,-,-,-,-,-,-
Tyreek Hill,29399,Mia,WR,NA,Sun 4:05 pm @ Min,FA,-,6,0.00,320,747,18%,-,-,-,-,-,-,-,-,-,-,-,-,-
Josh Reynolds,30230,NYJ,WR,NA,Sun 1:00 pm @ Chi,FA,-,13,0.00,"2,120","1,020",0%,-,-,-,-,-,-,-,-,-,-,-,-,-
David Njoku,30142,LAC,TE,IR,Sun 4:25 pm @ Sea,FA,-,7,0.00,322,987,2%,-,-,-,-,-,-,-,-,-,-,-,-,-
Zay Jones,30150,Hou,WR,NA,Sun 1:00 pm vs Dal,FA,-,8,0.00,"2,264",994,0%,-,-,-,-,-,-,-,-,-,-,-,-,-
Curtis Samuel,30153,Buf,WR,NA,Sun 1:00 pm vs NE,FA,-,7,0.00,"2,272",995,0%,-,-,-,-,-,-,-,-,-,-,-,-,-
Joe Mixon,30161,Hou,RB,O,Sun 1:00 pm vs Dal,FA,-,8,0.00,"2,073",998,0%,-,-,-,-,-,-,-,-,-,-,-,-,-
JuJu Smith-Schuster,30175,NYG,WR,NA,Sun 1:00 pm vs Ari,FA,-,8,0.00,"2,117","1,001",0%,-,-,-,-,-,-,-,-,-,-,-,-,-
Kareem Hunt,30199,KC,RB,NA,Sun 4:25 pm @ LV,FA,-,5,0.00,313,"1,007",0%,-,-,-,-,-,-,-,-,-,-,-,-,-
James Conner,30218,Ari,RB,IR-R,Sun 1:00 pm @ NYG,FA,-,14,0.00,293,"1,013",7%,-,-,-,-,-,-,-,-,-,-,-,-,-
Malik Turner,31777,SF,WR,NA,Sun 4:25 pm vs Den,FA,-,8,0.00,"2,350",802,0%,-,-,-,-,-,-,-,-,-,-,-,-,-
A.J. Brown,31883,NE,WR,IR,Sun 1:00 pm @ Buf,Monday Night Madison,-,11,0.00,67,840,96%,-,-,-,-,-,-,-,-,-,-,-,-,-
Isaiah Hodgins,32877,Pit,WR,NA,Thu 8:15 pm @ Cle,FA,-,9,0.00,"2,256",543,0%,-,-,-,-,-,-,-,-,-,-,-,-,-
Antonio Gibson,32736,NE,RB,NA,Sun 1:00 pm @ Buf,FA,-,11,0.00,"2,126","1,176",0%,-,-,-,-,-,-,-,-,-,-,-,-,-
D'Ernest Johnson,32608,Ten,RB,NA,Sun 1:00 pm @ Bal,FA,-,9,0.00,"2,770","1,108",0%,-,-,-,-,-,-,-,-,-,-,-,-,-
Gunner Olszewski,32612,NYG,WR,IR,Sun 1:00 pm vs Ari,FA,-,8,0.00,"2,632","1,110",0%,-,-,-,-,-,-,-,-,-,-,-,-,-
Jalen Reagor,32691,Mia,WR,NA,Sun 4:05 pm @ Min,FA,-,6,0.00,"2,504","1,150",0%,-,-,-,-,-,-,-,-,-,-,-,-,-
Brandon Aiyuk,32695,SF,WR,NA,Sun 4:25 pm vs Den,FA,-,8,0.00,"2,118","1,151",1%,-,-,-,-,-,-,-,-,-,-,-,-,-
Cam Akers,32722,Sea,RB,NA,Sun 4:25 pm vs LAC,FA,-,11,0.00,"2,497","1,166",0%,-,-,-,-,-,-,-,-,-,-,-,-,-
Van Jefferson,32727,Was,WR,NA,Sun 9:30 am vs Ind,FA,-,7,0.00,"2,108","1,168",0%,-,-,-,-,-,-,-,-,-,-,-,-,-
Denzel Mims,32729,Dal,WR,NA,Sun 1:00 pm @ Hou,FA,-,14,0.00,"2,424","1,170",0%,-,-,-,-,-,-,-,-,-,-,-,-,-
Josiah Deguara,32764,Phi,TE,NA,Sun 1:00 pm vs LAR,FA,-,10,0.00,"2,507","1,192",0%,-,-,-,-,-,-,-,-,-,-,-,-,-
Lil'Jordan Humphrey,32494,Den,WR,,Sun 4:25 pm @ SF,FA,1,10,0.00,"2,486","1,077",0%,-,-,-,-,-,-,-,-,-,-,-,-,-
Harrison Bryant,32785,Hou,TE,NA,Sun 1:00 pm vs Dal,FA,-,8,0.00,"2,652",493,0%,-,-,-,-,-,-,-,-,-,-,-,-,-
A. Okwuegbunam Jr.,32788,LV,TE,NA,Sun 4:25 pm vs KC,FA,-,13,0.00,"2,133",496,0%,-,-,-,-,-,-,-,-,-,-,-,-,-
Gabe Davis,32798,Buf,WR,NA,Sun 1:00 pm vs NE,FA,-,7,0.00,"2,086",502,0%,-,-,-,-,-,-,-,-,-,-,-,-,-
Tyler Johnson,32831,NYJ,WR,NA,Sun 1:00 pm @ Chi,FA,-,13,0.00,"2,113",515,0%,-,-,-,-,-,-,-,-,-,-,-,-,-
K.J. Osborn,32846,Ten,WR,NA,Sun 1:00 pm @ Bal,FA,-,9,0.00,"2,484",521,0%,-,-,-,-,-,-,-,-,-,-,-,-,-
Quez Watkins,32870,Phi,WR,NA,Sun 1:00 pm vs LAR,FA,-,10,0.00,"2,351",534,0%,-,-,-,-,-,-,-,-,-,-,-,-,-
James Proche II,32871,Ten,WR,NA,Sun 1:00 pm @ Bal,FA,-,9,0.00,"2,685",536,0%,-,-,-,-,-,-,-,-,-,-,-,-,-
Craig Reynolds,32596,Was,RB,NA,Sun 9:30 am vs Ind,FA,-,7,0.00,"2,777","1,102",0%,-,-,-,-,-,-,-,-,-,-,-,-,-
Donald Parham Jr.,32456,Pit,TE,NA,Thu 8:15 pm @ Cle,FA,-,9,0.00,"2,230","1,068",0%,-,-,-,-,-,-,-,-,-,-,-,-,-
Miles Sanders,31885,Dal,RB,NA,Sun 1:00 pm @ Hou,FA,-,14,0.00,"2,076",843,0%,-,-,-,-,-,-,-,-,-,-,-,-,-
Trayveon Williams,32014,Det,RB,NA,Sun 8:20 pm @ Car,FA,-,6,0.00,"2,745",911,0%,-,-,-,-,-,-,-,-,-,-,-,-,-
Mecole Hardman Jr.,31888,Buf,WR,NA,Sun 1:00 pm vs NE,FA,-,7,0.00,"2,485",845,0%,-,-,-,-,-,-,-,-,-,-,-,-,-
Parris Campbell,31891,Dal,WR,NA,Sun 1:00 pm @ Hou,FA,-,14,0.00,"2,477",847,0%,-,-,-,-,-,-,-,-,-,-,-,-,-
Josh Oliver,31901,Min,TE,IR,Sun 4:05 pm vs Mia,FA,-,6,0.00,"2,047",848,0%,-,-,-,-,-,-,-,-,-,-,-,-,-
Alexander Mattison,31934,Mia,RB,NA,Sun 4:05 pm @ Min,FA,-,6,0.00,"2,253",864,0%,-,-,-,-,-,-,-,-,-,-,-,-,-
Hakeem Butler,31935,Den,WR,NA,Sun 4:25 pm @ SF,FA,-,10,0.00,"2,451",865,0%,-,-,-,-,-,-,-,-,-,-,-,-,-
Gary Jennings,31952,LAC,WR,NA,Sun 4:25 pm @ Sea,FA,-,7,0.00,"2,321",874,0%,-,-,-,-,-,-,-,-,-,-,-,-,-
Hunter Renfrow,31981,Car,WR,NA,Sun 8:20 pm vs Det,FA,-,5,0.00,"2,081",893,0%,-,-,-,-,-,-,-,-,-,-,-,-,-
Juwann Winfree,32019,Hou,WR,NA,Sun 1:00 pm vs Dal,FA,-,8,0.00,"2,291",914,0%,-,-,-,-,-,-,-,-,-,-,-,-,-
Chris Myarick,32442,LV,TE,NA,Sun 4:25 pm vs KC,FA,-,13,0.00,"2,132","1,064",0%,-,-,-,-,-,-,-,-,-,-,-,-,-
Scotty Miller,32040,Chi,WR,NA,Sun 1:00 pm vs NYJ,FA,-,10,0.00,"2,630",930,0%,-,-,-,-,-,-,-,-,-,-,-,-,-
Alex Bachman,32124,LAR,WR,NA,Sun 1:00 pm @ Phi,FA,-,11,0.00,"2,747",967,0%,-,-,-,-,-,-,-,-,-,-,-,-,-
Andrew Beck,32225,NYJ,RB,,Sun 1:00 pm @ Chi,FA,-,13,0.00,"2,773","1,003",0%,-,-,-,-,-,-,-,-,-,-,-,-,-
Stephen Carlson,32273,Chi,TE,NA,Sun 1:00 pm vs NYJ,FA,-,10,0.00,"2,219","1,016",0%,-,-,-,-,-,-,-,-,-,-,-,-,-
D.J. Montgomery,32283,Ind,WR,IR,Sun 9:30 am @ Was,FA,-,13,0.00,"2,384","1,024",0%,-,-,-,-,-,-,-,-,-,-,-,-,-
Tyree Jackson,32415,Was,TE,NA,Sun 9:30 am vs Ind,FA,-,7,0.00,"2,160","1,055",0%,-,-,-,-,-,-,-,-,-,-,-,-,-
David Sills V,32418,TB,WR,IR-R,Sun 1:00 pm vs GB,FA,-,10,0.00,"2,247","1,056",0%,-,-,-,-,-,-,-,-,-,-,-,-,-
Trenton Irwin,32438,SF,WR,NA,Sun 4:25 pm vs Den,FA,-,8,0.00,"2,525","1,060",0%,-,-,-,-,-,-,-,-,-,-,-,-,-
Malik Davis,34610,Dal,RB,IR,Sun 1:00 pm @ Hou,FA,-,14,0.00,"2,483","1,092",1%,-,-,-,-,-,-,-,-,-,-,-,-,-
Tucker Fisk,34625,LAC,TE,NA,Sun 4:25 pm @ Sea,FA,-,7,0.00,"2,647","1,095",0%,-,-,-,-,-,-,-,-,-,-,-,-,-
Nick Nash,42185,Was,WR,NA,Sun 9:30 am vs Ind,FA,-,7,0.00,"2,336",868,0%,-,-,-,-,-,-,-,-,-,-,-,-,-
John Jiles,41687,NE,WR,NA,Sun 1:00 pm @ Buf,FA,-,11,0.00,"2,403",748,0%,-,-,-,-,-,-,-,-,-,-,-,-,-
Cole Burgess,41502,Pit,WR,IR,Thu 8:15 pm @ Cle,FA,-,9,0.00,"2,314",716,0%,-,-,-,-,-,-,-,-,-,-,-,-,-
Shawn Bowman,41512,Ari,TE,NA,Sun 1:00 pm @ NYG,FA,-,14,0.00,"2,197",717,0%,-,-,-,-,-,-,-,-,-,-,-,-,-
Baylor Cupp,41556,Ari,TE,NA,Sun 1:00 pm @ NYG,FA,-,14,0.00,"2,170",724,0%,-,-,-,-,-,-,-,-,-,-,-,-,-
Qadir Ismail,41562,Chi,TE,NA,Sun 1:00 pm vs NYJ,FA,-,10,0.00,"2,232",727,0%,-,-,-,-,-,-,-,-,-,-,-,-,-
Jabari Small,41661,Det,RB,NA,Sun 8:20 pm @ Car,FA,-,6,0.00,"2,537",742,0%,-,-,-,-,-,-,-,-,-,-,-,-,-
David Martin-Robinson,41662,Ten,TE,,Sun 1:00 pm @ Bal,FA,-,9,0.00,"2,633",743,0%,-,-,-,-,-,-,-,-,-,-,-,-,-
Brenden Bates,41675,Jax,TE,NA,Sun 1:00 pm @ Cin,FA,-,7,0.00,"2,489",745,0%,-,-,-,-,-,-,-,-,-,-,-,-,-
Terrell Jennings,41713,NE,RB,NA,Sun 1:00 pm @ Buf,FA,-,11,0.00,"2,678",752,0%,-,-,-,-,-,-,-,-,-,-,-,-,-
Messiah Swinson,41463,Cle,TE,NA,Thu 8:15 pm vs Pit,FA,-,11,0.00,"2,137",713,0%,-,-,-,-,-,-,-,-,-,-,-,-,-
Jayden Higgins,41819,Hou,WR,IR,Sun 1:00 pm vs Dal,FA,-,8,0.00,"2,037",765,3%,-,-,-,-,-,-,-,-,-,-,-,-,-
Terrance Ferguson,41831,LAR,TE,D,Sun 1:00 pm @ Phi,FA,1,11,0.00,143,766,23%,-,-,-,-,-,-,-,-,-,-,-,-,-
Jack Bech,41843,LV,WR,IR,Sun 4:25 pm vs KC,FA,-,13,0.00,260,769,1%,-,-,-,-,-,-,-,-,-,-,-,-,-
Savion Williams,41851,GB,WR,IR-R,Sun 1:00 pm @ TB,FA,-,11,0.00,"2,637",770,0%,-,-,-,-,-,-,-,-,-,-,-,-,-
Dont'e Thornton Jr.,41892,LV,WR,IR,Sun 4:25 pm vs KC,FA,-,13,0.00,"2,639",774,0%,-,-,-,-,-,-,-,-,-,-,-,-,-
Arian Smith,41896,NYJ,WR,IR,Sun 1:00 pm @ Chi,FA,-,13,0.00,"2,759",775,0%,-,-,-,-,-,-,-,-,-,-,-,-,-
Dylan Sampson,41907,Cle,RB,IR,Thu 8:15 pm vs Pit,FA,-,11,0.00,257,780,7%,-,-,-,-,-,-,-,-,-,-,-,-,-
Carson Steele,41464,Phi,RB,NA,Sun 1:00 pm vs LAR,FA,-,10,0.00,"2,646",714,0%,-,-,-,-,-,-,-,-,-,-,-,-,-
Julian Hicks,41451,Sea,WR,NA,Sun 4:25 pm vs LAC,FA,-,11,0.00,"2,449",710,0%,-,-,-,-,-,-,-,-,-,-,-,-,-
KeAndre Lambert-Smith,41944,LAC,WR,IR,Sun 4:25 pm @ Sea,FA,-,7,0.00,"2,649",785,0%,-,-,-,-,-,-,-,-,-,-,-,-,-
Ian Wheeler,41322,Buf,RB,NA,Sun 1:00 pm vs NE,FA,-,7,0.00,"2,560",651,0%,-,-,-,-,-,-,-,-,-,-,-,-,-
Michael Wiley,41234,TB,RB,NA,Sun 1:00 pm vs GB,FA,-,10,0.00,"2,563",617,0%,-,-,-,-,-,-,-,-,-,-,-,-,-
Frank Gore Jr.,41243,Buf,RB,NA,Sun 1:00 pm vs NE,FA,-,7,0.00,"2,711",621,0%,-,-,-,-,-,-,-,-,-,-,-,-,-
Bryce Oliver,41251,Hou,WR,NA,Sun 1:00 pm vs Dal,FA,-,8,0.00,"2,505",623,0%,-,-,-,-,-,-,-,-,-,-,-,-,-
Chris Collier,41261,LV,RB,IR,Sun 4:25 pm vs KC,FA,-,13,0.00,"2,675",627,0%,-,-,-,-,-,-,-,-,-,-,-,-,-
Dayton Wade,41262,Bal,WR,NA,Sun 1:00 pm vs Ten,FA,-,13,0.00,"2,446",628,0%,-,-,-,-,-,-,-,-,-,-,-,-,-
Xavier Johnson,41274,Cin,WR,NA,Sun 1:00 pm vs Jax,FA,-,6,0.00,"2,319",629,0%,-,-,-,-,-,-,-,-,-,-,-,-,-
Lawrence Keys,41275,Det,WR,NA,Sun 8:20 pm @ Car,FA,-,6,0.00,"2,402",630,0%,-,-,-,-,-,-,-,-,-,-,-,-,-
Jack Westover,41352,Was,"RB,TE",NA,Sun 9:30 am vs Ind,FA,-,7,0.00,"2,734",664,0%,-,-,-,-,-,-,-,-,-,-,-,-,-
Joshua Cephus,41411,Jax,WR,NA,Sun 1:00 pm @ Cin,FA,-,7,0.00,"2,392",696,0%,-,-,-,-,-,-,-,-,-,-,-,-,-
Cam Grandy,41353,Min,TE,NA,Sun 4:05 pm vs Mia,FA,-,6,0.00,"2,251",665,0%,-,-,-,-,-,-,-,-,-,-,-,-,-
Treyton Welch,41363,NO,TE,,Mon 8:15 pm vs Atl,FA,-,8,0.00,"2,516",670,0%,-,-,-,-,-,-,-,-,-,-,-,-,-
Mason Pline,41368,KC,TE,NA,Sun 4:25 pm @ LV,FA,-,5,0.00,"2,223",673,0%,-,-,-,-,-,-,-,-,-,-,-,-,-
McCallan Castles,41373,GB,TE,NA,Sun 1:00 pm @ TB,FA,-,11,0.00,"2,173",675,0%,-,-,-,-,-,-,-,-,-,-,-,-,-
Kendall Milton,41377,Cin,RB,NA,Sun 1:00 pm vs Jax,FA,-,6,0.00,"2,555",678,0%,-,-,-,-,-,-,-,-,-,-,-,-,-
Blake Watson,41388,Ten,RB,NA,Sun 1:00 pm @ Bal,FA,-,9,0.00,"2,584",682,0%,-,-,-,-,-,-,-,-,-,-,-,-,-
Thomas Yassmin,41397,GB,TE,IR,Sun 1:00 pm @ TB,FA,-,11,0.00,"2,227",689,0%,-,-,-,-,-,-,-,-,-,-,-,-,-
Trevor Etienne,41913,Car,RB,IR-R,Sun 8:20 pm vs Det,FA,-,5,0.00,304,781,1%,-,-,-,-,-,-,-,-,-,-,-,-,-
Robbie Ouzts,41961,Sea,"RB,TE",IR,Sun 4:25 pm vs LAC,FA,-,11,0.00,"2,283",786,0%,-,-,-,-,-,-,-,-,-,-,-,-,-
Isaiah Wooden,41226,LAC,WR,NA,Sun 4:25 pm @ Sea,FA,-,7,0.00,"2,452",614,0%,-,-,-,-,-,-,-,-,-,-,-,-,-
Coleman Owen,42130,GB,WR,NA,Sun 1:00 pm @ TB,FA,-,11,0.00,"2,378",846,0%,-,-,-,-,-,-,-,-,-,-,-,-,-
Will Sheppard,42089,Mia,WR,NA,Sun 4:05 pm @ Min,FA,-,6,0.00,"2,364",826,0%,-,-,-,-,-,-,-,-,-,-,-,-,-
Garrett Greene,42091,TB,WR,NA,Sun 1:00 pm vs GB,FA,-,10,0.00,"2,430",827,0%,-,-,-,-,-,-,-,-,-,-,-,-,-
Ahmani Marshall,42092,Car,RB,NA,Sun 8:20 pm vs Det,FA,-,5,0.00,"2,612",828,0%,-,-,-,-,-,-,-,-,-,-,-,-,-
Bryson Green,42100,Ari,WR,NA,Sun 1:00 pm @ NYG,FA,-,14,0.00,"2,396",831,0%,-,-,-,-,-,-,-,-,-,-,-,-,-
Luke Grimm,42104,LAC,WR,NA,Sun 4:25 pm @ Sea,FA,-,7,0.00,"2,455",832,0%,-,-,-,-,-,-,-,-,-,-,-,-,-
Mac Dalena,42107,Buf,WR,NA,Sun 1:00 pm vs NE,FA,-,7,0.00,"2,324",833,0%,-,-,-,-,-,-,-,-,-,-,-,-,-
Ulysses Bentley IV,42126,NO,RB,NA,Mon 8:15 pm vs Atl,FA,-,8,0.00,"2,571",844,0%,-,-,-,-,-,-,-,-,-,-,-,-,-
Josh Kelly,42150,Hou,WR,NA,Sun 1:00 pm vs Dal,FA,-,8,0.00,"2,296",852,0%,-,-,-,-,-,-,-,-,-,-,-,-,-
Joaquin Davis,42072,Pit,WR,NA,Thu 8:15 pm @ Cle,FA,-,9,0.00,"2,408",819,0%,-,-,-,-,-,-,-,-,-,-,-,-,-
Traeshon Holden,42151,Dal,WR,NA,Sun 1:00 pm @ Hou,FA,-,14,0.00,"2,447",853,0%,-,-,-,-,-,-,-,-,-,-,-,-,-
Rivaldo Fairweather,42153,Ari,TE,NA,Sun 1:00 pm @ NYG,FA,-,14,0.00,"2,155",854,0%,-,-,-,-,-,-,-,-,-,-,-,-,-
Theo Wease Jr.,42161,LAC,WR,NA,Sun 4:25 pm @ Sea,FA,-,7,0.00,"2,466",855,0%,-,-,-,-,-,-,-,-,-,-,-,-,-
Andrew Armstrong,42162,KC,WR,NA,Sun 4:25 pm @ LV,FA,-,5,0.00,"2,322",856,0%,-,-,-,-,-,-,-,-,-,-,-,-,-
AJ Henning,42163,Mia,WR,NA,Sun 4:05 pm @ Min,FA,-,6,0.00,"2,383",857,0%,-,-,-,-,-,-,-,-,-,-,-,-,-
Jalin Conyers,42167,Mia,TE,NA,Sun 4:05 pm @ Min,FA,-,6,0.00,"2,222",860,0%,-,-,-,-,-,-,-,-,-,-,-,-,-
Montrell Johnson Jr.,42173,Car,RB,NA,Sun 8:20 pm vs Det,FA,-,5,0.00,"2,583",863,0%,-,-,-,-,-,-,-,-,-,-,-,-,-
Josh Williams,42086,TB,RB,NA,Sun 1:00 pm vs GB,FA,-,10,0.00,"2,719",824,0%,-,-,-,-,-,-,-,-,-,-,-,-,-
Courtney Jackson,42071,Ten,WR,NA,Sun 1:00 pm @ Bal,FA,-,9,0.00,"2,288",818,0%,-,-,-,-,-,-,-,-,-,-,-,-,-
Devin Neal,41972,Min,RB,NA,Sun 4:05 pm vs Mia,FA,-,6,0.00,312,790,0%,-,-,-,-,-,-,-,-,-,-,-,-,-
Caleb Lohner,42027,Den,TE,IR-R,Sun 4:25 pm @ SF,FA,-,10,0.00,"2,220",805,0%,-,-,-,-,-,-,-,-,-,-,-,-,-
Kalel Mullings,41986,Ten,RB,NA,Sun 1:00 pm @ Bal,FA,-,9,0.00,"2,573",792,0%,-,-,-,-,-,-,-,-,-,-,-,-,-
Gavin Bartholomew,41994,Min,TE,,Sun 4:05 pm vs Mia,FA,-,6,0.00,"2,216",795,0%,-,-,-,-,-,-,-,-,-,-,-,-,-
Jimmy Horn Jr.,41999,Cle,WR,NA,Thu 8:15 pm vs Pit,FA,-,11,0.00,"2,743",797,0%,-,-,-,-,-,-,-,-,-,-,-,-,-
Moliki Matavao,42006,NO,TE,IR,Mon 8:15 pm vs Atl,FA,-,8,0.00,"2,207",799,0%,-,-,-,-,-,-,-,-,-,-,-,-,-
Damien Martinez,42015,GB,RB,NA,Sun 1:00 pm @ TB,FA,-,11,0.00,"2,532",801,0%,-,-,-,-,-,-,-,-,-,-,-,-,-
Phil Mafah,42018,NYG,RB,NA,Sun 1:00 pm vs Ari,FA,-,8,0.00,"2,590",803,0%,-,-,-,-,-,-,-,-,-,-,-,-,-
Kaden Prather,42020,GB,WR,NA,Sun 1:00 pm @ TB,FA,-,11,0.00,"2,465",804,0%,-,-,-,-,-,-,-,-,-,-,-,-,-
Junior Bergen,42032,NYJ,WR,NA,Sun 1:00 pm @ Chi,FA,-,13,0.00,"2,305",806,0%,-,-,-,-,-,-,-,-,-,-,-,-,-
Keleki Latu,42063,Buf,TE,,Sun 1:00 pm vs NE,FA,-,7,0.00,"2,517",816,0%,-,-,-,-,-,-,-,-,-,-,-,-,-
Luke Lachey,42041,Hou,TE,NA,Sun 1:00 pm vs Dal,FA,-,8,0.00,"2,172",808,0%,-,-,-,-,-,-,-,-,-,-,-,-,-
Ricky White III,42042,Sea,WR,NA,Sun 4:25 pm vs LAC,FA,-,11,0.00,"2,404",809,0%,-,-,-,-,-,-,-,-,-,-,-,-,-
Dominic Lovett,42043,Det,WR,NA,Sun 8:20 pm @ Car,FA,-,6,0.00,"2,423",810,0%,-,-,-,-,-,-,-,-,-,-,-,-,-
JP Richardson,42047,Chi,WR,NA,Sun 1:00 pm vs NYJ,FA,-,10,0.00,"2,311",812,0%,-,-,-,-,-,-,-,-,-,-,-,-,-
Jordan Moore,42057,Cin,WR,NA,Sun 1:00 pm vs Jax,FA,-,6,0.00,"2,460",813,0%,-,-,-,-,-,-,-,-,-,-,-,-,-
Hal Presley III,42060,KC,WR,NA,Sun 4:25 pm @ LV,FA,-,5,0.00,"2,346",814,0%,-,-,-,-,-,-,-,-,-,-,-,-,-
Stephen Gosnell,42062,Buf,WR,NA,Sun 1:00 pm vs NE,FA,-,7,0.00,"2,308",815,0%,-,-,-,-,-,-,-,-,-,-,-,-,-
JaQuae Jackson,41231,LAC,WR,NA,Sun 4:25 pm @ Sea,FA,-,7,0.00,"2,399",615,0%,-,-,-,-,-,-,-,-,-,-,-,-,-
Jeshaun Jones,41205,Min,WR,,Sun 4:05 pm vs Mia,FA,-,6,0.00,"2,368",604,0%,-,-,-,-,-,-,-,-,-,-,-,-,-
Stone Smartt,34637,NO,TE,NA,Mon 8:15 pm vs Atl,FA,-,8,0.00,"2,471","1,101",0%,-,-,-,-,-,-,-,-,-,-,-,-,-
Joel Wilson,40346,Ten,TE,NA,Sun 1:00 pm @ Bal,FA,-,9,0.00,"2,167",976,0%,-,-,-,-,-,-,-,-,-,-,-,-,-
Zack Kuntz,40255,Dal,TE,NA,Sun 1:00 pm @ Hou,FA,-,14,0.00,"2,179",941,0%,-,-,-,-,-,-,-,-,-,-,-,-,-
Brayden Willis,40261,SF,TE,,Sun 4:25 pm vs Den,FA,-,8,0.00,"2,757",943,0%,-,-,-,-,-,-,-,-,-,-,-,-,-
Colton Dowell,40263,SF,WR,NA,Sun 4:25 pm vs Den,FA,-,8,0.00,"2,338",945,0%,-,-,-,-,-,-,-,-,-,-,-,-,-
Kenny McIntosh,40267,Sea,RB,NA,Sun 4:25 pm vs LAC,FA,-,11,0.00,"2,638",946,0%,-,-,-,-,-,-,-,-,-,-,-,-,-
Ronnie Bell,40279,LV,WR,NA,Sun 4:25 pm vs KC,FA,-,13,0.00,"2,522",954,0%,-,-,-,-,-,-,-,-,-,-,-,-,-
Malik Cunningham,40290,Det,WR,NA,Sun 8:20 pm @ Car,FA,-,6,0.00,"2,407",956,0%,-,-,-,-,-,-,-,-,-,-,-,-,-
Ben Sims,40335,Mia,TE,NA,Sun 4:05 pm @ Min,FA,-,6,0.00,"2,246",973,0%,-,-,-,-,-,-,-,-,-,-,-,-,-
Elijah Cooks,40374,Car,WR,NA,Sun 8:20 pm vs Det,FA,-,5,0.00,"2,323",985,0%,-,-,-,-,-,-,-,-,-,-,-,-,-
Deuce Vaughn,40240,Hou,RB,NA,Sun 1:00 pm vs Dal,FA,-,8,0.00,"2,642",934,0%,-,-,-,-,-,-,-,-,-,-,-,-,-
Carlos Washington Jr.,40420,Mia,RB,NA,Sun 4:05 pm @ Min,FA,-,6,0.00,"2,611","1,004",0%,-,-,-,-,-,-,-,-,-,-,-,-,-
Malik Heath,40445,Atl,WR,NA,Mon 8:15 pm @ NO,FA,-,11,0.00,"2,282","1,009",0%,-,-,-,-,-,-,-,-,-,-,-,-,-
Jake Bobo,40452,Sea,WR,IR,Sun 4:25 pm vs LAC,FA,-,11,0.00,"2,714","1,011",0%,-,-,-,-,-,-,-,-,-,-,-,-,-
Isaiah Winstead,40466,Pit,WR,NA,Thu 8:15 pm @ Cle,FA,-,9,0.00,"2,388","1,017",0%,-,-,-,-,-,-,-,-,-,-,-,-,-
Shedrick Jackson,40491,Bal,WR,NA,Sun 1:00 pm vs Ten,FA,-,13,0.00,"2,445","1,028",0%,-,-,-,-,-,-,-,-,-,-,-,-,-
Ben VanSumeren,40518,KC,RB,,Sun 4:25 pm @ LV,FA,-,5,0.00,"2,718","1,033",0%,-,-,-,-,-,-,-,-,-,-,-,-,-
Brady Russell,40519,Sea,"RB,TE",,Sun 4:25 pm vs LAC,FA,-,11,0.00,"2,760","1,034",0%,-,-,-,-,-,-,-,-,-,-,-,-,-
A.T. Perry,40242,Den,WR,NA,Sun 4:25 pm @ SF,FA,-,10,0.00,"2,290",936,0%,-,-,-,-,-,-,-,-,-,-,-,-,-
Scott Matlock,40225,LAC,RB,IR-R,Sun 4:25 pm @ Sea,FA,-,7,0.00,"2,727",923,0%,-,-,-,-,-,-,-,-,-,-,-,-,-
Zavier Scott,40539,Chi,RB,NA,Sun 1:00 pm vs NYJ,FA,-,10,0.00,"2,645","1,041",0%,-,-,-,-,-,-,-,-,-,-,-,-,-
De'Von Achane,40118,Mia,RB,IR,Sun 4:05 pm @ Min,Jason's Jazzy Team,-,6,0.00,316,858,52%,-,-,-,-,-,-,-,-,-,-,-,-,-
Lucas Krull,34654,Den,TE,NA,Sun 4:25 pm @ SF,FA,-,10,0.00,"2,627","1,106",0%,-,-,-,-,-,-,-,-,-,-,-,-,-
Jashaun Corbin,34665,Dal,RB,NA,Sun 1:00 pm @ Hou,FA,-,14,0.00,"2,599","1,112",0%,-,-,-,-,-,-,-,-,-,-,-,-,-
Maurice Alexander,34712,Chi,WR,NA,Sun 1:00 pm vs NYJ,FA,-,10,0.00,"2,331","1,135",0%,-,-,-,-,-,-,-,-,-,-,-,-,-
Jayden Reed,40063,GB,WR,IR,Sun 1:00 pm @ TB,Locked In Michelle,-,11,0.00,203,834,42%,-,-,-,-,-,-,-,-,-,-,-,-,-
Luke Musgrave,40074,GB,TE,PUP-R,Sun 1:00 pm @ TB,FA,-,11,0.00,"2,115",838,0%,-,-,-,-,-,-,-,-,-,-,-,-,-
Zach Charbonnet,40075,Sea,RB,PUP-R,Sun 4:25 pm vs LAC,FA,-,11,0.00,245,839,56%,-,-,-,-,-,-,-,-,-,-,-,-,-
Tank Dell,40097,Hou,WR,IR-R,Sun 1:00 pm vs Dal,FA,-,8,0.00,"2,109",851,16%,-,-,-,-,-,-,-,-,-,-,-,-,-
Jalin Hyatt,40128,NYG,WR,NA,Sun 1:00 pm vs Ari,FA,-,8,0.00,"2,712",866,0%,-,-,-,-,-,-,-,-,-,-,-,-,-
Trey Palmer,40223,NO,WR,NA,Mon 8:15 pm vs Atl,FA,-,8,0.00,"2,498",920,0%,-,-,-,-,-,-,-,-,-,-,-,-,-
Tyler Scott,40141,LV,WR,NA,Sun 4:25 pm vs KC,FA,-,13,0.00,"2,529",872,0%,-,-,-,-,-,-,-,-,-,-,-,-,-
Israel Abanikanda,40165,Dal,RB,NA,Sun 1:00 pm @ Hou,FA,-,14,0.00,"2,598",886,0%,-,-,-,-,-,-,-,-,-,-,-,-,-
Justin Shorter,40167,LV,"WR,TE",NA,Sun 4:25 pm vs KC,FA,-,13,0.00,"2,258",888,0%,-,-,-,-,-,-,-,-,-,-,-,-,-
Evan Hull,40169,Ari,RB,NA,Sun 1:00 pm @ NYG,FA,-,14,0.00,"2,787",890,0%,-,-,-,-,-,-,-,-,-,-,-,-,-
Will Mallory,40180,Ind,TE,IR-R,Sun 9:30 am @ Was,FA,-,13,0.00,"2,261",897,0%,-,-,-,-,-,-,-,-,-,-,-,-,-
Eric Gray,40198,Cle,RB,NA,Thu 8:15 pm vs Pit,FA,-,11,0.00,"2,656",908,0%,-,-,-,-,-,-,-,-,-,-,-,-,-
Andrei Iosivas,40211,Cin,WR,IR,Sun 1:00 pm vs Jax,FA,-,6,0.00,277,915,0%,-,-,-,-,-,-,-,-,-,-,-,-,-
Bryce Ford-Wheaton,40529,NYG,WR,NA,Sun 1:00 pm vs Ari,FA,-,8,0.00,"2,615","1,038",0%,-,-,-,-,-,-,-,-,-,-,-,-,-
Jason Brownlee,40545,KC,WR,NA,Sun 4:25 pm @ LV,FA,-,5,0.00,"2,414","1,043",0%,-,-,-,-,-,-,-,-,-,-,-,-,-
Xavier Weaver,41202,Ari,WR,NA,Sun 1:00 pm @ NYG,FA,-,14,0.00,"2,654",603,0%,-,-,-,-,-,-,-,-,-,-,-,-,-
Johnny Wilson,41089,Phi,WR,IR,Sun 1:00 pm vs LAR,FA,-,10,0.00,"2,509",554,0%,-,-,-,-,-,-,-,-,-,-,-,-,-
Ainias Smith,41030,Car,WR,NA,Sun 8:20 pm vs Det,FA,-,5,0.00,"2,277",518,0%,-,-,-,-,-,-,-,-,-,-,-,-,-
DeAndre Hopkins,26650,Bal,WR,NA,Sun 1:00 pm vs Ten,FA,-,13,0.00,"2,100",499,0%,-,-,-,-,-,-,-,-,-,-,-,-,-
Jawhar Jordan,41064,Hou,RB,NA,Sun 1:00 pm vs Dal,FA,-,8,0.00,"2,067",538,0%,-,-,-,-,-,-,-,-,-,-,-,-,-
Jha'Quan Jackson,41065,Hou,WR,NA,Sun 1:00 pm vs Dal,FA,-,8,0.00,"2,620",539,0%,-,-,-,-,-,-,-,-,-,-,-,-,-
Tanner McLachlan,41066,SF,TE,NA,Sun 4:25 pm vs Den,FA,-,8,0.00,"2,210",540,0%,-,-,-,-,-,-,-,-,-,-,-,-,-
Casey Washington,41074,Car,WR,NA,Sun 8:20 pm vs Det,FA,-,5,0.00,"2,500",545,0%,-,-,-,-,-,-,-,-,-,-,-,-,-
Tejhaun Palmer,41079,NE,WR,NA,Sun 1:00 pm @ Buf,FA,-,11,0.00,"2,315",547,0%,-,-,-,-,-,-,-,-,-,-,-,-,-
Brenden Rice,41098,LV,WR,NA,Sun 4:25 pm vs KC,FA,-,13,0.00,"2,462",557,0%,-,-,-,-,-,-,-,-,-,-,-,-,-
Jamari Thrash,41016,Cle,WR,NA,Thu 8:15 pm vs Pit,FA,-,11,0.00,"2,664",511,0%,-,-,-,-,-,-,-,-,-,-,-,-,-
Cornelius Johnson,41099,Bal,WR,NA,Sun 1:00 pm vs Ten,FA,-,13,0.00,"2,419",559,0%,-,-,-,-,-,-,-,-,-,-,-,-,-
Tahj Washington,41104,Mia,WR,NA,Sun 4:05 pm @ Min,FA,-,6,0.00,"2,438",563,0%,-,-,-,-,-,-,-,-,-,-,-,-,-
Jaheim Bell,41106,Pit,TE,NA,Thu 8:15 pm @ Cle,FA,-,9,0.00,"2,260",565,0%,-,-,-,-,-,-,-,-,-,-,-,-,-
Devin Culp,41120,TB,TE,NA,Sun 1:00 pm vs GB,FA,-,10,0.00,"2,142",572,0%,-,-,-,-,-,-,-,-,-,-,-,-,-
John Rhys Plumlee,41135,Pit,WR,NA,Thu 8:15 pm @ Cle,FA,-,9,0.00,"2,333",581,0%,-,-,-,-,-,-,-,-,-,-,-,-,-
Mason Tipton,41188,NO,WR,PUP-R,Mon 8:15 pm vs Atl,FA,-,8,0.00,"2,648",596,0%,-,-,-,-,-,-,-,-,-,-,-,-,-
Cody Schrader,41193,Den,RB,NA,Sun 4:25 pm @ SF,FA,-,10,0.00,"2,577",598,0%,-,-,-,-,-,-,-,-,-,-,-,-,-
Audric Estime,41019,Min,RB,NA,Sun 4:05 pm vs Mia,FA,-,6,0.00,311,513,0%,-,-,-,-,-,-,-,-,-,-,-,-,-
Isaac Guerendo,40998,SF,RB,PUP-R,Sun 4:25 pm vs Den,FA,-,8,0.00,"2,765",503,0%,-,-,-,-,-,-,-,-,-,-,-,-,-
Xavier Gipson,40548,Phi,WR,NA,Sun 1:00 pm vs LAR,FA,-,10,0.00,"2,769","1,044",0%,-,-,-,-,-,-,-,-,-,-,-,-,-
Jalen Cropper,40774,NO,WR,NA,Mon 8:15 pm vs Atl,FA,-,8,0.00,"2,668","1,097",0%,-,-,-,-,-,-,-,-,-,-,-,-,-
Deneric Prince,40570,NE,RB,NA,Sun 1:00 pm @ Buf,FA,-,11,0.00,"2,553","1,046",0%,-,-,-,-,-,-,-,-,-,-,-,-,-
Julian Hill,40629,NE,TE,IR,Sun 1:00 pm @ Buf,FA,-,11,0.00,"2,279","1,059",0%,-,-,-,-,-,-,-,-,-,-,-,-,-
Tyrell Shavers,40630,Buf,WR,PUP-R,Sun 1:00 pm vs NE,FA,-,7,0.00,"2,233","1,061",0%,-,-,-,-,-,-,-,-,-,-,-,-,-
Jordan Mims,40631,Phi,RB,NA,Sun 1:00 pm vs LAR,FA,-,10,0.00,"2,628","1,062",0%,-,-,-,-,-,-,-,-,-,-,-,-,-
Owen Wright,40639,LV,RB,NA,Sun 4:25 pm vs KC,FA,-,13,0.00,"2,570","1,066",0%,-,-,-,-,-,-,-,-,-,-,-,-,-
Travis Vokolek,40643,Ari,TE,NA,Sun 1:00 pm @ NYG,FA,-,14,0.00,"2,156","1,067",0%,-,-,-,-,-,-,-,-,-,-,-,-,-
Dylan Drummond,40737,Atl,WR,NA,Mon 8:15 pm @ NO,FA,-,11,0.00,"2,676","1,087",0%,-,-,-,-,-,-,-,-,-,-,-,-,-
Princeton Fant,40778,Dal,TE,IR,Sun 1:00 pm @ Hou,FA,-,14,0.00,"2,202","1,100",0%,-,-,-,-,-,-,-,-,-,-,-,-,-
Jared Wiley,40978,KC,TE,,Sun 4:25 pm @ LV,FA,-,5,0.00,"2,147",494,0%,-,-,-,-,-,-,-,-,-,-,-,-,-
Lucky Jackson,40791,Det,WR,NA,Sun 8:20 pm @ Car,FA,-,6,0.00,"2,467","1,103",0%,-,-,-,-,-,-,-,-,-,-,-,-,-
Dante Miller,40874,NYG,RB,NA,Sun 1:00 pm vs Ari,FA,-,8,0.00,"2,600","1,146",0%,-,-,-,-,-,-,-,-,-,-,-,-,-
Ricky Pearsall,40892,SF,WR,IR,Sun 4:25 pm vs Den,FA,-,8,0.00,335,"1,154",3%,-,-,-,-,-,-,-,-,-,-,-,-,-
Ja'Lynn Polk,40914,NO,WR,NA,Mon 8:15 pm vs Atl,FA,-,8,0.00,"2,490","1,165",0%,-,-,-,-,-,-,-,-,-,-,-,-,-
Jonathon Brooks,40926,Car,RB,IR,Sun 8:20 pm vs Det,Sunday Kevin,-,5,0.00,264,"1,174",56%,-,-,-,-,-,-,-,-,-,-,-,-,-
Jalen McMillan,40954,TB,WR,IR,Sun 1:00 pm vs GB,FA,-,10,0.00,216,"1,189",7%,-,-,-,-,-,-,-,-,-,-,-,-,-
Trey Benson,40958,Ari,RB,IR,Sun 1:00 pm @ NYG,FA,-,14,0.00,"2,090","1,193",0%,-,-,-,-,-,-,-,-,-,-,-,-,-
Tip Reiman,40959,Ari,TE,PUP-R,Sun 1:00 pm @ NYG,FA,-,14,0.00,"2,635","1,194",0%,-,-,-,-,-,-,-,-,-,-,-,-,-
Bub Means,41045,Cle,WR,NA,Thu 8:15 pm vs Pit,FA,-,11,0.00,"2,244",527,0%,-,-,-,-,-,-,-,-,-,-,-,-,-
