Date,Player,Player ID,Team,Positions,Status,Roster Status,Change,Game
Oct 3,Jayden Price,41504,NO,CB,,FA,On Injured Reserve,Mon 8:15 pm vs Atl
Oct 3,Treyton Welch,41363,NO,TE,,FA,On Injured Reserve,Mon 8:15 pm vs Atl
Oct 3,Yasir Abdullah,40183,Atl,LB,,FA,On Injured Reserve,Mon 8:15 pm @ NO
Oct 3,Nathan Shepherd,31042,NO,DT,,FA,On Injured Reserve,Mon 8:15 pm vs Atl
Oct 3,Jaden Dugger,42775,SF,LB,,W (Oct 7),On Injured Reserve,Final W 24-14 vs Den
Oct 3,Josaiah Stewart,41853,LAR,"LB,DE",,W (Oct 7),On Injured Reserve,Final W 24-20 @ Phi
Oct 3,Byron Young,40124,LAR,LB,,W (Oct 7),On Injured Reserve,Final W 24-20 @ Phi
Oct 3,Dexter Lawrence II,31849,Cin,"DL,DT",,W (Oct 7),On Injured Reserve,Final L 17-22 vs Jax
Oct 3,KhaDarel Hodge,31769,SF,WR,NA,W (Oct 7),Off Injured Reserve,Final W 24-14 vs Den
Oct 3,Aaron Jones Sr.,30295,Min,RB,,Locked In Michelle,Off Injured Reserve,Final W 15-10 vs Mia
Oct 3,Tyler Higbee,29344,LAR,TE,,W (Oct 7),On Injured Reserve,Final W 24-20 @ Phi
Oct 3,Harrison Smith,25739,Min,S,,W (Oct 7),On Injured Reserve,Final W 15-10 vs Mia
Oct 2,Kendal Daniels,42756,Atl,LB,,FA,On Injured Reserve,Mon 8:15 pm @ NO
Oct 2,Cam Jackson,41926,Car,DT,O,W (Oct 7),On Injured Reserve,Final W 32-26 vs Det
Oct 2,Chris Roland-Wallace,41498,KC,CB,,W (Oct 7),Off Injured Reserve,Final W 30-27 @ LV
Oct 2,Brock Bowers,40878,LV,TE,,Owl Out Blitz,On Injured Reserve,Final L 27-30 vs KC
Oct 2,Quan Martin,40087,Was,"DB,S,CB",,W (Oct 7),On Injured Reserve,Final L 13-30 vs Ind
Oct 2,Sam Franklin Jr.,33137,Buf,"DB,S",,W (Oct 7),Off Injured Reserve,Final L 26-29 vs NE
Oct 2,Malik Harrison,32768,NYG,LB,NA,W (Oct 7),Off Injured Reserve,Final W 36-24 vs Ari
Oct 2,Terry McLaurin,31908,Was,WR,O,Monday Night Madison,On Injured Reserve,Final L 13-30 vs Ind
Oct 2,Dalton Schultz,31107,Hou,TE,,Jason's Jazzy Team,Off Injured Reserve,Final L 30-34 vs Dal
Oct 2,Davon Godchaux,30291,NO,"DL,DT",,FA,On Injured Reserve,Mon 8:15 pm vs Atl
Oct 2,Swayze Bozeman,41554,Cin,LB,O,W (Oct 7),On Injured Reserve,Final L 17-22 vs Jax
Oct 2,Zach Charbonnet,40075,Sea,RB,PUP-R,W (Oct 7),On Injured Reserve,Final W 30-23 vs LAC
Oct 2,DJ Turner II,40076,Cin,CB,,W (Oct 7),On Injured Reserve,Final L 17-22 vs Jax
Oct 2,Poona Ford,31477,LAR,DT,,W (Oct 7),On Injured Reserve,Final W 24-20 @ Phi
Oct 2,D.J. Jones,30310,Den,DT,,W (Oct 7),On Injured Reserve,Final L 14-24 @ SF
Oct 2,Jonathan Allen,30130,Cin,DT,,W (Oct 7),On Injured Reserve,Final L 17-22 vs Jax
Oct 2,Bud Dupree,28410,LAC,LB,,W (Oct 7),On Injured Reserve,Final L 23-30 @ Sea
Oct 1,Channing Canada,43153,NE,CB,O,W (Oct 7),On Injured Reserve,Final W 29-26 @ Buf
Oct 1,Barion Brown,42812,NO,WR,,FA,On Injured Reserve,Mon 8:15 pm vs Atl
Oct 1,DeMonte Capehart,42766,TB,DT,,W (Oct 7),On Injured Reserve,Final L 14-17 vs GB
Oct 1,Nate Boerkircher,42678,Jax,TE,,W (Oct 7),On Injured Reserve,Final W 22-17 @ Cin
Oct 1,Lee Hunter,42671,Car,DT,,W (Oct 7),On Injured Reserve,Final W 32-26 vs Det
Oct 1,Christen Miller,42664,NO,DT,NA,FA,On Injured Reserve,Mon 8:15 pm vs Atl
Oct 1,Kevin Winston Jr.,41857,Ten,S,,W (Oct 7),On Injured Reserve,Final L 18-24 @ Bal
Oct 1,Benjamin Morrison,41838,TB,CB,O,W (Oct 7),On Injured Reserve,Final L 14-17 vs GB
Oct 1,Ray Davis,40980,Buf,RB,,W (Oct 7),On Injured Reserve,Final L 26-29 vs NE
Oct 1,Isaiah Pola-Mao,34556,LV,S,,W (Oct 7),On Injured Reserve,Final L 27-30 vs KC
Oct 1,Martin Emerson Jr.,34024,NO,CB,,FA,On Injured Reserve,Mon 8:15 pm vs Atl
Oct 1,Divine Deablo,33468,Atl,LB,,FA,On Injured Reserve,Mon 8:15 pm @ NO
Oct 1,Pete Werner,33448,NO,LB,,FA,On Injured Reserve,Mon 8:15 pm vs Atl
Oct 1,Eric Stokes,33417,LV,CB,,W (Oct 7),On Injured Reserve,Final L 27-30 vs KC
Oct 1,Sam Franklin Jr.,33137,Buf,"DB,S",,W (Oct 7),On Injured Reserve,Final L 26-29 vs NE
Oct 1,Anfernee Jennings,32757,NO,"LB,DE",O,FA,On Injured Reserve,Mon 8:15 pm vs Atl
Oct 1,Julian Blackmon,32755,NO,"DB,S",,FA,On Injured Reserve,Mon 8:15 pm vs Atl
Oct 1,D'Andre Swift,32705,Chi,RB,,Owl Out Blitz,On Injured Reserve,Final W 23-12 vs NYJ
Oct 1,Carl Granderson,32490,NO,"LB,DE",O,FA,On Injured Reserve,Mon 8:15 pm vs Atl
Oct 1,Kaden Elliss,32076,NO,LB,O,FA,On Injured Reserve,Mon 8:15 pm vs Atl
Oct 1,Noah Fant,31852,NO,TE,O,FA,On Injured Reserve,Mon 8:15 pm vs Atl
Oct 1,Mark Andrews,31056,Bal,TE,,Dave’s Bone Crushers,On Injured Reserve,Final W 24-18 vs Ten
Oct 1,Grover Stewart,30257,Ind,DT,,W (Oct 7),On Injured Reserve,Final W 30-13 @ Was
Oct 1,Samson Ebukam,30238,Atl,"LB,DE",,FA,On Injured Reserve,Mon 8:15 pm @ NO
Oct 1,A'Shawn Robinson,29280,TB,"DL,DT,DE",,W (Oct 7),On Injured Reserve,Final L 14-17 vs GB
Oct 1,Za'Darius Smith,28510,Atl,"LB,DE",,FA,On Injured Reserve,Mon 8:15 pm @ NO
Oct 1,Grady Jarrett,28525,Chi,"DL,DE",,W (Oct 7),On Injured Reserve,Final W 23-12 vs NYJ
Oct 1,Yahya Black,41950,Pit,"DT,DE",,W (Oct 7),On Injured Reserve,Final L 24-27 @ Cle
Oct 1,Joey Porter Jr.,40089,Dal,CB,,W (Oct 7),Off Injured Reserve,Final W 34-30 @ Hou
Oct 1,James Thompson Jr.,42968,SF,DE,O,W (Oct 7),On Injured Reserve,Final W 24-14 vs Den
Oct 1,Charles Demmings,42795,Min,CB,O,W (Oct 7),On Injured Reserve,Final W 15-10 vs Mia
Oct 1,Seydou Traore,42790,Mia,TE,,W (Oct 7),On Injured Reserve,Final L 10-15 @ Min
Oct 1,Colbie Young,42762,Cin,WR,O,W (Oct 7),On Injured Reserve,Final L 17-22 vs Jax
Oct 1,Brenen Thompson,42727,LAC,WR,O,W (Oct 7),On Injured Reserve,Final L 23-30 @ Sea
Oct 1,Chris Bell,42716,Mia,WR,,W (Oct 7),On Injured Reserve,Final L 10-15 @ Min
Oct 1,Caleb Douglas,42697,Mia,WR,O,W (Oct 7),On Injured Reserve,Final L 10-15 @ Min
Oct 1,Romello Height,42692,SF,"LB,DE",,W (Oct 7),On Injured Reserve,Final W 24-14 vs Den
Oct 1,Jadarian Price,42654,Sea,RB,IR,Dave’s Bone Crushers,On Injured Reserve,Final W 30-23 vs LAC
Oct 1,Kenyon Sadiq,42638,NYJ,TE,,W (Oct 7),On Injured Reserve,Final L 12-23 @ Chi
Oct 1,Darius Cooper,42464,Phi,WR,,W (Oct 7),On Injured Reserve,Final L 20-24 vs LAR
Oct 1,Zeek Biggers,42036,Mia,DT,,W (Oct 7),On Injured Reserve,Final L 10-15 @ Min
Oct 1,Kiko Mauigoa,41948,NYJ,LB,O,W (Oct 7),On Injured Reserve,Final L 12-23 @ Chi
Oct 1,Dante Trader Jr.,41941,Mia,S,Q,W (Oct 7),On Injured Reserve,Final L 10-15 @ Min
Oct 1,Shavon Revel Jr.,41863,Dal,CB,,W (Oct 7),On Injured Reserve,Final W 34-30 @ Hou
Oct 1,Shemar Turner,41847,Chi,"DT,DE",PUP-R,W (Oct 7),On Injured Reserve,Final W 23-12 vs NYJ
Oct 1,Terrance Ferguson,41831,LAR,TE,IR,W (Oct 7),On Injured Reserve,Final W 24-20 @ Phi
Oct 1,Mason Taylor,41827,NYJ,TE,O,W (Oct 7),On Injured Reserve,Final L 12-23 @ Chi
Oct 1,Nick Emmanwori,41820,Sea,S,,W (Oct 7),On Injured Reserve,Final W 30-23 vs LAC
Oct 1,Jihaad Campbell,41816,Phi,LB,,W (Oct 7),On Injured Reserve,Final L 20-24 vs LAR
Oct 1,Walter Nolen III,41801,Ari,"DT,DE",,W (Oct 7),On Injured Reserve,Final L 24-36 @ NYG
Oct 1,Mykel Williams,41796,SF,"LB,DE",PUP-R,W (Oct 7),On Injured Reserve,Final W 24-14 vs Den
Oct 1,Dondrea Tillman,41728,Den,"LB,DE",O,W (Oct 7),On Injured Reserve,Final L 14-24 @ SF
Oct 1,Josh Wallace,41452,LAR,CB,,W (Oct 7),On Injured Reserve,Final W 24-20 @ Phi
Oct 1,Storm Duck,41429,Mia,CB,PUP-R,W (Oct 7),On Injured Reserve,Final L 10-15 @ Min
Oct 1,George Holani,41344,Sea,RB,,W (Oct 7),On Injured Reserve,Final W 30-23 vs LAC
Oct 1,Jaylen Wright,41010,Mia,RB,,W (Oct 7),On Injured Reserve,Final L 10-15 @ Min
Oct 1,Will Shipley,41002,Phi,RB,,W (Oct 7),On Injured Reserve,Final L 20-24 vs LAR
Oct 1,D. Taylor-Demerson,40999,Ari,"DB,S",O,W (Oct 7),On Injured Reserve,Final L 24-36 @ NYG
Oct 1,Kamren Kinchens,40973,LAR,S,,W (Oct 7),On Injured Reserve,Final W 24-20 @ Phi
Oct 1,Justin Eboigbe,40976,LAC,"DL,DE",,W (Oct 7),On Injured Reserve,Final L 23-30 @ Sea
Oct 1,Adonai Mitchell,40915,NYJ,WR,O,W (Oct 7),On Injured Reserve,Final L 12-23 @ Chi
Oct 1,Ladd McConkey,40908,LAC,WR,Q,Dave’s Bone Crushers,On Injured Reserve,Final L 23-30 @ Sea
Oct 1,Caleb Williams,40900,Chi,QB,O,Owl Out Blitz,On Injured Reserve,Final W 23-12 vs NYJ
Oct 1,Brandon Pili,40656,Sea,DT,,W (Oct 7),On Injured Reserve,Final W 30-23 vs LAC
Oct 1,Keaton Mitchell,40641,LAC,RB,,W (Oct 7),On Injured Reserve,Final L 23-30 @ Sea
Oct 1,Ty Okada,40469,Sea,S,O,W (Oct 7),On Injured Reserve,Final W 30-23 vs LAC
Oct 1,Moro Ojomo,40246,Phi,"DT,DE",,W (Oct 7),On Injured Reserve,Final L 20-24 vs LAR
Oct 1,Rob Beal Jr.,40181,Mia,DE,O,W (Oct 7),On Injured Reserve,Final L 10-15 @ Min
Oct 1,Noah Sewell,40172,Chi,LB,PUP-R,W (Oct 7),On Injured Reserve,Final W 23-12 vs NYJ
Oct 1,Puka Nacua,40168,LAR,WR,,Owl Out Blitz,On Injured Reserve,Final W 24-20 @ Phi
Oct 1,Byron Young,40125,Phi,DT,,W (Oct 7),On Injured Reserve,Final L 20-24 vs LAR
Oct 1,Jordan Battle,40117,Cin,S,,W (Oct 7),On Injured Reserve,Final L 17-22 vs Jax
Oct 1,DeMarvion Overshown,40099,Dal,LB,O,W (Oct 7),On Injured Reserve,Final W 34-30 @ Hou
Oct 1,Tank Bigsby,40095,Phi,RB,O,Monday Night Madison,On Injured Reserve,Final L 20-24 vs LAR
Oct 1,Marvin Mims Jr.,40090,Den,WR,,W (Oct 7),On Injured Reserve,Final L 14-24 @ SF
Oct 1,Keion White,40080,SF,"LB,DE",,W (Oct 7),On Injured Reserve,Final W 24-14 vs Den
Oct 1,JuJu Brents,40062,Mia,CB,,W (Oct 7),On Injured Reserve,Final L 10-15 @ Min
Oct 1,Jalen Carter,40035,Phi,"DT,DE",,W (Oct 7),On Injured Reserve,Final L 20-24 vs LAR
Oct 1,Rashid Shaheed,34659,Sea,WR,,Maybe Mitchell,On Injured Reserve,Final W 30-23 vs LAC
Oct 1,Nate Landman,34291,LAR,LB,,W (Oct 7),On Injured Reserve,Final W 24-20 @ Phi
Oct 1,Jaylen Watson,34199,LAR,CB,O,W (Oct 7),On Injured Reserve,Final W 24-20 @ Phi
Oct 1,James Houston,34173,Dal,"DL,LB,DE",,W (Oct 7),On Injured Reserve,Final W 34-30 @ Hou
Oct 1,Kingsley Enagbare,34135,NYJ,"LB,DE",O,W (Oct 7),On Injured Reserve,Final L 12-23 @ Chi
Oct 1,Cobie Durant,34098,Dal,"DB,CB",O,W (Oct 7),On Injured Reserve,Final W 34-30 @ Hou
Oct 1,Charlie Kolar,34084,LAC,TE,O,W (Oct 7),On Injured Reserve,Final L 23-30 @ Sea
Oct 1,Jeremy Ruckert,34057,NYJ,TE,,W (Oct 7),On Injured Reserve,Final L 12-23 @ Chi
Oct 1,Bryan Cook,34018,Cin,S,O,W (Oct 7),On Injured Reserve,Final L 17-22 vs Jax
Oct 1,Kyler Gordon,33994,Chi,"DB,CB",PUP-R,W (Oct 7),On Injured Reserve,Final W 23-12 vs NYJ
Oct 1,Breece Hall,33991,NYJ,RB,O,Maybe Mitchell,On Injured Reserve,Final L 12-23 @ Chi
Oct 1,Jordan Davis,33968,Phi,DT,,W (Oct 7),On Injured Reserve,Final L 20-24 vs LAR
Oct 1,Roy Lopez,33583,Ari,DT,,W (Oct 7),On Injured Reserve,Final L 24-36 @ NYG
Oct 1,Kene Nwangwu,33507,NYJ,RB,,W (Oct 7),On Injured Reserve,Final L 12-23 @ Chi
Oct 1,Elijah Molden,33488,LAC,"S,CB",,W (Oct 7),On Injured Reserve,Final L 23-30 @ Sea
Oct 1,DeVonta Smith,33398,Phi,WR,O,Max’s TD Bombers,On Injured Reserve,Final L 20-24 vs LAR
Oct 1,Jaylen Waddle,33394,Den,WR,,Owl Out Blitz,On Injured Reserve,Final L 14-24 @ SF
Oct 1,Trey Lance,33391,LAC,QB,,W (Oct 7),On Injured Reserve,Final L 23-30 @ Sea
Oct 1,Cody White,32948,LV,WR,,W (Oct 7),On Injured Reserve,Final L 27-30 vs KC
Oct 1,L'Jarius Sneed,32808,KC,CB,,W (Oct 7),On Injured Reserve,Final W 30-27 @ LV
Oct 1,Colby Parkinson,32803,LAR,TE,O,W (Oct 7),On Injured Reserve,Final W 24-20 @ Phi
Oct 1,Jonathan Greenard,32760,Phi,"LB,DE",Q,W (Oct 7),On Injured Reserve,Final L 20-24 vs LAR
Oct 1,Zack Baun,32744,Phi,LB,O,W (Oct 7),On Injured Reserve,Final L 20-24 vs LAR
Oct 1,Josh Uche,32730,Mia,"LB,DE",,W (Oct 7),On Injured Reserve,Final L 10-15 @ Min
Oct 1,J.K. Dobbins,32725,Den,RB,,Sunday Kevin,On Injured Reserve,Final L 14-24 @ SF
Oct 1,Kyle Dugger,32710,Cin,S,O,W (Oct 7),On Injured Reserve,Final L 17-22 vs Jax
Oct 1,Justin Jefferson,32692,Min,WR,O,Maybe Mitchell,On Injured Reserve,Final W 15-10 vs Mia
Oct 1,Cam Lewis,32416,Chi,"S,CB",O,W (Oct 7),On Injured Reserve,Final W 23-12 vs NYJ
Oct 1,Azeez Al-Shaair,32318,Hou,LB,O,W (Oct 7),On Injured Reserve,Final L 30-34 vs Dal
Oct 1,Blake Cashman,31989,Min,LB,,W (Oct 7),On Injured Reserve,Final W 15-10 vs Mia
Oct 1,Mack Wilson Sr.,31987,Ari,LB,,W (Oct 7),On Injured Reserve,Final L 24-36 @ NYG
Oct 1,Dre Greenlaw,31980,SF,LB,,W (Oct 7),On Injured Reserve,Final W 24-14 vs Den
Oct 1,Julian Love,31940,Sea,S,,W (Oct 7),On Injured Reserve,Final W 30-23 vs LAC
Oct 1,Dre'Mont Jones,31903,NE,"LB,DE",,W (Oct 7),On Injured Reserve,Final W 29-26 @ Buf
Oct 1,Zach Allen,31897,Den,DE,,W (Oct 7),On Injured Reserve,Final L 14-24 @ SF
Oct 1,Hollywood Brown,31857,Phi,WR,O,W (Oct 7),On Injured Reserve,Final L 20-24 vs LAR
Oct 1,Nick Bosa,31834,SF,"DL,DE",O,W (Oct 7),On Injured Reserve,Final W 24-14 vs Den
Oct 1,KhaDarel Hodge,31769,SF,WR,NA,W (Oct 7),On Injured Reserve,Final W 24-14 vs Den
Oct 1,Folorunso Fatukasi,31150,LV,DT,,W (Oct 7),On Injured Reserve,Final L 27-30 vs KC
Oct 1,Josh Sweat,31101,Ari,"LB,DE",,W (Oct 7),On Injured Reserve,Final L 24-36 @ NYG
Oct 1,Dalton Schultz,31107,Hou,TE,,Jason's Jazzy Team,On Injured Reserve,Final L 30-34 vs Dal
Oct 1,B.J. Hill,31039,Cin,DT,O,W (Oct 7),On Injured Reserve,Final L 17-22 vs Jax
Oct 1,Donte Jackson,31025,LAC,CB,Q,W (Oct 7),On Injured Reserve,Final L 23-30 @ Sea
Oct 1,Dallas Goedert,31019,Phi,TE,O,Monday Night Madison,On Injured Reserve,Final L 20-24 vs LAR
Oct 1,M.J. Stewart,31023,Hou,S,PUP-R,W (Oct 7),On Injured Reserve,Final L 30-34 vs Dal
Oct 1,DJ Moore,30994,Buf,WR,Q,Dave’s Bone Crushers,On Injured Reserve,Final L 26-29 vs NE
Oct 1,Derwin James Jr.,30987,LAC,S,O,W (Oct 7),On Injured Reserve,Final L 23-30 @ Sea
Oct 1,Minkah Fitzpatrick,30981,NYJ,S,,W (Oct 7),On Injured Reserve,Final L 12-23 @ Chi
Oct 1,Bradley Chubb,30975,Buf,LB,,W (Oct 7),On Injured Reserve,Final L 26-29 vs NE
Oct 1,Aaron Jones Sr.,30295,Min,RB,,Locked In Michelle,On Injured Reserve,Final W 15-10 vs Mia
Oct 1,Dalvin Tomlinson,30168,LAC,DT,O,W (Oct 7),On Injured Reserve,Final L 23-30 @ Sea
Oct 1,Budda Baker,30149,Ari,S,,W (Oct 7),On Injured Reserve,Final L 24-36 @ NYG
Oct 1,Malik Hooker,30128,Dal,S,,W (Oct 7),On Injured Reserve,Final W 34-30 @ Hou
Oct 1,Christian McCaffrey,30121,SF,RB,,Jason's Jazzy Team,On Injured Reserve,Final W 24-14 vs Den
Oct 1,Patrick Mahomes,30123,KC,QB,,JGrahnasaurs,On Injured Reserve,Final W 30-27 @ LV
Oct 1,Jarran Reed,29289,Sea,"DT,DE",,W (Oct 7),On Injured Reserve,Final W 30-23 vs LAC
Oct 1,Chris Jones,29271,KC,DT,,W (Oct 7),On Injured Reserve,Final W 30-27 @ LV
Oct 1,Leonard Williams,28394,Sea,"DL,DT,DE",Q,W (Oct 7),On Injured Reserve,Final W 30-23 vs LAC
Oct 1,Davante Adams,27581,LAR,WR,,JGrahnasaurs,On Injured Reserve,Final W 24-20 @ Phi
Oct 1,Aaron Donald,27541,LAR,"DT,DE",O,W (Oct 7),On Injured Reserve,Final W 24-20 @ Phi
Oct 1,Khalil Mack,27533,LAC,"LB,DE",,W (Oct 7),On Injured Reserve,Final L 23-30 @ Sea
Oct 1,Mike Evans,27535,SF,WR,,Owl Out Blitz,On Injured Reserve,Final W 24-14 vs Den
Oct 1,Jadeveon Clowney,27529,Hou,DE,,W (Oct 7),On Injured Reserve,Final L 30-34 vs Dal
Sep 30,Malik Benson,42817,LV,WR,,W (Oct 7),On Injured Reserve,Final L 27-30 vs KC
Sep 30,Wade Woodaz,42745,Hou,LB,,W (Oct 7),On Injured Reserve,Final L 30-34 vs Dal
Sep 30,Keionte Scott,42738,TB,CB,,W (Oct 7),On Injured Reserve,Final L 14-17 vs GB
Sep 30,Jadon Canady,42731,KC,CB,,W (Oct 7),On Injured Reserve,Final W 30-27 @ LV
Sep 30,Eli Raridon,42717,NE,TE,Q,W (Oct 7),On Injured Reserve,Final W 29-26 @ Buf
Sep 30,Albert Regis,42703,Jax,DT,,W (Oct 7),On Injured Reserve,Final W 22-17 @ Cin
Sep 30,Josiah Trotter,42668,TB,LB,Q,W (Oct 7),On Injured Reserve,Final L 14-17 vs GB
Sep 30,Treydan Stukes,42660,LV,"S,CB",,W (Oct 7),On Injured Reserve,Final L 27-30 vs KC
Sep 30,Rueben Bain Jr.,42637,TB,"LB,DE",,W (Oct 7),On Injured Reserve,Final L 14-17 vs GB
Sep 30,Anthony Campbell,42544,GB,DT,O,W (Oct 7),On Injured Reserve,Final W 17-14 @ TB
Sep 30,LeQuint Allen Jr.,42007,Jax,RB,,W (Oct 7),On Injured Reserve,Final W 22-17 @ Cin
Sep 30,Warren Brinson,41984,GB,DT,IR,W (Oct 7),On Injured Reserve,Final W 17-14 @ TB
Sep 30,Craig Woodson,41897,NE,S,,W (Oct 7),On Injured Reserve,Final W 29-26 @ Buf
Sep 30,Deone Walker,41894,Buf,DT,,W (Oct 7),On Injured Reserve,Final L 26-29 vs NE
Sep 30,Ashton Gillotte,41886,KC,DE,,W (Oct 7),On Injured Reserve,Final W 30-27 @ LV
Sep 30,Jacob Parrish,41869,TB,CB,,W (Oct 7),On Injured Reserve,Final L 14-17 vs GB
Sep 30,Princely Umanmielen,41862,Car,"LB,DE",,W (Oct 7),On Injured Reserve,Final W 32-26 vs Det
Sep 30,T.J. Sanders,41826,Buf,DT,O,W (Oct 7),On Injured Reserve,Final L 26-29 vs NE
Sep 30,Ashton Jeanty,41791,LV,RB,,Max’s TD Bombers,On Injured Reserve,Final L 27-30 vs KC
Sep 30,Joe Andreessen,41696,Buf,LB,,W (Oct 7),On Injured Reserve,Final L 26-29 vs NE
Sep 30,Spencer Shrader,41499,Ind,K,,W (Oct 7),On Injured Reserve,Final W 30-13 @ Was
Sep 30,British Brooks,41480,Hou,RB,IR,W (Oct 7),On Injured Reserve,Final L 30-34 vs Dal
Sep 30,Chris Roland-Wallace,41498,KC,CB,,W (Oct 7),On Injured Reserve,Final W 30-27 @ LV
Sep 30,Jalen Coker,41293,Car,WR,O,Dave’s Bone Crushers,On Injured Reserve,Final W 32-26 vs Det
Sep 30,Tyrone Tracy Jr.,41048,NYG,RB,,W (Oct 7),On Injured Reserve,Final W 36-24 vs Ari
Sep 30,Bucky Irving,40993,TB,RB,,Sunday Kevin,On Injured Reserve,Final L 14-17 vs GB
Sep 30,Calen Bullock,40948,Hou,S,,W (Oct 7),On Injured Reserve,Final L 30-34 vs Dal
Sep 30,Jarrian Jones,40947,Jax,"DB,CB",,W (Oct 7),On Injured Reserve,Final W 22-17 @ Cin
Sep 30,Edgerrin Cooper,40938,GB,LB,O,W (Oct 7),On Injured Reserve,Final W 17-14 @ TB
Sep 30,Tyler Nubin,40935,NYG,"DB,S",,W (Oct 7),On Injured Reserve,Final W 36-24 vs Ari
Sep 30,Ben Sinnott,40931,Was,TE,,W (Oct 7),On Injured Reserve,Final L 13-30 vs Ind
Sep 30,Keon Coleman,40911,Buf,WR,,W (Oct 7),On Injured Reserve,Final L 26-29 vs NE
Sep 30,Jayden Daniels,40896,Was,QB,O,Steel City,On Injured Reserve,Final L 13-30 vs Ind
Sep 30,Xavier Legette,40890,Car,WR,IR,W (Oct 7),On Injured Reserve,Final W 32-26 vs Det
Sep 30,Drake Maye,40881,NE,QB,,Jason's Jazzy Team,On Injured Reserve,Final W 29-26 @ Buf
Sep 30,Nic Jones,40284,NYG,CB,,W (Oct 7),On Injured Reserve,Final W 36-24 vs Ari
Sep 30,Karl Brooks,40238,GB,"DL,DT",,W (Oct 7),On Injured Reserve,Final W 17-14 @ TB
Sep 30,Christian Braswell,40208,Jax,CB,O,W (Oct 7),On Injured Reserve,Final W 22-17 @ Cin
Sep 30,SirVocea Dennis,40194,TB,LB,Q,W (Oct 7),On Injured Reserve,Final L 14-17 vs GB
Sep 30,Chamarri Conner,40160,KC,"DB,S",,W (Oct 7),On Injured Reserve,Final W 30-27 @ LV
Sep 30,Aidan O'Connell,40138,LV,QB,,W (Oct 7),On Injured Reserve,Final L 27-30 vs KC
Sep 30,Tyjae Spears,40119,Ten,RB,,W (Oct 7),On Injured Reserve,Final L 18-24 @ Bal
Sep 30,Yaya Diaby,40107,TB,LB,,W (Oct 7),On Injured Reserve,Final L 14-17 vs GB
Sep 30,Dorian Williams,40098,Buf,LB,,W (Oct 7),On Injured Reserve,Final L 26-29 vs NE
Sep 30,Rashee Rice,40084,KC,WR,Q,Locked In Michelle,On Injured Reserve,Final W 30-27 @ LV
Sep 30,Christian Gonzalez,40052,NE,CB,O,W (Oct 7),On Injured Reserve,Final W 29-26 @ Buf
Sep 30,Deonte Banks,40053,NYG,CB,,W (Oct 7),On Injured Reserve,Final W 36-24 vs Ari
Sep 30,Lukas Van Ness,40037,GB,"LB,DE",,W (Oct 7),On Injured Reserve,Final W 17-14 @ TB
Sep 30,Zay Flowers,40039,Bal,WR,,Jason's Jazzy Team,On Injured Reserve,Final W 24-18 vs Ten
Sep 30,Will Anderson Jr.,40031,Hou,DE,,W (Oct 7),On Injured Reserve,Final L 30-34 vs Dal
Sep 30,Felix Anudike-Uzomah,40034,KC,DE,,W (Oct 7),On Injured Reserve,Final W 30-27 @ LV
Sep 30,Bryce Young,40029,Car,QB,,Owl Out Blitz,On Injured Reserve,Final W 32-26 vs Det
Sep 30,Jake Hansen,34598,Hou,LB,,W (Oct 7),On Injured Reserve,Final L 30-34 vs Dal
Sep 30,Tristin McCollum,34602,LV,"DB,S",,W (Oct 7),On Injured Reserve,Final L 27-30 vs KC
Sep 30,Jack Cochrane,34432,KC,LB,,W (Oct 7),On Injured Reserve,Final W 30-27 @ LV
Sep 30,Brenden Schooler,34429,NE,"DB,S",NFI-R,W (Oct 7),On Injured Reserve,Final W 29-26 @ Buf
Sep 30,Montaric Brown,34178,Jax,CB,O,W (Oct 7),On Injured Reserve,Final W 22-17 @ Cin
Sep 30,Ko Kieft,34174,TB,TE,O,W (Oct 7),On Injured Reserve,Final L 14-17 vs GB
Sep 30,Christian Benford,34141,Buf,CB,O,W (Oct 7),On Injured Reserve,Final L 26-29 vs NE
Sep 30,Chig Okonkwo,34099,Was,TE,,W (Oct 7),On Injured Reserve,Final L 13-30 vs Ind
Sep 30,Percy Butler,34069,Was,S,,W (Oct 7),On Injured Reserve,Final L 13-30 vs Ind
Sep 30,Nick Cross,34052,Was,S,O,W (Oct 7),On Injured Reserve,Final L 13-30 vs Ind
Sep 30,Terrel Bernard,34045,Buf,LB,,W (Oct 7),On Injured Reserve,Final L 26-29 vs NE
Sep 30,Rachaad White,34047,Was,RB,O,W (Oct 7),On Injured Reserve,Final L 13-30 vs Ind
Sep 30,Logan Hall,33988,Hou,DE,,W (Oct 7),On Injured Reserve,Final L 30-34 vs Dal
Sep 30,Devin Lloyd,33982,Car,LB,,W (Oct 7),On Injured Reserve,Final W 32-26 vs Det
Sep 30,Christian Elliss,33778,NE,LB,,W (Oct 7),On Injured Reserve,Final W 29-26 @ Buf
Sep 30,Damar Hamlin,33600,Buf,S,,W (Oct 7),On Injured Reserve,Final L 26-29 vs NE
Sep 30,Chuba Hubbard,33514,Car,RB,,Jason's Jazzy Team,On Injured Reserve,Final W 32-26 vs Det
Sep 30,Nico Collins,33477,Hou,WR,,Steel City,On Injured Reserve,Final L 30-34 vs Dal
Sep 30,Christian Barmore,33426,NE,"DL,DE",O,W (Oct 7),On Injured Reserve,Final W 29-26 @ Buf
Sep 30,Reggie Gilliam,33357,NE,RB,,W (Oct 7),On Injured Reserve,Final W 29-26 @ Buf
Sep 30,Amik Robertson,32809,Was,CB,,W (Oct 7),On Injured Reserve,Final L 13-30 vs Ind
Sep 30,DJ Wonnum,32787,Det,DE,,W (Oct 7),On Injured Reserve,Final L 26-32 @ Car
Sep 30,Akeem Davis-Gaither,32777,Ind,LB,,W (Oct 7),On Injured Reserve,Final W 30-13 @ Was
Sep 30,Malik Harrison,32768,NYG,LB,NA,W (Oct 7),On Injured Reserve,Final W 36-24 vs Ari
Sep 30,DaVon Hamilton,32743,Jax,DT,,W (Oct 7),On Injured Reserve,Final W 22-17 @ Cin
Sep 30,Jonathan Taylor,32711,Ind,RB,,Max’s TD Bombers,On Injured Reserve,Final W 30-13 @ Was
Sep 30,Javon Kinlaw,32684,Was,DT,,W (Oct 7),On Injured Reserve,Final L 13-30 vs Ind
Sep 30,Ashton Dulin,32292,Ind,WR,,W (Oct 7),On Injured Reserve,Final W 30-13 @ Was
Sep 30,Jakobi Meyers,32231,Jax,WR,,Locked In Michelle,On Injured Reserve,Final W 22-17 @ Cin
Sep 30,Nick Scott,32075,Car,S,,W (Oct 7),On Injured Reserve,Final W 32-26 vs Det
Sep 30,Charles Omenihu,31993,Was,DE,Q,W (Oct 7),On Injured Reserve,Final L 13-30 vs Ind
Sep 30,Tony Pollard,31960,Ten,RB,,Maybe Mitchell,On Injured Reserve,Final L 18-24 @ Bal
Sep 30,Frankie Luvu,31503,Was,LB,,W (Oct 7),On Injured Reserve,Final L 13-30 vs Ind
Sep 30,Elijah Campbell,31451,NYG,"DB,S",,W (Oct 7),On Injured Reserve,Final W 36-24 vs Ari
Sep 30,Charvarius Ward,31293,Ind,CB,,W (Oct 7),On Injured Reserve,Final W 30-13 @ Was
Sep 30,D.J. Reed,31112,Det,CB,,W (Oct 7),On Injured Reserve,Final L 26-32 @ Car
Sep 30,John Franklin-Myers,31105,Ten,"DL,DE",,W (Oct 7),On Injured Reserve,Final L 18-24 @ Bal
Sep 30,Durham Smythe,31093,Bal,TE,Q,W (Oct 7),On Injured Reserve,Final W 24-18 vs Ten
Sep 30,Lamar Jackson,31002,Bal,QB,Q,Maybe Mitchell,On Injured Reserve,Final W 24-18 vs Ten
Sep 30,Baker Mayfield,30971,TB,QB,O,W (Oct 7),On Injured Reserve,Final L 14-17 vs GB
Sep 30,Patrick Ricard,30592,NYG,RB,,W (Oct 7),On Injured Reserve,Final W 36-24 vs Ari
Sep 30,Trey Hendrickson,30216,Bal,"LB,DE",O,W (Oct 7),On Injured Reserve,Final W 24-18 vs Ten
Sep 30,Chris Godwin Jr.,30197,TB,WR,,Steel City,On Injured Reserve,Final L 14-17 vs GB
Sep 30,Marlon Humphrey,30129,Bal,CB,Q,W (Oct 7),On Injured Reserve,Final W 24-18 vs Ten
Sep 30,Mo Alie-Cox,30112,Ind,TE,,W (Oct 7),On Injured Reserve,Final W 30-13 @ Was
Sep 30,Chris Moore,29341,Bal,WR,O,W (Oct 7),On Injured Reserve,Final W 24-18 vs Ten
Sep 30,Darren Waller,28592,Car,TE,,W (Oct 7),On Injured Reserve,Final W 32-26 vs Det
Sep 30,Rakeem Nunez-Roches,28605,TB,"DL,DT",,W (Oct 7),On Injured Reserve,Final L 14-17 vs GB
Sep 30,Keenan Allen,26699,Ind,WR,O,W (Oct 7),On Injured Reserve,Final W 30-13 @ Was
Sep 30,Calais Campbell,8827,Bal,"DT,DE",,W (Oct 7),On Injured Reserve,Final W 24-18 vs Ten
Sep 30,Drew Stevens,43370,Was,K,,W (Oct 7),Off Injured Reserve,Final L 13-30 vs Ind
Sep 30,James Thompson Jr.,42968,SF,DE,O,W (Oct 7),Off Injured Reserve,Final W 24-14 vs Den
Sep 30,Rodney Shelley,42932,LAC,CB,,W (Oct 7),Off Injured Reserve,Final L 23-30 @ Sea
Sep 30,Quintayvious Hutchins,42869,NE,"LB,DE",IR,W (Oct 7),Off Injured Reserve,Final W 29-26 @ Buf
Sep 30,Kaytron Allen,42809,Was,RB,,W (Oct 7),Off Injured Reserve,Final L 13-30 vs Ind
Sep 30,Barion Brown,42812,NO,WR,,FA,Off Injured Reserve,Mon 8:15 pm vs Atl
Sep 30,Seydou Traore,42790,Mia,TE,,W (Oct 7),Off Injured Reserve,Final L 10-15 @ Min
Sep 30,Wade Woodaz,42745,Hou,LB,,W (Oct 7),Off Injured Reserve,Final L 30-34 vs Dal
Sep 30,Jonah Coleman,42730,Den,RB,IR,W (Oct 7),Off Injured Reserve,Final L 14-24 @ SF
Sep 30,Jadon Canady,42731,KC,CB,,W (Oct 7),Off Injured Reserve,Final W 30-27 @ LV
Sep 30,Brenen Thompson,42727,LAC,WR,O,W (Oct 7),Off Injured Reserve,Final L 23-30 @ Sea
Sep 30,Chris Bell,42716,Mia,WR,,W (Oct 7),Off Injured Reserve,Final L 10-15 @ Min
Sep 30,Eli Raridon,42717,NE,TE,Q,W (Oct 7),Off Injured Reserve,Final W 29-26 @ Buf
Sep 30,Albert Regis,42703,Jax,DT,,W (Oct 7),Off Injured Reserve,Final W 22-17 @ Cin
Sep 30,Caleb Douglas,42697,Mia,WR,O,W (Oct 7),Off Injured Reserve,Final L 10-15 @ Min
Sep 30,Romello Height,42692,SF,"LB,DE",,W (Oct 7),Off Injured Reserve,Final W 24-14 vs Den
Sep 30,Jake Golday,42673,Min,LB,,W (Oct 7),Off Injured Reserve,Final W 15-10 vs Mia
Sep 30,Brandon Cisse,42674,GB,CB,Q,W (Oct 7),Off Injured Reserve,Final W 17-14 @ TB
Sep 30,Josiah Trotter,42668,TB,LB,Q,W (Oct 7),Off Injured Reserve,Final L 14-17 vs GB
Sep 30,Zion Young,42667,Bal,"LB,DE",,W (Oct 7),Off Injured Reserve,Final W 24-18 vs Ten
Sep 30,Christen Miller,42664,NO,DT,NA,FA,Off Injured Reserve,Mon 8:15 pm vs Atl
Sep 30,Treydan Stukes,42660,LV,"S,CB",,W (Oct 7),Off Injured Reserve,Final L 27-30 vs KC
Sep 30,Jadarian Price,42654,Sea,RB,IR,Dave’s Bone Crushers,Off Injured Reserve,Final W 30-23 vs LAC
Sep 30,Chris Johnson,42649,Mia,CB,,W (Oct 7),Off Injured Reserve,Final L 10-15 @ Min
Sep 30,Rueben Bain Jr.,42637,TB,"LB,DE",,W (Oct 7),Off Injured Reserve,Final L 14-17 vs GB
Sep 30,Mansoor Delane,42628,KC,CB,,W (Oct 7),Off Injured Reserve,Final W 30-27 @ LV
Sep 30,David Bailey,42624,NYJ,"LB,DE",,W (Oct 7),Off Injured Reserve,Final L 12-23 @ Chi
Sep 30,Anthony Campbell,42544,GB,DT,O,W (Oct 7),Off Injured Reserve,Final W 17-14 @ TB
Sep 30,Branson Combs,42216,Jax,LB,,W (Oct 7),Off Injured Reserve,Final W 22-17 @ Cin
Sep 30,Micah Robinson,42028,Ten,CB,,W (Oct 7),Off Injured Reserve,Final L 18-24 @ Bal
Sep 30,Kyle Monangai,42025,Chi,RB,Q,Jason's Jazzy Team,Off Injured Reserve,Final W 23-12 vs NYJ
Sep 30,LeQuint Allen Jr.,42007,Jax,RB,,W (Oct 7),Off Injured Reserve,Final W 22-17 @ Cin
Sep 30,Marcus Harris,41993,Ten,CB,,W (Oct 7),Off Injured Reserve,Final L 18-24 @ Bal
Sep 30,JJ Pegues,41995,LV,DT,,W (Oct 7),Off Injured Reserve,Final L 27-30 vs KC
Sep 30,Warren Brinson,41984,GB,DT,IR,W (Oct 7),Off Injured Reserve,Final W 17-14 @ TB
Sep 30,Ahmed Hassanein,41963,Det,DE,,W (Oct 7),Off Injured Reserve,Final L 26-32 @ Car
Sep 30,Jordan Hancock,41956,Buf,"S,CB",IR,W (Oct 7),Off Injured Reserve,Final L 26-29 vs NE
Sep 30,Kiko Mauigoa,41948,NYJ,LB,O,W (Oct 7),Off Injured Reserve,Final L 12-23 @ Chi
Sep 30,Jeffrey Bassa,41942,KC,LB,,W (Oct 7),Off Injured Reserve,Final W 30-27 @ LV
Sep 30,Tyrion Ingram-Dawkins,41925,Min,"DT,DE",,W (Oct 7),Off Injured Reserve,Final W 15-10 vs Mia
Sep 30,Jaylin Lane,41920,Was,WR,O,W (Oct 7),Off Injured Reserve,Final L 13-30 vs Ind
Sep 30,Billy Bowman Jr.,41911,Atl,S,,FA,Off Injured Reserve,Mon 8:15 pm @ NO
Sep 30,Teddye Buchanan,41908,Bal,LB,,W (Oct 7),Off Injured Reserve,Final W 24-18 vs Ten
Sep 30,Craig Woodson,41897,NE,S,,W (Oct 7),Off Injured Reserve,Final W 29-26 @ Buf
Sep 30,Jonas Sanker,41879,NO,S,,FA,Off Injured Reserve,Mon 8:15 pm vs Atl
Sep 30,Darien Porter,41876,LV,CB,,W (Oct 7),Off Injured Reserve,Final L 27-30 vs KC
Sep 30,Jacob Parrish,41869,TB,CB,,W (Oct 7),Off Injured Reserve,Final L 14-17 vs GB
Sep 30,Shemar Turner,41847,Chi,"DT,DE",PUP-R,W (Oct 7),Off Injured Reserve,Final W 23-12 vs NYJ
Sep 30,Andrew Mukuba,41849,Phi,S,,W (Oct 7),Off Injured Reserve,Final L 20-24 vs LAR
Sep 30,RJ Harvey,41845,Den,RB,,Max’s TD Bombers,Off Injured Reserve,Final L 14-24 @ SF
Sep 30,Terrance Ferguson,41831,LAR,TE,IR,W (Oct 7),Off Injured Reserve,Final W 24-20 @ Phi
Sep 30,T.J. Sanders,41826,Buf,DT,O,W (Oct 7),Off Injured Reserve,Final L 26-29 vs NE
Sep 30,Mason Taylor,41827,NYJ,TE,O,W (Oct 7),Off Injured Reserve,Final L 12-23 @ Chi
Sep 30,Quinshon Judkins,41821,Cle,RB,,Owl Out Blitz,Off Injured Reserve,Final W 27-24 vs Pit
Sep 30,Nick Emmanwori,41820,Sea,S,,W (Oct 7),Off Injured Reserve,Final W 30-23 vs LAC
Sep 30,Malaki Starks,41812,Bal,S,,W (Oct 7),Off Injured Reserve,Final W 24-18 vs Ten
Sep 30,Mason Graham,41790,Cle,DT,Q,W (Oct 7),Off Injured Reserve,Final W 27-24 vs Pit
Sep 30,Joe Andreessen,41696,Buf,LB,,W (Oct 7),Off Injured Reserve,Final L 26-29 vs NE
Sep 30,George Holani,41344,Sea,RB,,W (Oct 7),Off Injured Reserve,Final W 30-23 vs LAC
Sep 30,Jalen Coker,41293,Car,WR,O,Dave’s Bone Crushers,Off Injured Reserve,Final W 32-26 vs Det
Sep 30,Tyler Owens,41222,Was,S,Q,W (Oct 7),Off Injured Reserve,Final L 13-30 vs Ind
Sep 30,Isaiah Stalbird,41184,NO,LB,,FA,Off Injured Reserve,Mon 8:15 pm vs Atl
Sep 30,Thomas Harper,41146,Det,S,IR,W (Oct 7),Off Injured Reserve,Final L 26-32 @ Car
Sep 30,James Williams Sr.,41112,Ten,LB,,W (Oct 7),Off Injured Reserve,Final L 18-24 @ Bal
Sep 30,Jordan Whittington,41083,LAR,WR,,W (Oct 7),Off Injured Reserve,Final W 24-20 @ Phi
Sep 30,Jaylen Wright,41010,Mia,RB,,W (Oct 7),Off Injured Reserve,Final L 10-15 @ Min
Sep 30,Will Shipley,41002,Phi,RB,,W (Oct 7),Off Injured Reserve,Final L 20-24 vs LAR
Sep 30,D. Taylor-Demerson,40999,Ari,"DB,S",O,W (Oct 7),Off Injured Reserve,Final L 24-36 @ NYG
Sep 30,Brandon Dorlus,40994,Atl,DE,,FA,Off Injured Reserve,Mon 8:15 pm @ NO
Sep 30,Kamren Kinchens,40973,LAR,S,,W (Oct 7),Off Injured Reserve,Final W 24-20 @ Phi
Sep 30,Jaden Hicks,40977,KC,"DB,S",,W (Oct 7),Off Injured Reserve,Final W 30-27 @ LV
Sep 30,Jalen McMillan,40954,TB,WR,IR,W (Oct 7),Off Injured Reserve,Final L 14-17 vs GB
Sep 30,Edgerrin Cooper,40938,GB,LB,O,W (Oct 7),Off Injured Reserve,Final W 17-14 @ TB
Sep 30,Tyler Nubin,40935,NYG,"DB,S",,W (Oct 7),Off Injured Reserve,Final W 36-24 vs Ari
Sep 30,Max Melton,40929,Ari,"DB,CB",,W (Oct 7),Off Injured Reserve,Final L 24-36 @ NYG
Sep 30,Adonai Mitchell,40915,NYJ,WR,O,W (Oct 7),Off Injured Reserve,Final L 12-23 @ Chi
Sep 30,Ladd McConkey,40908,LAC,WR,Q,Dave’s Bone Crushers,Off Injured Reserve,Final L 23-30 @ Sea
Sep 30,Keon Coleman,40911,Buf,WR,,W (Oct 7),Off Injured Reserve,Final L 26-29 vs NE
Sep 30,Malik Nabers,40899,NYG,WR,,Sunday Kevin,Off Injured Reserve,Final W 36-24 vs Ari
Sep 30,Caleb Williams,40900,Chi,QB,O,Owl Out Blitz,Off Injured Reserve,Final W 23-12 vs NYJ
Sep 30,Jayden Daniels,40896,Was,QB,O,Steel City,Off Injured Reserve,Final L 13-30 vs Ind
Sep 30,Michael Penix Jr.,40889,Atl,QB,,FA,Off Injured Reserve,Mon 8:15 pm @ NO
Sep 30,Xavier Legette,40890,Car,WR,IR,W (Oct 7),Off Injured Reserve,Final W 32-26 vs Det
Sep 30,Brock Bowers,40878,LV,TE,,Owl Out Blitz,Off Injured Reserve,Final L 27-30 vs KC
Sep 30,Chop Robinson,40879,Mia,DE,,W (Oct 7),Off Injured Reserve,Final L 10-15 @ Min
Sep 30,Ryan Miller,40676,Mia,WR,,W (Oct 7),Off Injured Reserve,Final L 10-15 @ Min
Sep 30,Brandon Pili,40656,Sea,DT,,W (Oct 7),Off Injured Reserve,Final W 30-23 vs LAC
Sep 30,Jalen Redmond,40572,Min,DT,,W (Oct 7),Off Injured Reserve,Final W 15-10 vs Mia
Sep 30,Claudin Cherelus,40547,Car,LB,NA,W (Oct 7),Off Injured Reserve,Final W 32-26 vs Det
Sep 30,Brady Russell,40519,Sea,"RB,TE",,W (Oct 7),Off Injured Reserve,Final W 30-23 vs LAC
Sep 30,Tyson Bagent,40504,Chi,QB,,W (Oct 7),Off Injured Reserve,Final W 23-12 vs NYJ
Sep 30,Ty Okada,40469,Sea,S,O,W (Oct 7),Off Injured Reserve,Final W 30-23 vs LAC
Sep 30,Ivan Pace Jr.,40301,Min,LB,,W (Oct 7),Off Injured Reserve,Final W 15-10 vs Mia
Sep 30,Nic Jones,40284,NYG,CB,,W (Oct 7),Off Injured Reserve,Final W 36-24 vs Ari
Sep 30,Andrei Iosivas,40211,Cin,WR,IR,W (Oct 7),Off Injured Reserve,Final L 17-22 vs Jax
Sep 30,Christian Braswell,40208,Jax,CB,O,W (Oct 7),Off Injured Reserve,Final W 22-17 @ Cin
Sep 30,Rob Beal Jr.,40181,Mia,DE,O,W (Oct 7),Off Injured Reserve,Final L 10-15 @ Min
Sep 30,Noah Sewell,40172,Chi,LB,PUP-R,W (Oct 7),Off Injured Reserve,Final W 23-12 vs NYJ
Sep 30,Puka Nacua,40168,LAR,WR,,Owl Out Blitz,Off Injured Reserve,Final W 24-20 @ Phi
Sep 30,Chamarri Conner,40160,KC,"DB,S",,W (Oct 7),Off Injured Reserve,Final W 30-27 @ LV
Sep 30,Aidan O'Connell,40138,LV,QB,,W (Oct 7),Off Injured Reserve,Final L 27-30 vs KC
Sep 30,Garrett Williams,40127,Ari,CB,,W (Oct 7),Off Injured Reserve,Final L 24-36 @ NYG
Sep 30,Byron Young,40124,LAR,LB,,W (Oct 7),Off Injured Reserve,Final W 24-20 @ Phi
Sep 30,Tyjae Spears,40119,Ten,RB,,W (Oct 7),Off Injured Reserve,Final L 18-24 @ Bal
Sep 30,Kendre Miller,40108,NO,RB,,FA,Off Injured Reserve,Mon 8:15 pm vs Atl
Sep 30,DeMarvion Overshown,40099,Dal,LB,O,W (Oct 7),Off Injured Reserve,Final W 34-30 @ Hou
Sep 30,Tank Bigsby,40095,Phi,RB,O,Monday Night Madison,Off Injured Reserve,Final L 20-24 vs LAR
Sep 30,Marvin Mims Jr.,40090,Den,WR,,W (Oct 7),Off Injured Reserve,Final L 14-24 @ SF
Sep 30,Rashee Rice,40084,KC,WR,Q,Locked In Michelle,Off Injured Reserve,Final W 30-27 @ LV
Sep 30,Tuli Tuipulotu,40077,LAC,"LB,DE",,W (Oct 7),Off Injured Reserve,Final L 23-30 @ Sea
Sep 30,Tyrique Stevenson Sr.,40071,Chi,"DB,CB",,W (Oct 7),Off Injured Reserve,Final W 23-12 vs NYJ
Sep 30,JuJu Brents,40062,Mia,CB,,W (Oct 7),Off Injured Reserve,Final L 10-15 @ Min
Sep 30,Jayden Reed,40063,GB,WR,IR,Locked In Michelle,Off Injured Reserve,Final W 17-14 @ TB
Sep 30,Deonte Banks,40053,NYG,CB,,W (Oct 7),Off Injured Reserve,Final W 36-24 vs Ari
Sep 30,Zay Flowers,40039,Bal,WR,,Jason's Jazzy Team,Off Injured Reserve,Final W 24-18 vs Ten
Sep 30,Felix Anudike-Uzomah,40034,KC,DE,,W (Oct 7),Off Injured Reserve,Final W 30-27 @ LV
Sep 30,Jalen Carter,40035,Phi,"DT,DE",,W (Oct 7),Off Injured Reserve,Final L 20-24 vs LAR
Sep 30,Brenden Schooler,34429,NE,"DB,S",NFI-R,W (Oct 7),Off Injured Reserve,Final W 29-26 @ Buf
Sep 30,Jack Cochrane,34432,KC,LB,,W (Oct 7),Off Injured Reserve,Final W 30-27 @ LV
Sep 30,Jaylen Warren,34447,Pit,RB,,Dave’s Bone Crushers,Off Injured Reserve,Final L 24-27 @ Cle
Sep 30,Reed Blankenship,34376,Hou,S,,W (Oct 7),Off Injured Reserve,Final L 30-34 vs Dal
Sep 30,Jake Hummel,34342,Hou,LB,IR,W (Oct 7),Off Injured Reserve,Final L 30-34 vs Dal
Sep 30,Segun Olubi,34322,LV,LB,,W (Oct 7),Off Injured Reserve,Final L 27-30 vs KC
Sep 30,Nate Landman,34291,LAR,LB,,W (Oct 7),Off Injured Reserve,Final W 24-20 @ Phi
Sep 30,Deane Leonard,34192,LAC,"DB,CB",,W (Oct 7),Off Injured Reserve,Final L 23-30 @ Sea
Sep 30,Bo Melton,34185,GB,WR,,W (Oct 7),Off Injured Reserve,Final W 17-14 @ TB
Sep 30,Dareke Young,34189,LV,WR,,W (Oct 7),Off Injured Reserve,Final L 27-30 vs KC
Sep 30,Nick Muse,34183,Atl,TE,,FA,Off Injured Reserve,Mon 8:15 pm @ NO
Sep 30,James Houston,34173,Dal,"DL,LB,DE",,W (Oct 7),Off Injured Reserve,Final W 34-30 @ Hou
Sep 30,Chig Okonkwo,34099,Was,TE,,W (Oct 7),Off Injured Reserve,Final L 13-30 vs Ind
Sep 30,Micah McFadden,34102,NYG,LB,,W (Oct 7),Off Injured Reserve,Final W 36-24 vs Ari
Sep 30,Cobie Durant,34098,Dal,"DB,CB",O,W (Oct 7),Off Injured Reserve,Final W 34-30 @ Hou
Sep 30,Charlie Kolar,34084,LAC,TE,O,W (Oct 7),Off Injured Reserve,Final L 23-30 @ Sea
Sep 30,Percy Butler,34069,Was,S,,W (Oct 7),Off Injured Reserve,Final L 13-30 vs Ind
Sep 30,Daniel Bellinger,34068,Ten,TE,,W (Oct 7),Off Injured Reserve,Final L 18-24 @ Bal
Sep 30,Leo Chenal,34059,Was,LB,IR,W (Oct 7),Off Injured Reserve,Final L 13-30 vs Ind
Sep 30,Brian Robinson,34054,Atl,RB,,FA,Off Injured Reserve,Mon 8:15 pm @ NO
Sep 30,Nick Cross,34052,Was,S,O,W (Oct 7),Off Injured Reserve,Final L 13-30 vs Ind
Sep 30,Terrel Bernard,34045,Buf,LB,,W (Oct 7),Off Injured Reserve,Final L 26-29 vs NE
Sep 30,Cor'Dale Flott,34037,Ten,CB,,W (Oct 7),Off Injured Reserve,Final L 18-24 @ Bal
Sep 30,Nakobe Dean,34039,LV,LB,,W (Oct 7),Off Injured Reserve,Final L 27-30 vs KC
Sep 30,Martin Emerson Jr.,34024,NO,CB,,FA,Off Injured Reserve,Mon 8:15 pm vs Atl
Sep 30,Alec Pierce,34008,Ind,WR,IR,W (Oct 7),Off Injured Reserve,Final W 30-13 @ Was
Sep 30,Logan Hall,33988,Hou,DE,,W (Oct 7),Off Injured Reserve,Final L 30-34 vs Dal
Sep 30,Devin Lloyd,33982,Car,LB,,W (Oct 7),Off Injured Reserve,Final W 32-26 vs Det
Sep 30,Sauce Gardner,33959,Ind,CB,,W (Oct 7),Off Injured Reserve,Final W 30-13 @ Was
Sep 30,Brandin Echols,33588,Pit,CB,,W (Oct 7),On Injured Reserve,Final L 24-27 @ Cle
Sep 30,Roy Lopez,33583,Ari,DT,,W (Oct 7),Off Injured Reserve,Final L 24-36 @ NYG
Sep 30,Tylan Wallace,33519,Cle,WR,O,W (Oct 7),On Injured Reserve,Final W 27-24 vs Pit
Sep 30,Bobby Brown III,33505,Car,"DT,DE",,W (Oct 7),Off Injured Reserve,Final W 32-26 vs Det
Sep 30,Kene Nwangwu,33507,NYJ,RB,,W (Oct 7),Off Injured Reserve,Final L 12-23 @ Chi
Sep 30,Ernest Jones IV,33491,Sea,LB,,W (Oct 7),Off Injured Reserve,Final W 30-23 vs LAC
Sep 30,Elijah Molden,33488,LAC,"S,CB",,W (Oct 7),Off Injured Reserve,Final L 23-30 @ Sea
Sep 30,Nico Collins,33477,Hou,WR,,Steel City,Off Injured Reserve,Final L 30-34 vs Dal
Sep 30,Patrick Jones II,33478,Car,LB,,W (Oct 7),Off Injured Reserve,Final W 32-26 vs Det
Sep 30,Benjamin St-Juste,33462,GB,CB,,W (Oct 7),Off Injured Reserve,Final W 17-14 @ TB
Sep 30,Alim McNeill,33460,Det,"DL,DT",,W (Oct 7),Off Injured Reserve,Final L 26-32 @ Car
Sep 30,Joseph Ossai,33457,NYJ,DE,,W (Oct 7),Off Injured Reserve,Final L 12-23 @ Chi
Sep 30,Greg Newsome II,33414,NYG,CB,,W (Oct 7),Off Injured Reserve,Final W 36-24 vs Ari
Sep 30,Travis Etienne Jr.,33413,NO,RB,IR,JGrahnasaurs,Off Injured Reserve,Mon 8:15 pm vs Atl
Sep 30,Jaelan Phillips,33406,Car,"LB,DE",Q,W (Oct 7),Off Injured Reserve,Final W 32-26 vs Det
Sep 30,Kwity Paye,33409,LV,DE,,W (Oct 7),Off Injured Reserve,Final L 27-30 vs KC
Sep 30,DeVonta Smith,33398,Phi,WR,O,Max’s TD Bombers,Off Injured Reserve,Final L 20-24 vs LAR
Sep 30,Trey Lance,33391,LAC,QB,,W (Oct 7),Off Injured Reserve,Final L 23-30 @ Sea
Sep 30,Reggie Gilliam,33357,NE,RB,,W (Oct 7),Off Injured Reserve,Final W 29-26 @ Buf
Sep 30,DeeJay Dallas,32814,Min,RB,,W (Oct 7),Off Injured Reserve,Final W 15-10 vs Mia
Sep 30,Colby Parkinson,32803,LAR,TE,O,W (Oct 7),Off Injured Reserve,Final W 24-20 @ Phi
Sep 30,L'Jarius Sneed,32808,KC,CB,,W (Oct 7),Off Injured Reserve,Final W 30-27 @ LV
Sep 30,Jonathan Greenard,32760,Phi,"LB,DE",Q,W (Oct 7),Off Injured Reserve,Final L 20-24 vs LAR
Sep 30,Nnamdi Madubuike,32741,Bal,"DT,DE",,W (Oct 7),Off Injured Reserve,Final W 24-18 vs Ten
Sep 30,DaVon Hamilton,32743,Jax,DT,,W (Oct 7),Off Injured Reserve,Final W 22-17 @ Cin
Sep 30,J.K. Dobbins,32725,Den,RB,,Sunday Kevin,Off Injured Reserve,Final L 14-24 @ SF
Sep 30,Jonathan Taylor,32711,Ind,RB,,Max’s TD Bombers,Off Injured Reserve,Final W 30-13 @ Was
Sep 30,Michael Pittman Jr.,32704,Pit,WR,,Sunday Kevin,Off Injured Reserve,Final L 24-27 @ Cle
Sep 30,Javon Kinlaw,32684,Was,DT,,W (Oct 7),Off Injured Reserve,Final L 13-30 vs Ind
Sep 30,Tua Tagovailoa,32675,Atl,QB,,FA,Off Injured Reserve,Mon 8:15 pm @ NO
Sep 30,Chase Young,32672,NO,"DL,DE",,FA,Off Injured Reserve,Mon 8:15 pm vs Atl
Sep 30,Ashton Dulin,32292,Ind,WR,,W (Oct 7),Off Injured Reserve,Final W 30-13 @ Was
Sep 30,Jakobi Meyers,32231,Jax,WR,,Locked In Michelle,Off Injured Reserve,Final W 22-17 @ Cin
Sep 30,P.J. Locke,32164,Dal,S,IR,W (Oct 7),Off Injured Reserve,Final W 34-30 @ Hou
Sep 30,Nick Scott,32075,Car,S,,W (Oct 7),Off Injured Reserve,Final W 32-26 vs Det
Sep 30,Ty Johnson,32018,Buf,RB,,W (Oct 7),Off Injured Reserve,Final L 26-29 vs NE
Sep 30,Cole Holcomb,32005,Pit,LB,,W (Oct 7),Off Injured Reserve,Final L 24-27 @ Cle
Sep 30,Charles Omenihu,31993,Was,DE,Q,W (Oct 7),Off Injured Reserve,Final L 13-30 vs Ind
Sep 30,Dre Greenlaw,31980,SF,LB,,W (Oct 7),Off Injured Reserve,Final W 24-14 vs Den
Sep 30,Mack Wilson Sr.,31987,Ari,LB,,W (Oct 7),Off Injured Reserve,Final L 24-36 @ NYG
Sep 30,Tony Pollard,31960,Ten,RB,,Maybe Mitchell,Off Injured Reserve,Final L 18-24 @ Bal
Sep 30,Anthony Nelson,31939,TB,LB,,W (Oct 7),Off Injured Reserve,Final L 14-17 vs GB
Sep 30,Julian Love,31940,Sea,S,,W (Oct 7),Off Injured Reserve,Final W 30-23 vs LAC
Sep 30,Quincy Williams,31930,Cle,LB,,W (Oct 7),Off Injured Reserve,Final W 27-24 vs Pit
Sep 30,Jamel Dean,31926,Pit,CB,D,W (Oct 7),Off Injured Reserve,Final L 24-27 @ Cle
Sep 30,Dre'Mont Jones,31903,NE,"LB,DE",,W (Oct 7),Off Injured Reserve,Final W 29-26 @ Buf
Sep 30,Hollywood Brown,31857,Phi,WR,O,W (Oct 7),Off Injured Reserve,Final L 20-24 vs LAR
Sep 30,Dexter Lawrence II,31849,Cin,"DL,DT",,W (Oct 7),Off Injured Reserve,Final L 17-22 vs Jax
Sep 30,Ed Oliver,31841,Buf,DT,Q,W (Oct 7),Off Injured Reserve,Final L 26-29 vs NE
Sep 30,Brian Burns,31848,NYG,"LB,DE",IR,W (Oct 7),Off Injured Reserve,Final W 36-24 vs Ari
Sep 30,Nick Bosa,31834,SF,"DL,DE",O,W (Oct 7),Off Injured Reserve,Final W 24-14 vs Den
Sep 30,Jeremy Reaves,31582,Was,S,Q,W (Oct 7),Off Injured Reserve,Final L 13-30 vs Ind
Sep 30,Frankie Luvu,31503,Was,LB,,W (Oct 7),Off Injured Reserve,Final L 13-30 vs Ind
Sep 30,Charvarius Ward,31293,Ind,CB,,W (Oct 7),Off Injured Reserve,Final W 30-13 @ Was
Sep 30,Folorunso Fatukasi,31150,LV,DT,,W (Oct 7),Off Injured Reserve,Final L 27-30 vs KC
Sep 30,Dorance Armstrong,31086,Was,"LB,DE",,W (Oct 7),Off Injured Reserve,Final L 13-30 vs Ind
Sep 30,B.J. Hill,31039,Cin,DT,O,W (Oct 7),Off Injured Reserve,Final L 17-22 vs Jax
Sep 30,Nathan Shepherd,31042,NO,DT,,FA,Off Injured Reserve,Mon 8:15 pm vs Atl
Sep 30,Carlton Davis III,31033,NE,CB,,W (Oct 7),Off Injured Reserve,Final W 29-26 @ Buf
Sep 30,M.J. Stewart,31023,Hou,S,PUP-R,W (Oct 7),Off Injured Reserve,Final L 30-34 vs Dal
Sep 30,Dallas Goedert,31019,Phi,TE,O,Monday Night Madison,Off Injured Reserve,Final L 20-24 vs LAR
Sep 30,DJ Moore,30994,Buf,WR,Q,Dave’s Bone Crushers,Off Injured Reserve,Final L 26-29 vs NE
Sep 30,Derwin James Jr.,30987,LAC,S,O,W (Oct 7),Off Injured Reserve,Final L 23-30 @ Sea
Sep 30,Minkah Fitzpatrick,30981,NYJ,S,,W (Oct 7),Off Injured Reserve,Final L 12-23 @ Chi
Sep 30,Bradley Chubb,30975,Buf,LB,,W (Oct 7),Off Injured Reserve,Final L 26-29 vs NE
Sep 30,Baker Mayfield,30971,TB,QB,O,W (Oct 7),Off Injured Reserve,Final L 14-17 vs GB
Sep 30,Saquon Barkley,30972,Phi,RB,Q,Monday Night Madison,Off Injured Reserve,Final L 20-24 vs LAR
Sep 30,Sam Darnold,30973,Sea,QB,,Monday Night Madison,Off Injured Reserve,Final W 30-23 vs LAC
Sep 30,Davon Godchaux,30291,NO,"DL,DT",,FA,Off Injured Reserve,Mon 8:15 pm vs Atl
Sep 30,Aaron Jones Sr.,30295,Min,RB,,Locked In Michelle,Off Injured Reserve,Final W 15-10 vs Mia
Sep 30,Grover Stewart,30257,Ind,DT,,W (Oct 7),Off Injured Reserve,Final W 30-13 @ Was
Sep 30,Samson Ebukam,30238,Atl,"LB,DE",,FA,Off Injured Reserve,Mon 8:15 pm @ NO
Sep 30,Trey Hendrickson,30216,Bal,"LB,DE",O,W (Oct 7),Off Injured Reserve,Final W 24-18 vs Ten
Sep 30,Cooper Kupp,30182,Sea,WR,,W (Oct 7),Off Injured Reserve,Final W 30-23 vs LAC
Sep 30,Dalvin Tomlinson,30168,LAC,DT,O,W (Oct 7),Off Injured Reserve,Final L 23-30 @ Sea
Sep 30,Jonathan Allen,30130,Cin,DT,,W (Oct 7),Off Injured Reserve,Final L 17-22 vs Jax
Sep 30,Malik Hooker,30128,Dal,S,,W (Oct 7),Off Injured Reserve,Final W 34-30 @ Hou
Sep 30,Patrick Mahomes,30123,KC,QB,,JGrahnasaurs,Off Injured Reserve,Final W 30-27 @ LV
Sep 30,Solomon Thomas,30116,Ten,"DL,DT",,W (Oct 7),Off Injured Reserve,Final L 18-24 @ Bal
Sep 30,Christian McCaffrey,30121,SF,RB,,Jason's Jazzy Team,Off Injured Reserve,Final W 24-14 vs Den
Sep 30,Demarcus Robinson,29360,SF,WR,IR,W (Oct 7),Off Injured Reserve,Final W 24-14 vs Den
Sep 30,Chris Moore,29341,Bal,WR,O,W (Oct 7),Off Injured Reserve,Final W 24-18 vs Ten
Sep 30,Jacoby Brissett,29325,Ari,QB,,W (Oct 7),Off Injured Reserve,Final L 24-36 @ NYG
Sep 30,Javon Hargrave,29323,GB,"DL,DT",,W (Oct 7),Off Injured Reserve,Final W 17-14 @ TB
Sep 30,A'Shawn Robinson,29280,TB,"DL,DT,DE",,W (Oct 7),Off Injured Reserve,Final L 14-17 vs GB
Sep 30,Chris Jones,29271,KC,DT,,W (Oct 7),Off Injured Reserve,Final W 30-27 @ LV
Sep 30,Laquon Treadwell,29257,Ind,WR,,W (Oct 7),Off Injured Reserve,Final W 30-13 @ Was
Sep 30,DeForest Buckner,29241,Ind,DT,,W (Oct 7),Off Injured Reserve,Final W 30-13 @ Was
Sep 30,Darren Waller,28592,Car,TE,,W (Oct 7),Off Injured Reserve,Final W 32-26 vs Det
Sep 30,Grady Jarrett,28525,Chi,"DL,DE",,W (Oct 7),Off Injured Reserve,Final W 23-12 vs NYJ
Sep 30,Cairo Santos,28227,Chi,K,,W (Oct 7),Off Injured Reserve,Final W 23-12 vs NYJ
Sep 30,DaQuan Jones,27640,NE,DT,,W (Oct 7),Off Injured Reserve,Final W 29-26 @ Buf
Sep 30,Shelby Harris,27763,NYG,DT,,W (Oct 7),Off Injured Reserve,Final W 36-24 vs Ari
Sep 30,Aaron Donald,27541,LAR,"DT,DE",O,W (Oct 7),Off Injured Reserve,Final W 24-20 @ Phi
Sep 30,Jadeveon Clowney,27529,Hou,DE,,W (Oct 7),Off Injured Reserve,Final L 30-34 vs Dal
Sep 30,Khalil Mack,27533,LAC,"LB,DE",,W (Oct 7),Off Injured Reserve,Final L 23-30 @ Sea
Sep 30,Mike Evans,27535,SF,WR,,Owl Out Blitz,Off Injured Reserve,Final W 24-14 vs Den
Sep 30,Keenan Allen,26699,Ind,WR,O,W (Oct 7),Off Injured Reserve,Final W 30-13 @ Was
Sep 30,Harrison Smith,25739,Min,S,,W (Oct 7),Off Injured Reserve,Final W 15-10 vs Mia
Sep 30,Calais Campbell,8827,Bal,"DT,DE",,W (Oct 7),Off Injured Reserve,Final W 24-18 vs Ten
Sep 26,Ivan Pace Jr.,40301,Min,LB,,W (Oct 7),On Injured Reserve,Final W 15-10 vs Mia
Sep 26,Byron Young,40124,LAR,LB,,W (Oct 7),On Injured Reserve,Final W 24-20 @ Phi
Sep 26,Hollywood Brown,31857,Phi,WR,O,W (Oct 7),On Injured Reserve,Final L 20-24 vs LAR
Sep 26,Dexter Lawrence II,31849,Cin,"DL,DT",,W (Oct 7),On Injured Reserve,Final L 17-22 vs Jax
Sep 26,Josh Sweat,31101,Ari,"LB,DE",,W (Oct 7),Off Injured Reserve,Final L 24-36 @ NYG
Sep 26,DeForest Buckner,29241,Ind,DT,,W (Oct 7),On Injured Reserve,Final W 30-13 @ Was
Sep 26,Aaron Donald,27541,LAR,"DT,DE",O,W (Oct 7),On Injured Reserve,Final W 24-20 @ Phi
Sep 26,Harrison Smith,25739,Min,S,,W (Oct 7),On Injured Reserve,Final W 15-10 vs Mia
Sep 25,Joey Aguilar,42903,Jax,QB,NA,W (Oct 7),Off Injured Reserve,Final W 22-17 @ Cin
Sep 25,Albert Regis,42703,Jax,DT,,W (Oct 7),On Injured Reserve,Final W 22-17 @ Cin
Sep 25,Jaxson Dart,41810,NYG,QB,IR,W (Oct 7),Off Injured Reserve,Final W 36-24 vs Ari
Sep 25,Will Anderson Jr.,40031,Hou,DE,,W (Oct 7),Off Injured Reserve,Final L 30-34 vs Dal
Sep 25,Trey Lance,33391,LAC,QB,,W (Oct 7),On Injured Reserve,Final L 23-30 @ Sea
Sep 25,Dalton Schultz,31107,Hou,TE,,Jason's Jazzy Team,Off Injured Reserve,Final L 30-34 vs Dal
Sep 25,Andrew Mukuba,41849,Phi,S,,W (Oct 7),On Injured Reserve,Final L 20-24 vs LAR
Sep 25,Will Shipley,41002,Phi,RB,,W (Oct 7),On Injured Reserve,Final L 20-24 vs LAR
Sep 25,Tank Bigsby,40095,Phi,RB,O,Monday Night Madison,On Injured Reserve,Final L 20-24 vs LAR
Sep 25,Jalen Carter,40035,Phi,"DT,DE",,W (Oct 7),On Injured Reserve,Final L 20-24 vs LAR
Sep 25,DeVonta Smith,33398,Phi,WR,O,Max’s TD Bombers,On Injured Reserve,Final L 20-24 vs LAR
Sep 25,Jonathan Greenard,32760,Phi,"LB,DE",Q,W (Oct 7),On Injured Reserve,Final L 20-24 vs LAR
Sep 25,Julian Love,31940,Sea,S,,W (Oct 7),On Injured Reserve,Final W 30-23 vs LAC
Sep 25,Dallas Goedert,31019,Phi,TE,O,Monday Night Madison,On Injured Reserve,Final L 20-24 vs LAR
Sep 25,Saquon Barkley,30972,Phi,RB,Q,Monday Night Madison,On Injured Reserve,Final L 20-24 vs LAR
Sep 25,Davon Godchaux,30291,NO,"DL,DT",,FA,On Injured Reserve,Mon 8:15 pm vs Atl
Sep 25,A'Shawn Robinson,29280,TB,"DL,DT,DE",,W (Oct 7),On Injured Reserve,Final L 14-17 vs GB
Sep 24,Branson Combs,42216,Jax,LB,,W (Oct 7),On Injured Reserve,Final W 22-17 @ Cin
Sep 24,Micah Robinson,42028,Ten,CB,,W (Oct 7),On Injured Reserve,Final L 18-24 @ Bal
Sep 24,Kyle Monangai,42025,Chi,RB,Q,Jason's Jazzy Team,On Injured Reserve,Final W 23-12 vs NYJ
Sep 24,Marcus Harris,41993,Ten,CB,,W (Oct 7),On Injured Reserve,Final L 18-24 @ Bal
Sep 24,Shemar Turner,41847,Chi,"DT,DE",PUP-R,W (Oct 7),On Injured Reserve,Final W 23-12 vs NYJ
Sep 24,Quinshon Judkins,41821,Cle,RB,,Owl Out Blitz,On Injured Reserve,Final W 27-24 vs Pit
Sep 24,Adonai Mitchell,40915,NYJ,WR,O,W (Oct 7),On Injured Reserve,Final L 12-23 @ Chi
Sep 24,Caleb Williams,40900,Chi,QB,O,Owl Out Blitz,On Injured Reserve,Final W 23-12 vs NYJ
Sep 24,Xavier Legette,40890,Car,WR,IR,W (Oct 7),On Injured Reserve,Final W 32-26 vs Det
Sep 24,Tyson Bagent,40504,Chi,QB,,W (Oct 7),On Injured Reserve,Final W 23-12 vs NYJ
Sep 24,Noah Sewell,40172,Chi,LB,PUP-R,W (Oct 7),On Injured Reserve,Final W 23-12 vs NYJ
Sep 24,Kendre Miller,40108,NO,RB,,FA,On Injured Reserve,Mon 8:15 pm vs Atl
Sep 24,Tyrique Stevenson Sr.,40071,Chi,"DB,CB",,W (Oct 7),On Injured Reserve,Final W 23-12 vs NYJ
Sep 24,Daniel Bellinger,34068,Ten,TE,,W (Oct 7),On Injured Reserve,Final L 18-24 @ Bal
Sep 24,Kwity Paye,33409,LV,DE,,W (Oct 7),On Injured Reserve,Final L 27-30 vs KC
Sep 24,Grover Stewart,30257,Ind,DT,,W (Oct 7),On Injured Reserve,Final W 30-13 @ Was
Sep 24,Grady Jarrett,28525,Chi,"DL,DE",,W (Oct 7),On Injured Reserve,Final W 23-12 vs NYJ
Sep 24,Cairo Santos,28227,Chi,K,,W (Oct 7),On Injured Reserve,Final W 23-12 vs NYJ
Sep 24,DaQuan Jones,27640,NE,DT,,W (Oct 7),On Injured Reserve,Final W 29-26 @ Buf
Sep 24,Drew Stevens,43370,Was,K,,W (Oct 7),On Injured Reserve,Final L 13-30 vs Ind
Sep 24,Damon Bankston,43354,GB,RB,NA,W (Oct 7),Off Injured Reserve,Final W 17-14 @ TB
Sep 24,James Thompson Jr.,42968,SF,DE,O,W (Oct 7),On Injured Reserve,Final W 24-14 vs Den
Sep 24,Rodney Shelley,42932,LAC,CB,,W (Oct 7),On Injured Reserve,Final L 23-30 @ Sea
Sep 24,Kaytron Allen,42809,Was,RB,,W (Oct 7),On Injured Reserve,Final L 13-30 vs Ind
Sep 24,Seydou Traore,42790,Mia,TE,,W (Oct 7),On Injured Reserve,Final L 10-15 @ Min
Sep 24,Brenen Thompson,42727,LAC,WR,O,W (Oct 7),On Injured Reserve,Final L 23-30 @ Sea
Sep 24,Jonah Coleman,42730,Den,RB,IR,W (Oct 7),On Injured Reserve,Final L 14-24 @ SF
Sep 24,Chris Bell,42716,Mia,WR,,W (Oct 7),On Injured Reserve,Final L 10-15 @ Min
Sep 24,Caleb Douglas,42697,Mia,WR,O,W (Oct 7),On Injured Reserve,Final L 10-15 @ Min
Sep 24,Romello Height,42692,SF,"LB,DE",,W (Oct 7),On Injured Reserve,Final W 24-14 vs Den
Sep 24,Jake Golday,42673,Min,LB,,W (Oct 7),On Injured Reserve,Final W 15-10 vs Mia
Sep 24,Josiah Trotter,42668,TB,LB,Q,W (Oct 7),On Injured Reserve,Final L 14-17 vs GB
Sep 24,Treydan Stukes,42660,LV,"S,CB",,W (Oct 7),On Injured Reserve,Final L 27-30 vs KC
Sep 24,Jadarian Price,42654,Sea,RB,IR,Dave’s Bone Crushers,On Injured Reserve,Final W 30-23 vs LAC
Sep 24,Chris Johnson,42649,Mia,CB,,W (Oct 7),On Injured Reserve,Final L 10-15 @ Min
Sep 24,Rueben Bain Jr.,42637,TB,"LB,DE",,W (Oct 7),On Injured Reserve,Final L 14-17 vs GB
Sep 24,JJ Pegues,41995,LV,DT,,W (Oct 7),On Injured Reserve,Final L 27-30 vs KC
Sep 24,Ahmed Hassanein,41963,Det,DE,,W (Oct 7),On Injured Reserve,Final L 26-32 @ Car
Sep 24,Jordan Hancock,41956,Buf,"S,CB",IR,W (Oct 7),On Injured Reserve,Final L 26-29 vs NE
Sep 24,Tyrion Ingram-Dawkins,41925,Min,"DT,DE",,W (Oct 7),On Injured Reserve,Final W 15-10 vs Mia
Sep 24,Jaylin Lane,41920,Was,WR,O,W (Oct 7),On Injured Reserve,Final L 13-30 vs Ind
Sep 24,Darien Porter,41876,LV,CB,,W (Oct 7),On Injured Reserve,Final L 27-30 vs KC
Sep 24,Jacob Parrish,41869,TB,CB,,W (Oct 7),On Injured Reserve,Final L 14-17 vs GB
Sep 24,RJ Harvey,41845,Den,RB,,Max’s TD Bombers,On Injured Reserve,Final L 14-24 @ SF
Sep 24,Terrance Ferguson,41831,LAR,TE,IR,W (Oct 7),On Injured Reserve,Final W 24-20 @ Phi
Sep 24,T.J. Sanders,41826,Buf,DT,O,W (Oct 7),On Injured Reserve,Final L 26-29 vs NE
Sep 24,Nick Emmanwori,41820,Sea,S,,W (Oct 7),On Injured Reserve,Final W 30-23 vs LAC
Sep 24,Jaxson Dart,41810,NYG,QB,IR,W (Oct 7),On Injured Reserve,Final W 36-24 vs Ari
Sep 24,Joe Andreessen,41696,Buf,LB,,W (Oct 7),On Injured Reserve,Final L 26-29 vs NE
Sep 24,George Holani,41344,Sea,RB,,W (Oct 7),On Injured Reserve,Final W 30-23 vs LAC
Sep 24,Tyler Owens,41222,Was,S,Q,W (Oct 7),On Injured Reserve,Final L 13-30 vs Ind
Sep 24,Thomas Harper,41146,Det,S,IR,W (Oct 7),On Injured Reserve,Final L 26-32 @ Car
Sep 24,Jordan Whittington,41083,LAR,WR,,W (Oct 7),On Injured Reserve,Final W 24-20 @ Phi
Sep 24,Jaylen Wright,41010,Mia,RB,,W (Oct 7),On Injured Reserve,Final L 10-15 @ Min
Sep 24,D. Taylor-Demerson,40999,Ari,"DB,S",O,W (Oct 7),On Injured Reserve,Final L 24-36 @ NYG
Sep 24,Kamren Kinchens,40973,LAR,S,,W (Oct 7),On Injured Reserve,Final W 24-20 @ Phi
Sep 24,Jalen McMillan,40954,TB,WR,IR,W (Oct 7),On Injured Reserve,Final L 14-17 vs GB
Sep 24,Tyler Nubin,40935,NYG,"DB,S",,W (Oct 7),On Injured Reserve,Final W 36-24 vs Ari
Sep 24,Max Melton,40929,Ari,"DB,CB",,W (Oct 7),On Injured Reserve,Final L 24-36 @ NYG
Sep 24,Ladd McConkey,40908,LAC,WR,Q,Dave’s Bone Crushers,On Injured Reserve,Final L 23-30 @ Sea
Sep 24,Keon Coleman,40911,Buf,WR,,W (Oct 7),On Injured Reserve,Final L 26-29 vs NE
Sep 24,Malik Nabers,40899,NYG,WR,,Sunday Kevin,On Injured Reserve,Final W 36-24 vs Ari
Sep 24,Jayden Daniels,40896,Was,QB,O,Steel City,On Injured Reserve,Final L 13-30 vs Ind
Sep 24,Chop Robinson,40879,Mia,DE,,W (Oct 7),On Injured Reserve,Final L 10-15 @ Min
Sep 24,Brock Bowers,40878,LV,TE,,Owl Out Blitz,On Injured Reserve,Final L 27-30 vs KC
Sep 24,Ryan Miller,40676,Mia,WR,,W (Oct 7),On Injured Reserve,Final L 10-15 @ Min
Sep 24,Brandon Pili,40656,Sea,DT,,W (Oct 7),On Injured Reserve,Final W 30-23 vs LAC
Sep 24,Jalen Redmond,40572,Min,DT,,W (Oct 7),On Injured Reserve,Final W 15-10 vs Mia
Sep 24,Brady Russell,40519,Sea,"RB,TE",,W (Oct 7),On Injured Reserve,Final W 30-23 vs LAC
Sep 24,Ty Okada,40469,Sea,S,O,W (Oct 7),On Injured Reserve,Final W 30-23 vs LAC
Sep 24,Nic Jones,40284,NYG,CB,,W (Oct 7),On Injured Reserve,Final W 36-24 vs Ari
Sep 24,Rob Beal Jr.,40181,Mia,DE,O,W (Oct 7),On Injured Reserve,Final L 10-15 @ Min
Sep 24,Puka Nacua,40168,LAR,WR,,Owl Out Blitz,On Injured Reserve,Final W 24-20 @ Phi
Sep 24,Aidan O'Connell,40138,LV,QB,,W (Oct 7),On Injured Reserve,Final L 27-30 vs KC
Sep 24,Garrett Williams,40127,Ari,CB,,W (Oct 7),On Injured Reserve,Final L 24-36 @ NYG
Sep 24,Marvin Mims Jr.,40090,Den,WR,,W (Oct 7),On Injured Reserve,Final L 14-24 @ SF
Sep 24,Tuli Tuipulotu,40077,LAC,"LB,DE",,W (Oct 7),On Injured Reserve,Final L 23-30 @ Sea
Sep 24,JuJu Brents,40062,Mia,CB,,W (Oct 7),On Injured Reserve,Final L 10-15 @ Min
Sep 24,Deonte Banks,40053,NYG,CB,,W (Oct 7),On Injured Reserve,Final W 36-24 vs Ari
Sep 24,Segun Olubi,34322,LV,LB,,W (Oct 7),On Injured Reserve,Final L 27-30 vs KC
Sep 24,Nate Landman,34291,LAR,LB,,W (Oct 7),On Injured Reserve,Final W 24-20 @ Phi
Sep 24,Deane Leonard,34192,LAC,"DB,CB",,W (Oct 7),On Injured Reserve,Final L 23-30 @ Sea
Sep 24,Dareke Young,34189,LV,WR,,W (Oct 7),On Injured Reserve,Final L 27-30 vs KC
Sep 24,Micah McFadden,34102,NYG,LB,,W (Oct 7),On Injured Reserve,Final W 36-24 vs Ari
Sep 24,Chig Okonkwo,34099,Was,TE,,W (Oct 7),On Injured Reserve,Final L 13-30 vs Ind
Sep 24,Charlie Kolar,34084,LAC,TE,O,W (Oct 7),On Injured Reserve,Final L 23-30 @ Sea
Sep 24,Percy Butler,34069,Was,S,,W (Oct 7),On Injured Reserve,Final L 13-30 vs Ind
Sep 24,Leo Chenal,34059,Was,LB,IR,W (Oct 7),On Injured Reserve,Final L 13-30 vs Ind
Sep 24,Terrel Bernard,34045,Buf,LB,,W (Oct 7),On Injured Reserve,Final L 26-29 vs NE
Sep 24,Nick Cross,34052,Was,S,O,W (Oct 7),On Injured Reserve,Final L 13-30 vs Ind
Sep 24,Nakobe Dean,34039,LV,LB,,W (Oct 7),On Injured Reserve,Final L 27-30 vs KC
Sep 24,Alec Pierce,34008,Ind,WR,IR,W (Oct 7),On Injured Reserve,Final W 30-13 @ Was
Sep 24,Sauce Gardner,33959,Ind,CB,,W (Oct 7),On Injured Reserve,Final W 30-13 @ Was
Sep 24,Roy Lopez,33583,Ari,DT,,W (Oct 7),On Injured Reserve,Final L 24-36 @ NYG
Sep 24,Elijah Molden,33488,LAC,"S,CB",,W (Oct 7),On Injured Reserve,Final L 23-30 @ Sea
Sep 24,Ernest Jones IV,33491,Sea,LB,,W (Oct 7),On Injured Reserve,Final W 30-23 vs LAC
Sep 24,Alim McNeill,33460,Det,"DL,DT",,W (Oct 7),On Injured Reserve,Final L 26-32 @ Car
Sep 24,Greg Newsome II,33414,NYG,CB,,W (Oct 7),On Injured Reserve,Final W 36-24 vs Ari
Sep 24,DeeJay Dallas,32814,Min,RB,,W (Oct 7),On Injured Reserve,Final W 15-10 vs Mia
Sep 24,Colby Parkinson,32803,LAR,TE,O,W (Oct 7),On Injured Reserve,Final W 24-20 @ Phi
Sep 24,J.K. Dobbins,32725,Den,RB,,Sunday Kevin,On Injured Reserve,Final L 14-24 @ SF
Sep 24,Jonathan Taylor,32711,Ind,RB,,Max’s TD Bombers,On Injured Reserve,Final W 30-13 @ Was
Sep 24,Michael Pittman Jr.,32704,Pit,WR,,Sunday Kevin,On Injured Reserve,Final L 24-27 @ Cle
Sep 24,Javon Kinlaw,32684,Was,DT,,W (Oct 7),On Injured Reserve,Final L 13-30 vs Ind
Sep 24,Chase Young,32672,NO,"DL,DE",,FA,On Injured Reserve,Mon 8:15 pm vs Atl
Sep 24,Ashton Dulin,32292,Ind,WR,,W (Oct 7),On Injured Reserve,Final W 30-13 @ Was
Sep 24,P.J. Locke,32164,Dal,S,IR,W (Oct 7),On Injured Reserve,Final W 34-30 @ Hou
Sep 24,Ty Johnson,32018,Buf,RB,,W (Oct 7),On Injured Reserve,Final L 26-29 vs NE
Sep 24,Cole Holcomb,32005,Pit,LB,,W (Oct 7),On Injured Reserve,Final L 24-27 @ Cle
Sep 24,Charles Omenihu,31993,Was,DE,Q,W (Oct 7),On Injured Reserve,Final L 13-30 vs Ind
Sep 24,Mack Wilson Sr.,31987,Ari,LB,,W (Oct 7),On Injured Reserve,Final L 24-36 @ NYG
Sep 24,Dre Greenlaw,31980,SF,LB,,W (Oct 7),On Injured Reserve,Final W 24-14 vs Den
Sep 24,Anthony Nelson,31939,TB,LB,,W (Oct 7),On Injured Reserve,Final L 14-17 vs GB
Sep 24,Jamel Dean,31926,Pit,CB,D,W (Oct 7),On Injured Reserve,Final L 24-27 @ Cle
Sep 24,Ed Oliver,31841,Buf,DT,Q,W (Oct 7),On Injured Reserve,Final L 26-29 vs NE
Sep 24,Brian Burns,31848,NYG,"LB,DE",IR,W (Oct 7),On Injured Reserve,Final W 36-24 vs Ari
Sep 24,Nick Bosa,31834,SF,"DL,DE",O,W (Oct 7),On Injured Reserve,Final W 24-14 vs Den
Sep 24,Frankie Luvu,31503,Was,LB,,W (Oct 7),On Injured Reserve,Final L 13-30 vs Ind
Sep 24,Jeremy Reaves,31582,Was,S,Q,W (Oct 7),On Injured Reserve,Final L 13-30 vs Ind
Sep 24,Charvarius Ward,31293,Ind,CB,,W (Oct 7),On Injured Reserve,Final W 30-13 @ Was
Sep 24,Folorunso Fatukasi,31150,LV,DT,,W (Oct 7),On Injured Reserve,Final L 27-30 vs KC
Sep 24,Dalton Schultz,31107,Hou,TE,,Jason's Jazzy Team,On Injured Reserve,Final L 30-34 vs Dal
Sep 24,Josh Sweat,31101,Ari,"LB,DE",,W (Oct 7),On Injured Reserve,Final L 24-36 @ NYG
Sep 24,Dorance Armstrong,31086,Was,"LB,DE",,W (Oct 7),On Injured Reserve,Final L 13-30 vs Ind
Sep 24,Nathan Shepherd,31042,NO,DT,,FA,On Injured Reserve,Mon 8:15 pm vs Atl
Sep 24,M.J. Stewart,31023,Hou,S,PUP-R,W (Oct 7),On Injured Reserve,Final L 30-34 vs Dal
Sep 24,DJ Moore,30994,Buf,WR,Q,Dave’s Bone Crushers,On Injured Reserve,Final L 26-29 vs NE
Sep 24,Derwin James Jr.,30987,LAC,S,O,W (Oct 7),On Injured Reserve,Final L 23-30 @ Sea
Sep 24,Sam Darnold,30973,Sea,QB,,Monday Night Madison,On Injured Reserve,Final W 30-23 vs LAC
Sep 24,Bradley Chubb,30975,Buf,LB,,W (Oct 7),On Injured Reserve,Final L 26-29 vs NE
Sep 24,Baker Mayfield,30971,TB,QB,O,W (Oct 7),On Injured Reserve,Final L 14-17 vs GB
Sep 24,Aaron Jones Sr.,30295,Min,RB,,Locked In Michelle,On Injured Reserve,Final W 15-10 vs Mia
Sep 24,Cooper Kupp,30182,Sea,WR,,W (Oct 7),On Injured Reserve,Final W 30-23 vs LAC
Sep 24,Dalvin Tomlinson,30168,LAC,DT,O,W (Oct 7),On Injured Reserve,Final L 23-30 @ Sea
Sep 24,Christian McCaffrey,30121,SF,RB,,Jason's Jazzy Team,On Injured Reserve,Final W 24-14 vs Den
Sep 24,Demarcus Robinson,29360,SF,WR,IR,W (Oct 7),On Injured Reserve,Final W 24-14 vs Den
Sep 24,Jacoby Brissett,29325,Ari,QB,,W (Oct 7),On Injured Reserve,Final L 24-36 @ NYG
Sep 24,Laquon Treadwell,29257,Ind,WR,,W (Oct 7),On Injured Reserve,Final W 30-13 @ Was
Sep 24,Jalen Ramsey,29239,Pit,CB,,W (Oct 7),On Injured Reserve,Final L 24-27 @ Cle
Sep 24,Shelby Harris,27763,NYG,DT,,W (Oct 7),On Injured Reserve,Final W 36-24 vs Ari
Sep 24,Mike Evans,27535,SF,WR,,Owl Out Blitz,On Injured Reserve,Final W 24-14 vs Den
Sep 24,Jadeveon Clowney,27529,Hou,DE,,W (Oct 7),On Injured Reserve,Final L 30-34 vs Dal
Sep 24,Khalil Mack,27533,LAC,"LB,DE",,W (Oct 7),On Injured Reserve,Final L 23-30 @ Sea
Sep 24,Keenan Allen,26699,Ind,WR,O,W (Oct 7),On Injured Reserve,Final W 30-13 @ Was
Sep 23,Joey Aguilar,42903,Jax,QB,NA,W (Oct 7),On Injured Reserve,Final W 22-17 @ Cin
Sep 23,Quintayvious Hutchins,42869,NE,"LB,DE",IR,W (Oct 7),On Injured Reserve,Final W 29-26 @ Buf
Sep 23,Barion Brown,42812,NO,WR,,FA,On Injured Reserve,Mon 8:15 pm vs Atl
Sep 23,Wade Woodaz,42745,Hou,LB,,W (Oct 7),On Injured Reserve,Final L 30-34 vs Dal
Sep 23,Jadon Canady,42731,KC,CB,,W (Oct 7),On Injured Reserve,Final W 30-27 @ LV
Sep 23,Eli Raridon,42717,NE,TE,Q,W (Oct 7),On Injured Reserve,Final W 29-26 @ Buf
Sep 23,Brandon Cisse,42674,GB,CB,Q,W (Oct 7),On Injured Reserve,Final W 17-14 @ TB
Sep 23,Zion Young,42667,Bal,"LB,DE",,W (Oct 7),On Injured Reserve,Final W 24-18 vs Ten
Sep 23,Christen Miller,42664,NO,DT,NA,FA,On Injured Reserve,Mon 8:15 pm vs Atl
Sep 23,Mansoor Delane,42628,KC,CB,,W (Oct 7),On Injured Reserve,Final W 30-27 @ LV
Sep 23,David Bailey,42624,NYJ,"LB,DE",,W (Oct 7),On Injured Reserve,Final L 12-23 @ Chi
Sep 23,LeQuint Allen Jr.,42007,Jax,RB,,W (Oct 7),On Injured Reserve,Final W 22-17 @ Cin
Sep 23,Kiko Mauigoa,41948,NYJ,LB,O,W (Oct 7),On Injured Reserve,Final L 12-23 @ Chi
Sep 23,Jeffrey Bassa,41942,KC,LB,,W (Oct 7),On Injured Reserve,Final W 30-27 @ LV
Sep 23,Teddye Buchanan,41908,Bal,LB,,W (Oct 7),On Injured Reserve,Final W 24-18 vs Ten
Sep 23,Craig Woodson,41897,NE,S,,W (Oct 7),On Injured Reserve,Final W 29-26 @ Buf
Sep 23,Jonas Sanker,41879,NO,S,,FA,On Injured Reserve,Mon 8:15 pm vs Atl
Sep 23,Mason Taylor,41827,NYJ,TE,O,W (Oct 7),On Injured Reserve,Final L 12-23 @ Chi
Sep 23,Malaki Starks,41812,Bal,S,,W (Oct 7),On Injured Reserve,Final W 24-18 vs Ten
Sep 23,Mason Graham,41790,Cle,DT,Q,W (Oct 7),On Injured Reserve,Final W 27-24 vs Pit
Sep 23,Jalen Coker,41293,Car,WR,O,Dave’s Bone Crushers,On Injured Reserve,Final W 32-26 vs Det
Sep 23,Isaiah Stalbird,41184,NO,LB,,FA,On Injured Reserve,Mon 8:15 pm vs Atl
Sep 23,James Williams Sr.,41112,Ten,LB,,W (Oct 7),On Injured Reserve,Final L 18-24 @ Bal
Sep 23,Jaden Hicks,40977,KC,"DB,S",,W (Oct 7),On Injured Reserve,Final W 30-27 @ LV
Sep 23,Claudin Cherelus,40547,Car,LB,NA,W (Oct 7),On Injured Reserve,Final W 32-26 vs Det
Sep 23,Andrei Iosivas,40211,Cin,WR,IR,W (Oct 7),On Injured Reserve,Final L 17-22 vs Jax
Sep 23,Christian Braswell,40208,Jax,CB,O,W (Oct 7),On Injured Reserve,Final W 22-17 @ Cin
Sep 23,Chamarri Conner,40160,KC,"DB,S",,W (Oct 7),On Injured Reserve,Final W 30-27 @ LV
Sep 23,Tyjae Spears,40119,Ten,RB,,W (Oct 7),On Injured Reserve,Final L 18-24 @ Bal
Sep 23,DeMarvion Overshown,40099,Dal,LB,O,W (Oct 7),On Injured Reserve,Final W 34-30 @ Hou
Sep 23,Joey Porter Jr.,40089,Dal,CB,,W (Oct 7),On Injured Reserve,Final W 34-30 @ Hou
Sep 23,Rashee Rice,40084,KC,WR,Q,Locked In Michelle,On Injured Reserve,Final W 30-27 @ LV
Sep 23,Zay Flowers,40039,Bal,WR,,Jason's Jazzy Team,On Injured Reserve,Final W 24-18 vs Ten
Sep 23,Felix Anudike-Uzomah,40034,KC,DE,,W (Oct 7),On Injured Reserve,Final W 30-27 @ LV
Sep 23,Will Anderson Jr.,40031,Hou,DE,,W (Oct 7),On Injured Reserve,Final L 30-34 vs Dal
Sep 23,Jack Cochrane,34432,KC,LB,,W (Oct 7),On Injured Reserve,Final W 30-27 @ LV
Sep 23,Jaylen Warren,34447,Pit,RB,,Dave’s Bone Crushers,On Injured Reserve,Final L 24-27 @ Cle
Sep 23,Brenden Schooler,34429,NE,"DB,S",NFI-R,W (Oct 7),On Injured Reserve,Final W 29-26 @ Buf
Sep 23,Reed Blankenship,34376,Hou,S,,W (Oct 7),On Injured Reserve,Final L 30-34 vs Dal
Sep 23,Jake Hummel,34342,Hou,LB,IR,W (Oct 7),On Injured Reserve,Final L 30-34 vs Dal
Sep 23,James Houston,34173,Dal,"DL,LB,DE",,W (Oct 7),On Injured Reserve,Final W 34-30 @ Hou
Sep 23,Cobie Durant,34098,Dal,"DB,CB",O,W (Oct 7),On Injured Reserve,Final W 34-30 @ Hou
Sep 23,Cor'Dale Flott,34037,Ten,CB,,W (Oct 7),On Injured Reserve,Final L 18-24 @ Bal
Sep 23,Martin Emerson Jr.,34024,NO,CB,,FA,On Injured Reserve,Mon 8:15 pm vs Atl
Sep 23,Logan Hall,33988,Hou,DE,,W (Oct 7),On Injured Reserve,Final L 30-34 vs Dal
Sep 23,Devin Lloyd,33982,Car,LB,,W (Oct 7),On Injured Reserve,Final W 32-26 vs Det
Sep 23,Bobby Brown III,33505,Car,"DT,DE",,W (Oct 7),On Injured Reserve,Final W 32-26 vs Det
Sep 23,Kene Nwangwu,33507,NYJ,RB,,W (Oct 7),On Injured Reserve,Final L 12-23 @ Chi
Sep 23,Nico Collins,33477,Hou,WR,,Steel City,On Injured Reserve,Final L 30-34 vs Dal
Sep 23,Patrick Jones II,33478,Car,LB,,W (Oct 7),On Injured Reserve,Final W 32-26 vs Det
Sep 23,Joseph Ossai,33457,NYJ,DE,,W (Oct 7),On Injured Reserve,Final L 12-23 @ Chi
Sep 23,Tyson Campbell,33421,Cle,CB,,W (Oct 7),On Injured Reserve,Final W 27-24 vs Pit
Sep 23,Travis Etienne Jr.,33413,NO,RB,IR,JGrahnasaurs,On Injured Reserve,Mon 8:15 pm vs Atl
Sep 23,Jaelan Phillips,33406,Car,"LB,DE",Q,W (Oct 7),On Injured Reserve,Final W 32-26 vs Det
Sep 23,Reggie Gilliam,33357,NE,RB,,W (Oct 7),On Injured Reserve,Final W 29-26 @ Buf
Sep 23,Rico Dowdle,33100,Pit,RB,O,W (Oct 7),On Injured Reserve,Final L 24-27 @ Cle
Sep 23,L'Jarius Sneed,32808,KC,CB,,W (Oct 7),On Injured Reserve,Final W 30-27 @ LV
Sep 23,DaVon Hamilton,32743,Jax,DT,,W (Oct 7),On Injured Reserve,Final W 22-17 @ Cin
Sep 23,Nnamdi Madubuike,32741,Bal,"DT,DE",,W (Oct 7),On Injured Reserve,Final W 24-18 vs Ten
Sep 23,Grant Delpit,32714,Cle,S,,W (Oct 7),On Injured Reserve,Final W 27-24 vs Pit
Sep 23,Jakobi Meyers,32231,Jax,WR,,Locked In Michelle,On Injured Reserve,Final W 22-17 @ Cin
Sep 23,Nick Scott,32075,Car,S,,W (Oct 7),On Injured Reserve,Final W 32-26 vs Det
Sep 23,Tony Pollard,31960,Ten,RB,,Maybe Mitchell,On Injured Reserve,Final L 18-24 @ Bal
Sep 23,Quincy Williams,31930,Cle,LB,,W (Oct 7),On Injured Reserve,Final W 27-24 vs Pit
Sep 23,Dre'Mont Jones,31903,NE,"LB,DE",,W (Oct 7),On Injured Reserve,Final W 29-26 @ Buf
Sep 23,B.J. Hill,31039,Cin,DT,O,W (Oct 7),On Injured Reserve,Final L 17-22 vs Jax
Sep 23,Carlton Davis III,31033,NE,CB,,W (Oct 7),On Injured Reserve,Final W 29-26 @ Buf
Sep 23,Minkah Fitzpatrick,30981,NYJ,S,,W (Oct 7),On Injured Reserve,Final L 12-23 @ Chi
Sep 23,Trey Hendrickson,30216,Bal,"LB,DE",O,W (Oct 7),On Injured Reserve,Final W 24-18 vs Ten
Sep 23,Jonathan Allen,30130,Cin,DT,,W (Oct 7),On Injured Reserve,Final L 17-22 vs Jax
Sep 23,Malik Hooker,30128,Dal,S,,W (Oct 7),On Injured Reserve,Final W 34-30 @ Hou
Sep 23,Patrick Mahomes,30123,KC,QB,,JGrahnasaurs,On Injured Reserve,Final W 30-27 @ LV
Sep 23,Solomon Thomas,30116,Ten,"DL,DT",,W (Oct 7),On Injured Reserve,Final L 18-24 @ Bal
Sep 23,Chris Moore,29341,Bal,WR,O,W (Oct 7),On Injured Reserve,Final W 24-18 vs Ten
Sep 23,Chris Jones,29271,KC,DT,,W (Oct 7),On Injured Reserve,Final W 30-27 @ LV
Sep 23,Darren Waller,28592,Car,TE,,W (Oct 7),On Injured Reserve,Final W 32-26 vs Det
Sep 23,Calais Campbell,8827,Bal,"DT,DE",,W (Oct 7),On Injured Reserve,Final W 24-18 vs Ten
Sep 23,Damon Bankston,43354,GB,RB,NA,W (Oct 7),On Injured Reserve,Final W 17-14 @ TB
Sep 23,Kaytron Allen,42809,Was,RB,,W (Oct 7),Off Injured Reserve,Final L 13-30 vs Ind
Sep 23,Seydou Traore,42790,Mia,TE,,W (Oct 7),Off Injured Reserve,Final L 10-15 @ Min
Sep 23,Kendal Daniels,42756,Atl,LB,,FA,Off Injured Reserve,Mon 8:15 pm @ NO
Sep 23,Malik Muhammad II,42746,Chi,CB,,W (Oct 7),Off Injured Reserve,Final W 23-12 vs NYJ
Sep 23,Wade Woodaz,42745,Hou,LB,,W (Oct 7),Off Injured Reserve,Final L 30-34 vs Dal
Sep 23,Kaelon Black,42712,SF,RB,,W (Oct 7),Off Injured Reserve,Final W 24-14 vs Den
Sep 23,Oscar Delp,42695,NO,TE,,FA,Off Injured Reserve,Mon 8:15 pm vs Atl
Sep 23,D'Angelo Ponds,42672,NYJ,CB,,W (Oct 7),Off Injured Reserve,Final L 12-23 @ Chi
Sep 23,R Mason Thomas,42662,KC,DE,,W (Oct 7),Off Injured Reserve,Final W 30-27 @ LV
Sep 23,Christen Miller,42664,NO,DT,NA,FA,Off Injured Reserve,Mon 8:15 pm vs Atl
Sep 23,Omar Cooper Jr.,42652,NYJ,WR,IR,W (Oct 7),Off Injured Reserve,Final L 12-23 @ Chi
Sep 23,De'Zhaun Stribling,42655,SF,WR,IR,Maybe Mitchell,Off Injured Reserve,Final W 24-14 vs Den
Sep 23,Akheem Mesidor,42644,LAC,"LB,DE",,W (Oct 7),Off Injured Reserve,Final L 23-30 @ Sea
Sep 23,Mansoor Delane,42628,KC,CB,,W (Oct 7),Off Injured Reserve,Final W 30-27 @ LV
Sep 23,Anthony Campbell,42544,GB,DT,O,W (Oct 7),On Injured Reserve,Final W 17-14 @ TB
Sep 23,Keondre Jackson,42471,Bal,S,,W (Oct 7),Off Injured Reserve,Final W 24-18 vs Ten
Sep 23,Kyle Monangai,42025,Chi,RB,Q,Jason's Jazzy Team,Off Injured Reserve,Final W 23-12 vs NYJ
Sep 23,LeQuint Allen Jr.,42007,Jax,RB,,W (Oct 7),Off Injured Reserve,Final W 22-17 @ Cin
Sep 23,Jordan Hancock,41956,Buf,"S,CB",IR,W (Oct 7),Off Injured Reserve,Final L 26-29 vs NE
Sep 23,Tory Horton,41952,Sea,WR,,W (Oct 7),Off Injured Reserve,Final W 30-23 vs LAC
Sep 23,DJ Giddens,41937,Ind,RB,,W (Oct 7),Off Injured Reserve,Final W 30-13 @ Was
Sep 23,Dante Trader Jr.,41941,Mia,S,Q,W (Oct 7),Off Injured Reserve,Final L 10-15 @ Min
Sep 23,Barryn Sorrell,41924,GB,DE,,W (Oct 7),Off Injured Reserve,Final W 17-14 @ TB
Sep 23,Cody Simon,41918,Ari,LB,,W (Oct 7),Off Injured Reserve,Final L 24-36 @ NYG
Sep 23,Jaylin Lane,41920,Was,WR,O,W (Oct 7),Off Injured Reserve,Final L 13-30 vs Ind
Sep 23,Teddye Buchanan,41908,Bal,LB,,W (Oct 7),Off Injured Reserve,Final W 24-18 vs Ten
Sep 23,Ashton Gillotte,41886,KC,DE,,W (Oct 7),Off Injured Reserve,Final W 30-27 @ LV
Sep 23,Upton Stout,41884,SF,CB,,W (Oct 7),Off Injured Reserve,Final W 24-14 vs Den
Sep 23,Darien Porter,41876,LV,CB,,W (Oct 7),Off Injured Reserve,Final L 27-30 vs KC
Sep 23,Jacob Parrish,41869,TB,CB,,W (Oct 7),Off Injured Reserve,Final L 14-17 vs GB
Sep 23,Andrew Mukuba,41849,Phi,S,,W (Oct 7),Off Injured Reserve,Final L 20-24 vs LAR
Sep 23,RJ Harvey,41845,Den,RB,,Max’s TD Bombers,Off Injured Reserve,Final L 14-24 @ SF
Sep 23,TreVeyon Henderson,41823,NE,RB,,Steel City,Off Injured Reserve,Final W 29-26 @ Buf
Sep 23,T.J. Sanders,41826,Buf,DT,O,W (Oct 7),Off Injured Reserve,Final L 26-29 vs NE
Sep 23,Nick Emmanwori,41820,Sea,S,,W (Oct 7),Off Injured Reserve,Final W 30-23 vs LAC
Sep 23,Shemar Stewart,41802,Cin,DE,,W (Oct 7),Off Injured Reserve,Final L 17-22 vs Jax
Sep 23,Ashton Jeanty,41791,LV,RB,,Max’s TD Bombers,Off Injured Reserve,Final L 27-30 vs KC
Sep 23,Omar Speights,41449,LAR,LB,,W (Oct 7),Off Injured Reserve,Final W 24-20 @ Phi
Sep 23,Jalen Coker,41293,Car,WR,O,Dave’s Bone Crushers,Off Injured Reserve,Final W 32-26 vs Det
Sep 23,Tyler Owens,41222,Was,S,Q,W (Oct 7),Off Injured Reserve,Final L 13-30 vs Ind
Sep 23,Isaiah Stalbird,41184,NO,LB,,FA,Off Injured Reserve,Mon 8:15 pm vs Atl
Sep 23,James Williams Sr.,41112,Ten,LB,,W (Oct 7),Off Injured Reserve,Final L 18-24 @ Bal
Sep 23,Jordan Whittington,41083,LAR,WR,,W (Oct 7),Off Injured Reserve,Final W 24-20 @ Phi
Sep 23,Jarvis Brownlee Jr.,41044,NYJ,"DB,CB",Q,W (Oct 7),Off Injured Reserve,Final L 12-23 @ Chi
Sep 23,Troy Franklin,41009,Den,WR,,W (Oct 7),Off Injured Reserve,Final L 14-24 @ SF
Sep 23,D. Taylor-Demerson,40999,Ari,"DB,S",O,W (Oct 7),Off Injured Reserve,Final L 24-36 @ NYG
Sep 23,Brandon Dorlus,40994,Atl,DE,,FA,On Injured Reserve,Mon 8:15 pm @ NO
Sep 23,Cedric Gray,40988,Ten,LB,,W (Oct 7),Off Injured Reserve,Final L 18-24 @ Bal
Sep 23,T.J. Tampa Jr.,40990,Bal,"DB,CB",IR,W (Oct 7),Off Injured Reserve,Final W 24-18 vs Ten
Sep 23,Devontez Walker,40991,Bal,WR,,W (Oct 7),Off Injured Reserve,Final W 24-18 vs Ten
Sep 23,Ty'Ron Hopper,40972,GB,LB,,W (Oct 7),Off Injured Reserve,Final W 17-14 @ TB
Sep 23,Kamren Kinchens,40973,LAR,S,,W (Oct 7),Off Injured Reserve,Final W 24-20 @ Phi
Sep 23,Jalen McMillan,40954,TB,WR,IR,W (Oct 7),Off Injured Reserve,Final L 14-17 vs GB
Sep 23,Edgerrin Cooper,40938,GB,LB,O,W (Oct 7),On Injured Reserve,Final W 17-14 @ TB
Sep 23,Jonah Elliss,40940,Den,"LB,DE",,W (Oct 7),Off Injured Reserve,Final L 14-24 @ SF
Sep 23,Cooper DeJean,40934,Phi,"DB,CB",,W (Oct 7),Off Injured Reserve,Final L 20-24 vs LAR
Sep 23,Max Melton,40929,Ari,"DB,CB",,W (Oct 7),Off Injured Reserve,Final L 24-36 @ NYG
Sep 23,Ladd McConkey,40908,LAC,WR,Q,Dave’s Bone Crushers,Off Injured Reserve,Final L 23-30 @ Sea
Sep 23,Cole Bishop,40912,Buf,S,,W (Oct 7),Off Injured Reserve,Final L 26-29 vs NE
Sep 23,Brian Thomas Jr.,40883,Jax,WR,,W (Oct 7),Off Injured Reserve,Final W 22-17 @ Cin
Sep 23,Brock Bowers,40878,LV,TE,,Owl Out Blitz,Off Injured Reserve,Final L 27-30 vs KC
Sep 23,Chop Robinson,40879,Mia,DE,,W (Oct 7),Off Injured Reserve,Final L 10-15 @ Min
Sep 23,Sean Tucker,40742,TB,RB,,W (Oct 7),Off Injured Reserve,Final L 14-17 vs GB
Sep 23,Christian Izien,40681,Det,"S,CB",,W (Oct 7),Off Injured Reserve,Final L 26-32 @ Car
Sep 23,Ty Okada,40469,Sea,S,O,W (Oct 7),Off Injured Reserve,Final W 30-23 vs LAC
Sep 23,Austin Ajiake,40297,Ind,LB,,W (Oct 7),Off Injured Reserve,Final W 30-13 @ Was
Sep 23,Christian Braswell,40208,Jax,CB,O,W (Oct 7),Off Injured Reserve,Final W 22-17 @ Cin
Sep 23,Puka Nacua,40168,LAR,WR,,Owl Out Blitz,Off Injured Reserve,Final W 24-20 @ Phi
Sep 23,Chamarri Conner,40160,KC,"DB,S",,W (Oct 7),Off Injured Reserve,Final W 30-27 @ LV
Sep 23,Aidan O'Connell,40138,LV,QB,,W (Oct 7),Off Injured Reserve,Final L 27-30 vs KC
Sep 23,Derius Davis,40133,LAC,WR,,W (Oct 7),Off Injured Reserve,Final L 23-30 @ Sea
Sep 23,Garrett Williams,40127,Ari,CB,,W (Oct 7),Off Injured Reserve,Final L 24-36 @ NYG
Sep 23,Byron Young,40124,LAR,LB,,W (Oct 7),Off Injured Reserve,Final W 24-20 @ Phi
Sep 23,DeMarvion Overshown,40099,Dal,LB,O,W (Oct 7),Off Injured Reserve,Final W 34-30 @ Hou
Sep 23,Darnell Washington,40094,Pit,TE,,W (Oct 7),Off Injured Reserve,Final L 24-27 @ Cle
Sep 23,Marvin Mims Jr.,40090,Den,WR,,W (Oct 7),Off Injured Reserve,Final L 14-24 @ SF
Sep 23,Rashee Rice,40084,KC,WR,Q,Locked In Michelle,Off Injured Reserve,Final W 30-27 @ LV
Sep 23,Joey Porter Jr.,40089,Dal,CB,,W (Oct 7),Off Injured Reserve,Final W 34-30 @ Hou
Sep 23,Keion White,40080,SF,"LB,DE",,W (Oct 7),Off Injured Reserve,Final W 24-14 vs Den
Sep 23,Jayden Reed,40063,GB,WR,IR,Locked In Michelle,On Injured Reserve,Final W 17-14 @ TB
Sep 23,Deonte Banks,40053,NYG,CB,,W (Oct 7),Off Injured Reserve,Final W 36-24 vs Ari
Sep 23,Will McDonald IV,40038,NYJ,"DL,DE",,W (Oct 7),Off Injured Reserve,Final L 12-23 @ Chi
Sep 23,Zay Flowers,40039,Bal,WR,,Jason's Jazzy Team,Off Injured Reserve,Final W 24-18 vs Ten
Sep 23,Anthony Richardson Sr.,40040,Ind,QB,,W (Oct 7),Off Injured Reserve,Final W 30-13 @ Was
Sep 23,Jalen Carter,40035,Phi,"DT,DE",,W (Oct 7),Off Injured Reserve,Final L 20-24 vs LAR
Sep 23,Lukas Van Ness,40037,GB,"LB,DE",,W (Oct 7),Off Injured Reserve,Final W 17-14 @ TB
Sep 23,Jack Gibbens,34454,Ari,LB,,W (Oct 7),Off Injured Reserve,Final L 24-36 @ NYG
Sep 23,Josh Jobe,34383,Sea,CB,,W (Oct 7),Off Injured Reserve,Final W 30-23 vs LAC
Sep 23,Jake Hummel,34342,Hou,LB,IR,W (Oct 7),Off Injured Reserve,Final L 30-34 vs Dal
Sep 23,Nate Landman,34291,LAR,LB,,W (Oct 7),Off Injured Reserve,Final W 24-20 @ Phi
Sep 23,Deane Leonard,34192,LAC,"DB,CB",,W (Oct 7),Off Injured Reserve,Final L 23-30 @ Sea
Sep 23,Nick Muse,34183,Atl,TE,,FA,On Injured Reserve,Mon 8:15 pm @ NO
Sep 23,Bo Melton,34185,GB,WR,,W (Oct 7),On Injured Reserve,Final W 17-14 @ TB
Sep 23,James Houston,34173,Dal,"DL,LB,DE",,W (Oct 7),Off Injured Reserve,Final W 34-30 @ Hou
Sep 23,Micah McFadden,34102,NYG,LB,,W (Oct 7),Off Injured Reserve,Final W 36-24 vs Ari
Sep 23,Chig Okonkwo,34099,Was,TE,,W (Oct 7),Off Injured Reserve,Final L 13-30 vs Ind
Sep 23,Brian Robinson,34054,Atl,RB,,FA,On Injured Reserve,Mon 8:15 pm @ NO
Sep 23,Terrel Bernard,34045,Buf,LB,,W (Oct 7),Off Injured Reserve,Final L 26-29 vs NE
Sep 23,Malik Willis,34042,Mia,QB,,W (Oct 7),Off Injured Reserve,Final L 10-15 @ Min
Sep 23,Cor'Dale Flott,34037,Ten,CB,,W (Oct 7),Off Injured Reserve,Final L 18-24 @ Bal
Sep 23,Trey McBride,34010,Ari,TE,,Maybe Mitchell,Off Injured Reserve,Final L 24-36 @ NYG
Sep 23,Alec Pierce,34008,Ind,WR,IR,W (Oct 7),Off Injured Reserve,Final W 30-13 @ Was
Sep 23,Logan Hall,33988,Hou,DE,,W (Oct 7),Off Injured Reserve,Final L 30-34 vs Dal
Sep 23,Devonte Wyatt,33983,GB,"DL,DT",,W (Oct 7),Off Injured Reserve,Final W 17-14 @ TB
Sep 23,Dax Hill,33986,Cin,"S,CB",,W (Oct 7),Off Injured Reserve,Final L 17-22 vs Jax
Sep 23,Chris Olave,33966,NO,WR,,Sunday Kevin,Off Injured Reserve,Mon 8:15 pm vs Atl
Sep 23,Sauce Gardner,33959,Ind,CB,,W (Oct 7),Off Injured Reserve,Final W 30-13 @ Was
Sep 23,Roy Lopez,33583,Ari,DT,,W (Oct 7),Off Injured Reserve,Final L 24-36 @ NYG
Sep 23,Jamien Sherwood,33534,NYJ,LB,,W (Oct 7),Off Injured Reserve,Final L 12-23 @ Chi
Sep 23,Kene Nwangwu,33507,NYJ,RB,,W (Oct 7),Off Injured Reserve,Final L 12-23 @ Chi
Sep 23,Bobby Brown III,33505,Car,"DT,DE",,W (Oct 7),Off Injured Reserve,Final W 32-26 vs Det
Sep 23,Elijah Molden,33488,LAC,"S,CB",,W (Oct 7),Off Injured Reserve,Final L 23-30 @ Sea
Sep 23,Nico Collins,33477,Hou,WR,,Steel City,Off Injured Reserve,Final L 30-34 vs Dal
Sep 23,Patrick Jones II,33478,Car,LB,,W (Oct 7),Off Injured Reserve,Final W 32-26 vs Det
Sep 23,Chauncey Golston,33472,NYG,"DT,DE",Q,W (Oct 7),Off Injured Reserve,Final W 36-24 vs Ari
Sep 23,Paulson Adebo,33464,NYG,CB,IR,W (Oct 7),Off Injured Reserve,Final W 36-24 vs Ari
Sep 23,Joseph Ossai,33457,NYJ,DE,,W (Oct 7),Off Injured Reserve,Final L 12-23 @ Chi
Sep 23,Dayo Odeyingbo,33442,Chi,DE,,W (Oct 7),Off Injured Reserve,Final W 23-12 vs NYJ
Sep 23,Elijah Moore,33422,Phi,WR,,W (Oct 7),Off Injured Reserve,Final L 20-24 vs LAR
Sep 23,Odafe Oweh,33419,Was,LB,,W (Oct 7),Off Injured Reserve,Final L 13-30 vs Ind
Sep 23,Tyson Campbell,33421,Cle,CB,,W (Oct 7),Off Injured Reserve,Final W 27-24 vs Pit
Sep 23,Greg Newsome II,33414,NYG,CB,,W (Oct 7),Off Injured Reserve,Final W 36-24 vs Ari
Sep 23,Teair Tart,33347,LAC,DT,,W (Oct 7),Off Injured Reserve,Final L 23-30 @ Sea
Sep 23,Christian Rozeboom,33261,TB,LB,,W (Oct 7),Off Injured Reserve,Final L 14-17 vs GB
Sep 23,Juwan Johnson,33113,NO,TE,,Steel City,Off Injured Reserve,Mon 8:15 pm vs Atl
Sep 23,Kam Curl,32886,LAR,S,,W (Oct 7),Off Injured Reserve,Final W 24-20 @ Phi
Sep 23,Jauan Jennings,32887,Min,WR,,W (Oct 7),Off Injured Reserve,Final W 15-10 vs Mia
Sep 23,Khalid Kareem,32817,SF,"LB,DE",,W (Oct 7),Off Injured Reserve,Final W 24-14 vs Den
Sep 23,Jaylinn Hawkins,32804,Bal,S,,W (Oct 7),Off Injured Reserve,Final W 24-18 vs Ten
Sep 23,L'Jarius Sneed,32808,KC,CB,,W (Oct 7),Off Injured Reserve,Final W 30-27 @ LV
Sep 23,Akeem Davis-Gaither,32777,Ind,LB,,W (Oct 7),Off Injured Reserve,Final W 30-13 @ Was
Sep 23,Jonathan Greenard,32760,Phi,"LB,DE",Q,W (Oct 7),Off Injured Reserve,Final L 20-24 vs LAR
Sep 23,Neville Gallimore,32752,Chi,DT,,W (Oct 7),Off Injured Reserve,Final W 23-12 vs NYJ
Sep 23,Nnamdi Madubuike,32741,Bal,"DT,DE",,W (Oct 7),Off Injured Reserve,Final W 24-18 vs Ten
Sep 23,D'Andre Swift,32705,Chi,RB,,Owl Out Blitz,Off Injured Reserve,Final W 23-12 vs NYJ
Sep 23,Noah Igbinoghene,32700,Cle,CB,,W (Oct 7),Off Injured Reserve,Final W 27-24 vs Pit
Sep 23,Michael Pittman Jr.,32704,Pit,WR,,Sunday Kevin,Off Injured Reserve,Final L 24-27 @ Cle
Sep 23,K'Lavon Chaisson,32690,Was,"LB,DE",,W (Oct 7),Off Injured Reserve,Final L 13-30 vs Ind
Sep 23,Javon Kinlaw,32684,Was,DT,,W (Oct 7),Off Injured Reserve,Final L 13-30 vs Ind
Sep 23,Jerry Jeudy,32685,Cle,WR,,W (Oct 7),Off Injured Reserve,Final W 27-24 vs Pit
Sep 23,A.J. Terrell Jr.,32686,Atl,CB,IR,FA,Off Injured Reserve,Mon 8:15 pm @ NO
Sep 23,Chase Young,32672,NO,"DL,DE",,FA,Off Injured Reserve,Mon 8:15 pm vs Atl
Sep 23,Joe Burrow,32671,Cin,QB,,Locked In Michelle,Off Injured Reserve,Final L 17-22 vs Jax
Sep 23,Ashton Dulin,32292,Ind,WR,,W (Oct 7),Off Injured Reserve,Final W 30-13 @ Was
Sep 23,Jakobi Meyers,32231,Jax,WR,,Locked In Michelle,Off Injured Reserve,Final W 22-17 @ Cin
Sep 23,Ty Johnson,32018,Buf,RB,,W (Oct 7),Off Injured Reserve,Final L 26-29 vs NE
Sep 23,Blake Cashman,31989,Min,LB,,W (Oct 7),Off Injured Reserve,Final W 15-10 vs Mia
Sep 23,Charles Omenihu,31993,Was,DE,Q,W (Oct 7),Off Injured Reserve,Final L 13-30 vs Ind
Sep 23,Dre Greenlaw,31980,SF,LB,,W (Oct 7),Off Injured Reserve,Final W 24-14 vs Den
Sep 23,Andrew Van Ginkel,31983,Min,"LB,DE",,W (Oct 7),Off Injured Reserve,Final W 15-10 vs Mia
Sep 23,Dre'Mont Jones,31903,NE,"LB,DE",,W (Oct 7),Off Injured Reserve,Final W 29-26 @ Buf
Sep 23,Hollywood Brown,31857,Phi,WR,O,W (Oct 7),Off Injured Reserve,Final L 20-24 vs LAR
Sep 23,Dexter Lawrence II,31849,Cin,"DL,DT",,W (Oct 7),Off Injured Reserve,Final L 17-22 vs Jax
Sep 23,Ed Oliver,31841,Buf,DT,Q,W (Oct 7),Off Injured Reserve,Final L 26-29 vs NE
Sep 23,Kyler Murray,31833,Min,QB,,W (Oct 7),Off Injured Reserve,Final W 15-10 vs Mia
Sep 23,Nick Bosa,31834,SF,"DL,DE",O,W (Oct 7),Off Injured Reserve,Final W 24-14 vs Den
Sep 23,Robert Spillane,31708,NE,LB,,W (Oct 7),Off Injured Reserve,Final W 29-26 @ Buf
Sep 23,Frankie Luvu,31503,Was,LB,,W (Oct 7),Off Injured Reserve,Final L 13-30 vs Ind
Sep 23,Eddy Pineiro,31482,SF,K,,Maybe Mitchell,Off Injured Reserve,Final W 24-14 vs Den
Sep 23,Charvarius Ward,31293,Ind,CB,,W (Oct 7),Off Injured Reserve,Final W 30-13 @ Was
Sep 23,Foyesade Oluokun,31170,Jax,LB,,W (Oct 7),Off Injured Reserve,Final W 22-17 @ Cin
Sep 23,D.J. Reed,31112,Det,CB,,W (Oct 7),Off Injured Reserve,Final L 26-32 @ Car
Sep 23,Josh Sweat,31101,Ari,"LB,DE",,W (Oct 7),Off Injured Reserve,Final L 24-36 @ NYG
Sep 23,Dorance Armstrong,31086,Was,"LB,DE",,W (Oct 7),Off Injured Reserve,Final L 13-30 vs Ind
Sep 23,Ronnie Harrison Jr.,31063,Mia,"DB,LB,S",IR,W (Oct 7),Off Injured Reserve,Final L 10-15 @ Min
Sep 23,B.J. Hill,31039,Cin,DT,O,W (Oct 7),Off Injured Reserve,Final L 17-22 vs Jax
Sep 23,Carlton Davis III,31033,NE,CB,,W (Oct 7),Off Injured Reserve,Final W 29-26 @ Buf
Sep 23,Daron Payne,30983,Was,DT,,W (Oct 7),Off Injured Reserve,Final L 13-30 vs Ind
Sep 23,Minkah Fitzpatrick,30981,NYJ,S,,W (Oct 7),Off Injured Reserve,Final L 12-23 @ Chi
Sep 23,Sam Darnold,30973,Sea,QB,,Monday Night Madison,Off Injured Reserve,Final W 30-23 vs LAC
Sep 23,Bradley Chubb,30975,Buf,LB,,W (Oct 7),Off Injured Reserve,Final L 26-29 vs NE
Sep 23,Cooper Rush,30788,Atl,QB,NA,FA,Off Injured Reserve,Mon 8:15 pm @ NO
Sep 23,Xavier Woods,30304,Chi,S,,W (Oct 7),Off Injured Reserve,Final W 23-12 vs NYJ
Sep 23,Davon Godchaux,30291,NO,"DL,DT",,FA,Off Injured Reserve,Mon 8:15 pm vs Atl
Sep 23,Grover Stewart,30257,Ind,DT,,W (Oct 7),Off Injured Reserve,Final W 30-13 @ Was
Sep 23,George Kittle,30259,SF,TE,,Owl Out Blitz,Off Injured Reserve,Final W 24-14 vs Den
Sep 23,Samson Ebukam,30238,Atl,"LB,DE",,FA,On Injured Reserve,Mon 8:15 pm @ NO
Sep 23,Samaje Perine,30227,Cin,RB,,W (Oct 7),Off Injured Reserve,Final L 17-22 vs Jax
Sep 23,Trey Hendrickson,30216,Bal,"LB,DE",O,W (Oct 7),Off Injured Reserve,Final W 24-18 vs Ten
Sep 23,Cooper Kupp,30182,Sea,WR,,W (Oct 7),Off Injured Reserve,Final W 30-23 vs LAC
Sep 23,Alvin Kamara,30180,NO,RB,,Jason's Jazzy Team,Off Injured Reserve,Mon 8:15 pm vs Atl
Sep 23,Dalvin Tomlinson,30168,LAC,DT,O,W (Oct 7),Off Injured Reserve,Final L 23-30 @ Sea
Sep 23,Budda Baker,30149,Ari,S,,W (Oct 7),Off Injured Reserve,Final L 24-36 @ NYG
Sep 23,Jonathan Allen,30130,Cin,DT,,W (Oct 7),Off Injured Reserve,Final L 17-22 vs Jax
Sep 23,Malik Hooker,30128,Dal,S,,W (Oct 7),Off Injured Reserve,Final W 34-30 @ Hou
Sep 23,Christian McCaffrey,30121,SF,RB,,Jason's Jazzy Team,Off Injured Reserve,Final W 24-14 vs Den
Sep 23,Patrick Mahomes,30123,KC,QB,,JGrahnasaurs,Off Injured Reserve,Final W 30-27 @ LV
Sep 23,Miles Killebrew,29345,TB,"DB,S",,W (Oct 7),Off Injured Reserve,Final L 14-17 vs GB
Sep 23,David Onyemata,29354,NYJ,"DL,DT",IR,W (Oct 7),Off Injured Reserve,Final L 12-23 @ Chi
Sep 23,Andrew Billings,29356,Ari,"DL,DT",,W (Oct 7),Off Injured Reserve,Final L 24-36 @ NYG
Sep 23,Tyler Higbee,29344,LAR,TE,,W (Oct 7),Off Injured Reserve,Final W 24-20 @ Phi
Sep 23,Maliek Collins,29301,Cle,DT,,W (Oct 7),Off Injured Reserve,Final W 27-24 vs Pit
Sep 23,Chris Jones,29271,KC,DT,,W (Oct 7),Off Injured Reserve,Final W 30-27 @ LV
Sep 23,DeForest Buckner,29241,Ind,DT,,W (Oct 7),Off Injured Reserve,Final W 30-13 @ Was
Sep 23,Darren Waller,28592,Car,TE,,W (Oct 7),Off Injured Reserve,Final W 32-26 vs Det
Sep 23,Za'Darius Smith,28510,Atl,"LB,DE",,FA,Off Injured Reserve,Mon 8:15 pm @ NO
Sep 23,Grady Jarrett,28525,Chi,"DL,DE",,W (Oct 7),Off Injured Reserve,Final W 23-12 vs NYJ
Sep 23,Bud Dupree,28410,LAC,LB,,W (Oct 7),Off Injured Reserve,Final L 23-30 @ Sea
Sep 23,Davante Adams,27581,LAR,WR,,JGrahnasaurs,Off Injured Reserve,Final W 24-20 @ Phi
Sep 23,Aaron Donald,27541,LAR,"DT,DE",O,W (Oct 7),Off Injured Reserve,Final W 24-20 @ Phi
Sep 23,Khalil Mack,27533,LAC,"LB,DE",,W (Oct 7),Off Injured Reserve,Final L 23-30 @ Sea
Sep 23,Jadeveon Clowney,27529,Hou,DE,,W (Oct 7),Off Injured Reserve,Final L 30-34 vs Dal
Sep 23,Keenan Allen,26699,Ind,WR,O,W (Oct 7),Off Injured Reserve,Final W 30-13 @ Was
Sep 23,Kyle Juszczyk,26753,SF,RB,D,W (Oct 7),Off Injured Reserve,Final W 24-14 vs Den
Sep 23,Harrison Smith,25739,Min,S,,W (Oct 7),Off Injured Reserve,Final W 15-10 vs Mia
Sep 23,Cameron Jordan,24811,NO,DE,,FA,Off Injured Reserve,Mon 8:15 pm vs Atl
Sep 23,Cameron Heyward,24818,Pit,"DT,DE",,W (Oct 7),Off Injured Reserve,Final L 24-27 @ Cle
Sep 23,Calais Campbell,8827,Bal,"DT,DE",,W (Oct 7),Off Injured Reserve,Final W 24-18 vs Ten
Sep 20,Tyler Higbee,29344,LAR,TE,,W (Oct 7),On Injured Reserve,Final W 24-20 @ Phi
Sep 20,Aaron Donald,27541,LAR,"DT,DE",O,W (Oct 7),On Injured Reserve,Final W 24-20 @ Phi
Sep 19,Byron Young,40124,LAR,LB,,W (Oct 7),On Injured Reserve,Final W 24-20 @ Phi
Sep 19,Noah Igbinoghene,32700,Cle,CB,,W (Oct 7),On Injured Reserve,Final W 27-24 vs Pit
Sep 19,Brandon Cisse,42674,GB,CB,Q,W (Oct 7),Off Injured Reserve,Final W 17-14 @ TB
Sep 19,Jordan Whittington,41083,LAR,WR,,W (Oct 7),On Injured Reserve,Final W 24-20 @ Phi
Sep 19,Puka Nacua,40168,LAR,WR,,Owl Out Blitz,On Injured Reserve,Final W 24-20 @ Phi
Sep 19,Benjamin St-Juste,33462,GB,CB,,W (Oct 7),On Injured Reserve,Final W 17-14 @ TB
Sep 18,Christen Miller,42664,NO,DT,NA,FA,On Injured Reserve,Mon 8:15 pm vs Atl
Sep 18,Cor'Dale Flott,34037,Ten,CB,,W (Oct 7),On Injured Reserve,Final L 18-24 @ Bal
Sep 18,Dax Hill,33986,Cin,"S,CB",,W (Oct 7),On Injured Reserve,Final L 17-22 vs Jax
Sep 18,Logan Hall,33988,Hou,DE,,W (Oct 7),On Injured Reserve,Final L 30-34 vs Dal
Sep 18,Sauce Gardner,33959,Ind,CB,,W (Oct 7),On Injured Reserve,Final W 30-13 @ Was
Sep 18,Elijah Moore,33422,Phi,WR,,W (Oct 7),On Injured Reserve,Final L 20-24 vs LAR
Sep 18,Hollywood Brown,31857,Phi,WR,O,W (Oct 7),On Injured Reserve,Final L 20-24 vs LAR
Sep 18,Dexter Lawrence II,31849,Cin,"DL,DT",,W (Oct 7),On Injured Reserve,Final L 17-22 vs Jax
Sep 18,Charvarius Ward,31293,Ind,CB,,W (Oct 7),On Injured Reserve,Final W 30-13 @ Was
Sep 18,A'Shawn Robinson,29280,TB,"DL,DT,DE",,W (Oct 7),Off Injured Reserve,Final L 14-17 vs GB
Sep 18,Harrison Smith,25739,Min,S,,W (Oct 7),On Injured Reserve,Final W 15-10 vs Mia
Sep 18,Kaelon Black,42712,SF,RB,,W (Oct 7),On Injured Reserve,Final W 24-14 vs Den
Sep 18,Andrew Mukuba,41849,Phi,S,,W (Oct 7),On Injured Reserve,Final L 20-24 vs LAR
Sep 18,Omar Speights,41449,LAR,LB,,W (Oct 7),On Injured Reserve,Final W 24-20 @ Phi
Sep 18,Kamren Kinchens,40973,LAR,S,,W (Oct 7),On Injured Reserve,Final W 24-20 @ Phi
Sep 18,Christian Braswell,40208,Jax,CB,O,W (Oct 7),On Injured Reserve,Final W 22-17 @ Cin
Sep 18,Aidan O'Connell,40138,LV,QB,,W (Oct 7),On Injured Reserve,Final L 27-30 vs KC
Sep 18,Nate Landman,34291,LAR,LB,,W (Oct 7),On Injured Reserve,Final W 24-20 @ Phi
Sep 18,Tyson Campbell,33421,Cle,CB,,W (Oct 7),On Injured Reserve,Final W 27-24 vs Pit
Sep 18,Kam Curl,32886,LAR,S,,W (Oct 7),On Injured Reserve,Final W 24-20 @ Phi
Sep 18,Ed Oliver,31841,Buf,DT,Q,W (Oct 7),On Injured Reserve,Final L 26-29 vs NE
Sep 18,Dalton Schultz,31107,Hou,TE,,Jason's Jazzy Team,Off Injured Reserve,Final L 30-34 vs Dal
Sep 18,Samaje Perine,30227,Cin,RB,,W (Oct 7),On Injured Reserve,Final L 17-22 vs Jax
Sep 18,Jonathan Allen,30130,Cin,DT,,W (Oct 7),On Injured Reserve,Final L 17-22 vs Jax
Sep 18,Andrew Billings,29356,Ari,"DL,DT",,W (Oct 7),On Injured Reserve,Final L 24-36 @ NYG
Sep 18,A'Shawn Robinson,29280,TB,"DL,DT,DE",,W (Oct 7),On Injured Reserve,Final L 14-17 vs GB
Sep 18,Bud Dupree,28410,LAC,LB,,W (Oct 7),On Injured Reserve,Final L 23-30 @ Sea
Sep 18,Davante Adams,27581,LAR,WR,,JGrahnasaurs,On Injured Reserve,Final W 24-20 @ Phi
Sep 17,Kendal Daniels,42756,Atl,LB,,FA,On Injured Reserve,Mon 8:15 pm @ NO
Sep 17,DJ Giddens,41937,Ind,RB,,W (Oct 7),On Injured Reserve,Final W 30-13 @ Was
Sep 17,Deonte Banks,40053,NYG,CB,,W (Oct 7),On Injured Reserve,Final W 36-24 vs Ari
Sep 17,Will McDonald IV,40038,NYJ,"DL,DE",,W (Oct 7),On Injured Reserve,Final L 12-23 @ Chi
Sep 17,Will Anderson Jr.,40031,Hou,DE,,W (Oct 7),Off Injured Reserve,Final L 30-34 vs Dal
Sep 17,Micah McFadden,34102,NYG,LB,,W (Oct 7),On Injured Reserve,Final W 36-24 vs Ari
Sep 17,Chris Olave,33966,NO,WR,,Sunday Kevin,On Injured Reserve,Mon 8:15 pm vs Atl
Sep 17,Chauncey Golston,33472,NYG,"DT,DE",Q,W (Oct 7),On Injured Reserve,Final W 36-24 vs Ari
Sep 17,Paulson Adebo,33464,NYG,CB,IR,W (Oct 7),On Injured Reserve,Final W 36-24 vs Ari
Sep 17,Greg Newsome II,33414,NYG,CB,,W (Oct 7),On Injured Reserve,Final W 36-24 vs Ari
Sep 17,Javon Kinlaw,32684,Was,DT,,W (Oct 7),On Injured Reserve,Final L 13-30 vs Ind
Sep 17,Chase Young,32672,NO,"DL,DE",,FA,On Injured Reserve,Mon 8:15 pm vs Atl
Sep 17,Davon Godchaux,30291,NO,"DL,DT",,FA,On Injured Reserve,Mon 8:15 pm vs Atl
Sep 17,Grover Stewart,30257,Ind,DT,,W (Oct 7),On Injured Reserve,Final W 30-13 @ Was
Sep 17,Za'Darius Smith,28510,Atl,"LB,DE",,FA,On Injured Reserve,Mon 8:15 pm @ NO
Sep 17,Cameron Heyward,24818,Pit,"DT,DE",,W (Oct 7),On Injured Reserve,Final L 24-27 @ Cle
Sep 17,Seydou Traore,42790,Mia,TE,,W (Oct 7),On Injured Reserve,Final L 10-15 @ Min
Sep 17,Wade Woodaz,42745,Hou,LB,,W (Oct 7),On Injured Reserve,Final L 30-34 vs Dal
Sep 17,Brandon Cisse,42674,GB,CB,Q,W (Oct 7),On Injured Reserve,Final W 17-14 @ TB
Sep 17,De'Zhaun Stribling,42655,SF,WR,IR,Maybe Mitchell,On Injured Reserve,Final W 24-14 vs Den
Sep 17,Akheem Mesidor,42644,LAC,"LB,DE",,W (Oct 7),On Injured Reserve,Final L 23-30 @ Sea
Sep 17,Keondre Jackson,42471,Bal,S,,W (Oct 7),On Injured Reserve,Final W 24-18 vs Ten
Sep 17,Warren Brinson,41984,GB,DT,IR,W (Oct 7),On Injured Reserve,Final W 17-14 @ TB
Sep 17,Tory Horton,41952,Sea,WR,,W (Oct 7),On Injured Reserve,Final W 30-23 vs LAC
Sep 17,Dante Trader Jr.,41941,Mia,S,Q,W (Oct 7),On Injured Reserve,Final L 10-15 @ Min
Sep 17,Barryn Sorrell,41924,GB,DE,,W (Oct 7),On Injured Reserve,Final W 17-14 @ TB
Sep 17,Cody Simon,41918,Ari,LB,,W (Oct 7),On Injured Reserve,Final L 24-36 @ NYG
Sep 17,Billy Bowman Jr.,41911,Atl,S,,FA,On Injured Reserve,Mon 8:15 pm @ NO
Sep 17,Teddye Buchanan,41908,Bal,LB,,W (Oct 7),On Injured Reserve,Final W 24-18 vs Ten
Sep 17,Upton Stout,41884,SF,CB,,W (Oct 7),On Injured Reserve,Final W 24-14 vs Den
Sep 17,Darien Porter,41876,LV,CB,,W (Oct 7),On Injured Reserve,Final L 27-30 vs KC
Sep 17,Jacob Parrish,41869,TB,CB,,W (Oct 7),On Injured Reserve,Final L 14-17 vs GB
Sep 17,Nick Emmanwori,41820,Sea,S,,W (Oct 7),On Injured Reserve,Final W 30-23 vs LAC
Sep 17,Shemar Stewart,41802,Cin,DE,,W (Oct 7),On Injured Reserve,Final L 17-22 vs Jax
Sep 17,Ashton Jeanty,41791,LV,RB,,Max’s TD Bombers,On Injured Reserve,Final L 27-30 vs KC
Sep 17,Jalen Coker,41293,Car,WR,O,Dave’s Bone Crushers,On Injured Reserve,Final W 32-26 vs Det
Sep 17,D. Taylor-Demerson,40999,Ari,"DB,S",O,W (Oct 7),On Injured Reserve,Final L 24-36 @ NYG
Sep 17,Devontez Walker,40991,Bal,WR,,W (Oct 7),On Injured Reserve,Final W 24-18 vs Ten
Sep 17,T.J. Tampa Jr.,40990,Bal,"DB,CB",IR,W (Oct 7),On Injured Reserve,Final W 24-18 vs Ten
Sep 17,Ty'Ron Hopper,40972,GB,LB,,W (Oct 7),On Injured Reserve,Final W 17-14 @ TB
Sep 17,Jalen McMillan,40954,TB,WR,IR,W (Oct 7),On Injured Reserve,Final L 14-17 vs GB
Sep 17,Cooper DeJean,40934,Phi,"DB,CB",,W (Oct 7),On Injured Reserve,Final L 20-24 vs LAR
Sep 17,Max Melton,40929,Ari,"DB,CB",,W (Oct 7),On Injured Reserve,Final L 24-36 @ NYG
Sep 17,Ladd McConkey,40908,LAC,WR,Q,Dave’s Bone Crushers,On Injured Reserve,Final L 23-30 @ Sea
Sep 17,Michael Penix Jr.,40889,Atl,QB,,FA,On Injured Reserve,Mon 8:15 pm @ NO
Sep 17,Chop Robinson,40879,Mia,DE,,W (Oct 7),On Injured Reserve,Final L 10-15 @ Min
Sep 17,Brock Bowers,40878,LV,TE,,Owl Out Blitz,On Injured Reserve,Final L 27-30 vs KC
Sep 17,Sean Tucker,40742,TB,RB,,W (Oct 7),On Injured Reserve,Final L 14-17 vs GB
Sep 17,Ty Okada,40469,Sea,S,O,W (Oct 7),On Injured Reserve,Final W 30-23 vs LAC
Sep 17,Austin Ajiake,40297,Ind,LB,,W (Oct 7),On Injured Reserve,Final W 30-13 @ Was
Sep 17,Derius Davis,40133,LAC,WR,,W (Oct 7),On Injured Reserve,Final L 23-30 @ Sea
Sep 17,Garrett Williams,40127,Ari,CB,,W (Oct 7),On Injured Reserve,Final L 24-36 @ NYG
Sep 17,DeMarvion Overshown,40099,Dal,LB,O,W (Oct 7),On Injured Reserve,Final W 34-30 @ Hou
Sep 17,Keion White,40080,SF,"LB,DE",,W (Oct 7),On Injured Reserve,Final W 24-14 vs Den
Sep 17,Anthony Richardson Sr.,40040,Ind,QB,,W (Oct 7),On Injured Reserve,Final W 30-13 @ Was
Sep 17,Lukas Van Ness,40037,GB,"LB,DE",,W (Oct 7),On Injured Reserve,Final W 17-14 @ TB
Sep 17,Zay Flowers,40039,Bal,WR,,Jason's Jazzy Team,On Injured Reserve,Final W 24-18 vs Ten
Sep 17,Jalen Carter,40035,Phi,"DT,DE",,W (Oct 7),On Injured Reserve,Final L 20-24 vs LAR
Sep 17,Will Anderson Jr.,40031,Hou,DE,,W (Oct 7),On Injured Reserve,Final L 30-34 vs Dal
Sep 17,Jack Gibbens,34454,Ari,LB,,W (Oct 7),On Injured Reserve,Final L 24-36 @ NYG
Sep 17,Josh Jobe,34383,Sea,CB,,W (Oct 7),On Injured Reserve,Final W 30-23 vs LAC
Sep 17,Jake Hummel,34342,Hou,LB,IR,W (Oct 7),On Injured Reserve,Final L 30-34 vs Dal
Sep 17,Deane Leonard,34192,LAC,"DB,CB",,W (Oct 7),On Injured Reserve,Final L 23-30 @ Sea
Sep 17,James Houston,34173,Dal,"DL,LB,DE",,W (Oct 7),On Injured Reserve,Final W 34-30 @ Hou
Sep 17,Malik Willis,34042,Mia,QB,,W (Oct 7),On Injured Reserve,Final L 10-15 @ Min
Sep 17,Alec Pierce,34008,Ind,WR,IR,W (Oct 7),On Injured Reserve,Final W 30-13 @ Was
Sep 17,Trey McBride,34010,Ari,TE,,Maybe Mitchell,On Injured Reserve,Final L 24-36 @ NYG
Sep 17,Devonte Wyatt,33983,GB,"DL,DT",,W (Oct 7),On Injured Reserve,Final W 17-14 @ TB
Sep 17,Roy Lopez,33583,Ari,DT,,W (Oct 7),On Injured Reserve,Final L 24-36 @ NYG
Sep 17,Bobby Brown III,33505,Car,"DT,DE",,W (Oct 7),On Injured Reserve,Final W 32-26 vs Det
Sep 17,Elijah Molden,33488,LAC,"S,CB",,W (Oct 7),On Injured Reserve,Final L 23-30 @ Sea
Sep 17,Nico Collins,33477,Hou,WR,,Steel City,On Injured Reserve,Final L 30-34 vs Dal
Sep 17,Patrick Jones II,33478,Car,LB,,W (Oct 7),On Injured Reserve,Final W 32-26 vs Det
Sep 17,Teair Tart,33347,LAC,DT,,W (Oct 7),On Injured Reserve,Final L 23-30 @ Sea
Sep 17,Christian Rozeboom,33261,TB,LB,,W (Oct 7),On Injured Reserve,Final L 14-17 vs GB
Sep 17,Jauan Jennings,32887,Min,WR,,W (Oct 7),On Injured Reserve,Final W 15-10 vs Mia
Sep 17,Khalid Kareem,32817,SF,"LB,DE",,W (Oct 7),On Injured Reserve,Final W 24-14 vs Den
Sep 17,Jaylinn Hawkins,32804,Bal,S,,W (Oct 7),On Injured Reserve,Final W 24-18 vs Ten
Sep 17,Akeem Davis-Gaither,32777,Ind,LB,,W (Oct 7),On Injured Reserve,Final W 30-13 @ Was
Sep 17,Jonathan Greenard,32760,Phi,"LB,DE",Q,W (Oct 7),On Injured Reserve,Final L 20-24 vs LAR
Sep 17,Nnamdi Madubuike,32741,Bal,"DT,DE",,W (Oct 7),On Injured Reserve,Final W 24-18 vs Ten
Sep 17,Neville Gallimore,32752,Chi,DT,,W (Oct 7),On Injured Reserve,Final W 23-12 vs NYJ
Sep 17,D'Andre Swift,32705,Chi,RB,,Owl Out Blitz,On Injured Reserve,Final W 23-12 vs NYJ
Sep 17,A.J. Terrell Jr.,32686,Atl,CB,IR,FA,On Injured Reserve,Mon 8:15 pm @ NO
Sep 17,K'Lavon Chaisson,32690,Was,"LB,DE",,W (Oct 7),On Injured Reserve,Final L 13-30 vs Ind
Sep 17,Jerry Jeudy,32685,Cle,WR,,W (Oct 7),On Injured Reserve,Final W 27-24 vs Pit
Sep 17,Tua Tagovailoa,32675,Atl,QB,,FA,On Injured Reserve,Mon 8:15 pm @ NO
Sep 17,Joe Burrow,32671,Cin,QB,,Locked In Michelle,On Injured Reserve,Final L 17-22 vs Jax
Sep 17,Ashton Dulin,32292,Ind,WR,,W (Oct 7),On Injured Reserve,Final W 30-13 @ Was
Sep 17,Jakobi Meyers,32231,Jax,WR,,Locked In Michelle,On Injured Reserve,Final W 22-17 @ Cin
Sep 17,Blake Cashman,31989,Min,LB,,W (Oct 7),On Injured Reserve,Final W 15-10 vs Mia
Sep 17,Charles Omenihu,31993,Was,DE,Q,W (Oct 7),On Injured Reserve,Final L 13-30 vs Ind
Sep 17,Andrew Van Ginkel,31983,Min,"LB,DE",,W (Oct 7),On Injured Reserve,Final W 15-10 vs Mia
Sep 17,Dre Greenlaw,31980,SF,LB,,W (Oct 7),On Injured Reserve,Final W 24-14 vs Den
Sep 17,Nick Bosa,31834,SF,"DL,DE",O,W (Oct 7),On Injured Reserve,Final W 24-14 vs Den
Sep 17,Kyler Murray,31833,Min,QB,,W (Oct 7),On Injured Reserve,Final W 15-10 vs Mia
Sep 17,Eddy Pineiro,31482,SF,K,,Maybe Mitchell,On Injured Reserve,Final W 24-14 vs Den
Sep 17,Frankie Luvu,31503,Was,LB,,W (Oct 7),On Injured Reserve,Final L 13-30 vs Ind
Sep 17,Foyesade Oluokun,31170,Jax,LB,,W (Oct 7),On Injured Reserve,Final W 22-17 @ Cin
Sep 17,Dalton Schultz,31107,Hou,TE,,Jason's Jazzy Team,On Injured Reserve,Final L 30-34 vs Dal
Sep 17,Josh Sweat,31101,Ari,"LB,DE",,W (Oct 7),On Injured Reserve,Final L 24-36 @ NYG
Sep 17,Dorance Armstrong,31086,Was,"LB,DE",,W (Oct 7),On Injured Reserve,Final L 13-30 vs Ind
Sep 17,Ronnie Harrison Jr.,31063,Mia,"DB,LB,S",IR,W (Oct 7),On Injured Reserve,Final L 10-15 @ Min
Sep 17,B.J. Hill,31039,Cin,DT,O,W (Oct 7),On Injured Reserve,Final L 17-22 vs Jax
Sep 17,Daron Payne,30983,Was,DT,,W (Oct 7),On Injured Reserve,Final L 13-30 vs Ind
Sep 17,Sam Darnold,30973,Sea,QB,,Monday Night Madison,On Injured Reserve,Final W 30-23 vs LAC
Sep 17,Cooper Rush,30788,Atl,QB,NA,FA,On Injured Reserve,Mon 8:15 pm @ NO
Sep 17,Xavier Woods,30304,Chi,S,,W (Oct 7),On Injured Reserve,Final W 23-12 vs NYJ
Sep 17,George Kittle,30259,SF,TE,,Owl Out Blitz,On Injured Reserve,Final W 24-14 vs Den
Sep 17,Trey Hendrickson,30216,Bal,"LB,DE",O,W (Oct 7),On Injured Reserve,Final W 24-18 vs Ten
Sep 17,Cooper Kupp,30182,Sea,WR,,W (Oct 7),On Injured Reserve,Final W 30-23 vs LAC
Sep 17,Alvin Kamara,30180,NO,RB,,Jason's Jazzy Team,On Injured Reserve,Mon 8:15 pm vs Atl
Sep 17,Dalvin Tomlinson,30168,LAC,DT,O,W (Oct 7),On Injured Reserve,Final L 23-30 @ Sea
Sep 17,Budda Baker,30149,Ari,S,,W (Oct 7),On Injured Reserve,Final L 24-36 @ NYG
Sep 17,Malik Hooker,30128,Dal,S,,W (Oct 7),On Injured Reserve,Final W 34-30 @ Hou
Sep 17,Christian McCaffrey,30121,SF,RB,,Jason's Jazzy Team,On Injured Reserve,Final W 24-14 vs Den
Sep 17,Miles Killebrew,29345,TB,"DB,S",,W (Oct 7),On Injured Reserve,Final L 14-17 vs GB
Sep 17,Javon Hargrave,29323,GB,"DL,DT",,W (Oct 7),On Injured Reserve,Final W 17-14 @ TB
Sep 17,Maliek Collins,29301,Cle,DT,,W (Oct 7),On Injured Reserve,Final W 27-24 vs Pit
Sep 17,DeForest Buckner,29241,Ind,DT,,W (Oct 7),On Injured Reserve,Final W 30-13 @ Was
Sep 17,Darren Waller,28592,Car,TE,,W (Oct 7),On Injured Reserve,Final W 32-26 vs Det
Sep 17,Grady Jarrett,28525,Chi,"DL,DE",,W (Oct 7),On Injured Reserve,Final W 23-12 vs NYJ
Sep 17,Khalil Mack,27533,LAC,"LB,DE",,W (Oct 7),On Injured Reserve,Final L 23-30 @ Sea
Sep 17,Jadeveon Clowney,27529,Hou,DE,,W (Oct 7),On Injured Reserve,Final L 30-34 vs Dal
Sep 17,Keenan Allen,26699,Ind,WR,O,W (Oct 7),On Injured Reserve,Final W 30-13 @ Was
Sep 17,Kyle Juszczyk,26753,SF,RB,D,W (Oct 7),On Injured Reserve,Final W 24-14 vs Den
Sep 17,Cameron Jordan,24811,NO,DE,,FA,On Injured Reserve,Mon 8:15 pm vs Atl
Sep 17,Calais Campbell,8827,Bal,"DT,DE",,W (Oct 7),On Injured Reserve,Final W 24-18 vs Ten
Sep 16,Kaytron Allen,42809,Was,RB,,W (Oct 7),On Injured Reserve,Final L 13-30 vs Ind
Sep 16,Malik Muhammad II,42746,Chi,CB,,W (Oct 7),On Injured Reserve,Final W 23-12 vs NYJ
Sep 16,Oscar Delp,42695,NO,TE,,FA,On Injured Reserve,Mon 8:15 pm vs Atl
Sep 16,D'Angelo Ponds,42672,NYJ,CB,,W (Oct 7),On Injured Reserve,Final L 12-23 @ Chi
Sep 16,R Mason Thomas,42662,KC,DE,,W (Oct 7),On Injured Reserve,Final W 30-27 @ LV
Sep 16,Omar Cooper Jr.,42652,NYJ,WR,IR,W (Oct 7),On Injured Reserve,Final L 12-23 @ Chi
Sep 16,Mansoor Delane,42628,KC,CB,,W (Oct 7),On Injured Reserve,Final W 30-27 @ LV
Sep 16,Kyle Monangai,42025,Chi,RB,Q,Jason's Jazzy Team,On Injured Reserve,Final W 23-12 vs NYJ
Sep 16,LeQuint Allen Jr.,42007,Jax,RB,,W (Oct 7),On Injured Reserve,Final W 22-17 @ Cin
Sep 16,Jaylin Lane,41920,Was,WR,O,W (Oct 7),On Injured Reserve,Final L 13-30 vs Ind
Sep 16,Ashton Gillotte,41886,KC,DE,,W (Oct 7),On Injured Reserve,Final W 30-27 @ LV
Sep 16,RJ Harvey,41845,Den,RB,,Max’s TD Bombers,On Injured Reserve,Final L 14-24 @ SF
Sep 16,TreVeyon Henderson,41823,NE,RB,,Steel City,On Injured Reserve,Final W 29-26 @ Buf
Sep 16,Tyler Owens,41222,Was,S,Q,W (Oct 7),On Injured Reserve,Final L 13-30 vs Ind
Sep 16,Isaiah Stalbird,41184,NO,LB,,FA,On Injured Reserve,Mon 8:15 pm vs Atl
Sep 16,James Williams Sr.,41112,Ten,LB,,W (Oct 7),On Injured Reserve,Final L 18-24 @ Bal
Sep 16,Jarvis Brownlee Jr.,41044,NYJ,"DB,CB",Q,W (Oct 7),On Injured Reserve,Final L 12-23 @ Chi
Sep 16,Troy Franklin,41009,Den,WR,,W (Oct 7),On Injured Reserve,Final L 14-24 @ SF
Sep 16,Cedric Gray,40988,Ten,LB,,W (Oct 7),On Injured Reserve,Final L 18-24 @ Bal
Sep 16,Jonah Elliss,40940,Den,"LB,DE",,W (Oct 7),On Injured Reserve,Final L 14-24 @ SF
Sep 16,Brian Thomas Jr.,40883,Jax,WR,,W (Oct 7),On Injured Reserve,Final W 22-17 @ Cin
Sep 16,Chamarri Conner,40160,KC,"DB,S",,W (Oct 7),On Injured Reserve,Final W 30-27 @ LV
Sep 16,Darnell Washington,40094,Pit,TE,,W (Oct 7),On Injured Reserve,Final L 24-27 @ Cle
Sep 16,Joey Porter Jr.,40089,Dal,CB,,W (Oct 7),On Injured Reserve,Final W 34-30 @ Hou
Sep 16,Marvin Mims Jr.,40090,Den,WR,,W (Oct 7),On Injured Reserve,Final L 14-24 @ SF
Sep 16,Rashee Rice,40084,KC,WR,Q,Locked In Michelle,On Injured Reserve,Final W 30-27 @ LV
Sep 16,Chig Okonkwo,34099,Was,TE,,W (Oct 7),On Injured Reserve,Final L 13-30 vs Ind
Sep 16,Jamien Sherwood,33534,NYJ,LB,,W (Oct 7),On Injured Reserve,Final L 12-23 @ Chi
Sep 16,Kene Nwangwu,33507,NYJ,RB,,W (Oct 7),On Injured Reserve,Final L 12-23 @ Chi
Sep 16,Joseph Ossai,33457,NYJ,DE,,W (Oct 7),On Injured Reserve,Final L 12-23 @ Chi
Sep 16,Dayo Odeyingbo,33442,Chi,DE,,W (Oct 7),On Injured Reserve,Final W 23-12 vs NYJ
Sep 16,Odafe Oweh,33419,Was,LB,,W (Oct 7),On Injured Reserve,Final L 13-30 vs Ind
Sep 16,Juwan Johnson,33113,NO,TE,,Steel City,On Injured Reserve,Mon 8:15 pm vs Atl
Sep 16,L'Jarius Sneed,32808,KC,CB,,W (Oct 7),On Injured Reserve,Final W 30-27 @ LV
Sep 16,Michael Pittman Jr.,32704,Pit,WR,,Sunday Kevin,On Injured Reserve,Final L 24-27 @ Cle
Sep 16,Dre'Mont Jones,31903,NE,"LB,DE",,W (Oct 7),On Injured Reserve,Final W 29-26 @ Buf
Sep 16,Robert Spillane,31708,NE,LB,,W (Oct 7),On Injured Reserve,Final W 29-26 @ Buf
Sep 16,Carlton Davis III,31033,NE,CB,,W (Oct 7),On Injured Reserve,Final W 29-26 @ Buf
Sep 16,Minkah Fitzpatrick,30981,NYJ,S,,W (Oct 7),On Injured Reserve,Final L 12-23 @ Chi
Sep 16,Patrick Mahomes,30123,KC,QB,,JGrahnasaurs,On Injured Reserve,Final W 30-27 @ LV
Sep 16,David Onyemata,29354,NYJ,"DL,DT",IR,W (Oct 7),On Injured Reserve,Final L 12-23 @ Chi
Sep 16,Chris Jones,29271,KC,DT,,W (Oct 7),On Injured Reserve,Final W 30-27 @ LV
Sep 16,James Thompson Jr.,42968,SF,DE,O,W (Oct 7),Off Injured Reserve,Final W 24-14 vs Den
Sep 16,Jacob Thomas,42920,Min,S,,W (Oct 7),Off Injured Reserve,Final W 15-10 vs Mia
Sep 16,Seydou Traore,42790,Mia,TE,,W (Oct 7),Off Injured Reserve,Final L 10-15 @ Min
Sep 16,Keith Abney II,42771,Det,CB,,W (Oct 7),Off Injured Reserve,Final L 26-32 @ Car
Sep 16,Kendal Daniels,42756,Atl,LB,,FA,Off Injured Reserve,Mon 8:15 pm @ NO
Sep 16,Wade Woodaz,42745,Hou,LB,,W (Oct 7),Off Injured Reserve,Final L 30-34 vs Dal
Sep 16,Jimmy Rolder,42740,Det,LB,,W (Oct 7),Off Injured Reserve,Final L 26-32 @ Car
Sep 16,Brenen Thompson,42727,LAC,WR,O,W (Oct 7),Off Injured Reserve,Final L 23-30 @ Sea
Sep 16,Gracen Halton,42729,SF,"DT,DE",,W (Oct 7),Off Injured Reserve,Final W 24-14 vs Den
Sep 16,Jakobe Thomas,42720,Min,S,,W (Oct 7),Off Injured Reserve,Final W 15-10 vs Mia
Sep 16,Julian Neal,42721,Sea,CB,,W (Oct 7),Off Injured Reserve,Final W 30-23 vs LAC
Sep 16,Will Kacmarek,42709,Mia,TE,,W (Oct 7),Off Injured Reserve,Final L 10-15 @ Min
Sep 16,Zachariah Branch,42701,Atl,WR,,FA,Off Injured Reserve,Mon 8:15 pm @ NO
Sep 16,AJ Haulcy,42700,Ind,S,,W (Oct 7),Off Injured Reserve,Final W 30-13 @ Was
Sep 16,Oscar Delp,42695,NO,TE,,FA,Off Injured Reserve,Mon 8:15 pm vs Atl
Sep 16,Romello Height,42692,SF,"LB,DE",,W (Oct 7),Off Injured Reserve,Final W 24-14 vs Den
Sep 16,Eli Stowers,42676,Phi,TE,IR,W (Oct 7),Off Injured Reserve,Final L 20-24 vs LAR
Sep 16,D'Angelo Ponds,42672,NYJ,CB,,W (Oct 7),Off Injured Reserve,Final L 12-23 @ Chi
Sep 16,Derrick Moore,42666,Det,DE,,W (Oct 7),Off Injured Reserve,Final L 26-32 @ Car
Sep 16,R Mason Thomas,42662,KC,DE,,W (Oct 7),Off Injured Reserve,Final W 30-27 @ LV
Sep 16,Kayden McDonald,42658,Hou,DT,IR,W (Oct 7),Off Injured Reserve,Final L 30-34 vs Dal
Sep 16,Keldric Faulk,42653,Ten,DE,,W (Oct 7),Off Injured Reserve,Final L 18-24 @ Bal
Sep 16,Rueben Bain Jr.,42637,TB,"LB,DE",,W (Oct 7),Off Injured Reserve,Final L 14-17 vs GB
Sep 16,Kenyon Sadiq,42638,NYJ,TE,,W (Oct 7),Off Injured Reserve,Final L 12-23 @ Chi
Sep 16,Jeremiyah Love,42625,Ari,RB,Q,Monday Night Madison,Off Injured Reserve,Final L 24-36 @ NYG
Sep 16,Jacory Croskey-Merritt,42010,Was,RB,,Owl Out Blitz,Off Injured Reserve,Final L 13-30 vs Ind
Sep 16,LeQuint Allen Jr.,42007,Jax,RB,,W (Oct 7),Off Injured Reserve,Final W 22-17 @ Cin
Sep 16,RJ Mickens,41987,LAC,S,,W (Oct 7),Off Injured Reserve,Final L 23-30 @ Sea
Sep 16,Warren Brinson,41984,GB,DT,IR,W (Oct 7),Off Injured Reserve,Final W 17-14 @ TB
Sep 16,Tory Horton,41952,Sea,WR,,W (Oct 7),Off Injured Reserve,Final W 30-23 vs LAC
Sep 16,Dante Trader Jr.,41941,Mia,S,Q,W (Oct 7),Off Injured Reserve,Final L 10-15 @ Min
Sep 16,Barryn Sorrell,41924,GB,DE,,W (Oct 7),Off Injured Reserve,Final W 17-14 @ TB
Sep 16,Billy Bowman Jr.,41911,Atl,S,,FA,Off Injured Reserve,Mon 8:15 pm @ NO
Sep 16,Teddye Buchanan,41908,Bal,LB,,W (Oct 7),Off Injured Reserve,Final W 24-18 vs Ten
Sep 16,Upton Stout,41884,SF,CB,,W (Oct 7),Off Injured Reserve,Final W 24-14 vs Den
Sep 16,Ashton Gillotte,41886,KC,DE,,W (Oct 7),Off Injured Reserve,Final W 30-27 @ LV
Sep 16,Will Johnson,41832,Ari,CB,IR,W (Oct 7),Off Injured Reserve,Final L 24-36 @ NYG
Sep 16,Alfred Collins,41828,SF,DT,IR,W (Oct 7),Off Injured Reserve,Final W 24-14 vs Den
Sep 16,TreVeyon Henderson,41823,NE,RB,,Steel City,Off Injured Reserve,Final W 29-26 @ Buf
Sep 16,Carson Schwesinger,41818,Cle,LB,,W (Oct 7),Off Injured Reserve,Final W 27-24 vs Pit
Sep 16,Nick Emmanwori,41820,Sea,S,,W (Oct 7),Off Injured Reserve,Final W 30-23 vs LAC
Sep 16,Emeka Egbuka,41804,TB,WR,,Monday Night Madison,Off Injured Reserve,Final L 14-17 vs GB
Sep 16,Shemar Stewart,41802,Cin,DE,,W (Oct 7),Off Injured Reserve,Final L 17-22 vs Jax
Sep 16,Ashton Jeanty,41791,LV,RB,,Max’s TD Bombers,Off Injured Reserve,Final L 27-30 vs KC
Sep 16,Thomas Harper,41146,Det,S,IR,W (Oct 7),Off Injured Reserve,Final L 26-32 @ Car
Sep 16,Mekhi Wingo,41091,Det,DT,,W (Oct 7),Off Injured Reserve,Final L 26-32 @ Car
Sep 16,Isaiah Davis,41031,NYJ,RB,,W (Oct 7),Off Injured Reserve,Final L 12-23 @ Chi
Sep 16,Audric Estime,41019,Min,RB,NA,W (Oct 7),Off Injured Reserve,Final W 15-10 vs Mia
Sep 16,Jordan Magee,41014,Was,LB,IR,W (Oct 7),Off Injured Reserve,Final L 13-30 vs Ind
Sep 16,Theo Johnson,41003,NYG,TE,,W (Oct 7),Off Injured Reserve,Final W 36-24 vs Ari
Sep 16,D. Taylor-Demerson,40999,Ari,"DB,S",O,W (Oct 7),Off Injured Reserve,Final L 24-36 @ NYG
Sep 16,AJ Barner,41001,Sea,TE,,W (Oct 7),Off Injured Reserve,Final W 30-23 vs LAC
Sep 16,Devontez Walker,40991,Bal,WR,,W (Oct 7),Off Injured Reserve,Final W 24-18 vs Ten
Sep 16,Brandon Dorlus,40994,Atl,DE,,FA,Off Injured Reserve,Mon 8:15 pm @ NO
Sep 16,Cedric Gray,40988,Ten,LB,,W (Oct 7),Off Injured Reserve,Final L 18-24 @ Bal
Sep 16,Ty'Ron Hopper,40972,GB,LB,,W (Oct 7),Off Injured Reserve,Final W 17-14 @ TB
Sep 16,Jalen McMillan,40954,TB,WR,IR,W (Oct 7),Off Injured Reserve,Final L 14-17 vs GB
Sep 16,Ennis Rakestraw Jr.,40936,Det,"DB,CB",,W (Oct 7),Off Injured Reserve,Final L 26-32 @ Car
Sep 16,Ben Sinnott,40931,Was,TE,,W (Oct 7),Off Injured Reserve,Final L 13-30 vs Ind
Sep 16,Renardo Green,40928,SF,"DB,CB",,W (Oct 7),Off Injured Reserve,Final W 24-14 vs Den
Sep 16,Jonathon Brooks,40926,Car,RB,IR,Sunday Kevin,Off Injured Reserve,Final W 32-26 vs Det
Sep 16,Cole Bishop,40912,Buf,S,,W (Oct 7),On Injured Reserve,Final L 26-29 vs NE
Sep 16,Rome Odunze,40901,Chi,WR,,JGrahnasaurs,Off Injured Reserve,Final W 23-12 vs NYJ
Sep 16,Malik Nabers,40899,NYG,WR,,Sunday Kevin,Off Injured Reserve,Final W 36-24 vs Ari
Sep 16,Michael Penix Jr.,40889,Atl,QB,,FA,Off Injured Reserve,Mon 8:15 pm @ NO
Sep 16,Xavier Worthy,40877,KC,WR,,W (Oct 7),Off Injured Reserve,Final W 30-27 @ LV
Sep 16,Brock Bowers,40878,LV,TE,,Owl Out Blitz,Off Injured Reserve,Final L 27-30 vs KC
Sep 16,Sean Tucker,40742,TB,RB,,W (Oct 7),Off Injured Reserve,Final L 14-17 vs GB
Sep 16,Emanuel Wilson,40707,Sea,RB,,W (Oct 7),Off Injured Reserve,Final W 30-23 vs LAC
Sep 16,Keaton Mitchell,40641,LAC,RB,,W (Oct 7),Off Injured Reserve,Final L 23-30 @ Sea
Sep 16,Trevor Nowaske,40591,Det,LB,,W (Oct 7),Off Injured Reserve,Final L 26-32 @ Car
Sep 16,Tyson Bagent,40504,Chi,QB,,W (Oct 7),Off Injured Reserve,Final W 23-12 vs NYJ
Sep 16,Ty Okada,40469,Sea,S,O,W (Oct 7),Off Injured Reserve,Final W 30-23 vs LAC
Sep 16,Austin Ajiake,40297,Ind,LB,,W (Oct 7),Off Injured Reserve,Final W 30-13 @ Was
Sep 16,Chamarri Conner,40160,KC,"DB,S",,W (Oct 7),Off Injured Reserve,Final W 30-27 @ LV
Sep 16,Garrett Williams,40127,Ari,CB,,W (Oct 7),Off Injured Reserve,Final L 24-36 @ NYG
Sep 16,Byron Young,40124,LAR,LB,,W (Oct 7),Off Injured Reserve,Final W 24-20 @ Phi
Sep 16,Marvin Mims Jr.,40090,Den,WR,,W (Oct 7),Off Injured Reserve,Final L 14-24 @ SF
Sep 16,Joey Porter Jr.,40089,Dal,CB,,W (Oct 7),Off Injured Reserve,Final W 34-30 @ Hou
Sep 16,Rashee Rice,40084,KC,WR,Q,Locked In Michelle,Off Injured Reserve,Final W 30-27 @ LV
Sep 16,DJ Turner II,40076,Cin,CB,,W (Oct 7),Off Injured Reserve,Final L 17-22 vs Jax
Sep 16,Tuli Tuipulotu,40077,LAC,"LB,DE",,W (Oct 7),Off Injured Reserve,Final L 23-30 @ Sea
Sep 16,Luke Schoonmaker,40061,Dal,TE,,W (Oct 7),Off Injured Reserve,Final W 34-30 @ Hou
Sep 16,Anthony Richardson Sr.,40040,Ind,QB,,W (Oct 7),Off Injured Reserve,Final W 30-13 @ Was
Sep 16,Zay Flowers,40039,Bal,WR,,Jason's Jazzy Team,Off Injured Reserve,Final W 24-18 vs Ten
Sep 16,Will Anderson Jr.,40031,Hou,DE,,W (Oct 7),Off Injured Reserve,Final L 30-34 vs Dal
Sep 16,Malik Davis,34610,Dal,RB,IR,W (Oct 7),Off Injured Reserve,Final W 34-30 @ Hou
Sep 16,Jack Cochrane,34432,KC,LB,,W (Oct 7),Off Injured Reserve,Final W 30-27 @ LV
Sep 16,Jaylen Watson,34199,LAR,CB,O,W (Oct 7),Off Injured Reserve,Final W 24-20 @ Phi
Sep 16,Deane Leonard,34192,LAC,"DB,CB",,W (Oct 7),Off Injured Reserve,Final L 23-30 @ Sea
Sep 16,Drew Ogletree,34148,Ind,TE,,W (Oct 7),Off Injured Reserve,Final W 30-13 @ Was
Sep 16,Terrel Bernard,34045,Buf,LB,,W (Oct 7),On Injured Reserve,Final L 26-29 vs NE
Sep 16,Alec Pierce,34008,Ind,WR,IR,W (Oct 7),Off Injured Reserve,Final W 30-13 @ Was
Sep 16,Breece Hall,33991,NYJ,RB,O,Maybe Mitchell,Off Injured Reserve,Final L 12-23 @ Chi
Sep 16,Devonte Wyatt,33983,GB,"DL,DT",,W (Oct 7),Off Injured Reserve,Final W 17-14 @ TB
Sep 16,Grant Stuard,33646,LAR,LB,,W (Oct 7),Off Injured Reserve,Final W 24-20 @ Phi
Sep 16,Kene Nwangwu,33507,NYJ,RB,,W (Oct 7),Off Injured Reserve,Final L 12-23 @ Chi
Sep 16,Bobby Brown III,33505,Car,"DT,DE",,W (Oct 7),Off Injured Reserve,Final W 32-26 vs Det
Sep 16,Patrick Jones II,33478,Car,LB,,W (Oct 7),Off Injured Reserve,Final W 32-26 vs Det
Sep 16,Joseph Ossai,33457,NYJ,DE,,W (Oct 7),Off Injured Reserve,Final L 12-23 @ Chi
Sep 16,Christian Barmore,33426,NE,"DL,DE",O,W (Oct 7),Off Injured Reserve,Final W 29-26 @ Buf
Sep 16,Odafe Oweh,33419,Was,LB,,W (Oct 7),Off Injured Reserve,Final L 13-30 vs Ind
Sep 16,Ja'Marr Chase,33393,Cin,WR,Q,Steel City,Off Injured Reserve,Final L 17-22 vs Jax
Sep 16,Christian Rozeboom,33261,TB,LB,,W (Oct 7),Off Injured Reserve,Final L 14-17 vs GB
Sep 16,L'Jarius Sneed,32808,KC,CB,,W (Oct 7),Off Injured Reserve,Final W 30-27 @ LV
Sep 16,Jonathan Greenard,32760,Phi,"LB,DE",Q,W (Oct 7),Off Injured Reserve,Final L 20-24 vs LAR
Sep 16,Nnamdi Madubuike,32741,Bal,"DT,DE",,W (Oct 7),Off Injured Reserve,Final W 24-18 vs Ten
Sep 16,Tee Higgins,32703,Cin,WR,Q,Jason's Jazzy Team,Off Injured Reserve,Final L 17-22 vs Jax
Sep 16,K'Lavon Chaisson,32690,Was,"LB,DE",,W (Oct 7),Off Injured Reserve,Final L 13-30 vs Ind
Sep 16,Javon Kinlaw,32684,Was,DT,,W (Oct 7),Off Injured Reserve,Final L 13-30 vs Ind
Sep 16,Tua Tagovailoa,32675,Atl,QB,,FA,Off Injured Reserve,Mon 8:15 pm @ NO
Sep 16,Jakobi Meyers,32231,Jax,WR,,Locked In Michelle,Off Injured Reserve,Final W 22-17 @ Cin
Sep 16,Luke Gifford,32205,SF,LB,,W (Oct 7),Off Injured Reserve,Final W 24-14 vs Den
Sep 16,Charles Omenihu,31993,Was,DE,Q,W (Oct 7),Off Injured Reserve,Final L 13-30 vs Ind
Sep 16,Dre Greenlaw,31980,SF,LB,,W (Oct 7),Off Injured Reserve,Final W 24-14 vs Den
Sep 16,Dexter Lawrence II,31849,Cin,"DL,DT",,W (Oct 7),Off Injured Reserve,Final L 17-22 vs Jax
Sep 16,Nick Bosa,31834,SF,"DL,DE",O,W (Oct 7),Off Injured Reserve,Final W 24-14 vs Den
Sep 16,Charvarius Ward,31293,Ind,CB,,W (Oct 7),Off Injured Reserve,Final W 30-13 @ Was
Sep 16,D.J. Reed,31112,Det,CB,,W (Oct 7),On Injured Reserve,Final L 26-32 @ Car
Sep 16,Josh Sweat,31101,Ari,"LB,DE",,W (Oct 7),Off Injured Reserve,Final L 24-36 @ NYG
Sep 16,Da'Shawn Hand,31084,Atl,"DT,DE",IR,FA,Off Injured Reserve,Mon 8:15 pm @ NO
Sep 16,Ronnie Harrison Jr.,31063,Mia,"DB,LB,S",IR,W (Oct 7),Off Injured Reserve,Final L 10-15 @ Min
Sep 16,B.J. Hill,31039,Cin,DT,O,W (Oct 7),Off Injured Reserve,Final L 17-22 vs Jax
Sep 16,Daron Payne,30983,Was,DT,,W (Oct 7),Off Injured Reserve,Final L 13-30 vs Ind
Sep 16,Bradley Chubb,30975,Buf,LB,,W (Oct 7),On Injured Reserve,Final L 26-29 vs NE
Sep 16,Patrick Ricard,30592,NYG,RB,,W (Oct 7),Off Injured Reserve,Final W 36-24 vs Ari
Sep 16,Tim Patrick,30511,NYJ,WR,IR,W (Oct 7),Off Injured Reserve,Final L 12-23 @ Chi
Sep 16,Davon Godchaux,30291,NO,"DL,DT",,FA,Off Injured Reserve,Mon 8:15 pm vs Atl
Sep 16,Xavier Woods,30304,Chi,S,,W (Oct 7),Off Injured Reserve,Final W 23-12 vs NYJ
Sep 16,George Kittle,30259,SF,TE,,Owl Out Blitz,Off Injured Reserve,Final W 24-14 vs Den
Sep 16,Grover Stewart,30257,Ind,DT,,W (Oct 7),Off Injured Reserve,Final W 30-13 @ Was
Sep 16,Alvin Kamara,30180,NO,RB,,Jason's Jazzy Team,Off Injured Reserve,Mon 8:15 pm vs Atl
Sep 16,Jonathan Allen,30130,Cin,DT,,W (Oct 7),Off Injured Reserve,Final L 17-22 vs Jax
Sep 16,Patrick Mahomes,30123,KC,QB,,JGrahnasaurs,Off Injured Reserve,Final W 30-27 @ LV
Sep 16,Myles Garrett,30114,LAR,"LB,DE",IR,W (Oct 7),Off Injured Reserve,Final W 24-20 @ Phi
Sep 16,Tyler Higbee,29344,LAR,TE,,W (Oct 7),Off Injured Reserve,Final W 24-20 @ Phi
Sep 16,Javon Hargrave,29323,GB,"DL,DT",,W (Oct 7),Off Injured Reserve,Final W 17-14 @ TB
Sep 16,Maliek Collins,29301,Cle,DT,,W (Oct 7),Off Injured Reserve,Final W 27-24 vs Pit
Sep 16,Jonathan Bullard,29306,Dal,"DL,DT,DE",IR,W (Oct 7),Off Injured Reserve,Final W 34-30 @ Hou
Sep 16,Chris Jones,29271,KC,DT,,W (Oct 7),Off Injured Reserve,Final W 30-27 @ LV
Sep 16,DeForest Buckner,29241,Ind,DT,,W (Oct 7),Off Injured Reserve,Final W 30-13 @ Was
Sep 16,Za'Darius Smith,28510,Atl,"LB,DE",,FA,Off Injured Reserve,Mon 8:15 pm @ NO
Sep 16,Grady Jarrett,28525,Chi,"DL,DE",,W (Oct 7),Off Injured Reserve,Final W 23-12 vs NYJ
Sep 16,Marcus Mariota,28390,Was,QB,D,W (Oct 7),Off Injured Reserve,Final L 13-30 vs Ind
Sep 16,Shelby Harris,27763,NYG,DT,,W (Oct 7),Off Injured Reserve,Final W 36-24 vs Ari
Sep 16,Aaron Donald,27541,LAR,"DT,DE",O,W (Oct 7),Off Injured Reserve,Final W 24-20 @ Phi
Sep 16,Khalil Mack,27533,LAC,"LB,DE",,W (Oct 7),Off Injured Reserve,Final L 23-30 @ Sea
Sep 16,Kyle Juszczyk,26753,SF,RB,D,W (Oct 7),Off Injured Reserve,Final W 24-14 vs Den
Sep 16,Harrison Smith,25739,Min,S,,W (Oct 7),Off Injured Reserve,Final W 15-10 vs Mia
Sep 16,Cameron Jordan,24811,NO,DE,,FA,Off Injured Reserve,Mon 8:15 pm vs Atl
Sep 16,Calais Campbell,8827,Bal,"DT,DE",,W (Oct 7),Off Injured Reserve,Final W 24-18 vs Ten
Sep 12,Austin Ajiake,40297,Ind,LB,,W (Oct 7),On Injured Reserve,Final W 30-13 @ Was
Sep 12,Malik Davis,34610,Dal,RB,IR,W (Oct 7),On Injured Reserve,Final W 34-30 @ Hou
Sep 12,Kene Nwangwu,33507,NYJ,RB,,W (Oct 7),On Injured Reserve,Final L 12-23 @ Chi
Sep 12,Charvarius Ward,31293,Ind,CB,,W (Oct 7),On Injured Reserve,Final W 30-13 @ Was
Sep 12,Patrick Ricard,30592,NYG,RB,,W (Oct 7),On Injured Reserve,Final W 36-24 vs Ari
Sep 12,Chris Jones,29271,KC,DT,,W (Oct 7),On Injured Reserve,Final W 30-27 @ LV
Sep 12,DeForest Buckner,29241,Ind,DT,,W (Oct 7),On Injured Reserve,Final W 30-13 @ Was
Sep 12,Harrison Smith,25739,Min,S,,W (Oct 7),On Injured Reserve,Final W 15-10 vs Mia
Sep 11,Dante Trader Jr.,41941,Mia,S,Q,W (Oct 7),On Injured Reserve,Final L 10-15 @ Min
Sep 11,Dexter Lawrence II,31849,Cin,"DL,DT",,W (Oct 7),On Injured Reserve,Final L 17-22 vs Jax
Sep 11,Calais Campbell,8827,Bal,"DT,DE",,W (Oct 7),On Injured Reserve,Final W 24-18 vs Ten
Sep 11,Anthony Richardson Sr.,40040,Ind,QB,,W (Oct 7),On Injured Reserve,Final W 30-13 @ Was
Sep 11,L'Jarius Sneed,32808,KC,CB,,W (Oct 7),On Injured Reserve,Final W 30-27 @ LV
Sep 11,Javon Kinlaw,32684,Was,DT,,W (Oct 7),On Injured Reserve,Final L 13-30 vs Ind
Sep 11,Daron Payne,30983,Was,DT,,W (Oct 7),On Injured Reserve,Final L 13-30 vs Ind
Sep 11,Grover Stewart,30257,Ind,DT,,W (Oct 7),On Injured Reserve,Final W 30-13 @ Was
Sep 11,Patrick Mahomes,30123,KC,QB,,JGrahnasaurs,On Injured Reserve,Final W 30-27 @ LV
Sep 10,Kendal Daniels,42756,Atl,LB,,FA,On Injured Reserve,Mon 8:15 pm @ NO
Sep 10,R Mason Thomas,42662,KC,DE,,W (Oct 7),On Injured Reserve,Final W 30-27 @ LV
Sep 10,Ashton Gillotte,41886,KC,DE,,W (Oct 7),On Injured Reserve,Final W 30-27 @ LV
Sep 10,Xavier Worthy,40877,KC,WR,,W (Oct 7),On Injured Reserve,Final W 30-27 @ LV
Sep 10,Chamarri Conner,40160,KC,"DB,S",,W (Oct 7),On Injured Reserve,Final W 30-27 @ LV
Sep 10,Marvin Mims Jr.,40090,Den,WR,,W (Oct 7),On Injured Reserve,Final L 14-24 @ SF
Sep 10,Rashee Rice,40084,KC,WR,Q,Locked In Michelle,On Injured Reserve,Final W 30-27 @ LV
Sep 10,DJ Turner II,40076,Cin,CB,,W (Oct 7),On Injured Reserve,Final L 17-22 vs Jax
Sep 10,Luke Schoonmaker,40061,Dal,TE,,W (Oct 7),On Injured Reserve,Final W 34-30 @ Hou
Sep 10,Will Anderson Jr.,40031,Hou,DE,,W (Oct 7),On Injured Reserve,Final L 30-34 vs Dal
Sep 10,Jack Cochrane,34432,KC,LB,,W (Oct 7),On Injured Reserve,Final W 30-27 @ LV
Sep 10,Tua Tagovailoa,32675,Atl,QB,,FA,On Injured Reserve,Mon 8:15 pm @ NO
Sep 10,Da'Shawn Hand,31084,Atl,"DT,DE",IR,FA,On Injured Reserve,Mon 8:15 pm @ NO
Sep 10,B.J. Hill,31039,Cin,DT,O,W (Oct 7),On Injured Reserve,Final L 17-22 vs Jax
Sep 10,Davon Godchaux,30291,NO,"DL,DT",,FA,On Injured Reserve,Mon 8:15 pm vs Atl
Sep 10,Xavier Woods,30304,Chi,S,,W (Oct 7),On Injured Reserve,Final W 23-12 vs NYJ
Sep 10,Jonathan Allen,30130,Cin,DT,,W (Oct 7),On Injured Reserve,Final L 17-22 vs Jax
Sep 10,Grady Jarrett,28525,Chi,"DL,DE",,W (Oct 7),On Injured Reserve,Final W 23-12 vs NYJ
Sep 10,James Thompson Jr.,42968,SF,DE,O,W (Oct 7),On Injured Reserve,Final W 24-14 vs Den
Sep 10,Gracen Halton,42729,SF,"DT,DE",,W (Oct 7),On Injured Reserve,Final W 24-14 vs Den
Sep 10,Romello Height,42692,SF,"LB,DE",,W (Oct 7),On Injured Reserve,Final W 24-14 vs Den
Sep 10,Upton Stout,41884,SF,CB,,W (Oct 7),On Injured Reserve,Final W 24-14 vs Den
Sep 10,Alfred Collins,41828,SF,DT,IR,W (Oct 7),On Injured Reserve,Final W 24-14 vs Den
Sep 10,Renardo Green,40928,SF,"DB,CB",,W (Oct 7),On Injured Reserve,Final W 24-14 vs Den
Sep 10,Luke Gifford,32205,SF,LB,,W (Oct 7),On Injured Reserve,Final W 24-14 vs Den
Sep 10,Dre Greenlaw,31980,SF,LB,,W (Oct 7),On Injured Reserve,Final W 24-14 vs Den
Sep 10,Nick Bosa,31834,SF,"DL,DE",O,W (Oct 7),On Injured Reserve,Final W 24-14 vs Den
Sep 10,George Kittle,30259,SF,TE,,Owl Out Blitz,On Injured Reserve,Final W 24-14 vs Den
Sep 10,Kyle Juszczyk,26753,SF,RB,D,W (Oct 7),On Injured Reserve,Final W 24-14 vs Den
Sep 10,Seydou Traore,42790,Mia,TE,,W (Oct 7),On Injured Reserve,Final L 10-15 @ Min
Sep 10,Will Kacmarek,42709,Mia,TE,,W (Oct 7),On Injured Reserve,Final L 10-15 @ Min
Sep 10,Eli Stowers,42676,Phi,TE,IR,W (Oct 7),On Injured Reserve,Final L 20-24 vs LAR
Sep 10,D'Angelo Ponds,42672,NYJ,CB,,W (Oct 7),On Injured Reserve,Final L 12-23 @ Chi
Sep 10,Keldric Faulk,42653,Ten,DE,,W (Oct 7),On Injured Reserve,Final L 18-24 @ Bal
Sep 10,Kenyon Sadiq,42638,NYJ,TE,,W (Oct 7),On Injured Reserve,Final L 12-23 @ Chi
Sep 10,Jeremiyah Love,42625,Ari,RB,Q,Monday Night Madison,On Injured Reserve,Final L 24-36 @ NYG
Sep 10,LeQuint Allen Jr.,42007,Jax,RB,,W (Oct 7),On Injured Reserve,Final W 22-17 @ Cin
Sep 10,Jordan Hancock,41956,Buf,"S,CB",IR,W (Oct 7),On Injured Reserve,Final L 26-29 vs NE
Sep 10,Will Johnson,41832,Ari,CB,IR,W (Oct 7),On Injured Reserve,Final L 24-36 @ NYG
Sep 10,T.J. Sanders,41826,Buf,DT,O,W (Oct 7),On Injured Reserve,Final L 26-29 vs NE
Sep 10,Ashton Jeanty,41791,LV,RB,,Max’s TD Bombers,On Injured Reserve,Final L 27-30 vs KC
Sep 10,Isaiah Davis,41031,NYJ,RB,,W (Oct 7),On Injured Reserve,Final L 12-23 @ Chi
Sep 10,D. Taylor-Demerson,40999,Ari,"DB,S",O,W (Oct 7),On Injured Reserve,Final L 24-36 @ NYG
Sep 10,Cedric Gray,40988,Ten,LB,,W (Oct 7),On Injured Reserve,Final L 18-24 @ Bal
Sep 10,Jonathon Brooks,40926,Car,RB,IR,Sunday Kevin,On Injured Reserve,Final W 32-26 vs Det
Sep 10,Brock Bowers,40878,LV,TE,,Owl Out Blitz,On Injured Reserve,Final L 27-30 vs KC
Sep 10,Tyson Bagent,40504,Chi,QB,,W (Oct 7),On Injured Reserve,Final W 23-12 vs NYJ
Sep 10,Garrett Williams,40127,Ari,CB,,W (Oct 7),On Injured Reserve,Final L 24-36 @ NYG
Sep 10,Joey Porter Jr.,40089,Dal,CB,,W (Oct 7),On Injured Reserve,Final W 34-30 @ Hou
Sep 10,Breece Hall,33991,NYJ,RB,O,Maybe Mitchell,On Injured Reserve,Final L 12-23 @ Chi
Sep 10,Bobby Brown III,33505,Car,"DT,DE",,W (Oct 7),On Injured Reserve,Final W 32-26 vs Det
Sep 10,Patrick Jones II,33478,Car,LB,,W (Oct 7),On Injured Reserve,Final W 32-26 vs Det
Sep 10,Joseph Ossai,33457,NYJ,DE,,W (Oct 7),On Injured Reserve,Final L 12-23 @ Chi
Sep 10,Christian Rozeboom,33261,TB,LB,,W (Oct 7),On Injured Reserve,Final L 14-17 vs GB
Sep 10,Jonathan Greenard,32760,Phi,"LB,DE",Q,W (Oct 7),On Injured Reserve,Final L 20-24 vs LAR
Sep 10,Tee Higgins,32703,Cin,WR,Q,Jason's Jazzy Team,On Injured Reserve,Final L 17-22 vs Jax
Sep 10,K'Lavon Chaisson,32690,Was,"LB,DE",,W (Oct 7),On Injured Reserve,Final L 13-30 vs Ind
Sep 10,Jakobi Meyers,32231,Jax,WR,,Locked In Michelle,On Injured Reserve,Final W 22-17 @ Cin
Sep 10,Ty Johnson,32018,Buf,RB,,W (Oct 7),On Injured Reserve,Final L 26-29 vs NE
Sep 10,Charles Omenihu,31993,Was,DE,Q,W (Oct 7),On Injured Reserve,Final L 13-30 vs Ind
Sep 10,Josh Sweat,31101,Ari,"LB,DE",,W (Oct 7),On Injured Reserve,Final L 24-36 @ NYG
Sep 10,Ronnie Harrison Jr.,31063,Mia,"DB,LB,S",IR,W (Oct 7),On Injured Reserve,Final L 10-15 @ Min
Sep 10,Tim Patrick,30511,NYJ,WR,IR,W (Oct 7),On Injured Reserve,Final L 12-23 @ Chi
Sep 10,Alvin Kamara,30180,NO,RB,,Jason's Jazzy Team,On Injured Reserve,Mon 8:15 pm vs Atl
Sep 10,Javon Hargrave,29323,GB,"DL,DT",,W (Oct 7),On Injured Reserve,Final W 17-14 @ TB
Sep 10,Maliek Collins,29301,Cle,DT,,W (Oct 7),On Injured Reserve,Final W 27-24 vs Pit
Sep 10,Jonathan Bullard,29306,Dal,"DL,DT,DE",IR,W (Oct 7),On Injured Reserve,Final W 34-30 @ Hou
Sep 10,Za'Darius Smith,28510,Atl,"LB,DE",,FA,On Injured Reserve,Mon 8:15 pm @ NO
Sep 10,Marcus Mariota,28390,Was,QB,D,W (Oct 7),On Injured Reserve,Final L 13-30 vs Ind
Sep 10,Khalil Mack,27533,LAC,"LB,DE",,W (Oct 7),On Injured Reserve,Final L 23-30 @ Sea
Sep 10,Cameron Jordan,24811,NO,DE,,FA,On Injured Reserve,Mon 8:15 pm vs Atl
Sep 9,Jacob Thomas,42920,Min,S,,W (Oct 7),On Injured Reserve,Final W 15-10 vs Mia
Sep 9,Keith Abney II,42771,Det,CB,,W (Oct 7),On Injured Reserve,Final L 26-32 @ Car
Sep 9,Wade Woodaz,42745,Hou,LB,,W (Oct 7),On Injured Reserve,Final L 30-34 vs Dal
Sep 9,Jimmy Rolder,42740,Det,LB,,W (Oct 7),On Injured Reserve,Final L 26-32 @ Car
Sep 9,Brenen Thompson,42727,LAC,WR,O,W (Oct 7),On Injured Reserve,Final L 23-30 @ Sea
Sep 9,Jakobe Thomas,42720,Min,S,,W (Oct 7),On Injured Reserve,Final W 15-10 vs Mia
Sep 9,AJ Haulcy,42700,Ind,S,,W (Oct 7),On Injured Reserve,Final W 30-13 @ Was
Sep 9,Zachariah Branch,42701,Atl,WR,,FA,On Injured Reserve,Mon 8:15 pm @ NO
Sep 9,Oscar Delp,42695,NO,TE,,FA,On Injured Reserve,Mon 8:15 pm vs Atl
Sep 9,Derrick Moore,42666,Det,DE,,W (Oct 7),On Injured Reserve,Final L 26-32 @ Car
Sep 9,Kayden McDonald,42658,Hou,DT,IR,W (Oct 7),On Injured Reserve,Final L 30-34 vs Dal
Sep 9,Rueben Bain Jr.,42637,TB,"LB,DE",,W (Oct 7),On Injured Reserve,Final L 14-17 vs GB
Sep 9,Jacory Croskey-Merritt,42010,Was,RB,,Owl Out Blitz,On Injured Reserve,Final L 13-30 vs Ind
Sep 9,RJ Mickens,41987,LAC,S,,W (Oct 7),On Injured Reserve,Final L 23-30 @ Sea
Sep 9,Warren Brinson,41984,GB,DT,IR,W (Oct 7),On Injured Reserve,Final W 17-14 @ TB
Sep 9,Barryn Sorrell,41924,GB,DE,,W (Oct 7),On Injured Reserve,Final W 17-14 @ TB
Sep 9,Teddye Buchanan,41908,Bal,LB,,W (Oct 7),On Injured Reserve,Final W 24-18 vs Ten
Sep 9,Billy Bowman Jr.,41911,Atl,S,,FA,On Injured Reserve,Mon 8:15 pm @ NO
Sep 9,Carson Schwesinger,41818,Cle,LB,,W (Oct 7),On Injured Reserve,Final W 27-24 vs Pit
Sep 9,Shemar Stewart,41802,Cin,DE,,W (Oct 7),On Injured Reserve,Final L 17-22 vs Jax
Sep 9,Emeka Egbuka,41804,TB,WR,,Monday Night Madison,On Injured Reserve,Final L 14-17 vs GB
Sep 9,Thomas Harper,41146,Det,S,IR,W (Oct 7),On Injured Reserve,Final L 26-32 @ Car
Sep 9,Mekhi Wingo,41091,Det,DT,,W (Oct 7),On Injured Reserve,Final L 26-32 @ Car
Sep 9,Audric Estime,41019,Min,RB,NA,W (Oct 7),On Injured Reserve,Final W 15-10 vs Mia
Sep 9,Jordan Magee,41014,Was,LB,IR,W (Oct 7),On Injured Reserve,Final L 13-30 vs Ind
Sep 9,Theo Johnson,41003,NYG,TE,,W (Oct 7),On Injured Reserve,Final W 36-24 vs Ari
Sep 9,Brandon Dorlus,40994,Atl,DE,,FA,On Injured Reserve,Mon 8:15 pm @ NO
Sep 9,Devontez Walker,40991,Bal,WR,,W (Oct 7),On Injured Reserve,Final W 24-18 vs Ten
Sep 9,Ty'Ron Hopper,40972,GB,LB,,W (Oct 7),On Injured Reserve,Final W 17-14 @ TB
Sep 9,Jalen McMillan,40954,TB,WR,IR,W (Oct 7),On Injured Reserve,Final L 14-17 vs GB
Sep 9,Ennis Rakestraw Jr.,40936,Det,"DB,CB",,W (Oct 7),On Injured Reserve,Final L 26-32 @ Car
Sep 9,Ben Sinnott,40931,Was,TE,,W (Oct 7),On Injured Reserve,Final L 13-30 vs Ind
Sep 9,Malik Nabers,40899,NYG,WR,,Sunday Kevin,On Injured Reserve,Final W 36-24 vs Ari
Sep 9,Michael Penix Jr.,40889,Atl,QB,,FA,On Injured Reserve,Mon 8:15 pm @ NO
Sep 9,Sean Tucker,40742,TB,RB,,W (Oct 7),On Injured Reserve,Final L 14-17 vs GB
Sep 9,Christian Izien,40681,Det,"S,CB",,W (Oct 7),On Injured Reserve,Final L 26-32 @ Car
Sep 9,Keaton Mitchell,40641,LAC,RB,,W (Oct 7),On Injured Reserve,Final L 23-30 @ Sea
Sep 9,Trevor Nowaske,40591,Det,LB,,W (Oct 7),On Injured Reserve,Final L 26-32 @ Car
Sep 9,Tuli Tuipulotu,40077,LAC,"LB,DE",,W (Oct 7),On Injured Reserve,Final L 23-30 @ Sea
Sep 9,Zay Flowers,40039,Bal,WR,,Jason's Jazzy Team,On Injured Reserve,Final W 24-18 vs Ten
Sep 9,Deane Leonard,34192,LAC,"DB,CB",,W (Oct 7),On Injured Reserve,Final L 23-30 @ Sea
Sep 9,Drew Ogletree,34148,Ind,TE,,W (Oct 7),On Injured Reserve,Final W 30-13 @ Was
Sep 9,Alec Pierce,34008,Ind,WR,IR,W (Oct 7),On Injured Reserve,Final W 30-13 @ Was
Sep 9,Devonte Wyatt,33983,GB,"DL,DT",,W (Oct 7),On Injured Reserve,Final W 17-14 @ TB
Sep 9,Odafe Oweh,33419,Was,LB,,W (Oct 7),On Injured Reserve,Final L 13-30 vs Ind
Sep 9,Ja'Marr Chase,33393,Cin,WR,Q,Steel City,On Injured Reserve,Final L 17-22 vs Jax
Sep 9,Nnamdi Madubuike,32741,Bal,"DT,DE",,W (Oct 7),On Injured Reserve,Final W 24-18 vs Ten
Sep 9,Shelby Harris,27763,NYG,DT,,W (Oct 7),On Injured Reserve,Final W 36-24 vs Ari
Sep 9,Byron Young,40124,LAR,LB,,W (Oct 7),On Injured Reserve,Final W 24-20 @ Phi
Sep 9,Jaylen Watson,34199,LAR,CB,O,W (Oct 7),On Injured Reserve,Final W 24-20 @ Phi
Sep 9,Grant Stuard,33646,LAR,LB,,W (Oct 7),On Injured Reserve,Final W 24-20 @ Phi
Sep 9,Myles Garrett,30114,LAR,"LB,DE",IR,W (Oct 7),On Injured Reserve,Final W 24-20 @ Phi
Sep 9,Tyler Higbee,29344,LAR,TE,,W (Oct 7),On Injured Reserve,Final W 24-20 @ Phi
Sep 9,Aaron Donald,27541,LAR,"DT,DE",O,W (Oct 7),On Injured Reserve,Final W 24-20 @ Phi
Sep 8,Rome Odunze,40901,Chi,WR,,JGrahnasaurs,On Injured Reserve,Final W 23-12 vs NYJ
Sep 8,Julian Neal,42721,Sea,CB,,W (Oct 7),On Injured Reserve,Final W 30-23 vs LAC
Sep 8,Tory Horton,41952,Sea,WR,,W (Oct 7),On Injured Reserve,Final W 30-23 vs LAC
Sep 8,TreVeyon Henderson,41823,NE,RB,,Steel City,On Injured Reserve,Final W 29-26 @ Buf
Sep 8,Nick Emmanwori,41820,Sea,S,,W (Oct 7),On Injured Reserve,Final W 30-23 vs LAC
Sep 8,AJ Barner,41001,Sea,TE,,W (Oct 7),On Injured Reserve,Final W 30-23 vs LAC
Sep 8,Emanuel Wilson,40707,Sea,RB,,W (Oct 7),On Injured Reserve,Final W 30-23 vs LAC
Sep 8,Ty Okada,40469,Sea,S,O,W (Oct 7),On Injured Reserve,Final W 30-23 vs LAC
Sep 8,Christian Barmore,33426,NE,"DL,DE",O,W (Oct 7),On Injured Reserve,Final W 29-26 @ Buf
