Date,Player,Player ID,Team,Positions,Status,Roster Status,Change,Game
Sep 29,Shaka Heyward,40488,Mia,LB,,W (Sep 30),Activated,Sun 4:05 pm @ Min
Sep 29,Mitchell Tinsley,40313,Cin,WR,,W (Sep 30),Activated,Sun 1:00 pm vs Jax
Sep 28,Kolbe Katsis,43382,Den,WR,NA,W (Sep 30),Deactivated,Sun 4:25 pm @ SF
Sep 28,Dean Connors,43140,LAR,RB,NA,W (Sep 30),Deactivated,Sun 1:00 pm @ Phi
Sep 28,Ale Kaho,42494,Was,LB,NA,W (Sep 30),Deactivated,Sun 9:30 am vs Ind
Sep 28,Sebastian Valdez,42383,SF,DT,NA,W (Sep 30),Deactivated,Sun 4:25 pm vs Den
Sep 28,Keith Cooper Jr.,42250,Mia,DT,NA,W (Sep 30),Deactivated,Sun 4:05 pm @ Min
Sep 28,Doneiko Slaughter,42208,Pit,CB,NA,W (Sep 30),Deactivated,Thu 8:15 pm @ Cle
Sep 28,Patrick Herbert,42204,LAC,TE,NA,W (Sep 30),Deactivated,Sun 4:25 pm @ Sea
Sep 28,Maxen Hook,42177,Sea,S,NA,W (Sep 30),Deactivated,Sun 4:25 pm vs LAC
Sep 28,Jalen McLeod,41981,Jax,LB,NA,W (Sep 30),Deactivated,Sun 1:00 pm @ Cin
Sep 28,Elias Neal,41529,LAR,LB,NA,W (Sep 30),Deactivated,Sun 1:00 pm @ Phi
Sep 28,Reddy Steward,41330,Dal,CB,NA,W (Sep 30),Deactivated,Sun 1:00 pm @ Hou
Sep 28,Liam Anderson,40522,Mia,LB,NA,W (Sep 30),Deactivated,Sun 4:05 pm @ Min
Sep 28,Caleb Murphy,40330,LAC,LB,NA,W (Sep 30),Deactivated,Sun 4:25 pm @ Sea
Sep 28,Lew Nichols,40260,Pit,RB,NA,W (Sep 30),Deactivated,Thu 8:15 pm @ Cle
Sep 28,Jake Haener,40144,NYG,QB,NA,W (Sep 30),Deactivated,Sun 1:00 pm vs Ari
Sep 28,De'Von Achane,40118,Mia,RB,IR,Jason's Jazzy Team,Deactivated,Sun 4:05 pm @ Min
Sep 28,Jeremiah Pharms Jr.,34706,NE,"DL,DT,DE",NA,W (Sep 30),Deactivated,Sun 1:00 pm @ Buf
Sep 28,Mike Brown,34232,NE,S,NA,W (Sep 30),Deactivated,Sun 1:00 pm @ Buf
Sep 28,Kevin Austin Jr.,34242,NO,WR,NA,W (Sep 30),Deactivated,Mon 8:15 pm vs Atl
Sep 28,Chance Campbell,34175,Phi,LB,,W (Sep 30),Activated,Sun 1:00 pm vs LAR
Sep 28,Tyreke Smith,34114,KC,DE,NA,W (Sep 30),Deactivated,Sun 4:25 pm @ LV
Sep 28,Adam Prentice,33901,Den,RB,NA,W (Sep 30),Deactivated,Sun 4:25 pm @ SF
Sep 28,Michael Carter,33495,Ten,RB,,W (Sep 30),Deactivated,Sun 1:00 pm @ Bal
Sep 28,Nick Westbrook-Ikhine,33348,Ind,WR,NA,W (Sep 30),Deactivated,Sun 9:30 am @ Was
Sep 28,Cole Christiansen,32977,KC,LB,NA,W (Sep 30),Deactivated,Sun 4:25 pm @ LV
Sep 28,Cody White,32948,LV,WR,NA,W (Sep 30),Deactivated,Sun 4:25 pm vs KC
Sep 28,Malik Harrison,32768,NYG,LB,NA,W (Sep 30),Deactivated,Sun 1:00 pm vs Ari
Sep 28,Tavierre Thomas,31321,Min,CB,NA,W (Sep 30),Deactivated,Sun 4:05 pm vs Mia
Sep 28,Jason Sanders,31199,NYJ,K,,W (Sep 30),Deactivated,Sun 1:00 pm @ Chi
Sep 28,Jack Bech,41843,LV,WR,IR,W (Sep 30),Deactivated,Sun 4:25 pm vs KC
Sep 27,Anthony Tyus III,42235,Car,RB,NA,W (Sep 30),Deactivated,Sun 8:20 pm vs Det
Sep 27,Justin Barron,42154,Dal,LB,NA,W (Sep 30),Deactivated,Sun 1:00 pm @ Hou
Sep 27,Te'Cory Couch,41681,Buf,CB,NA,W (Sep 30),Deactivated,Sun 1:00 pm vs NE
Sep 27,Maema Njongmeta,41336,Car,LB,NA,W (Sep 30),Deactivated,Sun 8:20 pm vs Det
Sep 27,Joe Giles-Harris,32091,Cin,LB,NA,W (Sep 30),Deactivated,Sun 1:00 pm vs Jax
Sep 27,Tanner Hudson,31257,Cin,TE,,W (Sep 30),Deactivated,Sun 1:00 pm vs Jax
Sep 27,David Moore,30339,Car,WR,NA,W (Sep 30),Deactivated,Sun 8:20 pm vs Det
Sep 27,Maxen Hook,42177,Sea,S,NA,W (Sep 30),Activated,Sun 4:25 pm vs LAC
Sep 27,Tavierre Thomas,31321,Min,CB,NA,W (Sep 30),Activated,Sun 4:05 pm vs Mia
Sep 26,Kolbe Katsis,43382,Den,WR,NA,W (Sep 30),Activated,Sun 4:25 pm @ SF
Sep 26,Dean Connors,43140,LAR,RB,NA,W (Sep 30),Activated,Sun 1:00 pm @ Phi
Sep 26,Ale Kaho,42494,Was,LB,NA,W (Sep 30),Activated,Sun 9:30 am vs Ind
Sep 26,Sebastian Valdez,42383,SF,DT,NA,W (Sep 30),Activated,Sun 4:25 pm vs Den
Sep 26,Jamaal Pritchett,42233,NYJ,WR,,W (Sep 30),Activated,Sun 1:00 pm @ Chi
Sep 26,Anthony Tyus III,42235,Car,RB,NA,W (Sep 30),Activated,Sun 8:20 pm vs Det
Sep 26,Doneiko Slaughter,42208,Pit,CB,NA,W (Sep 30),Activated,Thu 8:15 pm @ Cle
Sep 26,Patrick Herbert,42204,LAC,TE,NA,W (Sep 30),Activated,Sun 4:25 pm @ Sea
Sep 26,Justin Barron,42154,Dal,LB,NA,W (Sep 30),Activated,Sun 1:00 pm @ Hou
Sep 26,DJ Uiagalelei,42079,LAC,QB,,W (Sep 30),Activated,Sun 4:25 pm @ Sea
Sep 26,Jalen McLeod,41981,Jax,LB,NA,W (Sep 30),Activated,Sun 1:00 pm @ Cin
Sep 26,Te'Cory Couch,41681,Buf,CB,NA,W (Sep 30),Activated,Sun 1:00 pm vs NE
Sep 26,Elias Neal,41529,LAR,LB,NA,W (Sep 30),Activated,Sun 1:00 pm @ Phi
Sep 26,Maema Njongmeta,41336,Car,LB,NA,W (Sep 30),Activated,Sun 8:20 pm vs Det
Sep 26,Reddy Steward,41330,Dal,CB,NA,W (Sep 30),Activated,Sun 1:00 pm @ Hou
Sep 26,Thomas Harper,41146,Det,S,IR,W (Sep 30),Deactivated,Sun 8:20 pm @ Car
Sep 26,Anthony Gould,41046,Ind,WR,,W (Sep 30),Activated,Sun 9:30 am @ Was
Sep 26,Claudin Cherelus,40547,Car,LB,IR,W (Sep 30),Deactivated,Sun 8:20 pm vs Det
Sep 26,Liam Anderson,40522,Mia,LB,NA,W (Sep 30),Activated,Sun 4:05 pm @ Min
Sep 26,Caleb Murphy,40330,LAC,LB,NA,W (Sep 30),Activated,Sun 4:25 pm @ Sea
Sep 26,Lew Nichols,40260,Pit,RB,NA,W (Sep 30),Activated,Thu 8:15 pm @ Cle
Sep 26,Erick Hallett II,40210,Ten,"S,CB",,W (Sep 30),Activated,Sun 1:00 pm @ Bal
Sep 26,Owen Pappoe,40200,Ten,LB,NA,W (Sep 30),Deactivated,Sun 1:00 pm @ Bal
Sep 26,Viliami Fehoko Jr.,40140,SF,DE,,W (Sep 30),Activated,Sun 4:25 pm vs Den
Sep 26,Jake Haener,40144,NYG,QB,NA,W (Sep 30),Activated,Sun 1:00 pm vs Ari
Sep 26,Jeremiah Pharms Jr.,34706,NE,"DL,DT,DE",NA,W (Sep 30),Activated,Sun 1:00 pm @ Buf
Sep 26,Jake Hummel,34342,Hou,LB,IR,W (Sep 30),Deactivated,Sun 1:00 pm vs Dal
Sep 26,Mike Brown,34232,NE,S,NA,W (Sep 30),Activated,Sun 1:00 pm @ Buf
Sep 26,Kevin Austin Jr.,34242,NO,WR,NA,W (Sep 30),Activated,Mon 8:15 pm vs Atl
Sep 26,Tyreke Smith,34114,KC,DE,NA,W (Sep 30),Activated,Sun 4:25 pm @ LV
Sep 26,Adam Prentice,33901,Den,RB,NA,W (Sep 30),Activated,Sun 4:25 pm @ SF
Sep 26,Michael Carter,33495,Ten,RB,,W (Sep 30),Activated,Sun 1:00 pm @ Bal
Sep 26,Nick Westbrook-Ikhine,33348,Ind,WR,NA,W (Sep 30),Activated,Sun 9:30 am @ Was
Sep 26,Cole Christiansen,32977,KC,LB,NA,W (Sep 30),Activated,Sun 4:25 pm @ LV
Sep 26,Cody White,32948,LV,WR,NA,W (Sep 30),Activated,Sun 4:25 pm vs KC
Sep 26,Malik Harrison,32768,NYG,LB,NA,W (Sep 30),Activated,Sun 1:00 pm vs Ari
Sep 26,P.J. Locke,32164,Dal,S,IR,W (Sep 30),Deactivated,Sun 1:00 pm @ Hou
Sep 26,Joe Giles-Harris,32091,Cin,LB,NA,W (Sep 30),Activated,Sun 1:00 pm vs Jax
Sep 26,Travis Homer,32036,Pit,RB,,W (Sep 30),Activated,Thu 8:15 pm @ Cle
Sep 26,Tanner Hudson,31257,Cin,TE,,W (Sep 30),Activated,Sun 1:00 pm vs Jax
Sep 26,Jason Sanders,31199,NYJ,K,,W (Sep 30),Activated,Sun 1:00 pm @ Chi
Sep 26,David Moore,30339,Car,WR,NA,W (Sep 30),Activated,Sun 8:20 pm vs Det
Sep 26,Demarcus Robinson,29360,SF,WR,IR,W (Sep 30),Deactivated,Sun 4:25 pm vs Den
Sep 26,Greg Dortch,32523,Buf,WR,,W (Sep 30),Activated,Sun 1:00 pm vs NE
Sep 26,Jordan Hancock,41956,Buf,"S,CB",IR,W (Sep 30),Deactivated,Sun 1:00 pm vs NE
Sep 25,Treyton Welch,41363,NO,TE,,W (Sep 30),Activated,Mon 8:15 pm vs Atl
Sep 25,Carl Jones Jr.,41329,Bal,LB,,W (Sep 30),Activated,Sun 1:00 pm vs Ten
Sep 25,AJ Finley,40356,Sea,S,,W (Sep 30),Activated,Sun 4:25 pm vs LAC
Sep 25,Bralen Trice,40955,Atl,"LB,DE",NA,W (Sep 30),Deactivated,Mon 8:15 pm @ NO
Sep 24,Jaxson Dart,41810,NYG,QB,IR,W (Sep 30),Deactivated,Sun 1:00 pm vs Ari
Sep 24,Bralen Trice,40955,Atl,"LB,DE",NA,W (Sep 30),Activated,Mon 8:15 pm @ NO
Sep 23,C.J. West,41916,SF,DT,IR,W (Sep 30),Deactivated,Sun 4:25 pm vs Den
Sep 23,Shemar Turner,41847,Chi,"DT,DE",PUP-R,W (Sep 30),Deactivated,Sun 1:00 pm vs NYJ
Sep 23,Will Johnson,41832,Ari,CB,IR,W (Sep 30),Deactivated,Sun 1:00 pm @ NYG
Sep 23,Dell Pettus,41413,NE,S,IR,W (Sep 30),Deactivated,Sun 1:00 pm @ Buf
Sep 23,Starling Thomas V,40593,Ari,CB,,W (Sep 30),Activated,Sun 1:00 pm @ NYG
Sep 23,Jose Ramirez,40215,NE,LB,,W (Sep 30),Activated,Sun 1:00 pm @ Buf
Sep 23,Andrei Iosivas,40211,Cin,WR,IR,W (Sep 30),Deactivated,Sun 1:00 pm vs Jax
Sep 23,Noah Sewell,40172,Chi,LB,PUP-R,W (Sep 30),Deactivated,Sun 1:00 pm vs NYJ
Sep 23,Ronnie Rivers,34310,LAR,RB,IR,W (Sep 30),Deactivated,Sun 1:00 pm @ Phi
Sep 23,Rodney Thomas II,34195,Sea,S,,W (Sep 30),Activated,Sun 4:25 pm vs LAC
Sep 23,Alec Pierce,34008,Ind,WR,IR,W (Sep 30),Deactivated,Sun 9:30 am @ Was
Sep 23,Kyler Gordon,33994,Chi,"DB,CB",PUP-R,W (Sep 30),Deactivated,Sun 1:00 pm vs NYJ
Sep 23,Naquan Jones,33833,SF,DT,,W (Sep 30),Activated,Sun 4:25 pm vs Den
Sep 23,Jonathon Brooks,40926,Car,RB,IR,Sunday Kevin,Deactivated,Sun 8:20 pm vs Det
Sep 23,Isaiah Simmons,32678,Car,"DB,LB,S",,W (Sep 30),Activated,Sun 8:20 pm vs Det
Sep 23,Arian Smith,41896,NYJ,WR,IR,W (Sep 30),Deactivated,Sun 1:00 pm @ Chi
Sep 23,Andre Jones Jr.,40247,Mia,"LB,DE",,W (Sep 30),Activated,Sun 4:05 pm @ Min
Sep 23,M. McCrary-Ball,34321,NYJ,LB,IR,W (Sep 30),Deactivated,Sun 1:00 pm @ Chi
Sep 23,Jack Heflin,33755,NYJ,"DT,DE",,W (Sep 30),Activated,Sun 1:00 pm @ Chi
Sep 23,David Onyemata,29354,NYJ,"DL,DT",IR,W (Sep 30),Deactivated,Sun 1:00 pm @ Chi
Sep 22,Bishop Fitzgerald,42994,Det,S,,W (Sep 30),Activated,Sun 8:20 pm @ Car
Sep 22,Robert Longerbeam,41998,Atl,CB,,W (Sep 30),Activated,Mon 8:15 pm @ NO
Sep 22,Hayden Rucci,41692,LAC,TE,,W (Sep 30),Activated,Sun 4:25 pm @ Sea
Sep 22,Andre Jones Jr.,40247,Mia,"LB,DE",,W (Sep 30),Deactivated,Sun 4:05 pm @ Min
Sep 22,Zach Harrison,40115,Atl,"DL,DE",,W (Sep 30),Activated,Mon 8:15 pm @ NO
Sep 22,Micheal Clemons,34073,Ind,DE,IR,W (Sep 30),Deactivated,Sun 9:30 am @ Was
Sep 22,A.J. Terrell Jr.,32686,Atl,CB,IR,W (Sep 30),Deactivated,Mon 8:15 pm @ NO
Sep 22,Gary Jennings,31952,LAC,WR,NA,W (Sep 30),Deactivated,Sun 4:25 pm @ Sea
Sep 22,Elias Neal,41529,LAR,LB,NA,W (Sep 30),Deactivated,Sun 1:00 pm @ Phi
Sep 22,Malik Harrison,32768,NYG,LB,NA,W (Sep 30),Deactivated,Sun 1:00 pm vs Ari
Sep 22,Darius Slayton,32003,Ind,WR,,W (Sep 30),Activated,Sun 9:30 am @ Was
Sep 21,Elias Neal,41529,LAR,LB,NA,W (Sep 30),Activated,Sun 1:00 pm @ Phi
Sep 21,Andre Jones Jr.,40247,Mia,"LB,DE",,W (Sep 30),Activated,Sun 4:05 pm @ Min
Sep 21,Charlie Kolar,34084,LAC,TE,D,W (Sep 30),Deactivated,Sun 4:25 pm @ Sea
Sep 21,Malik Harrison,32768,NYG,LB,NA,W (Sep 30),Activated,Sun 1:00 pm vs Ari
Sep 21,Dillon Bell,42914,Min,WR,NA,W (Sep 30),Deactivated,Sun 4:05 pm vs Mia
Sep 21,Ale Kaho,42494,Was,LB,NA,W (Sep 30),Deactivated,Sun 9:30 am vs Ind
Sep 21,Isas Waxter,42447,LAC,CB,NA,W (Sep 30),Deactivated,Sun 4:25 pm @ Sea
Sep 21,Doneiko Slaughter,42208,Pit,CB,NA,W (Sep 30),Deactivated,Thu 8:15 pm @ Cle
Sep 21,Justin Barron,42154,Dal,LB,NA,W (Sep 30),Deactivated,Sun 1:00 pm @ Hou
Sep 21,Ricky Barber,42147,Was,DT,NA,W (Sep 30),Deactivated,Sun 9:30 am vs Ind
Sep 21,Jalen McLeod,41981,Jax,LB,NA,W (Sep 30),Deactivated,Sun 1:00 pm @ Cin
Sep 21,Carl Jones Jr.,41329,Bal,LB,,W (Sep 30),Deactivated,Sun 1:00 pm vs Ten
Sep 21,Marcus Harris,41109,KC,"DL,DT",NA,W (Sep 30),Deactivated,Sun 4:25 pm @ LV
Sep 21,Nathaniel Watson,41068,Cle,LB,O,W (Sep 30),Deactivated,Thu 8:15 pm vs Pit
Sep 21,Anthony Gould,41046,Ind,WR,,W (Sep 30),Deactivated,Sun 9:30 am @ Was
Sep 21,Liam Anderson,40522,Mia,LB,NA,W (Sep 30),Deactivated,Sun 4:05 pm @ Min
Sep 21,Erick Hallett II,40210,Ten,"S,CB",,W (Sep 30),Deactivated,Sun 1:00 pm @ Bal
Sep 21,Zach Harrison,40115,Atl,"DL,DE",,W (Sep 30),Deactivated,Mon 8:15 pm @ NO
Sep 21,Kevin Austin Jr.,34242,NO,WR,NA,W (Sep 30),Deactivated,Mon 8:15 pm vs Atl
Sep 21,Rodney Thomas II,34195,Sea,S,,W (Sep 30),Deactivated,Sun 4:25 pm vs LAC
Sep 21,Adam Prentice,33901,Den,RB,NA,W (Sep 30),Deactivated,Sun 4:25 pm @ SF
Sep 21,Cole Christiansen,32977,KC,LB,NA,W (Sep 30),Deactivated,Sun 4:25 pm @ LV
Sep 21,Cody White,32948,LV,WR,NA,W (Sep 30),Deactivated,Sun 4:25 pm vs KC
Sep 21,Isaiah Simmons,32678,Car,"DB,LB,S",,W (Sep 30),Deactivated,Sun 8:20 pm vs Det
Sep 21,Joe Giles-Harris,32091,Cin,LB,NA,W (Sep 30),Deactivated,Sun 1:00 pm vs Jax
Sep 21,Travis Homer,32036,Pit,RB,,W (Sep 30),Deactivated,Thu 8:15 pm @ Cle
Sep 21,Jason Sanders,31199,NYJ,K,,W (Sep 30),Deactivated,Sun 1:00 pm @ Chi
Sep 21,Nick Mullens,30563,Jax,QB,NA,W (Sep 30),Deactivated,Sun 1:00 pm @ Cin
Sep 21,Josh Johnson,8937,Cin,QB,NA,W (Sep 30),Deactivated,Sun 1:00 pm vs Jax
Sep 20,Erick Hallett II,40210,Ten,"S,CB",,W (Sep 30),Activated,Sun 1:00 pm @ Bal
Sep 20,Adam Prentice,33901,Den,RB,NA,W (Sep 30),Activated,Sun 4:25 pm @ SF
Sep 19,Dillon Bell,42914,Min,WR,NA,W (Sep 30),Activated,Sun 4:05 pm vs Mia
Sep 19,Ale Kaho,42494,Was,LB,NA,W (Sep 30),Activated,Sun 9:30 am vs Ind
Sep 19,Isas Waxter,42447,LAC,CB,NA,W (Sep 30),Activated,Sun 4:25 pm @ Sea
Sep 19,Doneiko Slaughter,42208,Pit,CB,NA,W (Sep 30),Activated,Thu 8:15 pm @ Cle
Sep 19,Justin Barron,42154,Dal,LB,NA,W (Sep 30),Activated,Sun 1:00 pm @ Hou
Sep 19,Ricky Barber,42147,Was,DT,NA,W (Sep 30),Activated,Sun 9:30 am vs Ind
Sep 19,Jalen McLeod,41981,Jax,LB,NA,W (Sep 30),Activated,Sun 1:00 pm @ Cin
Sep 19,Carl Jones Jr.,41329,Bal,LB,,W (Sep 30),Activated,Sun 1:00 pm vs Ten
Sep 19,Marcus Harris,41109,KC,"DL,DT",NA,W (Sep 30),Activated,Sun 4:25 pm @ LV
Sep 19,Nathaniel Watson,41068,Cle,LB,O,W (Sep 30),Activated,Thu 8:15 pm vs Pit
Sep 19,Anthony Gould,41046,Ind,WR,,W (Sep 30),Activated,Sun 9:30 am @ Was
Sep 19,T.J. Tampa Jr.,40990,Bal,"DB,CB",IR,W (Sep 30),Deactivated,Sun 1:00 pm vs Ten
Sep 19,Liam Anderson,40522,Mia,LB,NA,W (Sep 30),Activated,Sun 4:05 pm @ Min
Sep 19,Zach Harrison,40115,Atl,"DL,DE",,W (Sep 30),Activated,Mon 8:15 pm @ NO
Sep 19,Kevin Austin Jr.,34242,NO,WR,NA,W (Sep 30),Activated,Mon 8:15 pm vs Atl
Sep 19,Rodney Thomas II,34195,Sea,S,,W (Sep 30),Activated,Sun 4:25 pm vs LAC
Sep 19,Cody White,32948,LV,WR,NA,W (Sep 30),Activated,Sun 4:25 pm vs KC
Sep 19,Cole Christiansen,32977,KC,LB,NA,W (Sep 30),Activated,Sun 4:25 pm @ LV
Sep 19,Isaiah Simmons,32678,Car,"DB,LB,S",,W (Sep 30),Activated,Sun 8:20 pm vs Det
Sep 19,Joe Giles-Harris,32091,Cin,LB,NA,W (Sep 30),Activated,Sun 1:00 pm vs Jax
Sep 19,Travis Homer,32036,Pit,RB,,W (Sep 30),Activated,Thu 8:15 pm @ Cle
Sep 19,Jason Sanders,31199,NYJ,K,,W (Sep 30),Activated,Sun 1:00 pm @ Chi
Sep 19,Ronnie Harrison Jr.,31063,Mia,"DB,LB,S",IR,W (Sep 30),Deactivated,Sun 4:05 pm @ Min
Sep 19,Nick Mullens,30563,Jax,QB,NA,W (Sep 30),Activated,Sun 1:00 pm @ Cin
Sep 19,Josh Johnson,8937,Cin,QB,NA,W (Sep 30),Activated,Sun 1:00 pm vs Jax
Sep 19,CJ Donaldson,42940,NO,RB,,W (Sep 30),Activated,Mon 8:15 pm vs Atl
Sep 19,Nikko Reed,42141,NYG,CB,,W (Sep 30),Activated,Sun 1:00 pm vs Ari
Sep 18,Tanner Ingle,40389,LAR,"DB,S",NA,W (Sep 30),Activated,Sun 1:00 pm @ Phi
Sep 18,Paulson Adebo,33464,NYG,CB,IR,W (Sep 30),Deactivated,Sun 1:00 pm vs Ari
Sep 18,Frank Gore Jr.,41243,Buf,RB,NA,W (Sep 30),Deactivated,Sun 1:00 pm vs NE
Sep 18,Greg Dortch,32523,Buf,WR,,W (Sep 30),Deactivated,Sun 1:00 pm vs NE
Sep 17,Ricky Barber,42147,Was,DT,NA,W (Sep 30),Deactivated,Sun 9:30 am vs Ind
Sep 17,Frank Gore Jr.,41243,Buf,RB,NA,W (Sep 30),Activated,Sun 1:00 pm vs NE
Sep 17,Levi Onwuzurike,33429,Det,"DL,DT",,W (Sep 30),Activated,Sun 8:20 pm @ Car
Sep 17,Greg Dortch,32523,Buf,WR,,W (Sep 30),Activated,Sun 1:00 pm vs NE
Sep 17,Isaac Yiadom,31069,Was,CB,,W (Sep 30),Activated,Sun 9:30 am vs Ind
Sep 17,Jordan Mason,34320,Min,RB,IR,Locked In Michelle,Deactivated,Sun 4:05 pm vs Mia
Sep 17,DeeJay Dallas,32814,Min,RB,,W (Sep 30),Activated,Sun 4:05 pm vs Mia
Sep 16,Cooper McDonald,42491,KC,LB,IR,W (Sep 30),Deactivated,Sun 4:25 pm @ LV
Sep 16,Kitan Crawford,42016,Ari,S,IR,W (Sep 30),Deactivated,Sun 1:00 pm @ NYG
Sep 16,Kalen King,41129,Ari,CB,,W (Sep 30),Activated,Sun 1:00 pm @ NYG
Sep 16,Jaylin Simpson,41025,Mia,"S,CB",,W (Sep 30),Activated,Sun 4:05 pm @ Min
Sep 16,Jordan Magee,41014,Was,LB,IR,W (Sep 30),Deactivated,Sun 9:30 am vs Ind
Sep 16,Jake Tonges,34374,SF,TE,IR,W (Sep 30),Deactivated,Sun 4:25 pm vs Den
Sep 16,Da'Shawn Hand,31084,Atl,"DT,DE",IR,W (Sep 30),Deactivated,Mon 8:15 pm @ NO
Sep 16,Jack Kiser,41901,Jax,LB,,W (Sep 30),Activated,Sun 1:00 pm @ Cin
Sep 16,Lil'Jordan Humphrey,32494,Den,WR,,W (Sep 30),Activated,Sun 4:25 pm @ SF
Sep 15,Jordan Clark,42227,NYJ,S,NA,W (Sep 30),Activated,Sun 1:00 pm @ Chi
Sep 15,Jimmy Horn Jr.,41999,Cle,WR,NA,W (Sep 30),Deactivated,Thu 8:15 pm vs Pit
Sep 15,KeAndre Lambert-Smith,41944,LAC,WR,IR,W (Sep 30),Deactivated,Sun 4:25 pm @ Sea
Sep 15,Dylan Sampson,41907,Cle,RB,IR,W (Sep 30),Deactivated,Thu 8:15 pm vs Pit
Sep 15,Jamal Hill,41063,Hou,LB,,W (Sep 30),Activated,Sun 1:00 pm vs Dal
Sep 15,Xavier Thomas,41013,SF,"LB,DE",SUSP,W (Sep 30),Deactivated,Sun 4:25 pm vs Den
Sep 15,Jaleel McLaughlin,40696,Cle,RB,,W (Sep 30),Activated,Thu 8:15 pm vs Pit
Sep 15,Brayden Willis,40261,SF,TE,,W (Sep 30),Activated,Sun 4:25 pm vs Den
Sep 15,Britain Covey,34378,Phi,WR,,W (Sep 30),Activated,Sun 1:00 pm vs LAR
Sep 15,Gary Jennings,31952,LAC,WR,NA,W (Sep 30),Activated,Sun 4:25 pm @ Sea
Sep 15,Marcus Harris,41109,KC,"DL,DT",NA,W (Sep 30),Deactivated,Sun 4:25 pm @ LV
Sep 15,Henry To'oTo'o,40189,Hou,LB,IR,W (Sep 30),Deactivated,Sun 1:00 pm vs Dal
Sep 15,Tyler Goodson,34261,Dal,RB,,W (Sep 30),Activated,Sun 1:00 pm @ Hou
Sep 15,Adam Prentice,33901,Den,RB,NA,W (Sep 30),Deactivated,Sun 4:25 pm @ SF
Sep 15,Tyrel Dodson,32411,Car,LB,,W (Sep 30),Activated,Sun 8:20 pm vs Det
Sep 15,Lil'Jordan Humphrey,32494,Den,WR,,W (Sep 30),Deactivated,Sun 4:25 pm @ SF
Sep 14,Johnathan Edwards,42425,Ind,CB,NA,W (Sep 30),Deactivated,Sun 9:30 am @ Was
Sep 14,Marcus Harris,41109,KC,"DL,DT",NA,W (Sep 30),Activated,Sun 4:25 pm @ LV
Sep 14,Bo Melton,34185,GB,WR,,W (Sep 30),Activated,Sun 1:00 pm @ TB
Sep 14,CJ Donaldson,42940,NO,RB,,W (Sep 30),Deactivated,Mon 8:15 pm vs Atl
Sep 14,Doneiko Slaughter,42208,Pit,CB,NA,W (Sep 30),Deactivated,Thu 8:15 pm @ Cle
Sep 14,Dalen Cambre,42200,NYG,WR,NA,W (Sep 30),Deactivated,Sun 1:00 pm vs Ari
Sep 14,Josh Williams,42086,TB,RB,NA,W (Sep 30),Deactivated,Sun 1:00 pm vs GB
Sep 14,Treyton Welch,41363,NO,TE,,W (Sep 30),Deactivated,Mon 8:15 pm vs Atl
Sep 14,Carl Jones Jr.,41329,Bal,LB,,W (Sep 30),Deactivated,Sun 1:00 pm vs Ten
Sep 14,Frank Gore Jr.,41243,Buf,RB,NA,W (Sep 30),Deactivated,Sun 1:00 pm vs NE
Sep 14,Kalen King,41129,Ari,CB,,W (Sep 30),Deactivated,Sun 1:00 pm @ NYG
Sep 14,Nathaniel Watson,41068,Cle,LB,O,W (Sep 30),Deactivated,Thu 8:15 pm vs Pit
Sep 14,Bralen Trice,40955,Atl,"LB,DE",NA,W (Sep 30),Deactivated,Mon 8:15 pm @ NO
Sep 14,Mohamoud Diabate,40598,Ten,LB,NA,W (Sep 30),Deactivated,Sun 1:00 pm @ Bal
Sep 14,Erick Hallett II,40210,Ten,"S,CB",,W (Sep 30),Deactivated,Sun 1:00 pm @ Bal
Sep 14,Israel Abanikanda,40165,Dal,RB,NA,W (Sep 30),Deactivated,Sun 1:00 pm @ Hou
Sep 14,Britain Covey,34378,Phi,WR,,W (Sep 30),Deactivated,Sun 1:00 pm vs LAR
Sep 14,Kevin Austin Jr.,34242,NO,WR,NA,W (Sep 30),Deactivated,Mon 8:15 pm vs Atl
Sep 14,Bo Melton,34185,GB,WR,,W (Sep 30),Deactivated,Sun 1:00 pm @ TB
Sep 14,Adam Prentice,33901,Den,RB,NA,W (Sep 30),Activated,Sun 4:25 pm @ SF
Sep 14,Kristian Welch,33005,GB,LB,NA,W (Sep 30),Deactivated,Sun 1:00 pm @ TB
Sep 14,Cody White,32948,LV,WR,NA,W (Sep 30),Deactivated,Sun 4:25 pm vs KC
Sep 14,DeeJay Dallas,32814,Min,RB,,W (Sep 30),Deactivated,Sun 4:05 pm vs Mia
Sep 14,Malik Harrison,32768,NYG,LB,NA,W (Sep 30),Deactivated,Sun 1:00 pm vs Ari
Sep 14,Isaiah Simmons,32678,Car,"DB,LB,S",,W (Sep 30),Deactivated,Sun 8:20 pm vs Det
Sep 14,Greg Dortch,32523,Buf,WR,,W (Sep 30),Deactivated,Sun 1:00 pm vs NE
Sep 14,D'Angelo Ross,32223,Cle,CB,NA,W (Sep 30),Deactivated,Thu 8:15 pm vs Pit
Sep 14,Joe Giles-Harris,32091,Cin,LB,NA,W (Sep 30),Deactivated,Sun 1:00 pm vs Jax
Sep 14,Tanner Hudson,31257,Cin,TE,,W (Sep 30),Deactivated,Sun 1:00 pm vs Jax
Sep 14,Jason Sanders,31199,NYJ,K,,W (Sep 30),Deactivated,Sun 1:00 pm @ Chi
Sep 14,Nick Mullens,30563,Jax,QB,NA,W (Sep 30),Deactivated,Sun 1:00 pm @ Cin
Sep 13,Myles Garrett,30114,LAR,"LB,DE",IR,W (Sep 30),Deactivated,Sun 1:00 pm @ Phi
Sep 13,Doneiko Slaughter,42208,Pit,CB,NA,W (Sep 30),Activated,Thu 8:15 pm @ Cle
Sep 13,Dalen Cambre,42200,NYG,WR,NA,W (Sep 30),Activated,Sun 1:00 pm vs Ari
Sep 13,Malik Harrison,32768,NYG,LB,NA,W (Sep 30),Activated,Sun 1:00 pm vs Ari
Sep 12,CJ Donaldson,42940,NO,RB,,W (Sep 30),Activated,Mon 8:15 pm vs Atl
Sep 12,Josh Williams,42086,TB,RB,NA,W (Sep 30),Activated,Sun 1:00 pm vs GB
Sep 12,Treyton Welch,41363,NO,TE,,W (Sep 30),Activated,Mon 8:15 pm vs Atl
Sep 12,Carl Jones Jr.,41329,Bal,LB,,W (Sep 30),Activated,Sun 1:00 pm vs Ten
Sep 12,Frank Gore Jr.,41243,Buf,RB,NA,W (Sep 30),Activated,Sun 1:00 pm vs NE
Sep 12,Kalen King,41129,Ari,CB,,W (Sep 30),Activated,Sun 1:00 pm @ NYG
Sep 12,Nathaniel Watson,41068,Cle,LB,O,W (Sep 30),Activated,Thu 8:15 pm vs Pit
Sep 12,Audric Estime,41019,NO,RB,NA,W (Sep 30),Deactivated,Mon 8:15 pm vs Atl
Sep 12,Bralen Trice,40955,Atl,"LB,DE",NA,W (Sep 30),Activated,Mon 8:15 pm @ NO
Sep 12,Mohamoud Diabate,40598,Ten,LB,NA,W (Sep 30),Activated,Sun 1:00 pm @ Bal
Sep 12,Erick Hallett II,40210,Ten,"S,CB",,W (Sep 30),Activated,Sun 1:00 pm @ Bal
Sep 12,Israel Abanikanda,40165,Dal,RB,NA,W (Sep 30),Activated,Sun 1:00 pm @ Hou
Sep 12,Malik Davis,34610,Dal,RB,IR,W (Sep 30),Deactivated,Sun 1:00 pm @ Hou
Sep 12,Britain Covey,34378,Phi,WR,,W (Sep 30),Activated,Sun 1:00 pm vs LAR
Sep 12,Kevin Austin Jr.,34242,NO,WR,NA,W (Sep 30),Activated,Mon 8:15 pm vs Atl
Sep 12,Bo Melton,34185,GB,WR,,W (Sep 30),Activated,Sun 1:00 pm @ TB
Sep 12,Kristian Welch,33005,GB,LB,NA,W (Sep 30),Activated,Sun 1:00 pm @ TB
Sep 12,Cody White,32948,LV,WR,NA,W (Sep 30),Activated,Sun 4:25 pm vs KC
Sep 12,DeeJay Dallas,32814,Min,RB,,W (Sep 30),Activated,Sun 4:05 pm vs Mia
Sep 12,Isaiah Simmons,32678,Car,"DB,LB,S",,W (Sep 30),Activated,Sun 8:20 pm vs Det
Sep 12,Greg Dortch,32523,Buf,WR,,W (Sep 30),Activated,Sun 1:00 pm vs NE
Sep 12,D'Angelo Ross,32223,Cle,CB,NA,W (Sep 30),Activated,Thu 8:15 pm vs Pit
Sep 12,Joe Giles-Harris,32091,Cin,LB,NA,W (Sep 30),Activated,Sun 1:00 pm vs Jax
Sep 12,Tanner Hudson,31257,Cin,TE,,W (Sep 30),Activated,Sun 1:00 pm vs Jax
Sep 12,Jason Sanders,31199,NYJ,K,,W (Sep 30),Activated,Sun 1:00 pm @ Chi
Sep 12,Nick Mullens,30563,Jax,QB,NA,W (Sep 30),Activated,Sun 1:00 pm @ Cin
Sep 11,Jaden Crumedy,41076,Hou,"DT,DE",,W (Sep 30),Activated,Sun 1:00 pm vs Dal
Sep 11,Xavier Thomas,41013,SF,"LB,DE",SUSP,W (Sep 30),Activated,Sun 4:25 pm vs Den
Sep 11,Bo Melton,34185,GB,WR,,W (Sep 30),Deactivated,Sun 1:00 pm @ TB
Sep 11,Levi Onwuzurike,33429,Det,"DL,DT",,W (Sep 30),Deactivated,Sun 8:20 pm @ Car
Sep 11,A.J. Brown,31883,NE,WR,IR,Monday Night Madison,Deactivated,Sun 1:00 pm @ Buf
Sep 11,Tanner Ingle,40389,LAR,"DB,S",NA,W (Sep 30),Deactivated,Sun 1:00 pm @ Phi
Sep 10,Melvin Smith Jr.,42431,KC,CB,NA,W (Sep 30),Deactivated,Sun 4:25 pm @ LV
Sep 10,Alfred Collins,41828,SF,DT,IR,W (Sep 30),Deactivated,Sun 4:25 pm vs Den
Sep 10,Tanner Ingle,40389,LAR,"DB,S",NA,W (Sep 30),Activated,Sun 1:00 pm @ Phi
Sep 10,Jaylon Jones,40258,Ten,CB,,W (Sep 30),Activated,Sun 1:00 pm @ Bal
Sep 10,Tom Kennedy,32561,Det,WR,,W (Sep 30),Activated,Sun 8:20 pm @ Car
Sep 10,Carter Runyon,42433,LV,TE,IR-R,W (Sep 30),Deactivated,Sun 4:25 pm vs KC
Sep 10,Lan Larison,42284,NE,RB,NA,W (Sep 30),Deactivated,Sun 1:00 pm @ Buf
Sep 10,AJ Finley,40356,Sea,S,,W (Sep 30),Deactivated,Sun 4:25 pm vs LAC
Sep 10,Will Mallory,40180,Ind,TE,IR-R,W (Sep 30),Deactivated,Sun 9:30 am @ Was
Sep 10,Rodney Thomas II,34195,Sea,S,,W (Sep 30),Deactivated,Sun 4:25 pm vs LAC
Sep 10,A.J. Green III,33306,Mia,CB,NA,W (Sep 30),Deactivated,Sun 4:05 pm @ Min
Sep 9,Lan Larison,42284,NE,RB,NA,W (Sep 30),Activated,Sun 1:00 pm @ Buf
Sep 9,Dorian Mausi,42268,Ten,LB,IR-R,W (Sep 30),Deactivated,Sun 1:00 pm @ Bal
Sep 9,AJ Finley,40356,Sea,S,,W (Sep 30),Activated,Sun 4:25 pm vs LAC
Sep 9,Josh Hayes,40221,TB,"DB,CB",IR-R,W (Sep 30),Deactivated,Sun 1:00 pm vs GB
Sep 9,Rodney Thomas II,34195,Sea,S,,W (Sep 30),Activated,Sun 4:25 pm vs LAC
Sep 9,Ja'Sir Taylor,34170,Cin,"DB,CB",IR-R,W (Sep 30),Deactivated,Sun 1:00 pm vs Jax
Sep 9,Joshua Williams,34091,Ten,CB,IR-R,W (Sep 30),Deactivated,Sun 1:00 pm @ Bal
Sep 9,Bam Martin-Scott,42260,Car,LB,IR-R,W (Sep 30),Deactivated,Sun 8:20 pm vs Det
Sep 9,Trevor Etienne,41913,Car,RB,IR-R,W (Sep 30),Deactivated,Sun 8:20 pm vs Det
Sep 8,Ben Yurosek,42434,Min,TE,IR,W (Sep 30),Deactivated,Sun 4:05 pm vs Mia
Sep 8,Korie Black,42031,NYG,CB,IR-R,W (Sep 30),Deactivated,Sun 1:00 pm vs Ari
Sep 8,Collin Oliver,41945,GB,"LB,DE",IR-R,W (Sep 30),Deactivated,Sun 1:00 pm @ TB
Sep 8,Marist Liufau,40967,Dal,LB,IR-R,W (Sep 30),Deactivated,Sun 1:00 pm @ Hou
Sep 8,Jaylon Jones,40258,Ten,CB,,W (Sep 30),Deactivated,Sun 1:00 pm @ Bal
Sep 8,Jakorian Bennett,40148,Phi,CB,IR-R,W (Sep 30),Deactivated,Sun 1:00 pm vs LAR
Sep 8,DeShon Elliott,31160,Pit,S,IR-R,W (Sep 30),Deactivated,Thu 8:15 pm @ Cle
Sep 7,AJ Henning,42163,Mia,WR,NA,W (Sep 30),Deactivated,Sun 4:05 pm @ Min
Sep 7,Caleb Lohner,42027,Den,TE,IR-R,W (Sep 30),Deactivated,Sun 4:25 pm @ SF
Sep 7,Kenneth Grant,41798,Mia,DT,IR-R,W (Sep 30),Deactivated,Sun 4:05 pm @ Min
Sep 7,Jaylan Ford,41018,NO,LB,IR-R,W (Sep 30),Deactivated,Mon 8:15 pm vs Atl
Sep 7,Irv Charles,34356,Sea,WR,IR-R,W (Sep 30),Deactivated,Sun 4:25 pm vs LAC
Sep 7,Brandon Aiyuk,32695,SF,WR,NA,W (Sep 30),Deactivated,Sun 4:25 pm vs Den
Sep 7,Darius Slayton,32003,Ind,WR,,W (Sep 30),Deactivated,Sun 9:30 am @ Was
Sep 6,Brayden Willis,40261,SF,TE,,W (Sep 30),Deactivated,Sun 4:25 pm vs Den
Sep 5,Sam Okuayinonu,34462,SF,"DL,DE",IR,W (Sep 30),Deactivated,Sun 4:25 pm vs Den
Sep 4,Brady Cook,42229,Mia,QB,,W (Sep 30),Activated,Sun 4:05 pm @ Min
Sep 4,Julius Wood,41400,Mia,S,,W (Sep 30),Activated,Sun 4:05 pm @ Min
Sep 4,Marcellas Dial Jr.,41059,Mia,"DB,CB",,W (Sep 30),Activated,Sun 4:05 pm @ Min
Sep 4,Reese Taylor,40566,Mia,CB,,W (Sep 30),Activated,Sun 4:05 pm @ Min
Sep 4,Malik Herring,33882,Mia,DE,,W (Sep 30),Activated,Sun 4:05 pm @ Min
Sep 4,Tony Jefferson,27081,LAC,S,,W (Sep 30),Activated,Sun 4:25 pm @ Sea
Sep 3,Dayo Odeyingbo,33442,Chi,DE,,W (Sep 30),Activated,Sun 1:00 pm vs NYJ
Sep 3,Israel Abanikanda,40165,Dal,RB,NA,W (Sep 30),Deactivated,Sun 1:00 pm @ Hou
Sep 2,Jabari Small,41661,Det,RB,NA,W (Sep 30),Deactivated,Sun 8:20 pm @ Car
Sep 2,Scooby Williams,42937,Min,LB,NA,W (Sep 30),Deactivated,Sun 4:05 pm vs Mia
Sep 2,Da'Quan Felton,42201,NYJ,WR,NA,W (Sep 30),Deactivated,Sun 1:00 pm @ Chi
Sep 2,Kevin Knowles,42118,TB,CB,,W (Sep 30),Activated,Sun 1:00 pm vs GB
Sep 2,Ben Sims,40335,Mia,TE,NA,W (Sep 30),Deactivated,Sun 4:05 pm @ Min
Sep 2,Charles Snowden,33914,LV,"LB,DE",SUSP,W (Sep 30),Deactivated,Sun 4:25 pm vs KC
Sep 2,Charles Snowden,33914,LV,"LB,DE",SUSP,W (Sep 30),Activated,Sun 4:25 pm vs KC
Sep 2,Caden Fordham,43374,TB,LB,NA,W (Sep 30),Deactivated,Sun 1:00 pm vs GB
Sep 2,Kapena Gushiken,43163,Ind,S,,W (Sep 30),Activated,Sun 9:30 am @ Was
Sep 2,Dillon Bell,42914,Min,WR,NA,W (Sep 30),Deactivated,Sun 4:05 pm vs Mia
Sep 2,Kevin Knowles,42118,TB,CB,,W (Sep 30),Deactivated,Sun 1:00 pm vs GB
Sep 2,Nick Martin,41867,SF,LB,IR,W (Sep 30),Deactivated,Sun 4:25 pm vs Den
Sep 2,Treyton Welch,41363,NO,TE,,W (Sep 30),Deactivated,Mon 8:15 pm vs Atl
Sep 2,Marcus Harris,41109,KC,"DL,DT",NA,W (Sep 30),Deactivated,Sun 4:25 pm @ LV
Sep 2,Darius Muasau,41090,NE,LB,,W (Sep 30),Activated,Sun 1:00 pm @ Buf
Sep 2,Joe Milton III,41060,Dal,QB,NA,W (Sep 30),Deactivated,Sun 1:00 pm @ Hou
Sep 2,Decamerion Richardson,40979,NO,CB,,W (Sep 30),Activated,Mon 8:15 pm vs Atl
Sep 2,Ethan Bonner,40649,Mia,CB,NA,W (Sep 30),Deactivated,Sun 4:05 pm @ Min
Sep 2,Emari Demercado,40430,Dal,RB,,W (Sep 30),Activated,Sun 1:00 pm @ Hou
Sep 2,Israel Abanikanda,40165,Dal,RB,NA,W (Sep 30),Activated,Sun 1:00 pm @ Hou
Sep 2,Colby Wooden,40132,NO,DT,,W (Sep 30),Activated,Mon 8:15 pm vs Atl
Sep 2,Cameron Latu,40101,NE,TE,,W (Sep 30),Activated,Sun 1:00 pm @ Buf
Sep 2,Adedayo Odeleye,34301,Dal,DE,NA,W (Sep 30),Deactivated,Sun 1:00 pm @ Hou
Sep 2,Kevin Austin Jr.,34242,NO,WR,NA,W (Sep 30),Deactivated,Mon 8:15 pm vs Atl
Sep 2,Nate Hobbs,33555,SF,CB,IR,W (Sep 30),Deactivated,Sun 4:25 pm vs Den
Sep 1,Erick Hunter,43081,NE,LB,,W (Sep 30),Activated,Sun 1:00 pm @ Buf
Sep 1,Max Brosmer,42075,Min,QB,,W (Sep 30),Deactivated,Sun 4:05 pm vs Mia
Sep 1,Decamerion Richardson,40979,NO,CB,,W (Sep 30),Deactivated,Mon 8:15 pm vs Atl
Sep 1,Jer'Zhan Newton,40939,Was,"DL,DT",IR,W (Sep 30),Deactivated,Sun 9:30 am vs Ind
Sep 1,Darrell Luter Jr.,40186,LV,CB,,W (Sep 30),Activated,Sun 4:25 pm vs KC
Sep 1,Jack Sanborn,34370,Chi,LB,,W (Sep 30),Activated,Sun 1:00 pm vs NYJ
Sep 1,Isiah Pacheco,34207,Det,RB,IR,W (Sep 30),Deactivated,Sun 8:20 pm @ Car
Sep 1,Kalia Davis,34176,Cle,"DL,DT",IR,W (Sep 30),Deactivated,Thu 8:15 pm vs Pit
Sep 1,Dominique Robinson,34130,Hou,DE,,W (Sep 30),Activated,Sun 1:00 pm vs Dal
Sep 1,Sam Williams,34011,Cle,"LB,DE",,W (Sep 30),Activated,Thu 8:15 pm vs Pit
Sep 1,K.J. Britt,33564,NE,LB,NA,W (Sep 30),Deactivated,Sun 1:00 pm @ Buf
Sep 1,Brevin Jordan,33535,Hou,TE,,W (Sep 30),Activated,Sun 1:00 pm vs Dal
Sep 1,James Lynch,32800,Chi,"DL,DT",,W (Sep 30),Activated,Sun 1:00 pm vs NYJ
Sep 1,Julian Okwara,32737,Cle,"LB,DE",NA,W (Sep 30),Deactivated,Thu 8:15 pm vs Pit
Sep 1,Noah Igbinoghene,32700,Cle,CB,,W (Sep 30),Activated,Thu 8:15 pm vs Pit
Sep 1,Shy Tuttle,32497,Was,DT,,W (Sep 30),Activated,Sun 9:30 am vs Ind
Sep 1,Tyler Conklin,31127,Det,TE,,W (Sep 30),Activated,Sun 8:20 pm @ Car
Sep 1,Denzel Perryman,28436,LAC,LB,IR,W (Sep 30),Deactivated,Sun 4:25 pm @ Sea
Sep 1,Melvin Smith Jr.,42431,KC,CB,NA,W (Sep 30),Activated,Sun 4:25 pm @ LV
Sep 1,Xavier Restrepo,42368,Ten,WR,NA,W (Sep 30),Deactivated,Sun 1:00 pm @ Bal
Sep 1,Jared Ivey,42358,Atl,"LB,DE",,W (Sep 30),Activated,Mon 8:15 pm @ NO
Sep 1,Nazir Stackhouse,42241,Ten,DT,,W (Sep 30),Activated,Sun 1:00 pm @ Bal
Sep 1,Trevin Wallace,40956,NYJ,LB,,W (Sep 30),Activated,Sun 1:00 pm @ Chi
Sep 1,Natrone Brooks,40745,Det,CB,NA,W (Sep 30),Deactivated,Sun 8:20 pm @ Car
Sep 1,Mohamoud Diabate,40598,Ten,LB,NA,W (Sep 30),Deactivated,Sun 1:00 pm @ Bal
Sep 1,Blake Grupe,40296,NYJ,K,,W (Sep 30),Activated,Sun 1:00 pm @ Chi
Sep 1,Jerrick Reed II,40239,Ari,S,NA,W (Sep 30),Deactivated,Sun 1:00 pm @ NYG
Sep 1,Erick Hallett II,40210,Ten,"S,CB",,W (Sep 30),Deactivated,Sun 1:00 pm @ Bal
Sep 1,Owen Pappoe,40200,Ten,LB,NA,W (Sep 30),Activated,Sun 1:00 pm @ Bal
Sep 1,Yasir Abdullah,40183,Atl,LB,,W (Sep 30),Activated,Mon 8:15 pm @ NO
Sep 1,Jammie Robinson,40176,Atl,S,NA,W (Sep 30),Deactivated,Mon 8:15 pm @ NO
Sep 1,Zach Harrison,40115,Atl,"DL,DE",,W (Sep 30),Deactivated,Mon 8:15 pm @ NO
Sep 1,Terrell Burgess,32774,Ten,S,,W (Sep 30),Activated,Sun 1:00 pm @ Bal
Sep 1,Jason Sanders,31199,NYJ,K,,W (Sep 30),Deactivated,Sun 1:00 pm @ Chi
Sep 1,Dont'e Thornton Jr.,41892,LV,WR,IR,W (Sep 30),Deactivated,Sun 4:25 pm vs KC
Sep 1,JD Bertrand,41050,Atl,LB,IR,W (Sep 30),Deactivated,Mon 8:15 pm @ NO
Sep 1,David Agoha,40482,Den,DE,NA,W (Sep 30),Deactivated,Sun 4:25 pm @ SF
Sep 1,Segun Olubi,34322,LV,LB,,W (Sep 30),Activated,Sun 4:25 pm vs KC
Sep 1,Tanner Hudson,31257,Cin,TE,,W (Sep 30),Deactivated,Sun 1:00 pm vs Jax
Aug 31,Parker Robertson,43386,Den,S,NA,W (Sep 30),Deactivated,Sun 4:25 pm @ SF
Aug 31,Kolbe Katsis,43382,Den,WR,NA,W (Sep 30),Deactivated,Sun 4:25 pm @ SF
Aug 31,Nick DeGennaro,43363,NE,WR,NA,W (Sep 30),Deactivated,Sun 1:00 pm @ Buf
Aug 31,Cameron Dorner,43364,NE,WR,NA,W (Sep 30),Deactivated,Sun 1:00 pm @ Buf
Aug 31,Kentrel Bullock,43342,Cin,RB,NA,W (Sep 30),Deactivated,Sun 1:00 pm vs Jax
Aug 31,Jamal Haynes,43345,Cin,RB,NA,W (Sep 30),Deactivated,Sun 1:00 pm vs Jax
Aug 31,Omari Kelly,43346,Chi,WR,NA,W (Sep 30),Deactivated,Sun 1:00 pm vs NYJ
Aug 31,Sahmir Hagans,43327,Ind,WR,NA,W (Sep 30),Deactivated,Sun 9:30 am @ Was
Aug 31,Jaden Nixon,43265,GB,RB,NA,W (Sep 30),Deactivated,Sun 1:00 pm @ TB
Aug 31,Anthony Dunn Jr.,43259,NYJ,DE,NA,W (Sep 30),Deactivated,Sun 1:00 pm @ Chi
Aug 31,Devin Lafayette,43247,LV,S,NA,W (Sep 30),Deactivated,Sun 4:25 pm vs KC
Aug 31,Darryl Peterson III,43203,LAR,LB,NA,W (Sep 30),Deactivated,Sun 1:00 pm @ Phi
Aug 31,Murvin Kenion III,43199,GB,S,NA,W (Sep 30),Deactivated,Sun 1:00 pm @ TB
Aug 31,Caleb Offord,43201,LV,CB,NA,W (Sep 30),Deactivated,Sun 4:25 pm vs KC
Aug 31,Matthew McDoom,43177,Cin,CB,NA,W (Sep 30),Deactivated,Sun 1:00 pm vs Jax
Aug 31,Kapena Gushiken,43163,Ind,S,,W (Sep 30),Deactivated,Sun 9:30 am @ Was
Aug 31,Cody Hardy,43161,NYJ,TE,NA,W (Sep 30),Deactivated,Sun 1:00 pm @ Chi
Aug 31,Joshua Weru,43156,Phi,"LB,DE",NA,W (Sep 30),Deactivated,Sun 1:00 pm vs LAR
Aug 31,Kyle Dixon,43155,NE,WR,NA,W (Sep 30),Deactivated,Sun 1:00 pm @ Buf
Aug 31,Kansei Matsuzawa,43135,LV,K,NA,W (Sep 30),Deactivated,Sun 4:25 pm vs KC
Aug 31,Xavian Sorey Jr.,43131,LV,LB,NA,W (Sep 30),Deactivated,Sun 4:25 pm vs KC
Aug 31,Gary Smith III,43132,LV,DT,NA,W (Sep 30),Deactivated,Sun 4:25 pm vs KC
Aug 31,Tanner Wall,43134,Mia,S,NA,W (Sep 30),Deactivated,Sun 4:05 pm @ Min
Aug 31,E.J. Williams Jr.,43129,Car,WR,NA,W (Sep 30),Deactivated,Sun 8:20 pm vs Det
Aug 31,Matt Lauter,43130,Min,TE,NA,W (Sep 30),Deactivated,Sun 4:05 pm vs Mia
Aug 31,Chase Roberts,43126,LV,WR,NA,W (Sep 30),Deactivated,Sun 4:25 pm vs KC
Aug 31,TJ Quinn,43091,GB,LB,NA,W (Sep 30),Deactivated,Sun 1:00 pm @ TB
Aug 31,Nyjalik Kelly,43086,GB,DE,NA,W (Sep 30),Deactivated,Sun 1:00 pm @ TB
Aug 31,DJ Withers,43071,Dal,DT,NA,W (Sep 30),Deactivated,Sun 1:00 pm @ Hou
Aug 31,Langston Patterson,43068,Dal,LB,NA,W (Sep 30),Deactivated,Sun 1:00 pm @ Hou
Aug 31,Jordan Hudson,43061,Dal,WR,NA,W (Sep 30),Deactivated,Sun 1:00 pm @ Hou
Aug 31,DJ Rogers,43055,Dal,TE,IR,W (Sep 30),Deactivated,Sun 1:00 pm @ Hou
Aug 31,Lake McRee,43036,Pit,TE,NA,W (Sep 30),Deactivated,Thu 8:15 pm @ Cle
Aug 31,Dominic Richardson,43034,NYJ,RB,NA,W (Sep 30),Deactivated,Sun 1:00 pm @ Chi
Aug 31,Uso Seumalo,43009,Sea,DT,NA,W (Sep 30),Deactivated,Sun 4:25 pm vs LAC
Aug 31,Devin Neal Jr.,42961,Jax,S,NA,W (Sep 30),Deactivated,Sun 1:00 pm @ Cin
Aug 31,Preston Hodge,42964,Jax,CB,NA,W (Sep 30),Deactivated,Sun 1:00 pm @ Cin
Aug 31,Brady Boyd,42959,Jax,WR,NA,W (Sep 30),Deactivated,Sun 1:00 pm @ Cin
Aug 31,Trebor Pena,42951,Jax,WR,NA,W (Sep 30),Deactivated,Sun 1:00 pm @ Cin
Aug 31,Jay'Viar Suggs,42955,NO,DT,NA,W (Sep 30),Deactivated,Mon 8:15 pm vs Atl
Aug 31,Michael Heldman,42947,KC,DE,NA,W (Sep 30),Deactivated,Sun 4:25 pm @ LV
Aug 31,Michael Wortham,42950,Jax,WR,NA,W (Sep 30),Deactivated,Sun 1:00 pm @ Cin
Aug 31,Arden Walker,42939,GB,LB,NA,W (Sep 30),Deactivated,Sun 1:00 pm @ TB
Aug 31,CJ Donaldson,42940,NO,RB,,W (Sep 30),Deactivated,Mon 8:15 pm vs Atl
Aug 31,Roman Hemby,42941,LV,RB,NA,W (Sep 30),Deactivated,Sun 4:25 pm vs KC
Aug 31,Devonte Ross,42930,LAC,WR,NA,W (Sep 30),Deactivated,Sun 4:25 pm @ Sea
Aug 31,Evan Svoboda,42927,LAC,TE,NA,W (Sep 30),Deactivated,Sun 4:25 pm @ Sea
Aug 31,Marcus Sanders Jr.,42913,Min,WR,NA,W (Sep 30),Deactivated,Sun 4:05 pm vs Mia
Aug 31,Cam'Ron Stewart,42909,Min,LB,NA,W (Sep 30),Deactivated,Sun 4:05 pm vs Mia
Aug 31,Da'Veawn Armstead,42911,Min,CB,NA,W (Sep 30),Deactivated,Sun 4:05 pm vs Mia
Aug 31,Deontae Lawson,42886,Phi,LB,NA,W (Sep 30),Deactivated,Sun 1:00 pm vs LAR
Aug 31,Michael Trigg,42887,Dal,TE,NA,W (Sep 30),Deactivated,Sun 1:00 pm @ Hou
Aug 31,J'Mari Taylor,42882,Jax,RB,NA,W (Sep 30),Deactivated,Sun 1:00 pm @ Cin
Aug 31,Cole Wisniewski,42866,Phi,S,NA,W (Sep 30),Deactivated,Sun 1:00 pm vs LAR
Aug 31,Deven Eastern,42864,Sea,DT,NA,W (Sep 30),Deactivated,Sun 4:25 pm vs LAC
Aug 31,Brandon Cleveland,42851,LV,DT,NA,W (Sep 30),Deactivated,Sun 4:25 pm vs KC
Aug 31,Rob Carter Jr.,42617,Ind,CB,NA,W (Sep 30),Deactivated,Sun 9:30 am @ Was
Aug 31,Jaden Smith,42568,Dal,WR,NA,W (Sep 30),Deactivated,Sun 1:00 pm @ Hou
Aug 31,Mitch Van Vooren,42547,NE,TE,NA,W (Sep 30),Deactivated,Sun 1:00 pm @ Buf
Aug 31,Drake Dabney,42523,GB,TE,NA,W (Sep 30),Deactivated,Sun 1:00 pm @ TB
Aug 31,Kyrese Rowan,42527,NO,WR,NA,W (Sep 30),Deactivated,Mon 8:15 pm vs Atl
Aug 31,Jahfari Harvey,42510,LV,DE,NA,W (Sep 30),Deactivated,Sun 4:25 pm vs KC
Aug 31,Ja'seem Reed,42497,Car,WR,NA,W (Sep 30),Deactivated,Sun 8:20 pm vs Det
Aug 31,Payton Page,42499,NYJ,DT,NA,W (Sep 30),Deactivated,Sun 1:00 pm @ Chi
Aug 31,Boog Smith,42462,Sea,LB,NA,W (Sep 30),Deactivated,Sun 4:25 pm vs LAC
Aug 31,Chandler Martin,42470,NYG,LB,NA,W (Sep 30),Deactivated,Sun 1:00 pm vs Ari
Aug 31,Trace Ford,42453,NYG,"LB,DE",NA,W (Sep 30),Deactivated,Sun 1:00 pm vs Ari
Aug 31,J.R. Singleton,42451,Sea,DT,NA,W (Sep 30),Deactivated,Sun 4:25 pm vs LAC
Aug 31,Isas Waxter,42447,LAC,CB,NA,W (Sep 30),Deactivated,Sun 4:25 pm @ Sea
Aug 31,Mapalo Mwansa,42406,Car,LB,NA,W (Sep 30),Deactivated,Sun 8:20 pm vs Det
Aug 31,Tysheem Johnson,42399,Sea,S,NA,W (Sep 30),Deactivated,Sun 4:25 pm vs LAC
Aug 31,Ben Sauls,42379,NYG,K,NA,W (Sep 30),Deactivated,Sun 1:00 pm vs Ari
Aug 31,Jalen Kimber,42375,Cin,CB,NA,W (Sep 30),Deactivated,Sun 1:00 pm vs Jax
Aug 31,Junior Tafuna,42366,Hou,DT,NA,W (Sep 30),Deactivated,Sun 1:00 pm vs Dal
Aug 31,Jacardia Wright,42357,Sea,RB,NA,W (Sep 30),Deactivated,Sun 4:25 pm vs LAC
Aug 31,Jared Ivey,42358,Atl,"LB,DE",,W (Sep 30),Deactivated,Mon 8:15 pm @ NO
Aug 31,Alijah Huzzie,42361,Hou,CB,NA,W (Sep 30),Deactivated,Sun 1:00 pm vs Dal
Aug 31,Marshall Lang,42353,Min,TE,NA,W (Sep 30),Deactivated,Sun 4:05 pm vs Mia
Aug 31,Bubba Thomas,42354,Sea,DT,NA,W (Sep 30),Deactivated,Sun 4:25 pm vs LAC
Aug 31,Jalan Gaines,42356,Sea,LB,NA,W (Sep 30),Deactivated,Sun 4:25 pm vs LAC
Aug 31,Jordan Waters,42329,LAR,RB,NA,W (Sep 30),Deactivated,Sun 1:00 pm @ Phi
Aug 31,Bill Norton,42319,LAR,DT,NA,W (Sep 30),Deactivated,Sun 1:00 pm @ Phi
Aug 31,Brennan Presley,42322,LAR,WR,NA,W (Sep 30),Deactivated,Sun 1:00 pm @ Phi
Aug 31,Greedy Vance,42309,LV,CB,NA,W (Sep 30),Deactivated,Sun 4:25 pm vs KC
Aug 31,Brock Lampe,42293,Buf,RB,NA,W (Sep 30),Deactivated,Sun 1:00 pm vs NE
Aug 31,Lan Larison,42284,NE,RB,NA,W (Sep 30),Deactivated,Sun 1:00 pm @ Buf
Aug 31,JJ Galbreath,42275,Ind,TE,NA,W (Sep 30),Deactivated,Sun 9:30 am @ Was
Aug 31,Sebastian Castro,42276,Pit,S,NA,W (Sep 30),Deactivated,Thu 8:15 pm @ Cle
Aug 31,Bryson Nesbit,42266,Min,TE,NA,W (Sep 30),Deactivated,Sun 4:05 pm vs Mia
Aug 31,Trevian Thomas,42263,Jax,S,NA,W (Sep 30),Deactivated,Sun 1:00 pm @ Cin
Aug 31,Dontae Fleming,42255,Min,WR,NA,W (Sep 30),Deactivated,Sun 4:05 pm vs Mia
Aug 31,Nazir Stackhouse,42241,Ten,DT,,W (Sep 30),Deactivated,Sun 1:00 pm @ Bal
Aug 31,Amar Johnson,42240,LAC,RB,NA,W (Sep 30),Deactivated,Sun 4:25 pm @ Sea
Aug 31,Jamaal Pritchett,42233,NYJ,WR,,W (Sep 30),Deactivated,Sun 1:00 pm @ Chi
Aug 31,Dean Clark,42228,NYJ,S,NA,W (Sep 30),Deactivated,Sun 1:00 pm @ Chi
Aug 31,Brady Cook,42229,Mia,QB,,W (Sep 30),Deactivated,Sun 4:05 pm @ Min
Aug 31,Cam'Ron Silmon-Craig,42219,Jax,S,NA,W (Sep 30),Deactivated,Sun 1:00 pm @ Cin
Aug 31,Keivie Rose,42213,Jax,DT,NA,W (Sep 30),Deactivated,Sun 1:00 pm @ Cin
Aug 31,Eli Pancol,42217,Ind,WR,NA,W (Sep 30),Deactivated,Sun 9:30 am @ Was
Aug 31,Chandler Brayboy,42210,NE,WR,NA,W (Sep 30),Deactivated,Sun 1:00 pm @ Buf
Aug 31,Cam Camper,42212,NYJ,WR,NA,W (Sep 30),Deactivated,Sun 1:00 pm @ Chi
Aug 31,Patrick Herbert,42204,LAC,TE,NA,W (Sep 30),Deactivated,Sun 4:25 pm @ Sea
Aug 31,Doneiko Slaughter,42208,Pit,CB,NA,W (Sep 30),Deactivated,Thu 8:15 pm @ Cle
Aug 31,Dalen Cambre,42200,NYG,WR,NA,W (Sep 30),Deactivated,Sun 1:00 pm vs Ari
Aug 31,Dontae Manning,42188,Chi,CB,NA,W (Sep 30),Deactivated,Sun 1:00 pm vs NYJ
Aug 31,Maxen Hook,42177,Sea,S,NA,W (Sep 30),Deactivated,Sun 4:25 pm vs LAC
Aug 31,John Saunders Jr.,42171,NYJ,S,NA,W (Sep 30),Deactivated,Sun 1:00 pm @ Chi
Aug 31,Justin Barron,42154,Dal,LB,NA,W (Sep 30),Deactivated,Sun 1:00 pm @ Hou
Aug 31,Zion Childress,42155,Car,S,NA,W (Sep 30),Deactivated,Sun 8:20 pm vs Det
Aug 31,Nikko Reed,42141,NYG,CB,,W (Sep 30),Deactivated,Sun 1:00 pm vs Ari
Aug 31,Eric Rogers,42142,LAC,CB,NA,W (Sep 30),Deactivated,Sun 4:25 pm @ Sea
Aug 31,Myles Purchase,42129,LAC,CB,NA,W (Sep 30),Deactivated,Sun 4:25 pm @ Sea
Aug 31,Coleman Owen,42130,Ind,WR,NA,W (Sep 30),Deactivated,Sun 9:30 am @ Was
Aug 31,Trey Washington,42135,Ind,S,NA,W (Sep 30),Deactivated,Sun 9:30 am @ Was
Aug 31,Brandon George,42108,Phi,LB,NA,W (Sep 30),Deactivated,Sun 1:00 pm vs LAR
Aug 31,Will Sheppard,42089,Mia,WR,NA,W (Sep 30),Deactivated,Sun 4:05 pm @ Min
Aug 31,Johnny Walker,42074,Den,"LB,DE",NA,W (Sep 30),Deactivated,Sun 4:25 pm @ SF
Aug 31,Eric Gregory,42053,NE,DT,NA,W (Sep 30),Deactivated,Sun 1:00 pm @ Buf
Aug 31,Jordan Moore,42057,Cin,WR,NA,W (Sep 30),Deactivated,Sun 1:00 pm vs Jax
Aug 31,Power Echols,42045,Sea,LB,NA,W (Sep 30),Deactivated,Sun 4:25 pm vs LAC
Aug 31,Ricky White III,42042,Sea,WR,NA,W (Sep 30),Deactivated,Sun 4:25 pm vs LAC
Aug 31,Trikweze Bridges,42033,Cin,"S,CB",NA,W (Sep 30),Deactivated,Sun 1:00 pm vs Jax
Aug 31,Junior Bergen,42032,NYJ,WR,NA,W (Sep 30),Deactivated,Sun 1:00 pm @ Chi
Aug 31,Fadil Diggs,42021,NO,"LB,DE",NA,W (Sep 30),Deactivated,Mon 8:15 pm vs Atl
Aug 31,Kaden Prather,42020,GB,WR,NA,W (Sep 30),Deactivated,Sun 1:00 pm @ TB
Aug 31,Damien Martinez,42015,GB,RB,NA,W (Sep 30),Deactivated,Sun 1:00 pm @ TB
Aug 31,Kobee Minor,42008,NE,CB,NA,W (Sep 30),Deactivated,Sun 1:00 pm @ Buf
Aug 31,Jalen McLeod,41981,Jax,LB,NA,W (Sep 30),Deactivated,Sun 1:00 pm @ Cin
Aug 31,Devin Neal,41972,Min,RB,Q,W (Sep 30),Deactivated,Sun 4:05 pm vs Mia
Aug 31,Tyler Baron,41962,NYJ,"LB,DE",PUP-R,W (Sep 30),Activated,Sun 1:00 pm @ Chi
Aug 31,Ruben Hyppolite II,41923,Chi,LB,IR,W (Sep 30),Deactivated,Sun 1:00 pm vs NYJ
Aug 31,Jack Kiser,41901,Jax,LB,,W (Sep 30),Deactivated,Sun 1:00 pm @ Cin
Aug 31,Jamie Sheriff,41739,LAR,LB,NA,W (Sep 30),Deactivated,Sun 1:00 pm @ Phi
Aug 31,Hayden Rucci,41692,LAC,TE,,W (Sep 30),Deactivated,Sun 4:25 pm @ Sea
Aug 31,Qadir Ismail,41562,Chi,TE,NA,W (Sep 30),Deactivated,Sun 1:00 pm vs NYJ
Aug 31,Elias Neal,41529,LAR,LB,NA,W (Sep 30),Deactivated,Sun 1:00 pm @ Phi
Aug 31,Shemar Bartholomew,41532,Ten,CB,NA,W (Sep 30),Deactivated,Sun 1:00 pm @ Bal
Aug 31,Miles Battle,41493,Mia,CB,NA,W (Sep 30),Deactivated,Sun 4:05 pm @ Min
Aug 31,Messiah Swinson,41463,Cle,TE,NA,W (Sep 30),Deactivated,Thu 8:15 pm vs Pit
Aug 31,Nate Lynn,41436,NYJ,"LB,DE",NA,W (Sep 30),Deactivated,Sun 1:00 pm @ Chi
Aug 31,Mark Perry,41432,GB,S,NA,W (Sep 30),Deactivated,Sun 1:00 pm @ TB
Aug 31,Thomas Yassmin,41397,GB,TE,IR,W (Sep 30),Deactivated,Sun 1:00 pm @ TB
Aug 31,Emany Johnson,41399,LAC,LB,NA,W (Sep 30),Deactivated,Sun 4:25 pm @ Sea
Aug 31,Julius Wood,41400,Mia,S,,W (Sep 30),Deactivated,Sun 4:05 pm @ Min
Aug 31,Jordan Miller,41385,Mia,DT,NA,W (Sep 30),Deactivated,Sun 4:05 pm @ Min
Aug 31,Kendall Milton,41377,Cin,RB,NA,W (Sep 30),Deactivated,Sun 1:00 pm vs Jax
Aug 31,Gabe Hall,41381,Phi,DT,NA,W (Sep 30),Deactivated,Sun 1:00 pm vs LAR
Aug 31,Andre' Sam,41384,Phi,S,IR,W (Sep 30),Deactivated,Sun 1:00 pm vs LAR
Aug 31,McCallan Castles,41373,GB,TE,NA,W (Sep 30),Deactivated,Sun 1:00 pm @ TB
Aug 31,Jacob Roberts,41374,Min,LB,NA,W (Sep 30),Deactivated,Sun 4:05 pm vs Mia
Aug 31,Cam Grandy,41353,Min,TE,NA,W (Sep 30),Deactivated,Sun 4:05 pm vs Mia
Aug 31,Jarius Monroe,41357,NYJ,S,NA,W (Sep 30),Deactivated,Sun 1:00 pm @ Chi
Aug 31,Maema Njongmeta,41336,Car,LB,NA,W (Sep 30),Deactivated,Sun 8:20 pm vs Det
Aug 31,Jack Westover,41352,Was,"RB,TE",NA,W (Sep 30),Deactivated,Sun 9:30 am vs Ind
Aug 31,Demani Richardson,41310,Car,S,NA,W (Sep 30),Deactivated,Sun 8:20 pm vs Det
Aug 31,Tyrek Funderburk,41289,Car,CB,NA,W (Sep 30),Deactivated,Sun 8:20 pm vs Det
Aug 31,Xavier Johnson,41274,Cin,WR,NA,W (Sep 30),Deactivated,Sun 1:00 pm vs Jax
Aug 31,Antonio Grier Jr.,41285,Chi,LB,NA,W (Sep 30),Deactivated,Sun 1:00 pm vs NYJ
Aug 31,Rashad Wisdom,41268,TB,S,NA,W (Sep 30),Deactivated,Sun 1:00 pm vs GB
Aug 31,Beau Brade,41241,Cin,S,NA,W (Sep 30),Deactivated,Sun 1:00 pm vs Jax
Aug 31,JaQuae Jackson,41231,LAC,WR,NA,W (Sep 30),Deactivated,Sun 4:25 pm @ Sea
Aug 31,Evan Anderson,41208,SF,DT,NA,W (Sep 30),Deactivated,Sun 4:25 pm vs Den
Aug 31,Cody Schrader,41193,Den,RB,NA,W (Sep 30),Deactivated,Sun 4:25 pm @ SF
Aug 31,Jacoby Windmon,41165,Pit,LB,NA,W (Sep 30),Deactivated,Thu 8:15 pm @ Cle
Aug 31,Kyler Baugh,41181,Pit,DT,NA,W (Sep 30),Deactivated,Thu 8:15 pm @ Cle
Aug 31,Amari Gainer,41160,Mia,LB,NA,W (Sep 30),Deactivated,Sun 4:05 pm @ Min
Aug 31,Julius Welschof,41164,Pit,LB,NA,W (Sep 30),Deactivated,Thu 8:15 pm @ Cle
Aug 31,Carter Bradley,41133,Jax,QB,NA,W (Sep 30),Deactivated,Sun 1:00 pm @ Cin
Aug 31,Myles Cole,41108,NO,"LB,DE",NA,W (Sep 30),Deactivated,Mon 8:15 pm vs Atl
Aug 31,MJ Devonshire Jr.,41101,GB,CB,NA,W (Sep 30),Deactivated,Sun 1:00 pm @ TB
Aug 31,Tahj Washington,41104,Mia,WR,NA,W (Sep 30),Deactivated,Sun 4:05 pm @ Min
Aug 31,Darius Muasau,41090,NE,LB,,W (Sep 30),Deactivated,Sun 1:00 pm @ Buf
Aug 31,Tejhaun Palmer,41079,NE,WR,NA,W (Sep 30),Deactivated,Sun 1:00 pm @ Buf
Aug 31,Casey Washington,41074,Car,WR,NA,W (Sep 30),Deactivated,Sun 8:20 pm vs Det
Aug 31,Jaden Crumedy,41076,Hou,"DT,DE",,W (Sep 30),Deactivated,Sun 1:00 pm vs Dal
Aug 31,Patrick McMorris,41057,SF,S,NA,W (Sep 30),Deactivated,Sun 4:25 pm vs Den
Aug 31,Marcellas Dial Jr.,41059,Mia,"DB,CB",,W (Sep 30),Deactivated,Sun 4:05 pm @ Min
Aug 31,Anthony Gould,41046,Ind,WR,,W (Sep 30),Deactivated,Sun 9:30 am @ Was
Aug 31,Jaylin Simpson,41025,Mia,"S,CB",,W (Sep 30),Deactivated,Sun 4:05 pm @ Min
Aug 31,Jordan Jefferson,40985,LAC,DT,NA,W (Sep 30),Deactivated,Sun 4:25 pm @ Sea
Aug 31,Trevin Wallace,40956,NYJ,LB,,W (Sep 30),Deactivated,Sun 1:00 pm @ Chi
Aug 31,Charlie Smyth,40873,NO,K,NA,W (Sep 30),Deactivated,Mon 8:15 pm vs Atl
Aug 31,Josh Butler,40829,Dal,CB,NA,W (Sep 30),Deactivated,Sun 1:00 pm @ Hou
Aug 31,Durell Nchami,40867,Ind,"LB,DE",NA,W (Sep 30),Deactivated,Sun 9:30 am @ Was
Aug 31,Isaiah Land,40779,Dal,"LB,DE",NA,W (Sep 30),Deactivated,Sun 1:00 pm @ Hou
Aug 31,Kahlef Hailassie,40756,GB,"S,CB",NA,W (Sep 30),Deactivated,Sun 1:00 pm @ TB
Aug 31,Art Green,40697,Ari,CB,NA,W (Sep 30),Deactivated,Sun 1:00 pm @ NYG
Aug 31,Jaleel McLaughlin,40696,Cle,RB,,W (Sep 30),Deactivated,Thu 8:15 pm vs Pit
Aug 31,Reese Taylor,40566,Mia,CB,,W (Sep 30),Deactivated,Sun 4:05 pm @ Min
Aug 31,Trey Dean III,40543,GB,S,NA,W (Sep 30),Deactivated,Sun 1:00 pm @ TB
Aug 31,Xavier Gipson,40548,Phi,WR,NA,W (Sep 30),Deactivated,Sun 1:00 pm vs LAR
Aug 31,Zavier Scott,40539,Chi,RB,NA,W (Sep 30),Deactivated,Sun 1:00 pm vs NYJ
Aug 31,Liam Anderson,40522,Mia,LB,NA,W (Sep 30),Deactivated,Sun 4:05 pm @ Min
Aug 31,Jeremiah Martin,40508,Chi,"LB,DE",NA,W (Sep 30),Deactivated,Sun 1:00 pm vs NYJ
Aug 31,Shaka Heyward,40488,Mia,LB,,W (Sep 30),Deactivated,Sun 4:05 pm @ Min
Aug 31,Shedrick Jackson,40491,Bal,WR,NA,W (Sep 30),Deactivated,Sun 1:00 pm vs Ten
Aug 31,Carlos Washington Jr.,40420,Mia,RB,NA,W (Sep 30),Deactivated,Sun 4:05 pm @ Min
Aug 31,Tanner Ingle,40389,LAR,"DB,S",NA,W (Sep 30),Deactivated,Sun 1:00 pm @ Phi
Aug 31,D'Shawn Jamison,40404,Ari,CB,NA,W (Sep 30),Deactivated,Sun 1:00 pm @ NYG
Aug 31,AJ Finley,40356,Sea,S,,W (Sep 30),Deactivated,Sun 4:25 pm vs LAC
Aug 31,Caleb Murphy,40330,LAC,LB,NA,W (Sep 30),Deactivated,Sun 4:25 pm @ Sea
Aug 31,Malik Cunningham,40290,Det,WR,NA,W (Sep 30),Deactivated,Sun 8:20 pm @ Car
Aug 31,Ali Gaye,40293,Hou,"LB,DE",IR,W (Sep 30),Deactivated,Sun 1:00 pm vs Dal
Aug 31,Jalen Graham,40265,SF,LB,NA,W (Sep 30),Deactivated,Sun 4:25 pm vs Den
Aug 31,Lew Nichols,40260,Pit,RB,NA,W (Sep 30),Deactivated,Thu 8:15 pm @ Cle
Aug 31,Zack Kuntz,40255,Dal,TE,NA,W (Sep 30),Deactivated,Sun 1:00 pm @ Hou
Aug 31,Derek Parish,40254,Hou,DE,NA,W (Sep 30),Deactivated,Sun 1:00 pm vs Dal
Aug 31,Amari Burney,40235,Jax,LB,NA,W (Sep 30),Deactivated,Sun 1:00 pm @ Cin
Aug 31,Trey Palmer,40223,NO,WR,NA,W (Sep 30),Deactivated,Mon 8:15 pm vs Atl
Aug 31,Jose Ramirez,40215,NE,LB,,W (Sep 30),Deactivated,Sun 1:00 pm @ Buf
Aug 31,Daniel Scott,40205,Ind,S,NA,W (Sep 30),Deactivated,Sun 9:30 am @ Was
Aug 31,Eric Gray,40198,Cle,RB,NA,W (Sep 30),Deactivated,Thu 8:15 pm vs Pit
Aug 31,Yasir Abdullah,40183,Atl,LB,,W (Sep 30),Deactivated,Mon 8:15 pm @ NO
Aug 31,Darrell Luter Jr.,40186,LV,CB,,W (Sep 30),Deactivated,Sun 4:25 pm vs KC
Aug 31,Sean Clifford,40173,Cin,QB,NA,W (Sep 30),Deactivated,Sun 1:00 pm vs Jax
Aug 31,Israel Abanikanda,40165,Dal,RB,NA,W (Sep 30),Deactivated,Sun 1:00 pm @ Hou
Aug 31,Viliami Fehoko Jr.,40140,SF,DE,,W (Sep 30),Deactivated,Sun 4:25 pm vs Den
Aug 31,Drew Sanders,40109,Den,LB,NA,W (Sep 30),Deactivated,Sun 4:25 pm @ SF
Aug 31,Cameron Latu,40101,NE,TE,,W (Sep 30),Deactivated,Sun 1:00 pm @ Buf
Aug 31,Isaiah Foskey,40082,Cin,DE,NA,W (Sep 30),Deactivated,Sun 1:00 pm vs Jax
Aug 31,Maurice Alexander,34712,Chi,WR,NA,W (Sep 30),Deactivated,Sun 1:00 pm vs NYJ
Aug 31,Jeremiah Pharms Jr.,34706,NE,"DL,DT,DE",NA,W (Sep 30),Deactivated,Sun 1:00 pm @ Buf
Aug 31,Lucas Krull,34654,Den,TE,NA,W (Sep 30),Deactivated,Sun 4:25 pm @ SF
Aug 31,Jashaun Corbin,34665,Dal,RB,NA,W (Sep 30),Deactivated,Sun 1:00 pm @ Hou
Aug 31,Raheem Layne,34630,NYG,S,NA,W (Sep 30),Deactivated,Sun 1:00 pm vs Ari
Aug 31,Stone Smartt,34637,NO,TE,NA,W (Sep 30),Deactivated,Mon 8:15 pm vs Atl
Aug 31,Juanyeh Thomas,34595,Ind,S,NA,W (Sep 30),Deactivated,Sun 9:30 am @ Was
Aug 31,Brandon Johnson,34571,Pit,WR,NA,W (Sep 30),Deactivated,Thu 8:15 pm @ Cle
Aug 31,Sincere McCormick,34551,SF,RB,NA,W (Sep 30),Deactivated,Sun 4:25 pm vs Den
Aug 31,Tanner Conner,34513,NE,TE,NA,W (Sep 30),Deactivated,Sun 1:00 pm @ Buf
Aug 31,Deven Thompkins,34520,LV,WR,NA,W (Sep 30),Deactivated,Sun 4:25 pm vs KC
Aug 31,Kendric Pryor,34476,Cin,WR,NA,W (Sep 30),Deactivated,Sun 1:00 pm vs Jax
Aug 31,Britain Covey,34378,Phi,WR,,W (Sep 30),Deactivated,Sun 1:00 pm vs LAR
Aug 31,Jaylon Jones,34367,Chi,"DB,CB",NA,W (Sep 30),Deactivated,Sun 1:00 pm vs NYJ
Aug 31,Jack Sanborn,34370,Chi,LB,,W (Sep 30),Deactivated,Sun 1:00 pm vs NYJ
Aug 31,Elijah Garcia,34339,Dal,"DL,DE",NA,W (Sep 30),Deactivated,Sun 1:00 pm @ Hou
Aug 31,Segun Olubi,34322,LV,LB,,W (Sep 30),Deactivated,Sun 4:25 pm vs KC
Aug 31,Israel Antwine,34241,Den,DT,NA,W (Sep 30),Deactivated,Sun 4:25 pm @ SF
Aug 31,Arron Mosby,34227,GB,LB,NA,W (Sep 30),Deactivated,Sun 1:00 pm @ TB
Aug 31,Mike Brown,34232,NE,S,NA,W (Sep 30),Deactivated,Sun 1:00 pm @ Buf
Aug 31,Brittain Brown,34206,Chi,RB,IR,W (Sep 30),Deactivated,Sun 1:00 pm vs NYJ
Aug 31,Rodney Thomas II,34195,Sea,S,,W (Sep 30),Deactivated,Sun 4:25 pm vs LAC
Aug 31,Chance Campbell,34175,Phi,LB,,W (Sep 30),Deactivated,Sun 1:00 pm vs LAR
Aug 31,Derion Kendrick,34168,Dal,"DB,CB",NA,W (Sep 30),Deactivated,Sun 1:00 pm @ Hou
Aug 31,Grant Calcaterra,34154,Phi,TE,IR-R,W (Sep 30),Deactivated,Sun 1:00 pm vs LAR
Aug 31,James Mitchell,34133,Dal,TE,NA,W (Sep 30),Deactivated,Sun 1:00 pm @ Hou
Aug 31,Matthew Butler,34131,Mia,DT,NA,W (Sep 30),Deactivated,Sun 4:05 pm @ Min
Aug 31,Samuel Womack III,34128,NYJ,CB,NA,W (Sep 30),Deactivated,Sun 1:00 pm @ Chi
Aug 31,Pierre Strong Jr.,34083,GB,RB,NA,W (Sep 30),Deactivated,Sun 1:00 pm @ TB
Aug 31,Danny Gray,34061,Phi,WR,NA,W (Sep 30),Deactivated,Sun 1:00 pm vs LAR
Aug 31,Chad Muma,34026,NE,LB,NA,W (Sep 30),Deactivated,Sun 1:00 pm @ Buf
Aug 31,Sam Williams,34011,Cle,"LB,DE",,W (Sep 30),Deactivated,Thu 8:15 pm vs Pit
Aug 31,David Ojabo,34000,Mia,"LB,DE",NA,W (Sep 30),Deactivated,Sun 4:05 pm @ Min
Aug 31,Michael Bandy,33928,Den,WR,NA,W (Sep 30),Deactivated,Sun 4:25 pm @ SF
Aug 31,Adam Prentice,33901,Den,RB,NA,W (Sep 30),Deactivated,Sun 4:25 pm @ SF
Aug 31,Austin Trammell,33745,Jax,WR,NA,W (Sep 30),Deactivated,Sun 1:00 pm @ Cin
Aug 31,Brandon Smith,33710,Pit,WR,NA,W (Sep 30),Deactivated,Thu 8:15 pm @ Cle
Aug 31,Tim Jones,33649,Jax,WR,NA,W (Sep 30),Deactivated,Sun 1:00 pm @ Cin
Aug 31,Gary Brightwell,33584,Cin,RB,NA,W (Sep 30),Deactivated,Sun 1:00 pm vs Jax
Aug 31,Tre Brown,33525,NYJ,CB,IR,W (Sep 30),Deactivated,Sun 1:00 pm @ Chi
Aug 31,Robert Rochell,33518,Car,CB,NA,W (Sep 30),Deactivated,Sun 8:20 pm vs Det
Aug 31,Dayo Odeyingbo,33442,Chi,DE,,W (Sep 30),Deactivated,Sun 1:00 pm vs NYJ
Aug 31,Nick Westbrook-Ikhine,33348,Ind,WR,NA,W (Sep 30),Deactivated,Sun 9:30 am @ Was
Aug 31,Cam Gill,33272,Car,LB,NA,W (Sep 30),Deactivated,Sun 8:20 pm vs Det
Aug 31,JaMycal Hasty,33199,NE,RB,NA,W (Sep 30),Deactivated,Sun 1:00 pm @ Buf
Aug 31,Kristian Welch,33005,GB,LB,NA,W (Sep 30),Deactivated,Sun 1:00 pm @ TB
Aug 31,Cody White,32948,LV,WR,NA,W (Sep 30),Deactivated,Sun 4:25 pm vs KC
Aug 31,Quez Watkins,32870,Phi,WR,NA,W (Sep 30),Deactivated,Sun 1:00 pm vs LAR
Aug 31,Kindle Vildor,32833,NE,CB,NA,W (Sep 30),Deactivated,Sun 1:00 pm @ Buf
Aug 31,DeeJay Dallas,32814,Min,RB,,W (Sep 30),Deactivated,Sun 4:05 pm vs Mia
Aug 31,James Lynch,32800,Chi,"DL,DT",,W (Sep 30),Deactivated,Sun 1:00 pm vs NYJ
Aug 31,Mykal Walker,32789,NYJ,LB,NA,W (Sep 30),Deactivated,Sun 1:00 pm @ Chi
Aug 31,Noah Igbinoghene,32700,Cle,CB,,W (Sep 30),Deactivated,Thu 8:15 pm vs Pit
Aug 31,Isaiah Simmons,32678,Car,"DB,LB,S",,W (Sep 30),Deactivated,Sun 8:20 pm vs Det
Aug 31,Trenton Irwin,32438,SF,WR,NA,W (Sep 30),Deactivated,Sun 4:25 pm vs Den
Aug 31,Stephen Carlson,32273,Chi,TE,NA,W (Sep 30),Deactivated,Sun 1:00 pm vs NYJ
Aug 31,Joe Giles-Harris,32091,Cin,LB,NA,W (Sep 30),Deactivated,Sun 1:00 pm vs Jax
Aug 31,Travis Homer,32036,Pit,RB,,W (Sep 30),Deactivated,Thu 8:15 pm @ Cle
Aug 31,Corey Ballentine,32012,Jax,CB,NA,W (Sep 30),Deactivated,Sun 1:00 pm @ Cin
Aug 31,Gary Jennings,31952,LAC,WR,NA,W (Sep 30),Deactivated,Sun 4:25 pm @ Sea
Aug 31,Malik Turner,31777,SF,WR,NA,W (Sep 30),Deactivated,Sun 4:25 pm vs Den
Aug 31,Tavierre Thomas,31321,Min,CB,NA,W (Sep 30),Deactivated,Sun 4:05 pm vs Mia
Aug 31,Ray-Ray McCloud III,31157,Chi,WR,NA,W (Sep 30),Deactivated,Sun 1:00 pm vs NYJ
Aug 31,Isaac Yiadom,31069,Was,CB,,W (Sep 30),Deactivated,Sun 9:30 am vs Ind
Aug 31,Derrick Nnadi,31045,Ind,DT,NA,W (Sep 30),Deactivated,Sun 9:30 am @ Was
Aug 31,David Moore,30339,Car,WR,NA,W (Sep 30),Deactivated,Sun 8:20 pm vs Det
Aug 31,Eli Apple,29244,SF,"DB,CB",NA,W (Sep 30),Deactivated,Sun 4:25 pm vs Den
Aug 31,Phillip Dorsett II,28417,LV,WR,NA,W (Sep 30),Deactivated,Sun 4:25 pm vs KC
Aug 31,Isaiah Smith,43371,Car,LB,NA,W (Sep 30),Deactivated,Sun 8:20 pm vs Det
Aug 31,Kenny Fletcher Jr.,43357,Ind,TE,NA,W (Sep 30),Deactivated,Sun 9:30 am @ Was
Aug 31,Elijah Tau-Tolliver,43268,Bal,RB,NA,W (Sep 30),Deactivated,Sun 1:00 pm vs Ten
Aug 31,Michael Briscoe,43242,Min,WR,NA,W (Sep 30),Deactivated,Sun 4:05 pm vs Mia
Aug 31,Mani Powell,43245,Ten,LB,NA,W (Sep 30),Deactivated,Sun 1:00 pm @ Bal
Aug 31,Octavian Smith Jr.,43180,Bal,WR,NA,W (Sep 30),Deactivated,Sun 1:00 pm vs Ten
Aug 31,Cortez Braham Jr.,43181,Bal,WR,NA,W (Sep 30),Deactivated,Sun 1:00 pm vs Ten
Aug 31,Dontae McMillan,43182,Bal,RB,NA,W (Sep 30),Deactivated,Sun 1:00 pm vs Ten
Aug 31,Elijah Culp,43176,Ind,CB,NA,W (Sep 30),Deactivated,Sun 9:30 am @ Was
Aug 31,Cameron Robertson,43173,Ari,DE,NA,W (Sep 30),Deactivated,Sun 1:00 pm @ NYG
Aug 31,Hank Beatty,43094,Ten,WR,NA,W (Sep 30),Deactivated,Sun 1:00 pm @ Bal
Aug 31,Dominic DeLuca,43062,Bal,LB,NA,W (Sep 30),Deactivated,Sun 1:00 pm vs Ten
Aug 31,Silas Walters,43054,TB,S,NA,W (Sep 30),Deactivated,Sun 1:00 pm vs GB
Aug 31,Aaron Graves,43050,Bal,DT,NA,W (Sep 30),Deactivated,Sun 1:00 pm vs Ten
Aug 31,Max Tomczak,43015,Buf,WR,NA,W (Sep 30),Deactivated,Sun 1:00 pm vs NE
Aug 31,Ty Pezza,43002,Bal,TE,NA,W (Sep 30),Deactivated,Sun 1:00 pm vs Ten
Aug 31,Bishop Fitzgerald,42994,Det,S,,W (Sep 30),Deactivated,Sun 8:20 pm @ Car
Aug 31,Harrison Wallace III,42979,Ari,WR,NA,W (Sep 30),Deactivated,Sun 1:00 pm @ NYG
Aug 31,Damonic Williams,42980,Ari,DT,NA,W (Sep 30),Deactivated,Sun 1:00 pm @ NYG
Aug 31,Will Pauling,42969,SF,WR,NA,W (Sep 30),Deactivated,Sun 4:25 pm vs Den
Aug 31,Wesley Grimes,42970,SF,WR,NA,W (Sep 30),Deactivated,Sun 4:25 pm vs Den
Aug 31,Jalen Stroman,42967,SF,S,NA,W (Sep 30),Deactivated,Sun 4:25 pm vs Den
Aug 31,Marcus Allen,42907,Min,CB,NA,W (Sep 30),Deactivated,Sun 4:05 pm vs Mia
Aug 31,Tyren Montgomery,42896,Ten,WR,NA,W (Sep 30),Deactivated,Sun 1:00 pm @ Bal
Aug 31,Lucas Scott,42531,Bal,RB,NA,W (Sep 30),Deactivated,Sun 1:00 pm vs Ten
Aug 31,Kaimon Rucker,42532,Bal,"LB,DE",NA,W (Sep 30),Deactivated,Sun 1:00 pm vs Ten
Aug 31,Nick Jackson,42505,TB,LB,NA,W (Sep 30),Deactivated,Sun 1:00 pm vs GB
Aug 31,Ale Kaho,42494,Was,LB,NA,W (Sep 30),Deactivated,Sun 9:30 am vs Ind
Aug 31,Jahvaree Ritzie,42480,Min,"DT,DE",NA,W (Sep 30),Deactivated,Sun 4:05 pm vs Mia
Aug 31,Laki Tasi,42457,Ten,DT,NA,W (Sep 30),Deactivated,Sun 1:00 pm @ Bal
Aug 31,JJ Roberts,42442,TB,S,NA,W (Sep 30),Deactivated,Sun 1:00 pm vs GB
Aug 31,Juice Wells Jr.,42444,Atl,WR,NA,W (Sep 30),Deactivated,Mon 8:15 pm @ NO
Aug 31,Jacoby Jones,42436,Was,WR,NA,W (Sep 30),Deactivated,Sun 9:30 am vs Ind
Aug 31,Jared Harrison-Hunte,42410,Ari,DE,NA,W (Sep 30),Deactivated,Sun 1:00 pm @ NYG
Aug 31,Sebastian Valdez,42383,SF,DT,NA,W (Sep 30),Deactivated,Sun 4:25 pm vs Den
Aug 31,Cam Horsley,42370,Ari,DT,NA,W (Sep 30),Deactivated,Sun 1:00 pm @ NYG
Aug 31,Marquise Robinson,42338,Bal,CB,NA,W (Sep 30),Deactivated,Sun 1:00 pm vs Ten
Aug 31,Jayson Jones,42324,TB,DT,NA,W (Sep 30),Deactivated,Sun 1:00 pm vs GB
Aug 31,Josh Minkins,42288,Ari,S,NA,W (Sep 30),Deactivated,Sun 1:00 pm @ NYG
Aug 31,Cam Riley,42282,Mia,LB,NA,W (Sep 30),Deactivated,Sun 4:05 pm @ Min
Aug 31,Tre Stewart,42271,Ari,RB,NA,W (Sep 30),Deactivated,Sun 1:00 pm @ NYG
Aug 31,Corey Thornton,42264,Car,CB,NA,W (Sep 30),Deactivated,Sun 8:20 pm vs Det
Aug 31,Jamon Johnson,42239,Bal,LB,NA,W (Sep 30),Deactivated,Sun 1:00 pm vs Ten
Aug 31,Anthony Tyus III,42235,Car,RB,NA,W (Sep 30),Deactivated,Sun 8:20 pm vs Det
Aug 31,Cobee Bryant,42193,Atl,CB,NA,W (Sep 30),Deactivated,Mon 8:15 pm @ NO
Aug 31,Beaux Collins,42194,Atl,WR,IR-R,W (Sep 30),Deactivated,Mon 8:15 pm @ NO
Aug 31,Nate Carter,42196,KC,RB,NA,W (Sep 30),Deactivated,Sun 4:25 pm @ LV
Aug 31,Nick Nash,42185,Was,WR,NA,W (Sep 30),Deactivated,Sun 9:30 am vs Ind
Aug 31,Rivaldo Fairweather,42153,Ari,TE,NA,W (Sep 30),Deactivated,Sun 1:00 pm @ NYG
Aug 31,Car'lin Vigers,42148,Pit,CB,NA,W (Sep 30),Deactivated,Thu 8:15 pm @ Cle
Aug 31,Robert McDaniel,42149,TB,S,NA,W (Sep 30),Deactivated,Sun 1:00 pm vs GB
Aug 31,Garrett Greene,42091,TB,WR,NA,W (Sep 30),Deactivated,Sun 1:00 pm vs GB
Aug 31,Josh Williams,42086,TB,RB,NA,W (Sep 30),Deactivated,Sun 1:00 pm vs GB
Aug 31,Courtney Jackson,42071,Ten,WR,NA,W (Sep 30),Deactivated,Sun 1:00 pm @ Bal
Aug 31,Keonta Jenkins,42066,Buf,LB,NA,W (Sep 30),Deactivated,Sun 1:00 pm vs NE
Aug 31,Stephen Gosnell,42062,Buf,WR,NA,W (Sep 30),Deactivated,Sun 1:00 pm vs NE
Aug 31,Jakob Robinson,42056,Ten,CB,NA,W (Sep 30),Deactivated,Sun 1:00 pm @ Bal
Aug 31,Robert Longerbeam,41998,Atl,CB,,W (Sep 30),Deactivated,Mon 8:15 pm @ NO
Aug 31,Bilhal Kone,41992,Bal,CB,IR-R,W (Sep 30),Deactivated,Sun 1:00 pm vs Ten
Aug 31,Kalel Mullings,41986,Ten,RB,NA,W (Sep 30),Deactivated,Sun 1:00 pm @ Bal
Aug 31,Cam Miller,41964,Mia,QB,NA,W (Sep 30),Deactivated,Sun 4:05 pm @ Min
Aug 31,Jarquez Hunter,41919,Mia,RB,NA,W (Sep 30),Deactivated,Sun 4:05 pm @ Min
Aug 31,Elliott Brown,41774,Ari,LB,NA,W (Sep 30),Deactivated,Sun 1:00 pm @ NYG
Aug 31,T.J. Maguranyanga,41783,Was,"DL,LB,DE",NA,W (Sep 30),Deactivated,Sun 9:30 am vs Ind
Aug 31,Te'Cory Couch,41681,Buf,CB,NA,W (Sep 30),Deactivated,Sun 1:00 pm vs NE
Aug 31,Curtis Jacobs,41465,Was,LB,NA,W (Sep 30),Deactivated,Sun 9:30 am vs Ind
Aug 31,Jimmy Ciarlo,41355,Ten,LB,NA,W (Sep 30),Deactivated,Sun 1:00 pm @ Bal
Aug 31,Carl Jones Jr.,41329,Bal,LB,,W (Sep 30),Deactivated,Sun 1:00 pm vs Ten
Aug 31,Ian Wheeler,41322,Buf,RB,NA,W (Sep 30),Deactivated,Sun 1:00 pm vs NE
Aug 31,Dayton Wade,41262,Bal,WR,NA,W (Sep 30),Deactivated,Sun 1:00 pm vs Ten
Aug 31,Bryce Oliver,41251,Hou,WR,NA,W (Sep 30),Deactivated,Sun 1:00 pm vs Dal
Aug 31,Kalen King,41129,Ari,CB,,W (Sep 30),Deactivated,Sun 1:00 pm @ NYG
Aug 31,Devin Culp,41120,TB,TE,NA,W (Sep 30),Deactivated,Sun 1:00 pm vs GB
Aug 31,Cornelius Johnson,41099,Bal,WR,NA,W (Sep 30),Deactivated,Sun 1:00 pm vs Ten
Aug 31,Elijah Jones,40960,NYG,"DB,CB",NA,W (Sep 30),Deactivated,Sun 1:00 pm vs Ari
Aug 31,Bralen Trice,40955,Atl,"LB,DE",NA,W (Sep 30),Deactivated,Mon 8:15 pm @ NO
Aug 31,Adisa Isaac,40951,Bal,"LB,DE",NA,W (Sep 30),Deactivated,Sun 1:00 pm vs Ten
Aug 31,Dylan Drummond,40737,Atl,WR,NA,W (Sep 30),Deactivated,Mon 8:15 pm @ NO
Aug 31,Starling Thomas V,40593,Ari,CB,,W (Sep 30),Deactivated,Sun 1:00 pm @ NYG
Aug 31,Dyontae Johnson,40536,Ten,LB,NA,W (Sep 30),Deactivated,Sun 1:00 pm @ Bal
Aug 31,Keshawn Banks,40446,Atl,LB,NA,W (Sep 30),Deactivated,Mon 8:15 pm @ NO
Aug 31,Kendell Brooks,40426,Ten,S,IR,W (Sep 30),Deactivated,Sun 1:00 pm @ Bal
Aug 31,Quindell Johnson,40386,Was,S,NA,W (Sep 30),Deactivated,Sun 9:30 am vs Ind
Aug 31,Joel Wilson,40346,Ten,TE,NA,W (Sep 30),Deactivated,Sun 1:00 pm @ Bal
Aug 31,Andre Jones Jr.,40247,Mia,"LB,DE",,W (Sep 30),Deactivated,Sun 4:05 pm @ Min
Aug 31,Darius Rush,40170,Pit,CB,NA,W (Sep 30),Deactivated,Thu 8:15 pm @ Cle
Aug 31,Evan Hull,40169,Ari,RB,NA,W (Sep 30),Deactivated,Sun 1:00 pm @ NYG
Aug 31,Brodric Martin-Rhodes,40122,Ari,"DL,DT",NA,W (Sep 30),Deactivated,Sun 1:00 pm @ NYG
Aug 31,Hendon Hooker,40096,Ten,QB,NA,W (Sep 30),Deactivated,Sun 1:00 pm @ Bal
Aug 31,D.J. Johnson,40092,Was,LB,NA,W (Sep 30),Deactivated,Sun 9:30 am vs Ind
Aug 31,BJ Ojulari,40088,Jax,"LB,DE",NA,W (Sep 30),Deactivated,Sun 1:00 pm @ Cin
Aug 31,Lance McCutcheon,34330,Ten,WR,NA,W (Sep 30),Deactivated,Sun 1:00 pm @ Bal
Aug 31,Tyler Goodson,34261,Dal,RB,,W (Sep 30),Deactivated,Sun 1:00 pm @ Hou
Aug 31,Timmy Horne,34289,Ten,DT,NA,W (Sep 30),Deactivated,Sun 1:00 pm @ Bal
Aug 31,Cameron Goode,34180,Mia,"LB,DE",NA,W (Sep 30),Deactivated,Sun 4:05 pm @ Min
Aug 31,Teagan Quitoriano,34126,Ari,TE,NA,W (Sep 30),Deactivated,Sun 1:00 pm @ NYG
Aug 31,Zach Carter,34051,Ari,DT,IR-R,W (Sep 30),Deactivated,Sun 1:00 pm @ NYG
Aug 31,Marlon Tuipulotu,33577,Atl,DT,NA,W (Sep 30),Deactivated,Mon 8:15 pm @ NO
Aug 31,Ihmir Smith-Marsette,33545,Car,WR,NA,W (Sep 30),Deactivated,Sun 8:20 pm vs Det
Aug 31,Michael Carter,33495,Ten,RB,,W (Sep 30),Deactivated,Sun 1:00 pm @ Bal
Aug 31,Azeez Ojulari,33438,LV,LB,NA,W (Sep 30),Deactivated,Sun 4:25 pm vs KC
Aug 31,Mason Kinsey,33351,Ten,WR,NA,W (Sep 30),Deactivated,Sun 1:00 pm @ Bal
Aug 31,Lawrence Cager,33329,Was,TE,NA,W (Sep 30),Deactivated,Sun 9:30 am vs Ind
Aug 31,Jonah Williams,33263,NO,DE,NA,W (Sep 30),Deactivated,Mon 8:15 pm vs Atl
Aug 31,Chris Williams,33220,Cle,DT,NA,W (Sep 30),Deactivated,Thu 8:15 pm vs Pit
Aug 31,Darnay Holmes,32780,Atl,CB,NA,W (Sep 30),Deactivated,Mon 8:15 pm @ NO
Aug 31,Byron Cowart,31991,Was,DT,NA,W (Sep 30),Deactivated,Sun 9:30 am vs Ind
Aug 31,Amani Oruwariye,31978,Bal,"DB,CB",NA,W (Sep 30),Deactivated,Sun 1:00 pm vs Ten
Aug 31,Trent Sherfield,31320,Buf,WR,NA,W (Sep 30),Deactivated,Sun 1:00 pm vs NE
Aug 31,Tanoh Kpassagnon,30172,Ten,DE,IR,W (Sep 30),Deactivated,Sun 1:00 pm @ Bal
Aug 31,Devin Grant,42923,LAC,S,NA,W (Sep 30),Deactivated,Sun 4:25 pm @ Sea
Aug 31,Jaret Patterson,33706,Min,RB,NA,W (Sep 30),Deactivated,Sun 4:05 pm vs Mia
Aug 31,Amari McNeill,43260,KC,DT,NA,W (Sep 30),Deactivated,Sun 4:25 pm @ LV
Aug 31,Omari Evans,43261,KC,WR,NA,W (Sep 30),Deactivated,Sun 4:25 pm @ LV
Aug 31,Damon Payne,43262,KC,DT,NA,W (Sep 30),Deactivated,Sun 4:25 pm @ LV
Aug 31,Cole Brevard,43257,KC,DT,NA,W (Sep 30),Deactivated,Sun 4:25 pm @ LV
Aug 31,Jacob De Jesus,43258,KC,WR,NA,W (Sep 30),Deactivated,Sun 4:25 pm @ LV
Aug 31,Ethan Hurkett,43120,KC,DE,NA,W (Sep 30),Deactivated,Sun 4:25 pm @ LV
Aug 31,EJ Smith,43115,KC,RB,NA,W (Sep 30),Deactivated,Sun 4:25 pm @ LV
Aug 31,Vincent Anthony Jr.,43117,SF,DE,NA,W (Sep 30),Deactivated,Sun 4:25 pm vs Den
Aug 31,Erick Hunter,43081,NE,LB,,W (Sep 30),Deactivated,Sun 1:00 pm @ Buf
Aug 31,Lander Barton,42933,LAC,LB,NA,W (Sep 30),Deactivated,Sun 4:25 pm @ Sea
Aug 31,Niles King,42924,KC,"LB,DE",NA,W (Sep 30),Deactivated,Sun 4:25 pm @ LV
Aug 31,Sincere Brown,42925,LAC,WR,NA,W (Sep 30),Deactivated,Sun 4:25 pm @ Sea
Aug 31,Jaydn Ott,42895,KC,RB,NA,W (Sep 30),Deactivated,Sun 4:25 pm @ LV
Aug 31,Thomas Gordon,42571,Det,TE,NA,W (Sep 30),Deactivated,Sun 8:20 pm @ Car
Aug 31,Dalevon Campbell,42519,LAC,WR,NA,W (Sep 30),Deactivated,Sun 4:25 pm @ Sea
Aug 31,Kam Arnold,42495,KC,LB,NA,W (Sep 30),Deactivated,Sun 4:25 pm @ LV
Aug 31,Jimmy Holiday,42490,KC,WR,IR,W (Sep 30),Deactivated,Sun 4:25 pm @ LV
Aug 31,Melvin Smith Jr.,42431,KC,CB,NA,W (Sep 30),Deactivated,Sun 4:25 pm @ LV
Aug 31,Zach Horton,42420,Det,TE,NA,W (Sep 30),Deactivated,Sun 8:20 pm @ Car
Aug 31,Andrew Armstrong,42162,KC,WR,NA,W (Sep 30),Deactivated,Sun 4:25 pm @ LV
Aug 31,Dominic Lovett,42043,Det,WR,NA,W (Sep 30),Deactivated,Sun 8:20 pm @ Car
Aug 31,Dan Jackson,42014,Det,S,NA,W (Sep 30),Deactivated,Sun 8:20 pm @ Car
Aug 31,Savion Williams,41851,GB,WR,IR-R,W (Sep 30),Deactivated,Sun 1:00 pm @ TB
Aug 31,Trey Amos,41846,Was,CB,IR-R,W (Sep 30),Deactivated,Sun 9:30 am vs Ind
Aug 31,Frank Gore Jr.,41243,Buf,RB,NA,W (Sep 30),Deactivated,Sun 1:00 pm vs NE
Aug 31,Jawhar Jordan,41064,Hou,RB,NA,W (Sep 30),Deactivated,Sun 1:00 pm vs Dal
Aug 31,Tanner McCalister,40599,KC,S,NA,W (Sep 30),Deactivated,Sun 4:25 pm @ LV
Aug 31,Chris Smith,40589,Det,"DL,DT",NA,W (Sep 30),Deactivated,Sun 8:20 pm @ Car
Aug 31,Cam Jones,40557,KC,LB,NA,W (Sep 30),Deactivated,Sun 4:25 pm @ LV
Aug 31,Jason Brownlee,40545,KC,WR,NA,W (Sep 30),Deactivated,Sun 4:25 pm @ LV
Aug 31,Nick Whiteside,40415,Det,CB,NA,W (Sep 30),Deactivated,Sun 8:20 pm @ Car
Aug 31,Emari Demercado,40430,Dal,RB,,W (Sep 30),Deactivated,Sun 1:00 pm @ Hou
Aug 31,Scott Matlock,40225,LAC,RB,IR-R,W (Sep 30),Deactivated,Sun 4:25 pm @ Sea
Aug 31,Kader Kohou,34529,KC,CB,NA,W (Sep 30),Deactivated,Sun 4:25 pm @ LV
Aug 31,Chris Oladokun,34197,KC,QB,NA,W (Sep 30),Deactivated,Sun 4:25 pm @ LV
Aug 31,Dominique Robinson,34130,Hou,DE,,W (Sep 30),Deactivated,Sun 1:00 pm vs Dal
Aug 31,Tyreke Smith,34114,KC,DE,NA,W (Sep 30),Deactivated,Sun 4:25 pm @ LV
Aug 31,Myles Adams,33131,Det,"DT,DE",NA,W (Sep 30),Deactivated,Sun 8:20 pm @ Car
Aug 31,Cole Christiansen,32977,KC,LB,NA,W (Sep 30),Deactivated,Sun 4:25 pm @ LV
Aug 31,Tom Kennedy,32561,Det,WR,,W (Sep 30),Deactivated,Sun 8:20 pm @ Car
Aug 31,Tyler Conklin,31127,Det,TE,,W (Sep 30),Deactivated,Sun 8:20 pm @ Car
Aug 31,Christian Kirk,31017,SF,WR,IR-R,W (Sep 30),Deactivated,Sun 4:25 pm vs Den
Aug 31,Jeremy McNichols,30275,Was,RB,IR-R,W (Sep 30),Deactivated,Sun 9:30 am vs Ind
Aug 30,Dean Connors,43140,LAR,RB,NA,W (Sep 30),Deactivated,Sun 1:00 pm @ Phi
Aug 30,Tommy Dunn,43072,Dal,DT,NA,W (Sep 30),Deactivated,Sun 1:00 pm @ Hou
Aug 30,Lance Mason,43012,Pit,TE,NA,W (Sep 30),Deactivated,Thu 8:15 pm @ Cle
Aug 30,Khalil Dinkins,42972,SF,TE,NA,W (Sep 30),Deactivated,Sun 4:25 pm vs Den
Aug 30,Noah Avinger,42929,LAC,S,NA,W (Sep 30),Deactivated,Sun 4:25 pm @ Sea
Aug 30,Gregory Desrosiers,42922,LAC,RB,NA,W (Sep 30),Deactivated,Sun 4:25 pm @ Sea
Aug 30,Keydrain Calligan,42540,Ten,CB,NA,W (Sep 30),Deactivated,Sun 1:00 pm @ Bal
Aug 30,Luke Floriea,42507,Cle,WR,NA,W (Sep 30),Deactivated,Thu 8:15 pm vs Pit
Aug 30,Gage Larvadain,42417,Bal,WR,NA,W (Sep 30),Deactivated,Sun 1:00 pm vs Ten
Aug 30,Tyler Batty,42181,Min,"LB,DE",IR,W (Sep 30),Deactivated,Sun 4:05 pm vs Mia
Aug 30,Josh Kelly,42150,Hou,WR,NA,W (Sep 30),Deactivated,Sun 1:00 pm vs Dal
Aug 30,Garmon Randolph,42143,Cin,LB,NA,W (Sep 30),Deactivated,Sun 1:00 pm vs Jax
Aug 30,Ulysses Bentley IV,42126,Ind,RB,NA,W (Sep 30),Deactivated,Sun 9:30 am @ Was
Aug 30,Ahmani Marshall,42092,Car,RB,NA,W (Sep 30),Deactivated,Sun 8:20 pm vs Det
Aug 30,DJ Uiagalelei,42079,LAC,QB,,W (Sep 30),Deactivated,Sun 4:25 pm @ Sea
Aug 30,Howard Cross III,42051,Cin,DT,NA,W (Sep 30),Deactivated,Sun 1:00 pm vs Jax
Aug 30,JP Richardson,42047,Chi,WR,NA,W (Sep 30),Deactivated,Sun 1:00 pm vs NYJ
Aug 30,Phil Mafah,42018,NYG,RB,NA,W (Sep 30),Deactivated,Sun 1:00 pm vs Ari
Aug 30,Kyonte Hamilton,42011,Hou,DT,NA,W (Sep 30),Deactivated,Sun 1:00 pm vs Dal
Aug 30,Jay Toia,42003,Ari,DT,NA,W (Sep 30),Deactivated,Sun 1:00 pm @ NYG
Aug 30,Jaydon Blue,41935,Phi,RB,NA,W (Sep 30),Deactivated,Sun 1:00 pm vs LAR
Aug 30,Kyle Kennard,41890,LAC,"LB,DE",NA,W (Sep 30),Deactivated,Sun 4:25 pm @ Sea
Aug 30,Dillon Gabriel,41861,Cle,QB,IR-R,W (Sep 30),Deactivated,Thu 8:15 pm vs Pit
Aug 30,Elijah Chatman,41634,Cle,DT,IR,W (Sep 30),Deactivated,Thu 8:15 pm vs Pit
Aug 30,Cam Lampkin,41527,LAR,CB,NA,W (Sep 30),Deactivated,Sun 1:00 pm @ Phi
Aug 30,Kedon Slovis,41476,GB,QB,NA,W (Sep 30),Deactivated,Sun 1:00 pm @ TB
Aug 30,Anthony Goodlow,41448,Car,DE,NA,W (Sep 30),Deactivated,Sun 8:20 pm vs Det
Aug 30,Reddy Steward,41330,Dal,CB,NA,W (Sep 30),Deactivated,Sun 1:00 pm @ Hou
Aug 30,Sam Hartman,41238,Was,QB,NA,W (Sep 30),Deactivated,Sun 9:30 am vs Ind
Aug 30,Daijahn Anthony,41114,Cin,S,NA,W (Sep 30),Deactivated,Sun 1:00 pm vs Jax
Aug 30,Nathaniel Watson,41068,Cle,LB,O,W (Sep 30),Deactivated,Thu 8:15 pm vs Pit
Aug 30,Jamal Hill,41063,Hou,LB,,W (Sep 30),Deactivated,Sun 1:00 pm vs Dal
Aug 30,Edefuan Ulofoshio,41036,Cle,LB,IR,W (Sep 30),Deactivated,Thu 8:15 pm vs Pit
Aug 30,Mohamed Kamara,41029,TB,"DL,LB,DE",IR,W (Sep 30),Deactivated,Sun 1:00 pm vs GB
Aug 30,McKinnley Jackson,40949,SF,"DL,DT",NA,W (Sep 30),Deactivated,Sun 4:25 pm vs Den
Aug 30,Junior Colson,40941,LAC,LB,NA,W (Sep 30),Deactivated,Sun 4:25 pm @ Sea
Aug 30,Chris Braswell,40924,Hou,LB,NA,W (Sep 30),Deactivated,Sun 1:00 pm vs Dal
Aug 30,Kaevon Merriweather,40684,Jax,S,NA,W (Sep 30),Deactivated,Sun 1:00 pm @ Cin
Aug 30,Blake Grupe,40296,NYJ,K,,W (Sep 30),Deactivated,Sun 1:00 pm @ Chi
Aug 30,Owen Pappoe,40200,Ten,LB,NA,W (Sep 30),Deactivated,Sun 1:00 pm @ Bal
Aug 30,Charlie Jones,40158,NYG,WR,NA,W (Sep 30),Deactivated,Sun 1:00 pm vs Ari
Aug 30,Jake Haener,40144,NYG,QB,NA,W (Sep 30),Deactivated,Sun 1:00 pm vs Ari
Aug 30,Tyler Scott,40141,LV,WR,NA,W (Sep 30),Deactivated,Sun 4:25 pm vs KC
Aug 30,Colby Wooden,40132,NO,DT,,W (Sep 30),Deactivated,Mon 8:15 pm vs Atl
Aug 30,Jalin Hyatt,40128,NYG,WR,NA,W (Sep 30),Deactivated,Sun 1:00 pm vs Ari
Aug 30,Zacch Pickens,40111,Atl,"DL,DT",NA,W (Sep 30),Deactivated,Mon 8:15 pm @ NO
Aug 30,Tank Dell,40097,Hou,WR,IR-R,W (Sep 30),Deactivated,Sun 1:00 pm vs Dal
Aug 30,Will Levis,40068,NYJ,QB,NA,W (Sep 30),Deactivated,Sun 1:00 pm @ Chi
Aug 30,Ja'Marcus Ingram,34684,Hou,"S,CB",IR-R,W (Sep 30),Deactivated,Sun 1:00 pm vs Dal
Aug 30,D'Anthony Bell,34475,Sea,S,NA,W (Sep 30),Deactivated,Sun 4:25 pm vs LAC
Aug 30,Josh Ross,34404,Min,LB,NA,W (Sep 30),Deactivated,Sun 4:05 pm vs Mia
Aug 30,Jesse Luketa,34212,NE,LB,NA,W (Sep 30),Deactivated,Sun 1:00 pm @ Buf
Aug 30,Russ Yeast,34209,Cin,S,NA,W (Sep 30),Deactivated,Sun 1:00 pm vs Jax
Aug 30,Esezi Otomewo,34121,Pit,"DL,DT,DE",NA,W (Sep 30),Deactivated,Thu 8:15 pm @ Cle
Aug 30,Damarion Williams,34097,TB,CB,NA,W (Sep 30),Deactivated,Sun 1:00 pm vs GB
Aug 30,Dameon Pierce,34063,Phi,RB,NA,W (Sep 30),Deactivated,Sun 1:00 pm vs LAR
Aug 30,Kaiir Elam,33978,LAC,CB,NA,W (Sep 30),Deactivated,Sun 4:25 pm @ Sea
Aug 30,Sam Kamara,33908,Cle,"DT,DE",NA,W (Sep 30),Deactivated,Thu 8:15 pm vs Pit
Aug 30,Malik Herring,33882,Mia,DE,,W (Sep 30),Deactivated,Sun 4:05 pm @ Min
Aug 30,Naquan Jones,33833,SF,DT,,W (Sep 30),Deactivated,Sun 4:25 pm vs Den
Aug 30,Jack Heflin,33755,NYJ,"DT,DE",,W (Sep 30),Deactivated,Sun 1:00 pm @ Chi
Aug 30,Jonathon Cooper,33627,Den,"LB,DE",CEL,W (Sep 30),Deactivated,Sun 4:25 pm @ SF
Aug 30,Cameron McGrone,33565,LV,LB,NA,W (Sep 30),Deactivated,Sun 4:25 pm vs KC
Aug 30,Brevin Jordan,33535,Hou,TE,,W (Sep 30),Deactivated,Sun 1:00 pm vs Dal
Aug 30,K.J. Osborn,32846,Ten,WR,NA,W (Sep 30),Deactivated,Sun 1:00 pm @ Bal
Aug 30,A. Okwuegbunam Jr.,32788,LV,TE,NA,W (Sep 30),Deactivated,Sun 4:25 pm vs KC
Aug 30,Malik Harrison,32768,NYG,LB,NA,W (Sep 30),Deactivated,Sun 1:00 pm vs Ari
Aug 30,Terrell Burgess,32774,Ten,S,,W (Sep 30),Deactivated,Sun 1:00 pm @ Bal
Aug 30,Van Jefferson,32727,Was,WR,NA,W (Sep 30),Deactivated,Sun 9:30 am vs Ind
Aug 30,Shy Tuttle,32497,Was,DT,,W (Sep 30),Deactivated,Sun 9:30 am vs Ind
Aug 30,Greg Dortch,32523,Buf,WR,,W (Sep 30),Deactivated,Sun 1:00 pm vs NE
Aug 30,D'Angelo Ross,32223,Cle,CB,NA,W (Sep 30),Deactivated,Thu 8:15 pm vs Pit
Aug 30,Sean Murphy-Bunting,31871,TB,CB,NA,W (Sep 30),Deactivated,Sun 1:00 pm vs GB
Aug 30,Josh Jacobs,31856,GB,RB,CEL,W (Sep 30),Deactivated,Sun 1:00 pm @ TB
Aug 30,Justin Watson,31114,Hou,WR,NA,W (Sep 30),Deactivated,Sun 1:00 pm vs Dal
Aug 30,James Conner,30218,Ari,RB,IR-R,W (Sep 30),Deactivated,Sun 1:00 pm @ NYG
Aug 30,Tony Jefferson,27081,LAC,S,,W (Sep 30),Deactivated,Sun 4:25 pm @ Sea
Aug 30,D. Perkins-McAllister,43264,KC,CB,NA,W (Sep 30),Deactivated,Sun 4:25 pm @ LV
Aug 30,Joey Aguilar,42903,Jax,QB,NA,W (Sep 30),Deactivated,Sun 1:00 pm @ Cin
Aug 30,Tre Watson,42430,Mia,TE,NA,W (Sep 30),Deactivated,Sun 4:05 pm @ Min
Aug 30,Bralyn Lux,42393,Cin,CB,NA,W (Sep 30),Deactivated,Sun 1:00 pm vs Jax
Aug 30,Isaiah Neyor,42385,GB,WR,NA,W (Sep 30),Deactivated,Sun 1:00 pm @ TB
Aug 30,Jordan Clark,42227,NYJ,S,NA,W (Sep 30),Deactivated,Sun 1:00 pm @ Chi
Aug 30,Jabbar Muhammad,42221,Jax,CB,NA,W (Sep 30),Deactivated,Sun 1:00 pm @ Cin
Aug 30,Bradyn Swinson,41932,Pit,"LB,DE",NA,W (Sep 30),Deactivated,Thu 8:15 pm @ Cle
Aug 30,Brandon Codrington,41579,SF,CB,NA,W (Sep 30),Deactivated,Sun 4:25 pm vs Den
Aug 30,Ben Nikkel,41221,Ind,S,NA,W (Sep 30),Deactivated,Sun 9:30 am @ Was
Aug 30,Michael Barrett,41121,Bal,LB,NA,W (Sep 30),Deactivated,Sun 1:00 pm vs Ten
Aug 30,Solomon Byrd,41110,Hou,DE,IR,W (Sep 30),Deactivated,Sun 1:00 pm vs Dal
Aug 30,David Agoha,40482,Den,DE,NA,W (Sep 30),Activated,Sun 4:25 pm @ SF
Aug 30,Mitchell Tinsley,40313,Cin,WR,,W (Sep 30),Deactivated,Sun 1:00 pm vs Jax
Aug 30,Shane Buechele,33879,Buf,QB,NA,W (Sep 30),Deactivated,Sun 1:00 pm vs NE
Aug 30,Marco Wilson,33524,Mia,CB,NA,W (Sep 30),Deactivated,Sun 4:05 pm @ Min
Aug 30,Terrace Marshall Jr.,33447,Mia,WR,NA,W (Sep 30),Deactivated,Sun 4:05 pm @ Min
Aug 30,Geno Stone,32889,Buf,S,NA,W (Sep 30),Deactivated,Sun 1:00 pm vs NE
Aug 30,Larrell Murchison,32844,LAR,"DT,DE",NA,W (Sep 30),Deactivated,Sun 1:00 pm @ Phi
Aug 30,Craig Reynolds,32596,Was,RB,NA,W (Sep 30),Deactivated,Sun 9:30 am vs Ind
Aug 30,Tyrel Dodson,32411,Car,LB,,W (Sep 30),Deactivated,Sun 8:20 pm vs Det
Aug 30,Jake Browning,32138,TB,QB,NA,W (Sep 30),Deactivated,Sun 1:00 pm vs GB
Aug 30,Lonnie Johnson Jr.,31886,Mia,"S,CB",NA,W (Sep 30),Deactivated,Sun 4:05 pm @ Min
Aug 30,Nick Mullens,30563,Jax,QB,NA,W (Sep 30),Deactivated,Sun 1:00 pm @ Cin
Aug 30,Josh Johnson,8937,Cin,QB,NA,W (Sep 30),Deactivated,Sun 1:00 pm vs Jax
Aug 30,Seth Coleman-Lyles,42450,Mia,DE,NA,W (Sep 30),Deactivated,Sun 4:05 pm @ Min
Aug 30,Bailey Zappe,34093,NYJ,QB,NA,W (Sep 30),Deactivated,Sun 1:00 pm @ Chi
Aug 30,Monty Rice,33480,LAR,LB,NA,W (Sep 30),Deactivated,Sun 1:00 pm @ Phi
Aug 30,Denzel Mims,32729,Dal,WR,NA,W (Sep 30),Deactivated,Sun 1:00 pm @ Hou
Aug 30,Damon Bankston,43354,GB,RB,NA,W (Sep 30),Deactivated,Sun 1:00 pm @ TB
Aug 30,Levi Wentz,43241,Pit,WR,NA,W (Sep 30),Deactivated,Thu 8:15 pm @ Cle
Aug 30,Jacob Clark,43128,LV,QB,NA,W (Sep 30),Deactivated,Sun 4:25 pm vs KC
Aug 30,Elliott Davison,42346,NE,S,NA,W (Sep 30),Deactivated,Sun 1:00 pm @ Buf
Aug 30,Dalys Beanum,42344,NO,CB,NA,W (Sep 30),Deactivated,Mon 8:15 pm vs Atl
Aug 30,Bub Means,41045,Cle,WR,NA,W (Sep 30),Deactivated,Thu 8:15 pm vs Pit
Aug 30,Ronnie Bell,40279,LV,WR,NA,W (Sep 30),Deactivated,Sun 4:25 pm vs KC
Aug 30,Tre Hawkins III,40228,Min,CB,NA,W (Sep 30),Deactivated,Sun 4:05 pm vs Mia
Aug 30,Mazi Smith,40044,Mia,DT,NA,W (Sep 30),Deactivated,Sun 4:05 pm @ Min
Aug 30,Zaire Mitchell-Paden,34489,Hou,TE,NA,W (Sep 30),Deactivated,Sun 1:00 pm vs Dal
Aug 30,Channing Tindall,34058,Atl,LB,NA,W (Sep 30),Deactivated,Mon 8:15 pm @ NO
Aug 30,Jonathan Ward,33088,Bal,RB,NA,W (Sep 30),Deactivated,Sun 1:00 pm vs Ten
Aug 30,Isaiah Hodgins,32877,Pit,WR,NA,W (Sep 30),Deactivated,Thu 8:15 pm @ Cle
Aug 30,Leki Fotu,32784,NYG,DT,NA,W (Sep 30),Deactivated,Sun 1:00 pm vs Ari
Aug 29,Keelan Marion,43377,Atl,WR,NA,W (Sep 30),Deactivated,Mon 8:15 pm @ NO
Aug 29,Jordan Dunbar,43335,Buf,CB,NA,W (Sep 30),Deactivated,Sun 1:00 pm vs NE
Aug 29,Patrick Gurd,43272,LV,TE,NA,W (Sep 30),Deactivated,Sun 4:25 pm vs KC
Aug 29,Dan Villari,43138,LAR,TE,NA,W (Sep 30),Deactivated,Sun 1:00 pm @ Phi
Aug 29,Rohan Jones,43139,LAR,TE,NA,W (Sep 30),Deactivated,Sun 1:00 pm @ Phi
Aug 29,Wesley Bissainthe,43118,KC,LB,NA,W (Sep 30),Deactivated,Sun 4:25 pm @ LV
Aug 29,Ethan Conner,42965,Mia,TE,NA,W (Sep 30),Deactivated,Sun 4:05 pm @ Min
Aug 29,Matthew Caldwell,42901,LAR,QB,IR,W (Sep 30),Deactivated,Sun 1:00 pm @ Phi
Aug 29,Wande Owens,42412,Buf,S,NA,W (Sep 30),Deactivated,Sun 1:00 pm vs NE
Aug 29,Nate Valcarcel,42328,LAR,S,NA,W (Sep 30),Deactivated,Sun 1:00 pm @ Phi
Aug 29,Tru Edwards,42316,LAR,WR,NA,W (Sep 30),Deactivated,Sun 1:00 pm @ Phi
Aug 29,Roc Taylor,42279,Car,WR,NA,W (Sep 30),Deactivated,Sun 8:20 pm vs Det
Aug 29,Caden Prieskorn,42243,Car,TE,NA,W (Sep 30),Deactivated,Sun 8:20 pm vs Det
Aug 29,Donovan Edwards,42226,Mia,RB,NA,W (Sep 30),Deactivated,Sun 4:05 pm @ Min
Aug 29,Quentin Skinner,42223,Buf,WR,NA,W (Sep 30),Deactivated,Sun 1:00 pm vs NE
Aug 29,Joshua Simon,42186,Atl,TE,NA,W (Sep 30),Deactivated,Mon 8:15 pm @ NO
Aug 29,Alex Huntley,42174,Mia,DT,NA,W (Sep 30),Deactivated,Sun 4:05 pm @ Min
Aug 29,Theo Wease Jr.,42161,LAC,WR,NA,W (Sep 30),Deactivated,Sun 4:25 pm @ Sea
Aug 29,D.J. Miller,41557,Buf,CB,NA,W (Sep 30),Deactivated,Sun 1:00 pm vs NE
Aug 29,Carson Steele,41464,Phi,RB,NA,W (Sep 30),Deactivated,Sun 1:00 pm vs LAR
Aug 29,Austin Reed,41220,Bal,QB,NA,W (Sep 30),Deactivated,Sun 1:00 pm vs Ten
Aug 29,Zion Logue,41073,Cle,"DL,DT",NA,W (Sep 30),Deactivated,Thu 8:15 pm vs Pit
Aug 29,Otis Reese IV,40708,Buf,LB,NA,W (Sep 30),Deactivated,Sun 1:00 pm vs NE
Aug 29,Keidron Smith,40654,Chi,"DB,CB",NA,W (Sep 30),Deactivated,Sun 1:00 pm vs NYJ
Aug 29,Owen Wright,40639,Hou,RB,NA,W (Sep 30),Deactivated,Sun 1:00 pm vs Dal
Aug 29,Elijah Cooks,40374,Car,WR,NA,W (Sep 30),Deactivated,Sun 8:20 pm vs Det
Aug 29,Adrian Martinez,40299,SF,QB,NA,W (Sep 30),Deactivated,Sun 4:25 pm vs Den
Aug 29,Deuce Vaughn,40240,Hou,RB,NA,W (Sep 30),Deactivated,Sun 1:00 pm vs Dal
Aug 29,Samori Toure,34214,Phi,WR,NA,W (Sep 30),Deactivated,Sun 1:00 pm vs LAR
Aug 29,Ambry Thomas,33490,Phi,CB,NA,W (Sep 30),Deactivated,Sun 1:00 pm vs LAR
Aug 29,Jamin Davis,33407,Pit,"LB,DE",NA,W (Sep 30),Deactivated,Thu 8:15 pm @ Cle
Aug 29,Nash Hutmacher,42474,TB,DT,NA,W (Sep 30),Deactivated,Sun 1:00 pm vs GB
Aug 29,CJ Dippre,42291,TB,TE,NA,W (Sep 30),Deactivated,Sun 1:00 pm vs GB
Aug 29,John Bullock,42099,TB,LB,NA,W (Sep 30),Deactivated,Sun 1:00 pm vs GB
Aug 29,Connor Bazelak,42084,TB,QB,NA,W (Sep 30),Deactivated,Sun 1:00 pm vs GB
Aug 29,Alex Austin,40286,Mia,CB,NA,W (Sep 30),Deactivated,Sun 4:05 pm @ Min
Aug 29,Mecole Hardman Jr.,31888,Buf,WR,NA,W (Sep 30),Deactivated,Sun 1:00 pm vs NE
Aug 29,Jack Henderson,42411,Pit,S,NA,W (Sep 30),Deactivated,Thu 8:15 pm @ Cle
Aug 29,Jakobie Keeney-James,42246,Pit,WR,NA,W (Sep 30),Deactivated,Thu 8:15 pm @ Cle
Aug 29,Daryl Porter,42064,Pit,CB,NA,W (Sep 30),Deactivated,Thu 8:15 pm @ Cle
Aug 29,Jaheim Bell,41106,Pit,TE,NA,W (Sep 30),Deactivated,Thu 8:15 pm @ Cle
Aug 28,Nate Evans,43350,Cle,CB,NA,W (Sep 30),Deactivated,Thu 8:15 pm vs Pit
Aug 28,Ben Patterson,42949,Cle,WR,NA,W (Sep 30),Deactivated,Thu 8:15 pm vs Pit
Aug 28,Jeremiah McClendon,42945,Cle,CB,NA,W (Sep 30),Deactivated,Thu 8:15 pm vs Pit
Aug 28,Jamil Muhammad,42318,Cle,"LB,DE",NA,W (Sep 30),Deactivated,Thu 8:15 pm vs Pit
Aug 28,Christopher Edmonds,41204,Cle,S,NA,W (Sep 30),Deactivated,Thu 8:15 pm vs Pit
Aug 28,Tre Avery,34449,Cle,CB,NA,W (Sep 30),Deactivated,Thu 8:15 pm vs Pit
Aug 28,Chris Paul Jr.,41958,Sea,LB,NA,W (Sep 30),Deactivated,Sun 4:25 pm vs LAC
Aug 27,Mekhi Blackmon,40103,Cle,CB,,W (Sep 30),Activated,Thu 8:15 pm vs Pit
Aug 27,Calvin Austin III,34094,NYG,WR,IR,W (Sep 30),Deactivated,Sun 1:00 pm vs Ari
Aug 27,Payton Turner,33416,Det,DE,IR,W (Sep 30),Deactivated,Sun 8:20 pm @ Car
Aug 27,Tahj Washington,41104,Mia,WR,NA,W (Sep 30),Activated,Sun 4:05 pm @ Min
Aug 27,Cedric Tillman,40093,NO,WR,NA,W (Sep 30),Deactivated,Mon 8:15 pm vs Atl
Aug 26,Reid Williford,43044,Bal,LB,NA,W (Sep 30),Deactivated,Sun 1:00 pm vs Ten
Aug 26,Mac Dalena,42107,Buf,WR,NA,W (Sep 30),Deactivated,Sun 1:00 pm vs NE
Aug 26,Mekhi Blackmon,40103,Cle,CB,,W (Sep 30),Deactivated,Thu 8:15 pm vs Pit
Aug 26,Dennis Houston,34592,TB,WR,NA,W (Sep 30),Deactivated,Sun 1:00 pm vs GB
Aug 26,Benton Whitley,34332,NE,"LB,DE",NA,W (Sep 30),Deactivated,Sun 1:00 pm @ Buf
Aug 26,Cole Turner,34105,Mia,TE,IR,W (Sep 30),Deactivated,Sun 4:05 pm @ Min
Aug 26,Moliki Matavao,42006,NO,TE,IR,W (Sep 30),Deactivated,Mon 8:15 pm vs Atl
Aug 26,Ty Chandler,34125,NO,RB,IR,W (Sep 30),Deactivated,Mon 8:15 pm vs Atl
Aug 25,Tysheem Johnson,42399,Sea,S,NA,W (Sep 30),Activated,Sun 4:25 pm vs LAC
Aug 25,Joaquin Davis,42072,Pit,WR,NA,W (Sep 30),Deactivated,Thu 8:15 pm @ Cle
Aug 25,Dwight McGlothern Jr.,41210,Min,CB,NA,W (Sep 30),Deactivated,Sun 4:05 pm vs Mia
Aug 25,Tahj Washington,41104,Mia,WR,NA,W (Sep 30),Deactivated,Sun 4:05 pm @ Min
Aug 25,Dominique Hampton,41039,Ten,"LB,S,CB",NA,W (Sep 30),Deactivated,Sun 1:00 pm @ Bal
Aug 25,Ryan Miller,40676,Mia,WR,,W (Sep 30),Activated,Sun 4:05 pm @ Min
Aug 25,Tre Hawkins III,40228,Min,CB,NA,W (Sep 30),Activated,Sun 4:05 pm vs Mia
Aug 25,Dylan Horton,40151,Hou,DE,IR,W (Sep 30),Deactivated,Sun 1:00 pm vs Dal
Aug 25,Nephi Sewell,34716,Chi,LB,IR,W (Sep 30),Deactivated,Sun 1:00 pm vs NYJ
Aug 25,Damone Clark,34132,Det,LB,IR,W (Sep 30),Deactivated,Sun 8:20 pm @ Car
Aug 25,Viliami Fehoko Jr.,40140,SF,DE,,W (Sep 30),Activated,Sun 4:25 pm vs Den
Aug 25,Cade York,34080,NYJ,K,NA,W (Sep 30),Deactivated,Sun 1:00 pm @ Chi
Aug 25,Drake Jackson,34017,Atl,"DL,DE",NA,W (Sep 30),Deactivated,Mon 8:15 pm @ NO
Aug 25,Will Harris,31913,Was,"S,CB",NA,W (Sep 30),Deactivated,Sun 9:30 am vs Ind
Aug 24,Matt Lauter,43130,Min,TE,NA,W (Sep 30),Activated,Sun 4:05 pm vs Mia
Aug 24,Kelvin Gilliam,43075,Dal,DT,IR,W (Sep 30),Deactivated,Sun 1:00 pm @ Hou
Aug 24,Ethan Conner,42965,Mia,TE,NA,W (Sep 30),Activated,Sun 4:05 pm @ Min
Aug 24,Niles King,42924,KC,"LB,DE",NA,W (Sep 30),Activated,Sun 4:25 pm @ LV
Aug 24,Jeff Caldwell,42880,KC,WR,IR,W (Sep 30),Deactivated,Sun 4:25 pm @ LV
Aug 24,Mitch Van Vooren,42547,NE,TE,NA,W (Sep 30),Activated,Sun 1:00 pm @ Buf
Aug 24,Bryson Green,42100,Ari,WR,NA,W (Sep 30),Deactivated,Sun 1:00 pm @ NYG
Aug 24,Baylor Cupp,41556,Ari,TE,NA,W (Sep 30),Deactivated,Sun 1:00 pm @ NYG
Aug 24,Taki Taimani,41218,Min,DT,NA,W (Sep 30),Deactivated,Sun 4:05 pm vs Mia
Aug 24,Xavier Weaver,41202,Ari,WR,NA,W (Sep 30),Deactivated,Sun 1:00 pm @ NYG
Aug 24,Trey Benson,40958,Ari,RB,IR,W (Sep 30),Deactivated,Sun 1:00 pm @ NYG
Aug 24,Rejzohn Wright,40575,NO,"DB,CB",IR,W (Sep 30),Deactivated,Mon 8:15 pm vs Atl
Aug 24,Raheem Blackshear,34617,Det,RB,NA,W (Sep 30),Deactivated,Sun 8:20 pm @ Car
Aug 24,Keir Thomas,34343,LAR,LB,IR,W (Sep 30),Deactivated,Sun 1:00 pm @ Phi
Aug 24,Milo Eifler,33696,Ten,LB,IR,W (Sep 30),Deactivated,Sun 1:00 pm @ Bal
Aug 24,Ja'Quinden Jackson,42214,Phi,RB,NA,W (Sep 30),Deactivated,Sun 1:00 pm vs LAR
Aug 24,Ryan Miller,40676,Mia,WR,,W (Sep 30),Deactivated,Sun 4:05 pm @ Min
Aug 24,Deuce Vaughn,40240,Hou,RB,NA,W (Sep 30),Activated,Sun 1:00 pm vs Dal
Aug 24,Marte Mapu,40105,Hou,"LB,S",NA,W (Sep 30),Deactivated,Sun 1:00 pm vs Dal
Aug 24,J.T. Gray,31411,Phi,"DB,S",NA,W (Sep 30),Deactivated,Sun 1:00 pm vs LAR
Aug 23,Nathan Voorhis,43355,NYJ,DE,NA,W (Sep 30),Deactivated,Sun 1:00 pm @ Chi
Aug 23,Anthony Dunn Jr.,43259,NYJ,DE,NA,W (Sep 30),Activated,Sun 1:00 pm @ Chi
Aug 23,Laith Marjan,43136,Pit,K,NA,W (Sep 30),Deactivated,Thu 8:15 pm @ Cle
Aug 23,Tanner Wall,43134,Mia,S,NA,W (Sep 30),Activated,Sun 4:05 pm @ Min
Aug 23,Dominic Richardson,43034,NYJ,RB,NA,W (Sep 30),Activated,Sun 1:00 pm @ Chi
Aug 23,Devon Marshall,42966,Jax,CB,NA,W (Sep 30),Deactivated,Sun 1:00 pm @ Cin
Aug 23,Dae'Quan Wright,42885,Cle,TE,NA,W (Sep 30),Deactivated,Thu 8:15 pm vs Pit
Aug 23,Alex Wright,34034,Cle,DE,IR,W (Sep 30),Deactivated,Thu 8:15 pm vs Pit
Aug 23,Khalil Dinkins,42972,SF,TE,NA,W (Sep 30),Activated,Sun 4:25 pm vs Den
Aug 23,Chigozie Anusiem,41225,LV,CB,IR,W (Sep 30),Deactivated,Sun 4:25 pm vs KC
Aug 23,Xavier Thomas,41013,SF,"LB,DE",SUSP,W (Sep 30),Deactivated,Sun 4:25 pm vs Den
Aug 22,Jake Bobo,40452,Sea,WR,IR,W (Sep 30),Deactivated,Sun 4:25 pm vs LAC
Aug 22,K.C. Ossai,42363,Hou,LB,IR,W (Sep 30),Deactivated,Sun 1:00 pm vs Dal
Aug 21,Jayden Higgins,41819,Hou,WR,IR,W (Sep 30),Deactivated,Sun 1:00 pm vs Dal
Aug 21,James Ester,41459,Mia,DT,NA,W (Sep 30),Deactivated,Sun 4:05 pm @ Min
Aug 21,Johnny Wilson,41089,Phi,WR,IR,W (Sep 30),Deactivated,Sun 1:00 pm vs LAR
Aug 21,Tariq Castro-Fields,34177,Phi,CB,NA,W (Sep 30),Deactivated,Sun 1:00 pm vs LAR
Aug 21,Milo Eifler,33696,Ten,LB,IR,W (Sep 30),Activated,Sun 1:00 pm @ Bal
Aug 21,Matt Lauter,43130,Min,TE,NA,W (Sep 30),Deactivated,Sun 4:05 pm vs Mia
Aug 21,JJ Galbreath,42275,Ind,TE,NA,W (Sep 30),Activated,Sun 9:30 am @ Was
Aug 20,Levelle Bailey,41395,Den,LB,IR,W (Sep 30),Deactivated,Sun 4:25 pm @ SF
Aug 20,Patrick Taylor Jr.,33235,SF,RB,NA,W (Sep 30),Deactivated,Sun 4:25 pm vs Den
Aug 20,Jack Stoll,33891,SF,TE,NA,W (Sep 30),Deactivated,Sun 4:25 pm vs Den
Aug 19,Jeadyn Lukus,43244,Cle,CB,NA,W (Sep 30),Deactivated,Thu 8:15 pm vs Pit
Aug 19,Jamil Muhammad,42318,Cle,"LB,DE",NA,W (Sep 30),Activated,Thu 8:15 pm vs Pit
Aug 19,Luke Grimm,42104,LAC,WR,NA,W (Sep 30),Deactivated,Sun 4:25 pm @ Sea
Aug 19,Trey Sermon,33476,Atl,RB,IR,W (Sep 30),Deactivated,Mon 8:15 pm @ NO
Aug 19,Anthony Dunn Jr.,43259,NYJ,DE,NA,W (Sep 30),Deactivated,Sun 1:00 pm @ Chi
Aug 19,Dominic Richardson,43034,NYJ,RB,NA,W (Sep 30),Deactivated,Sun 1:00 pm @ Chi
Aug 19,Junior Bergen,42032,NYJ,WR,NA,W (Sep 30),Activated,Sun 1:00 pm @ Chi
Aug 19,Cam Jones,40557,KC,LB,NA,W (Sep 30),Activated,Sun 4:25 pm @ LV
Aug 19,Arden Walker,42939,GB,LB,NA,W (Sep 30),Activated,Sun 1:00 pm @ TB
Aug 18,E.J. Horton,43328,Ind,WR,NA,W (Sep 30),Deactivated,Sun 9:30 am @ Was
Aug 18,Jahquez Robinson,43183,Bal,S,IR,W (Sep 30),Deactivated,Sun 1:00 pm vs Ten
Aug 18,Carson Towt,42620,Ind,TE,IR,W (Sep 30),Deactivated,Sun 9:30 am @ Was
Aug 18,Mitch Van Vooren,42547,NE,TE,NA,W (Sep 30),Deactivated,Sun 1:00 pm @ Buf
Aug 18,Mario Williams,42326,LAR,WR,NA,W (Sep 30),Deactivated,Sun 1:00 pm @ Phi
Aug 18,Titus Leo,40219,SF,DE,NA,W (Sep 30),Deactivated,Sun 4:25 pm vs Den
Aug 18,Ben Patterson,42949,Cle,WR,NA,W (Sep 30),Activated,Thu 8:15 pm vs Pit
Aug 18,Seth Coleman-Lyles,42450,Mia,DE,NA,W (Sep 30),Activated,Sun 4:05 pm @ Min
Aug 18,Nate Lynn,41436,NYJ,"LB,DE",NA,W (Sep 30),Activated,Sun 1:00 pm @ Chi
Aug 18,Evan Anderson,41208,SF,DT,NA,W (Sep 30),Activated,Sun 4:25 pm vs Den
Aug 18,Kingsley Jonathan,34619,NYJ,DE,IR,W (Sep 30),Deactivated,Sun 1:00 pm @ Chi
Aug 18,Jerome Ford,34112,Min,RB,NA,W (Sep 30),Deactivated,Sun 4:05 pm vs Mia
Aug 18,Arden Walker,42939,GB,LB,NA,W (Sep 30),Deactivated,Sun 1:00 pm @ TB
Aug 18,Kristian Wilkerson,33349,Atl,WR,NA,W (Sep 30),Deactivated,Mon 8:15 pm @ NO
Aug 17,Tanner Wall,43134,Mia,S,NA,W (Sep 30),Deactivated,Sun 4:05 pm @ Min
Aug 17,Chandler Martin,42470,NYG,LB,NA,W (Sep 30),Activated,Sun 1:00 pm vs Ari
Aug 17,Beaux Collins,42194,Atl,WR,IR-R,W (Sep 30),Activated,Mon 8:15 pm @ NO
Aug 17,Traeshon Holden,42151,Dal,WR,NA,W (Sep 30),Deactivated,Sun 1:00 pm @ Hou
Aug 17,Dante Miller,40874,NYG,RB,NA,W (Sep 30),Deactivated,Sun 1:00 pm vs Ari
Aug 17,Jake Moody,40129,Bal,K,NA,W (Sep 30),Deactivated,Sun 1:00 pm vs Ten
Aug 17,Nikola Kalinic,33950,Chi,TE,IR,W (Sep 30),Deactivated,Sun 1:00 pm vs NYJ
Aug 17,Jackson Acker,43331,Buf,RB,NA,W (Sep 30),Deactivated,Sun 1:00 pm vs NE
Aug 17,Sean Brown,43205,Ten,LB,NA,W (Sep 30),Deactivated,Sun 1:00 pm @ Bal
Aug 17,Ethan Conner,42965,Mia,TE,NA,W (Sep 30),Deactivated,Sun 4:05 pm @ Min
Aug 17,Robert McDaniel,42149,TB,S,NA,W (Sep 30),Activated,Sun 1:00 pm vs GB
Aug 17,Power Echols,42045,Sea,LB,NA,W (Sep 30),Activated,Sun 4:25 pm vs LAC
Aug 17,Brenden Bates,41675,Jax,TE,NA,W (Sep 30),Deactivated,Sun 1:00 pm @ Cin
Aug 17,Marcus Banks,41267,TB,S,NA,W (Sep 30),Deactivated,Sun 1:00 pm vs GB
Aug 17,Otis Reese IV,40708,Buf,LB,NA,W (Sep 30),Activated,Sun 1:00 pm vs NE
Aug 17,Jake Haener,40144,NYG,QB,NA,W (Sep 30),Activated,Sun 1:00 pm vs Ari
Aug 17,Shemar Jean-Charles,33566,Sea,CB,NA,W (Sep 30),Deactivated,Sun 4:25 pm vs LAC
Aug 16,Matt Lauter,43130,Min,TE,NA,W (Sep 30),Activated,Sun 4:05 pm vs Mia
Aug 16,Dominic Richardson,43034,NYJ,RB,NA,W (Sep 30),Activated,Sun 1:00 pm @ Chi
Aug 16,Cam Riley,42282,Mia,LB,NA,W (Sep 30),Activated,Sun 4:05 pm @ Min
Aug 16,Ethan Robinson,42169,Mia,CB,NA,W (Sep 30),Deactivated,Sun 4:05 pm @ Min
Aug 16,Jaylen Harrell,41113,Ten,"LB,DE",IR,W (Sep 30),Deactivated,Sun 1:00 pm @ Bal
Aug 16,Kye Robichaux,42245,Det,RB,NA,W (Sep 30),Deactivated,Sun 8:20 pm @ Car
Aug 16,Loren Strickland,41444,Det,S,NA,W (Sep 30),Deactivated,Sun 8:20 pm @ Car
Aug 15,Jameson Geers,43212,Ari,TE,IR,W (Sep 30),Deactivated,Sun 1:00 pm @ NYG
Aug 15,Matthew McDoom,43177,Cin,CB,NA,W (Sep 30),Activated,Sun 1:00 pm vs Jax
Aug 15,Kyron Drones,42900,GB,QB,NA,W (Sep 30),Deactivated,Sun 1:00 pm @ TB
Aug 15,Austin Keys,42256,Was,LB,NA,W (Sep 30),Deactivated,Sun 9:30 am vs Ind
Aug 15,Graham Mertz,41975,Hou,QB,IR,W (Sep 30),Deactivated,Sun 1:00 pm vs Dal
Aug 15,Brennan Jackson,41011,LV,"LB,DE",IR,W (Sep 30),Deactivated,Sun 4:25 pm vs KC
Aug 15,T'Vondre Sweat,40919,NYJ,"DL,DT",,W (Sep 30),Activated,Sun 1:00 pm @ Chi
Aug 14,Brandon George,42108,Phi,LB,NA,W (Sep 30),Activated,Sun 1:00 pm vs LAR
Aug 14,Wande Owens,42412,Buf,S,NA,W (Sep 30),Activated,Sun 1:00 pm vs NE
Aug 14,Otis Reese IV,40708,Buf,LB,NA,W (Sep 30),Deactivated,Sun 1:00 pm vs NE
Aug 13,Terrell Jennings,41713,NE,RB,NA,W (Sep 30),Deactivated,Sun 1:00 pm @ Buf
Aug 13,Logan Lee,41070,Pit,"DL,DT",IR,W (Sep 30),Deactivated,Thu 8:15 pm @ Cle
Aug 13,Tyron Herring,42252,NE,CB,NA,W (Sep 30),Deactivated,Sun 1:00 pm @ Buf
Aug 12,Myles Montgomery,43367,NE,RB,IR,W (Sep 30),Deactivated,Sun 1:00 pm @ Buf
Aug 12,Jeremiah McClendon,42945,Cle,CB,NA,W (Sep 30),Activated,Thu 8:15 pm vs Pit
Aug 12,Junior Bergen,42032,NYJ,WR,NA,W (Sep 30),Deactivated,Sun 1:00 pm @ Chi
Aug 12,Xavier Thomas,41013,SF,"LB,DE",SUSP,W (Sep 30),Activated,Sun 4:25 pm vs Den
Aug 12,K.J. Henry,40203,Pit,"LB,DE",NA,W (Sep 30),Deactivated,Thu 8:15 pm @ Cle
Aug 12,Montrell Washington,34118,NYG,WR,NA,W (Sep 30),Deactivated,Sun 1:00 pm vs Ari
Aug 12,Eli Apple,29244,SF,"DB,CB",NA,W (Sep 30),Activated,Sun 4:25 pm vs Den
Aug 11,Dae'Quan Wright,42885,Cle,TE,NA,W (Sep 30),Activated,Thu 8:15 pm vs Pit
Aug 11,Robbie Ouzts,41961,Sea,"RB,TE",IR,W (Sep 30),Deactivated,Sun 4:25 pm vs LAC
Aug 11,Le'Meke Brockington,43376,Atl,WR,NA,W (Sep 30),Deactivated,Mon 8:15 pm @ NO
Aug 11,Malik Verdon,42195,Atl,S,NA,W (Sep 30),Deactivated,Mon 8:15 pm @ NO
Aug 11,Robert McDaniel,42149,TB,S,NA,W (Sep 30),Deactivated,Sun 1:00 pm vs GB
Aug 11,Keni-H Lovely,41273,Jax,CB,NA,W (Sep 30),Deactivated,Sun 1:00 pm @ Cin
Aug 10,Zane Gonzalez,30337,Mia,K,NA,W (Sep 30),Deactivated,Sun 4:05 pm @ Min
Aug 10,Jordan Turner,42528,Den,LB,,W (Sep 30),Activated,Sun 4:25 pm @ SF
Aug 10,Chamon Metayer,43035,Car,TE,NA,W (Sep 30),Deactivated,Sun 8:20 pm vs Det
Aug 10,Dae'Quan Wright,42885,Cle,TE,NA,W (Sep 30),Deactivated,Thu 8:15 pm vs Pit
Aug 10,Ja'Quinden Jackson,42214,Phi,RB,NA,W (Sep 30),Activated,Sun 1:00 pm vs LAR
Aug 10,Sam Roberts,34156,Atl,"DL,DT,DE",NA,W (Sep 30),Deactivated,Mon 8:15 pm @ NO
Aug 10,Colton Dowell,40263,SF,WR,NA,W (Sep 30),Deactivated,Sun 4:25 pm vs Den
Aug 10,Elijah Mitchell,33582,KC,RB,NA,W (Sep 30),Deactivated,Sun 4:25 pm @ LV
Aug 10,Sione Takitaki,31912,Min,LB,NA,W (Sep 30),Deactivated,Sun 4:05 pm vs Mia
Aug 9,Johnathan Baldwin II,42236,GB,"S,CB",IR,W (Sep 30),Deactivated,Sun 1:00 pm @ TB
Aug 9,Chris Brooks,40625,GB,RB,,W (Sep 30),Activated,Sun 1:00 pm @ TB
Aug 9,Teddy Bridgewater,27560,TB,QB,NA,W (Sep 30),Deactivated,Sun 1:00 pm vs GB
Aug 9,Nick Hampton,40179,Car,LB,NA,W (Sep 30),Deactivated,Sun 8:20 pm vs Det
Aug 9,Drey Norwood,43142,LAR,CB,NA,W (Sep 30),Deactivated,Sun 1:00 pm @ Phi
Aug 9,Power Echols,42045,Sea,LB,NA,W (Sep 30),Deactivated,Sun 4:25 pm vs LAC
Aug 9,Matt Henningsen,34161,Den,DE,IR,W (Sep 30),Deactivated,Sun 4:25 pm @ SF
Aug 8,Matthew McDoom,43177,Cin,CB,NA,W (Sep 30),Deactivated,Sun 1:00 pm vs Jax
Aug 8,Owen Wright,40639,Hou,RB,NA,W (Sep 30),Activated,Sun 1:00 pm vs Dal
Aug 8,Zach Harrison,40115,Atl,"DL,DE",,W (Sep 30),Activated,Mon 8:15 pm @ NO
Aug 8,Joey Blount,34388,Ari,S,IR,W (Sep 30),Deactivated,Sun 1:00 pm @ NYG
Aug 8,Gervarrius Owens,40277,Chi,S,NA,W (Sep 30),Deactivated,Sun 1:00 pm vs NYJ
Aug 8,DJ Davidson,34103,NYG,"DL,DT,DE",NA,W (Sep 30),Deactivated,Sun 1:00 pm vs Ari
Aug 8,JJ Galbreath,42275,Ind,TE,NA,W (Sep 30),Deactivated,Sun 9:30 am @ Was
Aug 8,Jaden Robinson,42070,NYG,CB,NA,W (Sep 30),Deactivated,Sun 1:00 pm vs Ari
Aug 8,Colton Dowell,40263,SF,WR,NA,W (Sep 30),Activated,Sun 4:25 pm vs Den
Aug 8,A.T. Perry,40242,Den,WR,NA,W (Sep 30),Deactivated,Sun 4:25 pm @ SF
Aug 7,Tanner Wall,43134,Mia,S,NA,W (Sep 30),Activated,Sun 4:05 pm @ Min
Aug 7,Dominic Richardson,43034,NYJ,RB,NA,W (Sep 30),Deactivated,Sun 1:00 pm @ Chi
Aug 7,Lance Mason,43012,Pit,TE,NA,W (Sep 30),Activated,Thu 8:15 pm @ Cle
Aug 7,Keeshawn Silver,42946,NO,DT,NA,W (Sep 30),Deactivated,Mon 8:15 pm vs Atl
Aug 7,Jamon Johnson,42239,Bal,LB,NA,W (Sep 30),Activated,Sun 1:00 pm vs Ten
Aug 7,Omar Brown,41531,GB,S,NA,W (Sep 30),Deactivated,Sun 1:00 pm @ TB
Aug 7,Haggai Ndubuisi,40481,Hou,DT,NA,W (Sep 30),Deactivated,Sun 1:00 pm vs Dal
Aug 7,J. Bernard-Converse,40236,NYG,"S,CB",IR,W (Sep 30),Deactivated,Sun 1:00 pm vs Ari
Aug 7,Bryan Bresee,40045,NO,DT,IR,W (Sep 30),Deactivated,Mon 8:15 pm vs Atl
Aug 7,Dallis Flowers,34503,Chi,CB,IR,W (Sep 30),Deactivated,Sun 1:00 pm vs NYJ
Aug 7,Joseph Vaughn,42603,Sea,LB,NA,W (Sep 30),Deactivated,Sun 4:25 pm vs LAC
Aug 7,Jaylin Noel,41885,Hou,WR,,W (Sep 30),Activated,Sun 1:00 pm vs Dal
Aug 7,Jamari Thrash,41016,Cle,WR,NA,W (Sep 30),Deactivated,Thu 8:15 pm vs Pit
Aug 7,Troy Andersen,34015,Atl,LB,NA,W (Sep 30),Deactivated,Mon 8:15 pm @ NO
Aug 7,Jared Bartlett,42459,Jax,LB,IR,W (Sep 30),Deactivated,Sun 1:00 pm @ Cin
Aug 7,Brandon Johnson,42179,Phi,"S,CB",NA,W (Sep 30),Deactivated,Sun 1:00 pm vs LAR
Aug 7,Jimmy Horn Jr.,41999,Cle,WR,NA,W (Sep 30),Activated,Thu 8:15 pm vs Pit
Aug 7,Jalon Walker,41800,Atl,"LB,DE",IR,W (Sep 30),Deactivated,Mon 8:15 pm @ NO
Aug 7,Princeton Fant,40778,Dal,TE,IR,W (Sep 30),Deactivated,Sun 1:00 pm @ Hou
Aug 7,Keidron Smith,40654,Chi,"DB,CB",NA,W (Sep 30),Activated,Sun 1:00 pm vs NYJ
Aug 7,Zack Kuntz,40255,Dal,TE,NA,W (Sep 30),Activated,Sun 1:00 pm @ Hou
Aug 6,Lance Mason,43012,Pit,TE,NA,W (Sep 30),Deactivated,Thu 8:15 pm @ Cle
Aug 6,Junior Tafuna,42366,Hou,DT,NA,W (Sep 30),Activated,Sun 1:00 pm vs Dal
Aug 6,Brock Lampe,42293,Buf,RB,NA,W (Sep 30),Activated,Sun 1:00 pm vs NE
Aug 6,Colton Dowell,40263,SF,WR,NA,W (Sep 30),Deactivated,Sun 4:25 pm vs Den
Aug 6,Sean McKeon,33101,Ind,TE,NA,W (Sep 30),Deactivated,Sun 9:30 am @ Was
Aug 6,Shad Banks Jr.,42985,Ten,LB,NA,W (Sep 30),Deactivated,Sun 1:00 pm @ Bal
Aug 6,Dominique Hampton,41039,Ten,"LB,S,CB",NA,W (Sep 30),Activated,Sun 1:00 pm @ Bal
Aug 6,Otis Reese IV,40708,Buf,LB,NA,W (Sep 30),Activated,Sun 1:00 pm vs NE
Aug 5,Tanner Wall,43134,Mia,S,NA,W (Sep 30),Deactivated,Sun 4:05 pm @ Min
Aug 5,Seth Coleman-Lyles,42450,Mia,DE,NA,W (Sep 30),Deactivated,Sun 4:05 pm @ Min
Aug 5,Beaux Collins,42194,Atl,WR,IR-R,W (Sep 30),Deactivated,Mon 8:15 pm @ NO
Aug 5,Eric Watts,41541,NYJ,DE,NA,W (Sep 30),Deactivated,Sun 1:00 pm @ Chi
Aug 5,Keidron Smith,40654,Chi,"DB,CB",NA,W (Sep 30),Deactivated,Sun 1:00 pm vs NYJ
Aug 5,Zack Kuntz,40255,Dal,TE,NA,W (Sep 30),Deactivated,Sun 1:00 pm @ Hou
Aug 5,Roy Robertson-Harris,29920,NYG,"DL,DT,DE",IR,W (Sep 30),Deactivated,Sun 1:00 pm vs Ari
Aug 5,Junior Tafuna,42366,Hou,DT,NA,W (Sep 30),Deactivated,Sun 1:00 pm vs Dal
Aug 5,T.J. Edwards,32403,Chi,LB,,W (Sep 30),Activated,Sun 1:00 pm vs NYJ
Aug 5,Luke Lachey,42041,Hou,TE,NA,W (Sep 30),Deactivated,Sun 1:00 pm vs Dal
Aug 5,Lawrence Keys,41275,Buf,WR,NA,W (Sep 30),Deactivated,Sun 1:00 pm vs NE
Aug 5,Ainias Smith,41030,Car,WR,NA,W (Sep 30),Deactivated,Sun 8:20 pm vs Det
Aug 5,Elijah Cooks,40374,Car,WR,NA,W (Sep 30),Activated,Sun 8:20 pm vs Det
Aug 5,Marlon Tuipulotu,33577,Atl,DT,NA,W (Sep 30),Activated,Mon 8:15 pm @ NO
Aug 4,Gabriel Benyard,43333,Car,WR,NA,W (Sep 30),Deactivated,Sun 8:20 pm vs Det
Aug 4,Tejhaun Palmer,41079,NE,WR,NA,W (Sep 30),Activated,Sun 1:00 pm @ Buf
Aug 4,LaBryan Ray,34427,Car,"DT,DE",NA,W (Sep 30),Deactivated,Sun 8:20 pm vs Det
Aug 4,Zach Horton,42420,Det,TE,NA,W (Sep 30),Activated,Sun 8:20 pm @ Car
Aug 4,Jakobie Keeney-James,42246,Pit,WR,NA,W (Sep 30),Activated,Thu 8:15 pm @ Cle
Aug 4,Cole Burgess,41502,Pit,WR,IR,W (Sep 30),Deactivated,Thu 8:15 pm @ Cle
Aug 4,McCallan Castles,41373,GB,TE,NA,W (Sep 30),Activated,Sun 1:00 pm @ TB
Aug 4,Jonathan Garvin,32912,Chi,DE,IR,W (Sep 30),Deactivated,Sun 1:00 pm vs NYJ
Aug 4,Ahkello Witherspoon,30179,LAR,"DB,CB",NA,W (Sep 30),Deactivated,Sun 1:00 pm @ Phi
Aug 4,Terrell Jennings,41713,NE,RB,NA,W (Sep 30),Activated,Sun 1:00 pm @ Buf
Aug 4,Tejhaun Palmer,41079,NE,WR,NA,W (Sep 30),Deactivated,Sun 1:00 pm @ Buf
Aug 4,Evan Hull,40169,Ari,RB,NA,W (Sep 30),Activated,Sun 1:00 pm @ NYG
Aug 3,Cam Horsley,42370,Ari,DT,NA,W (Sep 30),Activated,Sun 1:00 pm @ NYG
Aug 3,Cameron Mitchell,40184,Ind,CB,IR,W (Sep 30),Deactivated,Sun 9:30 am @ Was
Aug 3,Bobby Brown III,33505,Car,"DT,DE",,W (Sep 30),Activated,Sun 8:20 pm vs Det
Aug 3,Charles Snowden,33914,LV,"LB,DE",SUSP,W (Sep 30),Deactivated,Sun 4:25 pm vs KC
Aug 3,Eli Apple,29244,SF,"DB,CB",NA,W (Sep 30),Deactivated,Sun 4:25 pm vs Den
Aug 2,Laki Tasi,42457,Ten,DT,NA,W (Sep 30),Activated,Sun 1:00 pm @ Bal
Aug 2,Cam Horsley,42370,Ari,DT,NA,W (Sep 30),Deactivated,Sun 1:00 pm @ NYG
Aug 2,Ja'Lynn Polk,40914,NO,WR,NA,W (Sep 30),Deactivated,Mon 8:15 pm vs Atl
Aug 2,Christian Izien,40681,Det,"S,CB",,W (Sep 30),Activated,Sun 8:20 pm @ Car
Aug 2,David Agoha,40482,Den,DE,NA,W (Sep 30),Deactivated,Sun 4:25 pm @ SF
Aug 2,Tre Hawkins III,40228,Min,CB,NA,W (Sep 30),Deactivated,Sun 4:05 pm vs Mia
Aug 2,Evan Hull,40169,Ari,RB,NA,W (Sep 30),Deactivated,Sun 1:00 pm @ NYG
Aug 2,Ta'Quon Graham,33536,Phi,"DL,DE",NA,W (Sep 30),Deactivated,Sun 1:00 pm vs LAR
Aug 2,Darnell Savage,31853,Was,"S,CB",NA,W (Sep 30),Deactivated,Sun 9:30 am vs Ind
Aug 2,Ben Patterson,42949,Cle,WR,NA,W (Sep 30),Deactivated,Thu 8:15 pm vs Pit
Aug 2,Jared Bartlett,42459,Jax,LB,IR,W (Sep 30),Activated,Sun 1:00 pm @ Cin
Aug 1,Joseph Vaughn,42603,Sea,LB,NA,W (Sep 30),Activated,Sun 4:25 pm vs LAC
Aug 1,Ja'Markis Weston,42232,NYJ,"LB,DE",NA,W (Sep 30),Deactivated,Sun 1:00 pm @ Chi
Aug 1,Ricky Pearsall,40892,SF,WR,IR,W (Sep 30),Deactivated,Sun 4:25 pm vs Den
Aug 1,P.J. Mustipher,40693,Ari,DT,NA,W (Sep 30),Deactivated,Sun 1:00 pm @ NYG
Aug 1,Brodric Martin-Rhodes,40122,Ari,"DL,DT",NA,W (Sep 30),Activated,Sun 1:00 pm @ NYG
Aug 1,Haggai Ndubuisi,40481,Hou,DT,NA,W (Sep 30),Activated,Sun 1:00 pm vs Dal
Aug 1,Cody Hardy,43161,NYJ,TE,NA,W (Sep 30),Activated,Sun 1:00 pm @ Chi
Jul 31,Chamon Metayer,43035,Car,TE,NA,W (Sep 30),Activated,Sun 8:20 pm vs Det
Jul 31,Wande Owens,42412,Buf,S,NA,W (Sep 30),Deactivated,Sun 1:00 pm vs NE
Jul 31,Lenny Krieg,41782,GB,K,NA,W (Sep 30),Deactivated,Sun 1:00 pm @ TB
Jul 31,Chris Collier,41261,LV,RB,IR,W (Sep 30),Deactivated,Sun 4:25 pm vs KC
Jul 31,Jaden Davis,41124,Ari,"DB,CB",NA,W (Sep 30),Deactivated,Sun 1:00 pm @ NYG
Jul 31,Tanner McLachlan,41066,SF,TE,NA,W (Sep 30),Deactivated,Sun 4:25 pm vs Den
Jul 31,Zack Kuntz,40255,Dal,TE,NA,W (Sep 30),Activated,Sun 1:00 pm @ Hou
Jul 31,Zach Horton,42420,Det,TE,NA,W (Sep 30),Deactivated,Sun 8:20 pm @ Car
Jul 31,Otis Reese IV,40708,Buf,LB,NA,W (Sep 30),Deactivated,Sun 1:00 pm vs NE
Jul 31,Jalen Virgil,34579,Ari,WR,NA,W (Sep 30),Deactivated,Sun 1:00 pm @ NYG
Jul 30,Gabriel Benyard,43333,Car,WR,NA,W (Sep 30),Activated,Sun 8:20 pm vs Det
Jul 30,Sanoussi Kane,41119,Ten,S,NA,W (Sep 30),Deactivated,Sun 1:00 pm @ Bal
Jul 30,Dan Chisena,33023,Car,WR,NA,W (Sep 30),Deactivated,Sun 8:20 pm vs Det
Jul 29,Brenden Rice,41098,LV,WR,NA,W (Sep 30),Deactivated,Sun 4:25 pm vs KC
Jul 29,Casey Washington,41074,Car,WR,NA,W (Sep 30),Activated,Sun 8:20 pm vs Det
Jul 29,Haggai Ndubuisi,40481,Hou,DT,NA,W (Sep 30),Deactivated,Sun 1:00 pm vs Dal
Jul 29,K.J. Henry,40203,Pit,"LB,DE",NA,W (Sep 30),Activated,Thu 8:15 pm @ Cle
Jul 29,William Bradley-King,33628,SF,"LB,DE",NA,W (Sep 30),Deactivated,Sun 4:25 pm vs Den
Jul 29,Montez Sweat,31858,Chi,"DL,DE",,W (Sep 30),Activated,Sun 1:00 pm vs NYJ
Jul 29,Zach Harrison,40115,Atl,"DL,DE",,W (Sep 30),Deactivated,Mon 8:15 pm @ NO
Jul 29,Trevor Siemian,28638,Ten,QB,NA,W (Sep 30),Deactivated,Sun 1:00 pm @ Bal
Jul 29,J. Michael Gyllenborg,43116,KC,TE,IR,W (Sep 30),Deactivated,Sun 4:25 pm @ LV
Jul 29,Ethan Downs,42209,KC,DE,IR,W (Sep 30),Deactivated,Sun 4:25 pm @ LV
Jul 29,Christian Izien,40681,Det,"S,CB",,W (Sep 30),Deactivated,Sun 8:20 pm @ Car
Jul 29,Montez Sweat,31858,Chi,"DL,DE",,W (Sep 30),Deactivated,Sun 1:00 pm vs NYJ
Jul 29,Thomas Yassmin,41397,GB,TE,IR,W (Sep 30),Activated,Sun 1:00 pm @ TB
Jul 28,Cody Hardy,43161,NYJ,TE,NA,W (Sep 30),Deactivated,Sun 1:00 pm @ Chi
Jul 28,Mike Reid,42265,NO,CB,,W (Sep 30),Activated,Mon 8:15 pm vs Atl
Jul 28,Jaylin Noel,41885,Hou,WR,,W (Sep 30),Deactivated,Sun 1:00 pm vs Dal
Jul 28,Lucas Havrisik,34720,GB,K,NA,W (Sep 30),Deactivated,Sun 1:00 pm @ TB
Jul 28,Corey Ballentine,32012,Jax,CB,NA,W (Sep 30),Activated,Sun 1:00 pm @ Cin
Jul 28,Lincoln Pare,43339,Ind,RB,NA,W (Sep 30),Deactivated,Sun 9:30 am @ Was
Jul 28,Luke Wysong,42938,Min,WR,NA,W (Sep 30),Deactivated,Sun 4:05 pm vs Mia
Jul 28,Keli Lawson,42918,Min,LB,NA,W (Sep 30),Deactivated,Sun 4:05 pm vs Mia
Jul 28,Kejon Owens,42912,Min,RB,NA,W (Sep 30),Deactivated,Sun 4:05 pm vs Mia
Jul 28,Latrell McCutchin Sr.,42897,Ten,CB,NA,W (Sep 30),Deactivated,Sun 1:00 pm @ Bal
Jul 28,Lenny Krieg,41782,GB,K,NA,W (Sep 30),Activated,Sun 1:00 pm @ TB
Jul 28,Chris Brooks,40625,GB,RB,,W (Sep 30),Deactivated,Sun 1:00 pm @ TB
Jul 28,Jaycee Horn,33396,Car,CB,O,W (Sep 30),Activated,Sun 8:20 pm vs Det
Jul 28,Laki Tasi,42457,Ten,DT,NA,W (Sep 30),Deactivated,Sun 1:00 pm @ Bal
Jul 28,Kenny McIntosh,40267,Sea,RB,NA,W (Sep 30),Deactivated,Sun 4:25 pm vs LAC
Jul 28,Deven Thompkins,34520,LV,WR,NA,W (Sep 30),Activated,Sun 4:25 pm vs KC
Jul 28,Nick Bellore,25295,Was,LB,NA,W (Sep 30),Deactivated,Sun 9:30 am vs Ind
Jul 26,Jordan Turner,42528,Den,LB,,W (Sep 30),Deactivated,Sun 4:25 pm @ SF
Jul 26,Jeremiah Webb,42437,NE,WR,IR,W (Sep 30),Deactivated,Sun 1:00 pm @ Buf
Jul 25,Jared Bartlett,42459,Jax,LB,IR,W (Sep 30),Deactivated,Sun 1:00 pm @ Cin
Jul 25,Mike Reid,42265,NO,CB,,W (Sep 30),Deactivated,Mon 8:15 pm vs Atl
Jul 25,Tyler Baron,41962,NYJ,"LB,DE",PUP-R,W (Sep 30),Deactivated,Sun 1:00 pm @ Chi
Jul 25,C.J. Ravenell,41582,NYG,DE,NA,W (Sep 30),Deactivated,Sun 1:00 pm vs Ari
Jul 25,Evan Anderson,41208,SF,DT,NA,W (Sep 30),Deactivated,Sun 4:25 pm vs Den
Jul 25,Tanner McLachlan,41066,SF,TE,NA,W (Sep 30),Activated,Sun 4:25 pm vs Den
Jul 25,T'Vondre Sweat,40919,NYJ,"DL,DT",,W (Sep 30),Deactivated,Sun 1:00 pm @ Chi
Jul 25,Cam Jones,40557,KC,LB,NA,W (Sep 30),Deactivated,Sun 4:25 pm @ LV
Jul 25,Elijah Garcia,34339,Dal,"DL,DE",NA,W (Sep 30),Activated,Sun 1:00 pm @ Hou
Jul 25,T.J. Edwards,32403,Chi,LB,,W (Sep 30),Deactivated,Sun 1:00 pm vs NYJ
Jul 24,Jimmy Kibble,43368,NE,WR,NA,W (Sep 30),Deactivated,Sun 1:00 pm @ Buf
Jul 24,Tyrone Broden,42351,Sea,WR,NA,W (Sep 30),Deactivated,Sun 4:25 pm vs LAC
Jul 24,Brenden Schooler,34429,NE,"DB,S",NFI-R,W (Sep 30),Deactivated,Sun 1:00 pm @ Buf
Jul 24,Nic Scourton,41836,Car,"LB,DE",IR,W (Sep 30),Deactivated,Sun 8:20 pm vs Det
Jul 23,Diego Pavia,43001,Bal,QB,NA,W (Sep 30),Deactivated,Sun 1:00 pm vs Ten
Jul 23,Caden Prieskorn,42243,Car,TE,NA,W (Sep 30),Activated,Sun 8:20 pm vs Det
Jul 23,Brock Lampe,42293,Buf,RB,NA,W (Sep 30),Deactivated,Sun 1:00 pm vs NE
Jul 22,Bobby Brown III,33505,Car,"DT,DE",,W (Sep 30),Deactivated,Sun 8:20 pm vs Det
Jul 22,Terrell Jennings,41713,NE,RB,NA,W (Sep 30),Deactivated,Sun 1:00 pm @ Buf
Jul 22,Jaycee Horn,33396,Car,CB,O,W (Sep 30),Deactivated,Sun 8:20 pm vs Det
Jul 22,Brandon Johnson,42179,Phi,"S,CB",NA,W (Sep 30),Activated,Sun 1:00 pm vs LAR
Jul 21,Dom Jones,42085,Cle,CB,NA,W (Sep 30),Deactivated,Thu 8:15 pm vs Pit
Jul 21,Jimmy Horn Jr.,41999,Cle,WR,NA,W (Sep 30),Deactivated,Thu 8:15 pm vs Pit
Jul 19,Khalil Dinkins,42972,SF,TE,NA,W (Sep 30),Deactivated,Sun 4:25 pm vs Den
Jul 14,Quentin Skinner,42223,Buf,WR,NA,W (Sep 30),Activated,Sun 1:00 pm vs NE
Jul 14,Deven Thompkins,34520,LV,WR,NA,W (Sep 30),Deactivated,Sun 4:25 pm vs KC
Jul 14,Quentin Skinner,42223,Buf,WR,NA,W (Sep 30),Activated,Sun 1:00 pm vs NE
Jul 14,Deven Thompkins,34520,LV,WR,NA,W (Sep 30),Deactivated,Sun 4:25 pm vs KC
Jul 7,C.J. Ravenell,41582,NYG,DE,NA,W (Sep 30),Activated,Sun 1:00 pm vs Ari
Jul 7,Rico Payton,41190,NYG,CB,IR,W (Sep 30),Deactivated,Sun 1:00 pm vs Ari
Jun 29,Terrion Arnold,40902,Sea,CB,CEL,W (Sep 30),Deactivated,Sun 4:25 pm vs LAC
Jun 25,K.J. Henry,40203,Pit,"LB,DE",NA,W (Sep 30),Deactivated,Thu 8:15 pm @ Cle
Jun 18,Charles Snowden,33914,LV,"LB,DE",SUSP,W (Sep 30),Activated,Sun 4:25 pm vs KC
Jun 18,Corey Ballentine,32012,Jax,CB,NA,W (Sep 30),Deactivated,Sun 1:00 pm @ Cin
Jun 17,Mason Shipley,42948,NO,K,NA,W (Sep 30),Deactivated,Mon 8:15 pm vs Atl
Jun 17,Dashawn Jones,42944,NO,CB,NA,W (Sep 30),Deactivated,Mon 8:15 pm vs Atl
Jun 17,Casey Washington,41074,Car,WR,NA,W (Sep 30),Deactivated,Sun 8:20 pm vs Det
Jun 17,Elijah Garcia,34339,Dal,"DL,DE",NA,W (Sep 30),Deactivated,Sun 1:00 pm @ Hou
Jun 16,Jahvaree Ritzie,42480,Min,"DT,DE",NA,W (Sep 30),Activated,Sun 4:05 pm vs Mia
Jun 16,Marshall Lang,42353,Min,TE,NA,W (Sep 30),Activated,Sun 4:05 pm vs Mia
Jun 16,Brandon Johnson,42179,Phi,"S,CB",NA,W (Sep 30),Deactivated,Sun 1:00 pm vs LAR
Jun 16,C.J. Ravenell,41582,NYG,DE,NA,W (Sep 30),Deactivated,Sun 1:00 pm vs Ari
Jun 16,Dominique Hampton,41039,Ten,"LB,S,CB",NA,W (Sep 30),Deactivated,Sun 1:00 pm @ Bal
Jun 16,Michael Woods II,34158,Den,WR,NA,W (Sep 30),Deactivated,Sun 4:25 pm @ SF
Jun 16,Joe Tryon-Shoyinka,33420,Cle,"LB,DE",NA,W (Sep 30),Deactivated,Thu 8:15 pm vs Pit
Jun 16,Jacoby Windmon,41165,Pit,LB,NA,W (Sep 30),Activated,Thu 8:15 pm @ Cle
Jun 15,Levi Wentz,43241,Pit,WR,NA,W (Sep 30),Activated,Thu 8:15 pm @ Cle
Jun 15,Jakobie Keeney-James,42246,Pit,WR,NA,W (Sep 30),Deactivated,Thu 8:15 pm @ Cle
Jun 15,Luke Lachey,42041,Hou,TE,NA,W (Sep 30),Activated,Sun 1:00 pm vs Dal
Jun 11,Gabriel Benyard,43333,Car,WR,NA,W (Sep 30),Deactivated,Sun 8:20 pm vs Det
Jun 11,Max Tomczak,43015,Buf,WR,NA,W (Sep 30),Activated,Sun 1:00 pm vs NE
Jun 11,Dorian Strong,42002,Buf,CB,NFI-R,W (Sep 30),Deactivated,Sun 1:00 pm vs NE
Jun 11,Deven Thompkins,34520,LV,WR,NA,W (Sep 30),Activated,Sun 4:25 pm vs KC
Jun 11,Joaquin Davis,42072,Pit,WR,NA,W (Sep 30),Activated,Thu 8:15 pm @ Cle
Jun 11,Daryl Porter,42064,Pit,CB,NA,W (Sep 30),Activated,Thu 8:15 pm @ Cle
Jun 11,Corey Rucker,43248,LV,WR,IR,W (Sep 30),Deactivated,Sun 4:25 pm vs KC
Jun 11,Brandon Johnson,34571,Pit,WR,NA,W (Sep 30),Activated,Thu 8:15 pm @ Cle
Jun 11,Sincere McCormick,34551,SF,RB,NA,W (Sep 30),Activated,Sun 4:25 pm vs Den
Jun 10,Chandler Martin,42470,NYG,LB,NA,W (Sep 30),Deactivated,Sun 1:00 pm vs Ari
Jun 9,Reuben Lowery III,42472,Ind,S,NA,W (Sep 30),Deactivated,Sun 9:30 am @ Was
Jun 9,Brandon Johnson,34571,Pit,WR,NA,W (Sep 30),Deactivated,Thu 8:15 pm @ Cle
Jun 9,Levi Wentz,43241,Pit,WR,NA,W (Sep 30),Deactivated,Thu 8:15 pm @ Cle
Jun 8,Quentin Skinner,42223,Buf,WR,NA,W (Sep 30),Deactivated,Sun 1:00 pm vs NE
Jun 5,Chamon Metayer,43035,Car,TE,NA,W (Sep 30),Deactivated,Sun 8:20 pm vs Det
Jun 5,Benton Whitley,34332,NE,"LB,DE",NA,W (Sep 30),Activated,Sun 1:00 pm @ Buf
Jun 4,Joshua Karty,41081,Ari,K,NA,W (Sep 30),Deactivated,Sun 1:00 pm @ NYG
Jun 4,Keith Taylor,33554,Atl,CB,NA,W (Sep 30),Deactivated,Mon 8:15 pm @ NO
Jun 4,Jamin Davis,33407,Pit,"LB,DE",NA,W (Sep 30),Activated,Thu 8:15 pm @ Cle
Jun 4,Michael Briscoe,43242,Min,WR,NA,W (Sep 30),Activated,Sun 4:05 pm vs Mia
Jun 4,Joaquin Davis,42072,Pit,WR,NA,W (Sep 30),Deactivated,Thu 8:15 pm @ Cle
Jun 3,Chandler Martin,42470,NYG,LB,NA,W (Sep 30),Activated,Sun 1:00 pm vs Ari
Jun 3,Jason Sanders,31199,NYJ,K,,W (Sep 30),Activated,Sun 1:00 pm @ Chi
Jun 2,Jordan Colbert,41691,Mia,S,NA,W (Sep 30),Deactivated,Sun 4:05 pm @ Min
Jun 2,Ja'Corey Brooks,42482,Was,WR,NA,W (Sep 30),Deactivated,Sun 9:30 am vs Ind
Jun 2,Makari Paige,42198,NYG,S,NA,W (Sep 30),Deactivated,Sun 1:00 pm vs Ari
Jun 2,Elijah Mitchell,33582,KC,RB,NA,W (Sep 30),Activated,Sun 4:25 pm @ LV
Jun 2,Jason Sanders,31199,NYJ,K,,W (Sep 30),Deactivated,Sun 1:00 pm @ Chi
Jun 1,Chandler Martin,42470,NYG,LB,NA,W (Sep 30),Deactivated,Sun 1:00 pm vs Ari
Jun 1,Seth Henigan,42205,Ind,QB,NA,W (Sep 30),Deactivated,Sun 9:30 am @ Was
Jun 1,Da'Quan Felton,42201,NYJ,WR,NA,W (Sep 30),Activated,Sun 1:00 pm @ Chi
Jun 1,Daryl Porter,42064,Pit,CB,NA,W (Sep 30),Deactivated,Thu 8:15 pm @ Cle
Jun 1,Julian Hill,40629,NE,TE,IR,W (Sep 30),Deactivated,Sun 1:00 pm @ Buf
Jun 1,Gunner Olszewski,32612,NYG,WR,IR,W (Sep 30),Deactivated,Sun 1:00 pm vs Ari
Jun 1,Mac Dalena,42107,Buf,WR,NA,W (Sep 30),Activated,Sun 1:00 pm vs NE
Jun 1,Kobe King,41966,NYJ,LB,NA,W (Sep 30),Deactivated,Sun 1:00 pm @ Chi
Jun 1,Lenny Krieg,41782,GB,K,NA,W (Sep 30),Deactivated,Sun 1:00 pm @ TB
Jun 1,Samori Toure,34214,Phi,WR,NA,W (Sep 30),Activated,Sun 1:00 pm vs LAR
May 28,Sincere McCormick,34551,SF,RB,NA,W (Sep 30),Deactivated,Sun 4:25 pm vs Den
May 28,Darrick Forrest,33551,SF,S,IR,W (Sep 30),Deactivated,Sun 4:25 pm vs Den
May 27,Max Tomczak,43015,Buf,WR,NA,W (Sep 30),Deactivated,Sun 1:00 pm vs NE
May 27,Jeremiah McClendon,42945,Cle,CB,NA,W (Sep 30),Deactivated,Thu 8:15 pm vs Pit
May 27,Parris Campbell,31891,Dal,WR,NA,W (Sep 30),Deactivated,Sun 1:00 pm @ Hou
May 27,Jahvaree Ritzie,42480,Min,"DT,DE",NA,W (Sep 30),Deactivated,Sun 4:05 pm vs Mia
May 26,Tyron Herring,42252,NE,CB,NA,W (Sep 30),Activated,Sun 1:00 pm @ Buf
May 26,K.C. Ossai,42363,Hou,LB,IR,W (Sep 30),Activated,Sun 1:00 pm vs Dal
May 21,Ajani Carter,42569,Hou,"DB,CB",SUSP,W (Sep 30),Deactivated,Sun 1:00 pm vs Dal
May 21,Deion Hankins,42403,Chi,RB,NA,W (Sep 30),Deactivated,Sun 1:00 pm vs NYJ
May 21,Jalin Conyers,42167,Mia,TE,NA,W (Sep 30),Deactivated,Sun 4:05 pm @ Min
May 21,Carlos Washington Jr.,40420,Mia,RB,NA,W (Sep 30),Activated,Sun 4:05 pm @ Min
May 20,Jamil Muhammad,42318,Cle,"LB,DE",NA,W (Sep 30),Deactivated,Thu 8:15 pm vs Pit
May 20,Brandon George,42108,Phi,LB,NA,W (Sep 30),Deactivated,Sun 1:00 pm vs LAR
May 19,Keith Randolph,41325,GB,DT,NA,W (Sep 30),Deactivated,Sun 1:00 pm @ TB
May 19,Shaleak Knotts,42917,Min,WR,NA,W (Sep 30),Deactivated,Sun 4:05 pm vs Mia
May 19,Caden Prieskorn,42243,Car,TE,NA,W (Sep 30),Deactivated,Sun 8:20 pm vs Det
May 19,Isaiah Wooden,41226,LAC,WR,NA,W (Sep 30),Deactivated,Sun 4:25 pm @ Sea
May 18,Alex Bullock,42957,Jax,WR,NA,W (Sep 30),Deactivated,Sun 1:00 pm @ Cin
May 18,Bryce Pierre,42274,Car,TE,NA,W (Sep 30),Deactivated,Sun 8:20 pm vs Det
May 18,Montrell Johnson Jr.,42173,Car,RB,NA,W (Sep 30),Deactivated,Sun 8:20 pm vs Det
May 18,Jordon Vaughn,43329,Ind,RB,NA,W (Sep 30),Deactivated,Sun 9:30 am @ Was
May 14,Michael Briscoe,43242,Min,WR,NA,W (Sep 30),Deactivated,Sun 4:05 pm vs Mia
May 14,Jordan Botelho,42906,Min,LB,NA,W (Sep 30),Deactivated,Sun 4:05 pm vs Mia
May 14,Luke Lachey,42041,Hou,TE,NA,W (Sep 30),Deactivated,Sun 1:00 pm vs Dal
May 14,James Ester,41459,Mia,DT,NA,W (Sep 30),Activated,Sun 4:05 pm @ Min
May 14,Brodric Martin-Rhodes,40122,Ari,"DL,DT",NA,W (Sep 30),Deactivated,Sun 1:00 pm @ NYG
May 13,James Ester,41459,Mia,DT,NA,W (Sep 30),Deactivated,Sun 4:05 pm @ Min
May 13,Brenden Rice,41098,LV,WR,NA,W (Sep 30),Activated,Sun 4:25 pm vs KC
May 13,Xavier Thomas,41013,SF,"LB,DE",SUSP,W (Sep 30),Deactivated,Sun 4:25 pm vs Den
May 13,Cory Trice Jr.,40256,Pit,CB,NA,W (Sep 30),Deactivated,Thu 8:15 pm @ Cle
May 13,Luke Lachey,42041,Hou,TE,NA,W (Sep 30),Activated,Sun 1:00 pm vs Dal
May 13,MJ Devonshire Jr.,41101,GB,CB,NA,W (Sep 30),Activated,Sun 1:00 pm @ TB
May 12,Niles King,42924,KC,"LB,DE",NA,W (Sep 30),Deactivated,Sun 4:25 pm @ LV
May 12,Maddux Trujillo,42125,Buf,K,NA,W (Sep 30),Deactivated,Sun 1:00 pm vs NE
May 12,Thomas Yassmin,41397,GB,TE,IR,W (Sep 30),Deactivated,Sun 1:00 pm @ TB
May 12,Tanner McLachlan,41066,SF,TE,NA,W (Sep 30),Deactivated,Sun 4:25 pm vs Den
May 12,Deuce Vaughn,40240,Hou,RB,NA,W (Sep 30),Deactivated,Sun 1:00 pm vs Dal
May 12,Milo Eifler,33696,Ten,LB,IR,W (Sep 30),Deactivated,Sun 1:00 pm @ Bal
May 12,Brenden Rice,41098,LV,WR,NA,W (Sep 30),Deactivated,Sun 4:25 pm vs KC
May 11,Brandon Frazier,43379,Atl,TE,NA,W (Sep 30),Deactivated,Mon 8:15 pm @ NO
May 11,Squirrel White,43349,Chi,WR,NA,W (Sep 30),Deactivated,Sun 1:00 pm vs NYJ
May 11,Luke Lachey,42041,Hou,TE,NA,W (Sep 30),Deactivated,Sun 1:00 pm vs Dal
May 11,Owen Wright,40639,Hou,RB,NA,W (Sep 30),Deactivated,Sun 1:00 pm vs Dal
May 11,Carlos Washington Jr.,40420,Mia,RB,NA,W (Sep 30),Deactivated,Sun 4:05 pm @ Min
May 11,Evan Hull,40169,Ari,RB,NA,W (Sep 30),Activated,Sun 1:00 pm @ NYG
May 11,Deven Thompkins,34520,LV,WR,NA,W (Sep 30),Deactivated,Sun 4:25 pm vs KC
May 11,Ja'Quinden Jackson,42214,Phi,RB,NA,W (Sep 30),Deactivated,Sun 1:00 pm vs LAR
May 11,MJ Devonshire Jr.,41101,GB,CB,NA,W (Sep 30),Deactivated,Sun 1:00 pm @ TB
May 11,Benton Whitley,34332,NE,"LB,DE",NA,W (Sep 30),Deactivated,Sun 1:00 pm @ Buf
May 10,Mac Dalena,42107,Buf,WR,NA,W (Sep 30),Deactivated,Sun 1:00 pm vs NE
May 9,Michael Wiley,41234,TB,RB,NA,W (Sep 30),Deactivated,Sun 1:00 pm vs GB
May 9,Hal Presley III,42060,KC,WR,NA,W (Sep 30),Deactivated,Sun 4:25 pm @ LV
May 9,Sal Cannella,33932,Cle,TE,NA,W (Sep 30),Deactivated,Thu 8:15 pm vs Pit
May 9,John Bullock,42099,TB,LB,NA,W (Sep 30),Activated,Sun 1:00 pm vs GB
May 9,Courtney Jackson,42071,Ten,WR,NA,W (Sep 30),Activated,Sun 1:00 pm @ Bal
May 9,Elijah Chatman,41634,Cle,DT,IR,W (Sep 30),Activated,Thu 8:15 pm vs Pit
May 8,Swayze Bozeman,41554,Cin,LB,,W (Sep 30),Activated,Sun 1:00 pm vs Jax
May 8,Andre Baccellia,32943,Ari,WR,NA,W (Sep 30),Deactivated,Sun 1:00 pm @ NYG
May 8,Brandon McManus,27120,GB,K,NA,W (Sep 30),Deactivated,Sun 1:00 pm @ TB
May 7,Tysheem Johnson,42399,Sea,S,NA,W (Sep 30),Deactivated,Sun 4:25 pm vs LAC
May 7,Jordan Oladokun,42123,LAC,CB,NA,W (Sep 30),Deactivated,Sun 4:25 pm @ Sea
May 7,Josh Fuga,42103,LAC,DE,NA,W (Sep 30),Deactivated,Sun 4:25 pm @ Sea
May 7,John Bullock,42099,TB,LB,NA,W (Sep 30),Deactivated,Sun 1:00 pm vs GB
May 7,Courtney Jackson,42071,Ten,WR,NA,W (Sep 30),Deactivated,Sun 1:00 pm @ Bal
May 7,Zah Frazier,41955,Chi,CB,NA,W (Sep 30),Deactivated,Sun 1:00 pm vs NYJ
May 7,Elijah Chatman,41634,Cle,DT,IR,W (Sep 30),Deactivated,Thu 8:15 pm vs Pit
May 7,Swayze Bozeman,41554,Cin,LB,,W (Sep 30),Deactivated,Sun 1:00 pm vs Jax
May 7,Chris Smith II,40178,NYJ,S,NA,W (Sep 30),Deactivated,Sun 1:00 pm @ Chi
May 7,Marlon Tuipulotu,33577,Atl,DT,NA,W (Sep 30),Deactivated,Mon 8:15 pm @ NO
May 7,Nasir Adderley,31892,LAC,S,NA,W (Sep 30),Deactivated,Sun 4:25 pm @ Sea
May 7,Kenny Moore II,30669,Phi,CB,NA,W (Sep 30),Deactivated,Sun 1:00 pm vs LAR
May 7,Jacoby Windmon,41165,Pit,LB,NA,W (Sep 30),Deactivated,Thu 8:15 pm @ Cle
May 5,Zacch Pickens,40111,Atl,"DL,DT",NA,W (Sep 30),Activated,Mon 8:15 pm @ NO
May 5,Tucker Large,43162,Phi,S,NFI-R,W (Sep 30),Deactivated,Sun 1:00 pm vs LAR
May 5,Daequan Hardy,41055,Pit,CB,IR,W (Sep 30),Deactivated,Thu 8:15 pm @ Cle
May 4,K.C. Ossai,42363,Hou,LB,IR,W (Sep 30),Deactivated,Sun 1:00 pm vs Dal
May 4,Jason Maitre,41718,Mia,CB,NA,W (Sep 30),Deactivated,Sun 4:05 pm @ Min
May 4,Isaiah Johnson,41427,Mia,CB,NA,W (Sep 30),Deactivated,Sun 4:05 pm @ Min
May 4,Derrick McLendon,41307,Mia,DE,NA,W (Sep 30),Deactivated,Sun 4:05 pm @ Min
May 4,Jaheim Bell,41106,Pit,TE,NA,W (Sep 30),Activated,Thu 8:15 pm @ Cle
May 4,Zack Kuntz,40255,Dal,TE,NA,W (Sep 30),Deactivated,Sun 1:00 pm @ Hou
May 4,Justin Shorter,40167,LV,"WR,TE",NA,W (Sep 30),Deactivated,Sun 4:25 pm vs KC
May 4,Desmond Ridder,34030,GB,QB,NA,W (Sep 30),Deactivated,Sun 1:00 pm @ TB
May 4,Jake Haener,40144,NYG,QB,NA,W (Sep 30),Deactivated,Sun 1:00 pm vs Ari
May 4,Zacch Pickens,40111,Atl,"DL,DT",NA,W (Sep 30),Deactivated,Mon 8:15 pm @ NO
May 3,Matt Lauter,43130,Min,TE,NA,W (Sep 30),Deactivated,Sun 4:05 pm vs Mia
May 3,Charles Snowden,33914,LV,"LB,DE",SUSP,W (Sep 30),Deactivated,Sun 4:25 pm vs KC
May 2,Ali Gaye,40293,Hou,"LB,DE",IR,W (Sep 30),Activated,Sun 1:00 pm vs Dal
Apr 30,Joseph Vaughn,42603,Sea,LB,NA,W (Sep 30),Deactivated,Sun 4:25 pm vs LAC
Apr 30,Tre Tomlinson,40237,SF,CB,NA,W (Sep 30),Deactivated,Sun 4:25 pm vs Den
Apr 30,Viliami Fehoko Jr.,40140,SF,DE,,W (Sep 30),Deactivated,Sun 4:25 pm vs Den
Apr 30,Jamin Davis,33407,Pit,"LB,DE",NA,W (Sep 30),Deactivated,Thu 8:15 pm @ Cle
Apr 30,Isaiah Raikes,42371,Ten,"DT,DE",NA,W (Sep 30),Deactivated,Sun 1:00 pm @ Bal
Apr 30,Cam Riley,42282,Mia,LB,NA,W (Sep 30),Deactivated,Sun 4:05 pm @ Min
Apr 30,Nate Lynn,41436,NYJ,"LB,DE",NA,W (Sep 30),Deactivated,Sun 1:00 pm @ Chi
Apr 30,Blake Watson,41388,Ten,RB,NA,W (Sep 30),Deactivated,Sun 1:00 pm @ Bal
Apr 30,Ali Gaye,40293,Hou,"LB,DE",IR,W (Sep 30),Deactivated,Sun 1:00 pm vs Dal
Apr 29,ShunDerrick Powell,42460,Phi,RB,NA,W (Sep 30),Deactivated,Sun 1:00 pm vs LAR
Apr 29,Jaheim Bell,41106,Pit,TE,NA,W (Sep 30),Deactivated,Thu 8:15 pm @ Cle
Apr 28,Marshall Lang,42353,Min,TE,NA,W (Sep 30),Deactivated,Sun 4:05 pm vs Mia
Apr 28,John Jiles,41687,NE,WR,NA,W (Sep 30),Deactivated,Sun 1:00 pm @ Buf
Apr 28,John Rhys Plumlee,41135,Pit,WR,NA,W (Sep 30),Deactivated,Thu 8:15 pm @ Cle
Apr 28,Elijah Mitchell,33582,KC,RB,NA,W (Sep 30),Deactivated,Sun 4:25 pm @ LV
Apr 28,Cam Akers,32722,Sea,RB,NA,W (Sep 30),Deactivated,Sun 4:25 pm vs LAC
Apr 27,Patrick McMorris,41057,SF,S,NA,W (Sep 30),Activated,Sun 4:25 pm vs Den
Apr 27,Elijah Cooks,40374,Car,WR,NA,W (Sep 30),Deactivated,Sun 8:20 pm vs Det
Apr 27,Evan Hull,40169,Ari,RB,NA,W (Sep 30),Deactivated,Sun 1:00 pm @ NYG
Apr 27,Samori Toure,34214,Phi,WR,NA,W (Sep 30),Deactivated,Sun 1:00 pm vs LAR
Apr 27,DeMarvin Leal,34040,Pit,"LB,DE",NA,W (Sep 30),Deactivated,Thu 8:15 pm @ Cle
Apr 21,Jaylon Hutchings,41756,Chi,DT,NA,W (Sep 30),Deactivated,Sun 1:00 pm vs NYJ
Apr 17,Tyron Herring,42252,NE,CB,NA,W (Sep 30),Deactivated,Sun 1:00 pm @ Buf
Apr 17,Jamon Johnson,42239,Bal,LB,NA,W (Sep 30),Deactivated,Sun 1:00 pm vs Ten
Apr 17,McCallan Castles,41373,GB,TE,NA,W (Sep 30),Deactivated,Sun 1:00 pm @ TB
