Player,Player ID,Team,Positions,Injury,Game,Roster Status,GP*,Bye,Fantasy Fan Pts,Rankings Pre-Season,Rankings Actual,Trends % Ros,Passing Yds,Passing TD,Passing Int,Rushing Att*,Rushing Yds,Rushing TD,Receiving Tgt*,Receiving Rec,Receiving Yds,Receiving TD,Ret TD,Misc 2PT,Fum Lost
Jahmyr Gibbs,40059,Det,RB,,Sun 1:00 pm vs NYJ,Locked In Michelle,1,6,21.39,1,3,100%,-,-,-,20.4,96.6,0.8,5.5,4.4,35.0,0.3,-,0.1,0.1
Christian McCaffrey,30121,SF,RB,,Sun 4:05 pm vs Ari,Jason's Jazzy Team,1,8,18.48,9,12,100%,-,-,-,15.9,67.5,0.6,5.5,4.7,41.3,0.3,-,0.0,0.1
Bijan Robinson,40055,Atl,RB,,Final W 35-14 @ GB,Dave’s Bone Crushers,1,11,17.89,2,15,100%,-,-,-,18.5,80.3,0.4,5.9,4.5,37.7,0.2,-,0.0,0.1
Jaxon Smith-Njigba,40041,Sea,WR,,Sun 1:00 pm @ Was,Maybe Mitchell,1,11,17.63,4,19,100%,-,-,-,0.4,2.4,0.0,9.7,6.6,102,0.6,-,0.0,0.0
Derrick Henry,29279,Bal,RB,,Sun 4:25 pm @ Dal,JGrahnasaurs,1,13,17.45,8,18,100%,-,-,-,18.7,98.9,0.9,1.7,1.4,13.5,0.1,-,0.1,0.1
Kenneth Walker III,33996,KC,RB,,Sun 1:00 pm @ Mia,Max’s TD Bombers,1,5,17.24,6,21,100%,-,-,-,17.1,80.5,0.6,4.0,3.3,27.1,0.2,-,0.0,0.1
Jonathan Taylor,32711,Ind,RB,,Sun 1:00 pm vs Hou,Max’s TD Bombers,1,13,16.93,3,24,100%,-,-,-,20.7,87.2,0.7,3.7,2.8,22.2,0.1,-,0.1,0.1
Amon-Ra St. Brown,33500,Det,WR,,Sun 1:00 pm vs NYJ,Sunday Kevin,1,6,16.93,5,23,100%,-,-,-,0.2,1.0,0.0,10.2,7.1,88.6,0.7,-,0.0,0.0
Ja'Marr Chase,33393,Cin,WR,,Sun 1:00 pm @ Pit,Steel City,1,6,15.98,11,30,100%,-,-,-,0.2,1.1,0.0,10.1,7.4,89.0,0.5,-,0.0,0.0
De'Von Achane,40118,Mia,RB,,Sun 1:00 pm vs KC,Jason's Jazzy Team,1,6,15.89,23,36,100%,-,-,-,15.7,73.4,0.4,5.3,4.4,30.4,0.2,-,0.0,0.1
CeeDee Lamb,32687,Dal,WR,,Sun 4:25 pm vs Bal,Owl Out Blitz,1,14,15.40,14,37,100%,-,-,-,0.3,1.2,0.0,9.3,6.5,89.4,0.5,-,0.0,0.0
James Cook III,34019,Buf,RB,,Sun 1:00 pm vs LAC,Sunday Kevin,1,7,15.15,7,38,100%,-,-,-,17.0,79.9,0.6,3.1,2.2,18.1,0.1,-,0.0,0.1
Chris Olave,33966,NO,WR,,Sun 4:25 pm vs LV,Sunday Kevin,1,8,14.72,17,40,100%,-,-,-,0.0,0.2,0.0,9.5,6.2,83.0,0.5,-,0.0,0.0
Chase Brown,40196,Cin,RB,,Sun 1:00 pm @ Pit,Steel City,1,6,14.57,10,41,100%,-,-,-,15.7,62.6,0.4,4.8,4.0,25.0,0.2,-,0.0,0.1
Jaylen Warren,34447,Pit,RB,Q,Sun 1:00 pm vs Cin,Dave’s Bone Crushers,1,9,14.45,80,44,94%,-,-,-,15.4,70.7,0.3,4.4,3.5,27.3,0.1,-,0.0,0.1
Breece Hall,33991,NYJ,RB,,Sun 1:00 pm @ Det,Maybe Mitchell,1,13,14.45,32,42,99%,-,-,-,15.2,65.9,0.4,4.1,3.4,29.0,0.2,-,0.0,0.1
Ashton Jeanty,41791,LV,RB,,Sun 4:25 pm @ NO,Max’s TD Bombers,1,13,14.19,13,46,100%,-,-,-,17.7,62.8,0.4,5.6,3.9,24.0,0.2,-,0.0,0.1
Chuba Hubbard,33514,Car,RB,,Sun 1:00 pm @ Cle,Jason's Jazzy Team,1,5,13.81,63,48,95%,-,-,-,18.9,76.5,0.4,3.1,2.5,16.4,0.1,-,0.0,0.1
Saquon Barkley,30972,Phi,RB,,Mon 8:15 pm @ Chi,Monday Night Madison,1,10,13.71,16,49,100%,-,-,-,16.9,75.4,0.4,3.0,2.3,18.4,0.1,-,0.0,0.1
Justin Jefferson,32692,Min,WR,,Sun 4:05 pm @ TB,Maybe Mitchell,1,6,13.44,15,51,100%,-,-,-,0.2,0.7,0.0,9.0,5.7,74.5,0.5,-,0.0,0.0
Javonte Williams,33423,Dal,RB,,Sun 4:25 pm vs Bal,JGrahnasaurs,1,14,13.44,19,52,100%,-,-,-,15.8,63.4,0.7,3.1,2.4,13.0,0.1,-,0.1,0.1
Omarion Hampton,41807,LAC,RB,,Sun 1:00 pm @ Buf,Monday Night Madison,1,7,13.32,20,54,100%,-,-,-,15.8,72.3,0.5,2.7,2.5,15.1,0.1,-,0.0,0.1
Christian Watson,33989,GB,WR,,Final L 14-35 vs Atl,Sunday Kevin,1,11,13.25,31,53,98%,-,-,-,0.1,0.7,0.0,8.0,4.4,75.4,0.6,-,0.0,0.0
George Pickens,34007,Dal,WR,,Sun 4:25 pm vs Bal,Locked In Michelle,1,14,13.16,24,55,100%,-,-,-,0.0,0.2,0.0,7.7,5.3,78.1,0.4,-,0.0,0.0
Cam Skattebo,41922,NYG,RB,,Sun 1:00 pm vs Ten,Locked In Michelle,1,8,13.12,45,56,98%,-,-,-,16.9,69.4,0.5,2.6,2.2,19.3,0.1,-,0.0,0.1
Zay Flowers,40039,Bal,WR,Q,Sun 4:25 pm @ Dal,Jason's Jazzy Team,1,13,12.95,27,57,99%,-,-,-,0.4,2.7,0.0,5.6,4.8,75.8,0.4,-,0.0,0.0
DeVonta Smith,33398,Phi,WR,,Mon 8:15 pm @ Chi,Max’s TD Bombers,1,10,12.84,18,60,100%,-,-,-,0.0,0.1,0.0,8.4,5.5,75.6,0.4,-,0.0,0.0
Trey McBride,34010,Ari,TE,,Sun 4:05 pm @ SF,Maybe Mitchell,1,14,12.69,40,58,100%,-,-,-,0.0,0.2,0.0,9.5,6.6,64.3,0.5,-,0.0,0.0
Garrett Wilson,33965,NYJ,WR,,Sun 1:00 pm @ Det,Steel City,1,13,12.64,34,59,98%,-,-,-,0.2,0.8,0.0,9.0,5.7,72.2,0.4,-,0.0,0.0
Davante Adams,27581,LAR,WR,,Sun 8:20 pm @ Den,JGrahnasaurs,1,11,12.51,56,61,98%,-,-,-,-,-,-,10.4,5.1,69.7,0.5,-,0.0,0.0
Tee Higgins,32703,Cin,WR,,Sun 1:00 pm @ Pit,Jason's Jazzy Team,1,6,12.40,43,62,99%,-,-,-,0.0,0.2,0.0,7.1,4.9,73.9,0.4,-,0.0,0.0
Parker Washington,40234,Jax,WR,,Sun 1:00 pm vs NE,Max’s TD Bombers,1,7,12.37,30,63,97%,-,-,-,0.4,1.7,0.0,8.4,4.9,69.1,0.4,0.0,0.0,0.0
Bucky Irving,40993,TB,RB,,Sun 4:05 pm vs Min,Sunday Kevin,1,10,12.27,35,64,98%,-,-,-,15.3,56.7,0.4,3.9,2.7,21.6,0.1,-,0.0,0.1
David Montgomery,31905,Hou,RB,,Sun 1:00 pm @ Ind,Maybe Mitchell,1,8,12.25,42,65,98%,-,-,-,14.6,55.0,0.6,2.5,2.1,16.4,0.1,-,0.0,0.1
Kyren Williams,34120,LAR,RB,,Sun 8:20 pm @ Den,Locked In Michelle,1,11,12.21,22,66,100%,-,-,-,13.9,61.9,0.5,3.0,2.0,13.6,0.1,-,0.0,0.1
Drake London,33963,Atl,WR,,Final W 35-14 @ GB,Dave’s Bone Crushers,1,11,12.21,39,67,100%,-,-,-,0.1,0.9,0.0,8.6,5.2,68.6,0.4,-,0.0,0.0
Quinshon Judkins,41821,Cle,RB,,Sun 1:00 pm vs Car,Owl Out Blitz,1,11,12.11,76,68,96%,-,-,-,16.0,62.1,0.5,2.7,2.5,15.7,0.1,-,0.0,0.1
D'Andre Swift,32705,Chi,RB,,Mon 8:15 pm vs Phi,Owl Out Blitz,1,10,12.01,21,69,98%,-,-,-,14.5,64.6,0.5,2.9,1.9,14.7,0.1,-,0.0,0.1
Jeremiyah Love,42625,Ari,RB,,Sun 4:05 pm @ SF,Monday Night Madison,1,14,11.86,36,70,99%,-,-,-,11.5,45.7,0.4,4.2,3.3,25.0,0.2,-,0.0,0.1
Jaylen Waddle,33394,Den,WR,,Sun 8:20 pm vs LAR,Owl Out Blitz,1,10,11.70,33,71,99%,-,-,-,0.1,1.0,0.0,8.0,5.0,68.4,0.4,-,0.0,0.0
Tetairoa McMillan,41793,Car,WR,,Sun 1:00 pm @ Cle,Dave’s Bone Crushers,1,5,11.58,44,73,99%,-,-,-,0.0,0.2,0.0,8.4,4.6,69.0,0.4,-,0.0,0.0
Rashee Rice,40084,KC,WR,,Sun 1:00 pm @ Mia,Locked In Michelle,1,5,11.52,48,72,99%,-,-,-,0.4,2.2,0.0,6.2,4.8,58.1,0.5,-,0.0,0.0
Aaron Jones Sr.,30295,Min,RB,,Sun 4:05 pm @ TB,Locked In Michelle,1,6,11.44,82,74,88%,-,-,-,16.1,61.6,0.3,2.9,2.3,16.4,0.1,-,0.0,0.1
Mike Evans,27535,SF,WR,Q,Sun 4:05 pm vs Ari,Owl Out Blitz,1,8,11.07,54,75,96%,-,-,-,-,-,-,6.7,4.6,61.9,0.4,-,0.0,0.0
Jadarian Price,42654,Sea,RB,,Sun 1:00 pm @ Was,Dave’s Bone Crushers,1,11,10.89,81,76,95%,-,-,-,13.0,57.8,0.5,1.6,1.3,12.4,0.1,0.0,0.0,0.1
Jameson Williams,33967,Det,WR,,Sun 1:00 pm vs NYJ,Jason's Jazzy Team,1,6,10.80,58,77,96%,-,-,-,0.5,2.6,0.0,6.3,3.8,61.9,0.4,-,0.0,0.0
DJ Moore,30994,Buf,WR,Q,Sun 1:00 pm vs LAC,Dave’s Bone Crushers,1,7,10.58,55,79,97%,-,-,-,0.3,1.3,0.0,6.7,3.9,56.7,0.5,-,0.0,0.0
Malik Nabers,40899,NYG,WR,,Sun 1:00 pm vs Ten,Sunday Kevin,1,8,10.57,37,78,99%,-,-,-,0.1,0.4,0.0,8.0,4.6,60.8,0.4,-,0.0,0.0
Jalen Coker,41293,Car,WR,Q,Sun 1:00 pm @ Cle,Dave’s Bone Crushers,1,5,10.56,66,81,91%,-,-,-,0.0,0.1,0.0,7.1,4.7,58.7,0.4,-,0.0,0.0
Brock Bowers,40878,LV,TE,Q,Sun 4:25 pm @ NO,Owl Out Blitz,1,13,10.42,47,80,100%,-,-,-,0.1,0.4,0.0,7.2,5.5,53.7,0.4,-,0.0,0.0
DK Metcalf,31896,Pit,WR,,Sun 1:00 pm vs Cin,Jason's Jazzy Team,1,9,10.40,84,83,92%,-,-,-,0.1,0.3,0.0,7.4,4.2,60.2,0.4,-,0.0,0.0
Tony Pollard,31960,Ten,RB,,Sun 1:00 pm @ NYG,Maybe Mitchell,1,9,10.21,129,82,90%,-,-,-,13.4,62.9,0.3,2.3,1.5,9.4,0.0,-,0.0,0.1
Ladd McConkey,40908,LAC,WR,,Sun 1:00 pm @ Buf,Dave’s Bone Crushers,1,7,10.20,52,85,98%,-,-,-,0.1,0.3,0.0,7.2,4.6,58.1,0.3,-,0.0,0.0
TreVeyon Henderson,41823,NE,RB,,Sun 1:00 pm @ Jax,Steel City,1,11,10.07,49,84,94%,-,-,-,11.3,49.7,0.4,2.5,2.1,13.4,0.1,-,0.0,0.1
Dalton Kincaid,40048,Buf,TE,,Sun 1:00 pm vs LAC,Jason's Jazzy Team,1,7,9.94,53,87,98%,-,-,-,-,-,-,6.5,4.2,57.9,0.3,-,0.0,0.0
Mark Andrews,31056,Bal,TE,,Sun 4:25 pm @ Dal,Dave’s Bone Crushers,1,13,9.88,139,88,90%,-,-,-,0.3,1.3,0.0,6.4,4.7,47.9,0.4,-,0.0,0.0
Josh Downs,40126,Ind,WR,,Sun 1:00 pm vs Hou,Dave’s Bone Crushers,1,13,9.81,64,91,89%,-,-,-,0.1,0.6,0.0,7.5,4.7,55.0,0.3,0.0,0.0,0.0
Travis Etienne Jr.,33413,NO,RB,,Sun 4:25 pm vs LV,JGrahnasaurs,1,8,9.80,57,89,97%,-,-,-,11.9,44.8,0.3,2.7,2.3,16.7,0.2,-,0.0,0.1
Matthew Golden,41808,GB,WR,,Final L 14-35 vs Atl,Owl Out Blitz,1,11,9.75,70,90,85%,-,-,-,0.4,2.0,0.0,7.5,4.1,55.2,0.3,-,0.0,0.0
Bhayshul Tuten,41900,Jax,RB,,Sun 1:00 pm vs NE,Steel City,1,7,9.73,46,92,95%,-,-,-,12.2,48.4,0.4,2.3,1.7,12.2,0.1,-,0.0,0.1
George Kittle,30259,SF,TE,,Sun 4:05 pm vs Ari,Owl Out Blitz,1,8,9.62,88,93,97%,-,-,-,0.0,0.0,-,5.3,4.3,52.9,0.4,-,0.0,0.0
Tucker Kraft,40102,GB,TE,,Final L 14-35 vs Atl,Max’s TD Bombers,1,11,9.60,102,94,98%,-,-,-,0.1,0.3,0.0,5.9,4.0,54.3,0.4,-,0.0,0.0
Sam LaPorta,40064,Det,TE,,Sun 1:00 pm vs NYJ,Maybe Mitchell,1,6,9.40,94,95,99%,-,-,-,0.0,0.1,0.0,5.9,4.6,49.8,0.4,-,0.0,0.0
Deebo Samuel Sr.,31868,SF,WR,,Sun 4:05 pm vs Ari,Max’s TD Bombers,1,8,9.39,74,96,84%,-,-,-,1.3,5.2,0.1,5.8,4.1,47.8,0.3,0.0,0.0,0.0
Rhamondre Stevenson,33508,NE,RB,,Sun 1:00 pm @ Jax,Jason's Jazzy Team,1,11,9.33,51,97,94%,-,-,-,9.3,39.2,0.3,2.9,2.3,19.4,0.1,-,0.0,0.0
RJ Harvey,41845,Den,RB,,Sun 8:20 pm vs LAR,Max’s TD Bombers,1,10,9.29,137,98,78%,-,-,-,8.4,33.6,0.2,3.9,3.1,22.2,0.2,-,0.0,0.0
Travis Kelce,26686,KC,TE,,Sun 1:00 pm @ Mia,Sunday Kevin,1,5,9.28,98,99,96%,-,-,-,0.0,0.0,-,5.9,4.6,51.3,0.3,-,0.0,0.0
Xavier Worthy,40877,KC,WR,,Sun 1:00 pm @ Mia,FA,1,5,9.24,77,100,66%,-,-,-,0.9,5.4,0.1,5.7,3.8,45.9,0.3,-,0.0,0.0
Emeka Egbuka,41804,TB,WR,,Sun 4:05 pm vs Min,Monday Night Madison,1,10,9.22,41,101,97%,-,-,-,0.2,0.9,0.0,6.7,3.7,53.0,0.3,-,0.0,0.0
Tyler Warren,41799,Ind,TE,,Sun 1:00 pm vs Hou,Sunday Kevin,1,13,9.22,85,102,99%,-,-,-,0.5,1.3,0.0,7.0,4.7,47.0,0.3,-,0.0,0.0
Michael Wilson,40121,Ari,WR,,Sun 4:05 pm @ SF,Maybe Mitchell,1,14,9.12,71,104,83%,-,-,-,0.0,0.1,0.0,6.7,3.9,52.2,0.3,-,0.0,0.0
Dalton Schultz,31107,Hou,TE,,Sun 1:00 pm @ Ind,Jason's Jazzy Team,1,8,9.11,144,103,81%,-,-,-,-,-,-,7.4,4.9,51.2,0.3,-,0.0,0.0
Romeo Doubs,34088,NE,WR,,Sun 1:00 pm @ Jax,Maybe Mitchell,1,11,9.00,83,105,65%,-,-,-,-,-,-,5.7,3.8,53.0,0.3,-,0.0,0.0
Denzel Boston,42661,Cle,WR,,Sun 1:00 pm vs Car,FA,1,11,8.84,87,110,76%,-,-,-,0.0,0.2,0.0,5.6,3.6,50.7,0.3,-,0.0,0.0
Courtland Sutton,31010,Den,WR,,Sun 8:20 pm vs LAR,JGrahnasaurs,1,10,8.79,72,108,79%,-,-,-,-,-,-,6.3,3.6,48.9,0.4,-,0.0,0.0
Terry McLaurin,31908,Was,WR,,Sun 1:00 pm vs Sea,Monday Night Madison,1,7,8.77,60,111,95%,-,-,-,0.0,0.2,-,6.4,3.9,52.1,0.3,-,0.0,0.0
Luther Burden III,41824,Chi,WR,,Mon 8:15 pm vs Phi,Max’s TD Bombers,1,10,8.72,59,112,95%,-,-,-,0.6,2.6,0.0,6.1,3.9,48.9,0.3,-,0.0,0.0
Hunter Henry,29269,NE,TE,,Sun 1:00 pm @ Jax,Monday Night Madison,1,11,8.64,157,115,58%,-,-,-,-,-,-,5.6,4.1,47.8,0.3,-,0.0,0.0
Quentin Johnston,40051,LAC,WR,,Sun 1:00 pm @ Buf,Sunday Kevin,1,7,8.53,111,127,71%,-,-,-,0.2,1.3,0.0,5.8,3.4,48.4,0.3,-,0.0,0.0
Adonai Mitchell,40915,NYJ,WR,Q,Sun 1:00 pm @ Det,FA,1,13,8.52,89,119,40%,-,-,-,0.1,0.2,0.0,7.2,3.5,51.1,0.3,-,0.0,0.0
J.K. Dobbins,32725,Den,RB,,Sun 8:20 pm vs LAR,Owl Out Blitz,1,10,8.52,118,120,83%,-,-,-,11.6,53.9,0.3,1.8,1.3,6.3,0.1,-,0.0,0.0
Rashod Bateman,33415,Bal,WR,,Sun 4:25 pm @ Dal,FA,1,13,8.46,141,121,44%,-,-,-,0.0,0.1,0.0,6.3,3.4,46.7,0.3,-,0.0,0.0
Jacory Croskey-Merritt,42010,Was,RB,,Sun 1:00 pm vs Sea,Owl Out Blitz,1,7,8.44,110,118,85%,-,-,-,13.4,52.9,0.4,1.0,0.8,4.9,0.0,-,0.0,0.1
Harold Fannin Jr.,41877,Cle,TE,,Sun 1:00 pm vs Car,Locked In Michelle,1,11,8.43,117,125,92%,-,-,-,0.3,1.0,0.0,5.6,4.3,43.7,0.3,-,0.0,0.0
KC Concepcion Jr.,42646,Cle,WR,,Sun 1:00 pm vs Car,Steel City,1,11,8.42,99,124,65%,-,-,-,0.7,3.1,0.0,5.4,3.9,40.9,0.3,0.0,0.0,0.0
Devaughn Vele,41097,NO,WR,,Sun 4:25 pm vs LV,FA,1,8,8.42,92,129,62%,-,-,-,0.0,0.1,0.0,5.9,4.0,48.3,0.3,-,0.0,0.0
Blake Corum,40962,LAR,RB,,Sun 8:20 pm @ Den,Maybe Mitchell,1,11,8.32,95,131,87%,-,-,-,11.4,52.0,0.3,1.1,0.8,4.7,0.0,-,0.0,0.0
Kayshon Boutte,40224,Hou,WR,,Sun 1:00 pm @ Ind,FA,1,8,8.27,127,132,25%,-,-,-,-,-,-,5.2,3.2,49.8,0.3,-,0.0,0.0
Juwan Johnson,33113,NO,TE,,Sun 4:25 pm vs LV,Steel City,1,8,8.08,131,135,77%,-,-,-,-,-,-,5.3,3.9,46.9,0.2,-,0.0,0.0
Michael Pittman Jr.,32704,Pit,WR,Q,Sun 1:00 pm vs Cin,Sunday Kevin,1,9,8.04,121,139,69%,-,-,-,0.0,0.1,0.0,5.8,4.0,44.4,0.3,-,0.0,0.0
Malik Washington,41058,Mia,WR,,Sun 1:00 pm vs KC,FA,1,6,7.88,164,140,19%,-,-,-,0.7,3.4,0.0,6.3,4.1,38.7,0.2,0.0,0.0,0.0
Chris Godwin Jr.,30197,TB,WR,,Sun 4:05 pm vs Min,Steel City,1,10,7.86,65,138,84%,-,-,-,0.3,1.1,0.0,5.4,3.7,42.6,0.3,-,0.0,0.0
Isaiah Likely,34095,NYG,TE,,Sun 1:00 pm vs Ten,Max’s TD Bombers,1,8,7.85,112,141,93%,-,-,-,-,-,-,5.7,4.2,43.2,0.2,-,0.0,0.0
Stefon Diggs,28534,Was,WR,,Sun 1:00 pm vs Sea,Monday Night Madison,1,7,7.85,68,145,90%,-,-,-,0.0,0.2,0.0,6.0,4.0,43.2,0.3,-,0.0,0.0
Jordan Addison,40042,Min,WR,,Sun 4:05 pm @ TB,FA,1,6,7.83,97,143,73%,-,-,-,0.2,1.9,0.0,5.3,3.0,42.2,0.3,-,0.0,0.0
Colston Loveland,41795,Chi,TE,,Mon 8:15 pm vs Phi,Steel City,1,10,7.74,116,147,96%,-,-,-,0.0,0.1,0.0,5.4,3.6,40.3,0.3,-,0.0,0.0
Khalil Shakir,34104,Buf,WR,,Sun 1:00 pm vs LAC,FA,1,7,7.68,109,144,50%,-,-,-,0.1,0.5,0.0,5.6,3.8,42.7,0.2,-,0.0,0.0
Terrance Ferguson,41831,LAR,TE,,Sun 8:20 pm @ Den,FA,1,11,7.68,132,150,33%,-,-,-,-,-,-,5.9,3.3,43.2,0.3,-,0.0,0.0
MarShawn Lloyd,40971,GB,RB,,Final L 14-35 vs Atl,Steel City,1,11,7.68,123,151,73%,-,-,-,9.0,35.7,0.3,2.1,1.4,10.6,0.1,-,0.0,0.0
Brian Thomas Jr.,40883,Jax,WR,,Sun 1:00 pm vs NE,Owl Out Blitz,1,7,7.63,75,153,83%,-,-,-,0.2,1.0,0.0,5.8,3.2,43.3,0.3,-,0.0,0.0
Kyle Monangai,42025,Chi,RB,,Mon 8:15 pm vs Phi,Jason's Jazzy Team,1,10,7.61,114,156,82%,-,-,-,9.8,44.6,0.2,1.5,1.1,9.0,0.0,-,0.0,0.0
Woody Marks,41902,Hou,RB,,Sun 1:00 pm @ Ind,JGrahnasaurs,1,8,7.58,143,159,52%,-,-,-,9.4,34.7,0.2,2.4,1.7,14.1,0.1,-,0.0,0.0
Dontayvion Wicks,40201,Phi,WR,,Mon 8:15 pm @ Chi,Monday Night Madison,1,10,7.54,91,165,49%,-,-,-,0.0,0.1,-,5.0,3.2,43.7,0.3,-,0.0,0.0
Marvin Harrison Jr.,40893,Ari,WR,,Sun 4:05 pm @ SF,Locked In Michelle,1,14,7.53,130,160,82%,-,-,-,0.0,0.1,-,5.1,2.9,43.6,0.3,-,0.0,0.0
Jake Ferguson,34085,Dal,TE,,Sun 4:25 pm vs Bal,JGrahnasaurs,1,14,7.48,133,162,78%,-,-,-,0.0,0.1,0.0,5.2,4.2,34.7,0.3,-,0.0,0.0
Carnell Tate,42626,Ten,WR,,Sun 1:00 pm @ NYG,FA,1,9,7.42,103,166,79%,-,-,-,0.0,0.2,0.0,6.5,3.5,39.7,0.3,-,0.0,0.0
Tre Tucker,40114,LV,WR,,Sun 4:25 pm @ NO,FA,1,13,7.38,96,169,45%,-,-,-,0.4,2.1,0.0,6.2,3.2,41.7,0.2,-,0.0,0.0
Rome Odunze,40901,Chi,WR,,Mon 8:15 pm vs Phi,JGrahnasaurs,1,10,7.34,62,168,92%,-,-,-,0.0,0.2,0.0,5.8,2.9,40.7,0.3,-,0.0,0.0
Rashid Shaheed,34659,Sea,WR,,Sun 1:00 pm @ Was,Maybe Mitchell,1,11,7.31,122,183,38%,-,-,-,0.7,4.3,0.0,4.4,2.7,36.9,0.2,0.1,0.0,0.0
Kyle Pitts Sr.,33392,Atl,TE,,Final W 35-14 @ GB,Dave’s Bone Crushers,1,11,7.29,126,171,87%,-,-,-,-,-,-,5.2,3.8,39.3,0.2,-,0.0,0.0
Jakobi Meyers,32231,Jax,WR,,Sun 1:00 pm vs NE,Locked In Michelle,1,7,7.12,93,174,44%,-,-,-,0.3,1.0,0.0,5.3,3.4,38.6,0.2,-,0.0,0.0
Alvin Kamara,30180,NO,RB,,Sun 4:25 pm vs LV,FA,1,8,7.04,203,178,42%,-,-,-,8.2,28.6,0.2,2.9,2.4,14.1,0.1,-,0.0,0.1
Ryan Flournoy,41087,Dal,WR,,Sun 4:25 pm vs Bal,FA,1,14,7.03,221,177,8%,-,-,-,0.2,0.8,0.0,5.0,3.4,38.4,0.2,-,0.0,0.0
Xavier Hutchinson,40232,Hou,WR,,Sun 1:00 pm @ Ind,FA,1,8,7.00,"2,058",181,6%,-,-,-,0.1,0.5,0.0,5.4,3.3,43.2,0.2,-,0.0,0.0
Wan'Dale Robinson,33998,Ten,WR,,Sun 1:00 pm @ NYG,JGrahnasaurs,1,9,6.97,105,182,47%,-,-,-,0.2,1.1,0.0,5.7,3.6,38.7,0.2,-,0.0,0.0
Keenan Allen,26699,Ind,WR,,Sun 1:00 pm vs Hou,FA,1,13,6.93,204,185,21%,-,-,-,-,-,-,5.8,3.6,38.6,0.2,-,0.0,0.0
Pat Freiermuth,33443,Pit,TE,,Sun 1:00 pm vs Cin,FA,1,9,6.92,168,187,18%,-,-,-,0.1,0.3,0.0,4.9,3.4,37.5,0.2,-,0.0,0.0
Kenny Gainwell,33538,TB,RB,,Sun 4:05 pm vs Min,JGrahnasaurs,1,10,6.81,147,186,65%,-,-,-,6.5,26.1,0.2,2.4,2.1,15.0,0.1,-,0.0,0.0
Brenton Strange,40078,Jax,TE,,Sun 1:00 pm vs NE,FA,1,7,6.75,142,188,28%,-,-,-,-,-,-,4.9,3.4,35.5,0.3,-,0.0,0.0
Oronde Gadsden,41951,LAC,TE,,Sun 1:00 pm @ Buf,FA,1,7,6.75,158,194,21%,-,-,-,-,-,-,5.1,3.1,38.6,0.2,-,0.0,0.0
Rachaad White,34047,Was,RB,,Sun 1:00 pm vs Sea,FA,1,7,6.63,136,199,58%,-,-,-,7.3,28.5,0.1,3.0,2.4,13.3,0.1,-,0.0,0.0
Tyler Allgeier,34107,Ari,RB,,Sun 4:05 pm @ SF,FA,1,14,6.51,159,197,43%,-,-,-,8.8,32.9,0.2,1.8,1.5,9.8,0.1,-,0.0,0.0
DeMario Douglas,40222,NE,WR,,Sun 1:00 pm @ Jax,FA,1,11,6.28,227,206,3%,-,-,-,0.4,1.8,0.0,4.9,3.1,35.8,0.2,-,0.0,0.0
Tyjae Spears,40119,Ten,RB,Q,Sun 1:00 pm @ NYG,FA,1,9,6.27,178,201,34%,-,-,-,6.0,26.1,0.2,2.4,1.9,12.4,0.1,-,0.0,0.0
T.J. Hockenson,31840,Min,TE,,Sun 4:05 pm @ TB,FA,1,6,6.22,161,203,28%,-,-,-,-,-,-,4.7,3.4,31.9,0.2,-,0.0,0.0
Kenyon Sadiq,42638,NYJ,TE,,Sun 1:00 pm @ Det,FA,1,13,6.16,169,204,17%,-,-,-,0.0,0.2,0.0,4.6,3.3,33.0,0.2,-,0.0,0.0
Tre' Harris,41840,LAC,WR,,Sun 1:00 pm @ Buf,FA,1,7,6.12,149,209,4%,-,-,-,0.0,0.2,0.0,5.0,2.9,35.4,0.2,-,0.0,0.0
Greg Dulcich,34036,Mia,TE,,Sun 1:00 pm vs KC,FA,1,6,6.08,175,208,7%,-,-,-,-,-,-,4.0,3.1,33.8,0.2,-,0.0,0.0
Mack Hollins,30231,NE,WR,,Sun 1:00 pm @ Jax,FA,1,11,6.05,261,212,3%,-,-,-,0.0,0.1,0.0,5.2,3.0,35.6,0.2,-,0.0,0.0
AJ Barner,41001,Sea,TE,,Sun 1:00 pm @ Was,FA,1,11,5.97,166,213,13%,-,-,-,0.5,1.9,0.0,3.6,2.7,28.2,0.2,-,0.0,0.0
Pat Bryant,41860,Den,WR,,Sun 8:20 pm vs LAR,FA,1,10,5.88,154,214,8%,-,-,-,0.1,0.4,0.0,4.7,2.8,32.8,0.2,-,0.0,0.0
Jaylin Noel,41885,Hou,WR,,Sun 1:00 pm @ Ind,FA,1,8,5.86,217,215,3%,-,-,-,0.3,1.3,0.0,3.5,2.4,33.0,0.2,0.0,0.0,0.0
Makai Lemon,42642,Phi,WR,,Mon 8:15 pm @ Chi,FA,1,10,5.79,120,218,50%,-,-,-,0.2,1.0,0.0,3.9,2.9,29.1,0.2,-,0.0,0.0
Keaton Mitchell,40641,LAC,RB,,Sun 1:00 pm @ Buf,FA,1,7,5.67,163,221,31%,-,-,-,5.2,26.0,0.2,1.9,1.4,10.7,0.1,-,0.0,0.0
Malachi Fields,42696,NYG,WR,,Sun 1:00 pm vs Ten,FA,1,8,5.67,174,219,11%,-,-,-,0.0,0.1,0.0,3.9,2.6,34.2,0.2,-,0.0,0.0
Jalen Nailor,34147,LV,WR,,Sun 4:25 pm @ NO,FA,1,13,5.63,181,222,10%,-,-,-,0.1,0.4,0.0,4.2,2.4,32.1,0.2,-,0.0,0.0
Darren Waller,28592,Car,TE,,Sun 1:00 pm @ Cle,FA,1,5,5.56,156,224,14%,-,-,-,-,-,-,3.7,2.6,27.9,0.2,-,0.0,0.0
Cade Otton,34062,TB,TE,,Sun 4:05 pm vs Min,FA,1,10,5.49,194,225,3%,-,-,-,-,-,-,4.5,3.1,29.6,0.2,-,0.0,0.0
Tyquan Thornton,34005,KC,WR,,Sun 1:00 pm @ Mia,FA,1,5,5.48,195,226,5%,-,-,-,-,-,-,3.2,2.0,32.0,0.2,-,0.0,0.0
Chris Bell,42716,Mia,WR,,Sun 1:00 pm vs KC,FA,1,6,5.34,202,229,4%,-,-,-,0.0,0.1,-,3.9,2.4,31.3,0.2,-,0.0,0.0
Emanuel Wilson,40707,Sea,RB,,Sun 1:00 pm @ Was,FA,1,11,5.29,200,231,25%,-,-,-,7.4,32.6,0.2,0.8,0.6,4.1,0.0,-,0.0,0.0
Emmett Johnson,42796,KC,RB,,Sun 1:00 pm @ Mia,FA,1,5,5.28,188,230,36%,-,-,-,4.9,21.0,0.1,1.5,1.4,12.4,0.1,-,0.0,0.0
Braelon Allen,40981,NYJ,RB,,Sun 1:00 pm @ Det,FA,1,13,5.24,223,232,17%,-,-,-,6.0,24.9,0.2,1.1,0.9,6.8,0.1,-,0.0,0.0
Kaleb Johnson,41881,GB,RB,,Final L 14-35 vs Atl,W (Sep 30),1,11,5.18,196,235,7%,-,-,-,8.6,31.7,0.2,0.7,0.6,4.4,0.0,-,0.0,0.0
Kaelon Black,42712,SF,RB,,Sun 4:05 pm vs Ari,FA,1,8,5.12,153,236,50%,-,-,-,6.5,28.2,0.1,0.8,0.9,7.9,0.0,-,0.0,0.0
Cooper Kupp,30182,Sea,WR,,Sun 1:00 pm @ Was,FA,1,11,5.12,225,247,9%,-,-,-,0.0,0.2,0.0,3.4,2.1,29.7,0.2,-,0.0,0.0
Mike Gesicki,31012,Cin,TE,,Sun 1:00 pm @ Pit,FA,1,6,5.11,183,237,5%,-,-,-,-,-,-,3.7,2.5,28.4,0.2,-,0.0,0.0
Chris Brooks,40625,GB,RB,,Final L 14-35 vs Atl,W (Sep 30),1,11,5.06,280,238,3%,-,-,-,5.1,21.2,0.1,2.1,1.5,10.4,0.1,-,0.0,0.0
Justice Hill,31945,Bal,RB,,Sun 4:25 pm @ Dal,FA,1,13,5.05,267,239,4%,-,-,-,2.9,13.4,0.1,2.8,2.0,16.9,0.1,-,0.0,0.0
Kalif Raymond,29631,Chi,WR,,Mon 8:15 pm vs Phi,JGrahnasaurs,1,10,5.02,125,241,8%,-,-,-,0.2,0.9,0.0,4.3,2.5,28.2,0.1,0.0,0.0,0.0
Gunnar Helm,41905,Ten,TE,,Sun 1:00 pm @ NYG,FA,1,9,4.97,198,242,2%,-,-,-,-,-,-,4.3,2.9,24.0,0.2,-,0.0,0.0
Jauan Jennings,32887,Min,WR,,Sun 4:05 pm @ TB,FA,1,6,4.90,219,245,5%,-,-,-,-,-,-,3.1,2.1,25.2,0.2,-,0.0,0.0
Kendrick Bourne,30551,Ari,WR,,Sun 4:05 pm @ SF,FA,1,14,4.90,252,244,2%,-,-,-,0.0,0.1,-,4.1,2.3,29.3,0.1,-,0.0,0.0
Colby Parkinson,32803,LAR,TE,Q,Sun 8:20 pm @ Den,FA,1,11,4.86,236,246,1%,-,-,-,-,-,-,3.9,2.4,24.0,0.2,-,0.0,0.0
Jerry Jeudy,32685,Cle,WR,,Sun 1:00 pm vs Car,FA,1,11,4.83,218,248,6%,-,-,-,0.1,0.3,0.0,4.6,2.2,26.6,0.2,-,0.0,0.0
Brian Robinson,34054,Atl,RB,,Final W 35-14 @ GB,W (Sep 30),1,11,4.71,222,249,22%,-,-,-,7.1,27.1,0.2,0.9,0.6,4.0,0.0,0.0,0.0,0.0
Ted Hurst III,42706,TB,WR,,Sun 4:05 pm vs Min,FA,1,10,4.66,145,250,2%,-,-,-,0.0,0.1,0.0,3.7,2.1,27.2,0.2,-,0.0,0.0
Chris Rodriguez Jr.,40231,Jax,RB,,Sun 1:00 pm vs NE,FA,1,7,4.61,209,251,40%,-,-,-,6.2,25.7,0.2,0.5,0.5,3.8,0.0,-,0.0,0.0
Evan Engram,30136,Den,TE,,Sun 8:20 pm vs LAR,FA,1,10,4.60,207,252,3%,-,-,-,0.0,0.1,-,3.8,2.7,24.5,0.1,-,0.0,0.0
Keon Coleman,40911,Buf,WR,Q,Sun 1:00 pm vs LAC,FA,1,7,4.46,155,253,6%,-,-,-,0.0,0.1,-,3.0,2.0,24.5,0.2,-,0.0,0.0
Calvin Ridley,30996,Ten,WR,,Sun 1:00 pm @ NYG,FA,1,9,4.37,238,254,2%,-,-,-,0.1,0.3,0.0,3.2,1.6,25.8,0.2,-,0.0,0.0
Darnell Mooney,32843,NYG,WR,,Sun 1:00 pm vs Ten,FA,1,8,4.27,244,257,2%,-,-,-,0.1,0.3,0.0,3.2,1.8,26.8,0.1,-,0.0,0.0
George Holani,41344,Sea,RB,,Sun 1:00 pm @ Was,FA,1,11,4.26,246,260,6%,-,-,-,4.5,18.3,0.1,1.4,1.2,8.6,0.1,-,0.0,0.0
Isaac TeSlaa,41865,Det,WR,,Sun 1:00 pm vs NYJ,FA,1,6,4.24,232,258,3%,-,-,-,0.0,0.1,0.0,2.5,1.5,22.8,0.2,-,0.0,0.0
Isaiah Williams,41421,NYJ,WR,,Sun 1:00 pm @ Det,FA,1,13,4.22,"2,274",259,1%,-,-,-,0.2,1.0,0.0,3.8,2.4,21.4,0.1,0.0,0.0,0.0
Samaje Perine,30227,Cin,RB,,Sun 1:00 pm @ Pit,FA,1,6,4.10,254,263,4%,-,-,-,4.1,15.9,0.1,1.6,1.3,9.2,0.0,-,0.0,0.0
Xavier Legette,40890,Car,WR,Q,Sun 1:00 pm @ Cle,FA,1,5,4.06,282,264,1%,-,-,-,0.1,0.3,0.0,3.1,1.9,21.7,0.2,-,0.0,0.0
LaJohntay Wester,42000,Bal,WR,,Sun 4:25 pm @ Dal,FA,1,13,4.00,"2,758",265,0%,-,-,-,0.0,0.1,0.0,2.4,1.6,21.8,0.2,0.0,0.0,0.0
Jahan Dotson,33971,Atl,WR,,Final W 35-14 @ GB,W (Sep 30),1,11,3.95,269,266,1%,-,-,-,0.0,0.0,-,3.5,1.8,22.1,0.1,-,0.0,0.0
Jack Bech,41843,LV,WR,,Sun 4:25 pm @ NO,FA,1,13,3.87,260,267,1%,-,-,-,0.0,0.1,-,3.2,1.9,21.5,0.1,-,0.0,0.0
Roman Wilson,40952,Pit,WR,,Sun 1:00 pm vs Cin,FA,1,9,3.82,288,272,0%,-,-,-,0.0,0.2,0.0,3.5,1.8,21.1,0.1,-,0.0,0.0
Devin Singletary,31906,NYG,RB,,Sun 1:00 pm vs Ten,FA,1,8,3.80,268,268,7%,-,-,-,4.8,18.6,0.1,1.3,0.9,7.0,0.0,-,0.0,0.0
Devontez Walker,40991,Bal,WR,,Sun 4:25 pm @ Dal,FA,1,13,3.79,"2,049",269,0%,-,-,-,0.0,0.2,0.0,2.4,1.3,22.8,0.1,-,0.0,0.0
Antonio Williams,42693,Was,WR,,Sun 1:00 pm vs Sea,FA,1,7,3.77,170,270,8%,0.1,-,-,0.1,0.3,0.0,3.0,1.9,20.7,0.1,-,0.0,0.0
Raheim Sanders,42139,Cle,RB,,Sun 1:00 pm vs Car,FA,1,11,3.76,296,271,1%,-,-,-,3.6,14.4,0.1,1.8,1.3,9.1,0.1,-,0.0,0.0
Bryce Lance,42758,NO,WR,,Sun 4:25 pm vs LV,FA,1,8,3.72,256,274,0%,-,-,-,-,-,-,2.7,1.7,20.9,0.1,-,0.0,0.0
Germie Bernard,42669,Pit,WR,,Sun 1:00 pm vs Cin,FA,1,9,3.70,230,275,1%,-,-,-,0.1,0.5,0.0,2.7,1.6,20.0,0.1,-,0.0,0.0
Kevin Coleman Jr.,42768,Mia,WR,,Sun 1:00 pm vs KC,FA,1,6,3.69,283,273,0%,-,-,-,-,-,-,3.4,1.8,22.7,0.1,-,0.0,0.0
Michael Mayer,40065,LV,TE,,Sun 4:25 pm @ NO,FA,1,13,3.69,237,276,10%,-,-,-,-,-,-,3.5,2.3,19.7,0.1,-,0.0,0.0
Elic Ayomanor,41904,Ten,WR,,Sun 1:00 pm @ NYG,FA,1,9,3.60,276,277,1%,-,-,-,-,-,-,2.9,1.5,20.7,0.1,-,0.0,0.0
Mike Washington Jr.,42744,LV,RB,,Sun 4:25 pm @ NO,FA,1,13,3.60,162,278,34%,-,-,-,4.3,17.3,0.1,0.9,0.7,6.4,0.0,-,0.0,0.0
Laquon Treadwell,29257,Ind,WR,,Sun 1:00 pm vs Hou,FA,1,13,3.49,"2,726",281,0%,-,-,-,-,-,-,3.2,1.3,23.1,0.1,-,0.0,0.0
Tank Bigsby,40095,Phi,RB,,Mon 8:15 pm @ Chi,Monday Night Madison,1,10,3.49,180,279,37%,-,-,-,3.8,18.0,0.1,0.7,0.5,4.5,0.0,-,0.0,0.0
Jalen McMillan,40954,TB,WR,,Sun 4:05 pm vs Min,FA,1,10,3.39,215,282,9%,-,-,-,0.1,0.7,0.0,1.5,1.3,18.8,0.1,-,0.0,0.0
Dawson Knox,31928,Buf,TE,,Sun 1:00 pm vs LAC,FA,1,7,3.30,332,283,1%,-,-,-,-,-,-,2.0,1.5,16.1,0.2,-,0.0,0.0
Emari Demercado,40430,Dal,RB,,Sun 4:25 pm vs Bal,FA,1,14,3.27,262,284,2%,-,-,-,3.6,17.0,0.1,0.7,0.8,6.2,0.0,-,0.0,0.0
Darnell Washington,40094,Pit,TE,,Sun 1:00 pm vs Cin,FA,1,9,3.15,"2,066",288,1%,-,-,-,-,-,-,2.3,1.6,17.4,0.1,-,0.0,0.0
Jared Wayne,40288,Hou,WR,,Sun 1:00 pm @ Ind,FA,1,8,3.10,"2,279",285,0%,-,-,-,0.0,0.1,0.0,2.3,1.4,17.3,0.1,-,0.0,0.0
Travis Homer,32036,Pit,RB,,Sun 1:00 pm vs Cin,FA,1,9,3.10,"2,797",286,0%,-,-,-,2.9,13.7,0.1,1.0,0.8,6.0,0.0,-,0.0,0.0
Skyy Moore,34009,GB,WR,,Final L 14-35 vs Atl,W (Sep 30),1,11,3.10,"2,724",287,1%,-,-,-,0.1,0.8,0.0,2.7,1.4,17.4,0.1,0.0,0.0,0.0
Joshua Palmer,33465,Buf,WR,,Sun 1:00 pm vs LAC,FA,1,7,3.08,340,294,5%,-,-,-,-,-,-,1.7,1.3,19.6,0.1,-,0.0,0.0
Najee Harris,33412,NYG,RB,,Sun 1:00 pm vs Ten,FA,1,8,3.02,229,289,4%,-,-,-,4.3,16.5,0.1,0.5,0.4,3.1,0.0,-,0.0,0.0
Chris Moore,29341,Bal,WR,,Sun 4:25 pm @ Dal,FA,1,13,2.97,"2,252",290,0%,-,-,-,-,-,-,1.9,1.1,17.9,0.1,-,0.0,0.0
Kyle Williams,41864,NE,WR,,Sun 1:00 pm @ Jax,FA,1,11,2.87,249,280,0%,-,-,-,0.1,0.4,0.0,2.0,1.1,16.7,0.1,0.0,0.0,0.0
KaVontae Turpin,34709,Dal,WR,,Sun 4:25 pm vs Bal,FA,1,14,2.86,"2,091",293,4%,-,-,-,0.9,5.7,0.0,1.0,0.8,11.1,0.1,0.0,0.0,0.0
Troy Franklin,41009,Den,WR,,Sun 8:20 pm vs LAR,FA,1,10,2.86,259,292,1%,-,-,-,0.2,0.9,0.0,1.5,1.3,14.9,0.1,-,0.0,0.0
Dohnte Meyers,42616,Cin,WR,,Sun 1:00 pm @ Pit,FA,1,6,2.75,"2,517",295,0%,-,-,-,0.3,1.3,0.0,1.7,1.2,14.1,0.1,0.0,0.0,0.0
Johnny Mundt,30373,Phi,TE,,Mon 8:15 pm @ Chi,FA,1,10,2.74,"2,498",296,0%,-,-,-,-,-,-,1.9,1.6,16.5,0.1,-,0.0,0.0
Ollie Gordon II,41969,Mia,RB,,Sun 1:00 pm vs KC,FA,1,6,2.71,295,310,0%,-,-,-,3.6,10.9,0.1,0.9,0.8,4.9,0.0,-,0.0,0.0
Zachariah Branch,42701,Atl,WR,,Final W 35-14 @ GB,W (Sep 30),1,11,2.67,255,297,2%,-,-,-,0.2,0.7,0.0,1.5,1.2,11.4,0.1,0.0,0.0,0.0
DeeJay Dallas,32814,Min,RB,,Sun 4:05 pm @ TB,FA,1,6,2.64,"2,792",298,1%,-,-,-,2.8,11.1,0.1,1.2,0.9,5.5,0.0,-,0.0,0.0
Colbie Young,42762,Cin,WR,,Sun 1:00 pm @ Pit,FA,1,6,2.60,"2,530",300,0%,-,-,-,0.0,0.1,-,1.8,1.3,15.0,0.1,-,0.0,0.0
Sione Vaki,41006,Det,RB,,Sun 1:00 pm vs NYJ,FA,1,6,2.60,266,299,1%,-,-,-,2.7,11.6,0.1,0.4,0.6,6.1,0.0,-,0.0,0.0
Theo Johnson,41003,NYG,TE,,Sun 1:00 pm vs Ten,FA,1,8,2.58,327,301,0%,-,-,-,-,-,-,1.8,1.2,15.0,0.1,-,0.0,0.0
Cole Kmet,32713,Chi,TE,,Mon 8:15 pm vs Phi,FA,1,10,2.52,337,302,1%,-,-,-,-,-,-,2.1,1.3,13.3,0.1,-,0.0,0.0
Elijah Arroyo,41835,Sea,TE,,Sun 1:00 pm @ Was,FA,1,11,2.50,"2,238",291,0%,-,-,-,-,-,-,1.6,1.0,13.5,0.1,-,0.0,0.0
Noah Fant,31852,NO,TE,,Sun 4:25 pm vs LV,FA,1,8,2.49,323,304,0%,-,-,-,-,-,-,2.1,1.4,12.6,0.1,-,0.0,0.0
AJ Dillon,32732,Car,RB,,Sun 1:00 pm @ Cle,FA,1,5,2.47,"2,769",303,1%,-,-,-,3.8,14.6,0.1,0.8,0.4,2.8,0.0,-,0.0,0.0
Erick All Jr.,40989,Cin,TE,,Sun 1:00 pm @ Pit,FA,1,6,2.45,"2,236",305,0%,-,-,-,-,-,-,1.6,1.4,12.8,0.1,-,0.0,0.0
Noah Gray,33550,KC,TE,,Sun 1:00 pm @ Mia,FA,1,5,2.43,"2,232",306,0%,-,-,-,-,-,-,1.7,1.3,12.6,0.1,-,0.0,0.0
Dyami Brown,33470,Was,WR,,Sun 1:00 pm vs Sea,FA,1,7,2.40,"2,486",308,0%,0.1,0.0,-,0.1,0.4,0.0,2.3,1.2,13.2,0.1,-,0.0,0.0
Jonnu Smith,30213,GB,TE,,Final L 14-35 vs Atl,W (Sep 30),1,11,2.39,330,309,0%,-,-,-,0.0,0.2,0.0,1.9,1.4,11.9,0.1,-,0.0,0.0
Zach Ertz,26658,Phi,TE,NA,Mon 8:15 pm @ Chi,FA,1,10,2.38,322,311,2%,-,-,-,-,-,-,1.7,1.2,12.6,0.1,-,0.0,0.0
Ray Davis,40980,Buf,RB,,Sun 1:00 pm vs LAC,FA,1,7,2.38,228,312,11%,-,-,-,3.0,13.1,0.1,0.5,0.3,2.9,0.0,-,0.0,0.0
Nicholas Singleton,42763,Ten,RB,,Sun 1:00 pm @ NYG,FA,1,9,2.36,281,313,2%,-,-,-,2.5,11.5,0.1,0.1,0.4,4.0,0.0,-,0.0,0.0
Olamide Zaccheaus,32123,Atl,WR,,Final W 35-14 @ GB,W (Sep 30),1,11,2.34,"2,086",314,0%,-,-,-,0.1,0.5,0.0,2.3,1.2,11.9,0.1,-,0.0,0.0
Jordan Whittington,41083,LAR,WR,,Sun 8:20 pm @ Den,FA,1,11,2.32,"2,683",315,0%,-,-,-,0.1,0.5,0.0,2.3,1.2,12.4,0.1,0.0,0.0,0.0
Ty Johnson,32018,Buf,RB,,Sun 1:00 pm vs LAC,FA,1,7,2.31,297,316,0%,-,-,-,1.7,6.7,0.1,1.1,0.7,7.0,0.0,-,0.0,0.0
Will Shipley,41002,Phi,RB,,Mon 8:15 pm @ Chi,FA,1,10,2.29,310,318,1%,-,-,-,1.8,7.2,0.0,1.0,1.0,7.0,0.0,0.0,0.0,0.0
Tommy Tremble,33471,Car,TE,,Sun 1:00 pm @ Cle,FA,1,5,2.28,"2,068",317,0%,-,-,-,-,-,-,2.1,1.3,10.9,0.1,-,0.0,0.0
Eli Heidenreich,42852,Pit,RB,,Sun 1:00 pm vs Cin,FA,1,9,2.25,309,319,1%,-,-,-,3.3,14.3,0.1,0.3,0.3,2.5,0.0,-,0.0,0.0
Ryan Miller,40676,Mia,WR,Q,Sun 1:00 pm vs KC,FA,-,6,2.17,"2,050",322,0%,-,-,-,-,-,-,1.5,0.9,13.0,0.1,-,0.0,0.0
Travis Hunter,41787,Jax,WR,,Sun 1:00 pm vs NE,FA,1,7,2.16,243,320,10%,-,-,-,0.2,0.8,0.0,1,1.0,10.5,0.1,-,0.0,0.0
Marvin Mims Jr.,40090,Den,WR,Q,Sun 8:20 pm vs LAR,FA,1,10,2.16,274,323,1%,-,-,-,0.4,1.9,0.0,1.0,0.8,7.8,0.1,0.1,0.0,0.0
Josh Oliver,31901,Min,TE,,Sun 4:05 pm @ TB,FA,1,6,2.16,"2,047",324,0%,-,-,-,-,-,-,1.4,1.1,11.6,0.1,-,0.0,0.0
Eli Raridon,42717,NE,TE,Q,Sun 1:00 pm @ Jax,FA,1,11,2.14,"2,076",321,0%,-,-,-,-,-,-,1.1,1.0,11.3,0.1,-,0.0,0.0
Foster Moreau,31969,Hou,TE,,Sun 1:00 pm @ Ind,FA,1,8,2.10,"2,106",325,0%,-,-,-,-,-,-,1.7,1.1,11.4,0.1,-,0.0,0.0
Konata Mumpfield,42035,LAR,WR,,Sun 8:20 pm @ Den,FA,1,11,2.05,"2,692",326,1%,-,-,-,0.0,0.1,0.0,2.2,1.0,11.0,0.1,-,0.0,0.0
Will Kacmarek,42709,Mia,TE,,Sun 1:00 pm vs KC,FA,1,6,2.05,"2,286",327,0%,-,-,-,-,-,-,1.6,1.2,11.0,0.1,-,0.0,0.0
Jeremy Ruckert,34057,NYJ,TE,,Sun 1:00 pm @ Det,FA,1,13,2.02,"2,271",328,0%,-,-,-,-,-,-,1.6,1.2,10.1,0.1,-,0.0,0.0
Tez Johnson,42030,TB,WR,,Sun 4:05 pm vs Min,FA,1,10,2.01,"2,071",329,0%,-,-,-,0.3,1.0,0.0,1.4,0.8,10.6,0.1,-,0.0,0.0
Ben Sinnott,40931,Was,TE,,Sun 1:00 pm vs Sea,FA,1,7,2.01,"2,119",330,0%,-,-,-,0.0,0.1,-,1.7,1.2,10.4,0.1,-,0.0,0.0
Demond Claiborne,42820,Min,RB,,Sun 4:05 pm @ TB,FA,1,6,1.99,286,331,3%,-,-,-,1.8,6.7,0.1,0.6,0.6,5.1,0.0,-,0.0,0.0
Seth McGowan,42859,Ind,RB,,Sun 1:00 pm vs Hou,FA,1,13,1.99,287,332,1%,-,-,-,2.5,9.3,0.0,0.5,0.6,3.9,0.0,-,0.0,0.0
Darius Cooper,42464,Phi,WR,,Mon 8:15 pm @ Chi,FA,1,10,1.98,"2,267",333,0%,-,-,-,-,-,-,1.4,0.9,10.9,0.1,-,0.0,0.0
Chimere Dike,41903,Ten,WR,,Sun 1:00 pm @ NYG,FA,1,9,1.96,264,335,1%,-,-,-,0.3,1.3,0.0,0.9,0.7,6.4,0.1,0.0,0.0,0.0
Ameer Abdullah,28442,Jax,RB,,Sun 1:00 pm vs NE,FA,1,7,1.96,"2,672",334,0%,-,-,-,2.2,9.2,0.0,0.6,0.6,3.9,0.0,0.0,0.0,0.0
Kyle Juszczyk,26753,SF,RB,,Sun 4:05 pm vs Ari,FA,1,8,1.94,"2,098",336,0%,-,-,-,0.1,0.4,0.0,1.2,0.9,9.0,0.1,-,0.0,0.0
Jacob Cowing,40996,SF,WR,,Sun 4:05 pm vs Ari,FA,1,8,1.91,"2,686",337,0%,-,-,-,0.0,0.1,0.0,1.4,0.8,11.0,0.1,0.0,0.0,0.0
Tutu Atwell,33445,LAR,WR,,Sun 8:20 pm @ Den,FA,1,11,1.90,"2,234",338,0%,-,-,-,0.0,0.1,-,0.6,0.6,14.8,0.0,-,0.0,0.0
Durham Smythe,31093,Bal,TE,,Sun 4:25 pm @ Dal,FA,1,13,1.89,"2,689",339,0%,-,-,-,-,-,-,1.3,1.0,10.0,0.1,-,0.0,0.0
Matt Hibner,42755,Bal,TE,,Sun 4:25 pm @ Dal,FA,1,13,1.89,"2,247",340,0%,-,-,-,-,-,-,1.0,0.9,10.3,0.1,-,0.0,0.0
Austin Hooper,29315,Atl,TE,,Final W 35-14 @ GB,W (Sep 30),1,11,1.88,344,341,0%,-,-,-,-,-,-,1.6,1.0,10.3,0.1,-,0.0,0.0
Kaytron Allen,42809,Was,RB,,Sun 1:00 pm vs Sea,FA,1,7,1.79,265,343,1%,-,-,-,2.6,9.7,0.0,0.3,0.4,2.5,0.0,-,0.0,0.0
Isaiah Bond,42598,Cle,WR,,Sun 1:00 pm vs Car,FA,1,11,1.78,"2,527",345,0%,-,-,-,0.1,0.7,0.0,0.9,0.6,10.6,0.1,-,0.0,0.0
Jalen Tolbert,34044,Mia,WR,,Sun 1:00 pm vs KC,FA,1,6,1.78,"2,092",342,0%,-,-,-,-,-,-,1.4,0.8,9.9,0.1,-,0.0,0.0
Daniel Bellinger,34068,Ten,TE,,Sun 1:00 pm @ NYG,FA,1,9,1.77,"2,094",344,0%,-,-,-,-,-,-,1.1,0.8,10.2,0.1,-,0.0,0.0
Luke Farrell,33533,SF,TE,,Sun 4:05 pm vs Ari,FA,1,8,1.75,"2,512",346,0%,-,-,-,-,-,-,1.2,1.0,8.6,0.1,-,0.0,0.0
Tory Horton,41952,Sea,WR,,Sun 1:00 pm @ Was,FA,1,11,1.72,335,307,0%,-,-,-,0.0,0.1,0.0,1.3,0.6,8.9,0.1,-,0.0,0.0
Derius Davis,40133,LAC,WR,,Sun 1:00 pm @ Buf,FA,1,7,1.71,"2,780",347,0%,-,-,-,0.1,0.3,0.0,1.1,0.7,7.3,0.0,0.1,0.0,0.0
Marlin Klein,42681,Hou,TE,,Sun 1:00 pm @ Ind,FA,1,8,1.71,"2,233",348,0%,-,-,-,-,-,-,0.8,0.8,10.0,0.0,-,0.0,0.0
Tyler Higbee,29344,LAR,TE,,Sun 8:20 pm @ Den,FA,1,11,1.66,347,349,0%,-,-,-,-,-,-,1.1,0.9,9.0,0.1,-,0.0,0.0
Drew Sample,31884,Cin,TE,,Sun 1:00 pm @ Pit,FA,1,6,1.65,"2,113",350,0%,-,-,-,0.0,0.1,0.0,1.2,1.0,8.5,0.1,-,0.0,0.0
Xavier Smith,40399,LAR,WR,,Sun 8:20 pm @ Den,FA,1,11,1.62,"2,718",351,0%,-,-,-,0.0,0.1,0.0,1.0,0.7,10.0,0.0,0.0,0.0,0.0
Adam Trautman,32775,Den,TE,,Sun 8:20 pm vs LAR,FA,1,10,1.61,"2,090",352,0%,-,-,-,-,-,-,1.3,0.9,8.8,0.0,-,0.0,0.0
Nate Adkins,40702,Den,TE,,Sun 8:20 pm vs LAR,FA,1,10,1.61,"2,084",353,0%,-,-,-,0.1,0.4,0.0,1.2,0.8,7.7,0.1,-,0.0,0.0
Malik Benson,42817,LV,WR,,Sun 4:25 pm @ NO,FA,1,13,1.59,"2,642",354,0%,-,-,-,0.1,0.6,0.0,0.7,0.7,8.1,0.0,0.0,0.0,0.0
John Bates,33512,Was,TE,,Sun 1:00 pm vs Sea,FA,1,7,1.56,"2,272",356,0%,-,-,-,-,-,-,1.4,1.0,8.0,0.0,-,0.0,0.0
Mitchell Evans,41949,Car,TE,,Sun 1:00 pm @ Cle,FA,1,5,1.55,"2,102",355,0%,-,-,-,0.0,0.1,0.0,1.2,0.8,7.8,0.1,-,0.0,0.0
Darius Slayton,32003,Ind,WR,,Sun 1:00 pm vs Hou,FA,1,13,1.52,"2,044",358,0%,-,-,-,-,-,-,1.4,0.7,10.2,0.0,-,0.0,0.0
Oscar Delp,42695,NO,TE,,Sun 4:25 pm vs LV,FA,1,8,1.51,"2,265",360,0%,-,-,-,-,-,-,0.8,0.8,7.6,0.1,-,0.0,0.0
Bo Melton,34185,GB,WR,,Final L 14-35 vs Atl,W (Sep 30),1,11,1.50,"2,721",357,0%,-,-,-,0.2,1.0,0.0,0.7,0.6,9.3,0.0,0.0,0.0,0.0
Jaleel McLaughlin,40696,Cle,RB,,Sun 1:00 pm vs Car,FA,1,11,1.47,"2,666",359,0%,-,-,-,1.2,5.4,0.0,0.7,0.5,3.3,0.0,-,0.0,0.0
Blake Whiteheart,40433,Cle,TE,,Sun 1:00 pm vs Car,FA,1,11,1.44,"2,514",361,0%,-,-,-,-,-,-,1.0,0.7,6.9,0.1,-,0.0,0.0
Josh Cameron,42813,Jax,WR,,Sun 1:00 pm vs NE,FA,1,7,1.41,"2,121",362,0%,-,-,-,0.1,0.3,0.0,1.1,0.6,7.2,0.1,-,0.0,0.0
Hunter Luepke,40780,Dal,RB,,Sun 4:25 pm vs Bal,FA,1,14,1.41,"2,767",363,0%,-,-,-,0.8,3.2,0.0,0.8,0.6,4.9,0.0,-,0.0,0.0
Lew Nichols,40260,Pit,RB,,Sun 1:00 pm vs Cin,FA,1,9,1.41,"2,583",364,0%,-,-,-,2.0,9.3,0.1,0.1,0.1,0.5,0.0,-,0.0,0.0
Elijah Higgins,40226,Ari,TE,,Sun 4:05 pm @ SF,FA,1,14,1.39,"2,275",366,0%,-,-,-,-,-,-,0.8,0.8,7.4,0.0,-,0.0,0.0
Colson Yankoff,41233,Was,TE,,Sun 1:00 pm vs Sea,FA,1,7,1.37,"2,731",368,0%,-,-,-,-,-,-,1.3,0.8,7.3,0.0,-,0.0,0.0
LeQuint Allen Jr.,42007,Jax,RB,,Sun 1:00 pm vs NE,FA,1,7,1.35,303,367,0%,-,-,-,0.7,2.8,0.0,0.9,0.7,4.2,0.0,-,0.0,0.0
Brandin Cooks,27548,SF,WR,NA,Sun 4:05 pm vs Ari,FA,1,8,1.31,"2,240",369,1%,-,-,-,-,-,-,0.9,0.5,7.6,0.0,-,0.0,0.0
CJ Donaldson,42940,NO,RB,,Sun 4:25 pm vs LV,FA,1,8,1.30,"2,690",370,0%,-,-,-,1.3,5.0,0.0,0.5,0.4,2.9,0.0,-,0.0,0.0
Sam Roush,42691,Chi,TE,,Mon 8:15 pm vs Phi,FA,1,10,1.24,"2,258",371,0%,-,-,-,-,-,-,0.9,0.7,6.8,0.0,-,0.0,0.0
Luke Schoonmaker,40061,Dal,TE,,Sun 4:25 pm vs Bal,FA,1,14,1.23,"2,484",372,0%,-,-,-,-,-,-,1.0,0.7,6.9,0.0,-,0.0,0.0
Elijah Sarratt,42737,Bal,WR,,Sun 4:25 pm @ Dal,FA,1,13,1.20,263,373,0%,-,-,-,0.0,0.0,-,0.0,0.6,6.0,0.1,-,-,-
Cedric Tillman,40093,NO,WR,NA,Sun 4:25 pm vs LV,FA,-,8,1.19,"2,063",379,0%,-,-,-,-,-,-,-,0.6,7.3,0.0,-,-,-
Sean Tucker,40742,TB,RB,,Sun 4:05 pm vs Min,FA,1,10,1.18,258,375,1%,-,-,-,1.5,5.5,0.1,0.1,0.2,0.9,0.0,-,0.0,0.0
Nate Boerkircher,42678,Jax,TE,,Sun 1:00 pm vs NE,FA,1,7,1.18,"2,281",374,0%,-,-,-,-,-,-,0.9,0.6,6.1,0.0,-,0.0,0.0
Brock Wright,33774,Det,TE,,Sun 1:00 pm vs NYJ,FA,1,6,1.16,"2,070",376,0%,-,-,-,-,-,-,0.8,0.7,5.5,0.0,-,0.0,0.0
Brevyn Spann-Ford,41371,Dal,TE,,Sun 4:25 pm vs Bal,FA,1,14,1.16,"2,639",377,0%,-,-,-,-,-,-,0.9,0.6,6.4,0.0,-,0.0,0.0
Davis Allen,40164,LAR,TE,,Sun 8:20 pm @ Den,FA,1,11,1.15,"2,105",378,0%,-,-,-,-,-,-,0.9,0.7,6.1,0.0,-,0.0,0.0
KhaDarel Hodge,31769,SF,WR,,Sun 4:05 pm vs Ari,FA,1,8,1.14,"2,760",380,0%,-,-,-,-,-,-,0.6,0.6,7.4,0.0,-,-,0.0
Jackson Hawes,41959,Buf,TE,,Sun 1:00 pm vs LAC,FA,1,7,1.14,"2,083",383,0%,-,-,-,-,-,-,0.7,0.6,6.0,0.0,-,0.0,0.0
Cody White,32948,LV,WR,,Sun 4:25 pm @ NO,FA,1,13,1.13,"2,099",382,0%,-,-,-,-,-,-,0.8,0.5,6.4,0.0,-,0.0,0.0
Hayden Rucci,41692,LAC,TE,,Sun 1:00 pm @ Buf,FA,1,7,1.13,"2,168",381,0%,-,-,-,-,-,-,0.9,0.6,6.0,0.0,-,0.0,0.0
Tanner Hudson,31257,Cin,TE,NA,Sun 1:00 pm @ Pit,FA,1,6,1.12,"2,079",385,0%,-,-,-,-,-,-,0.8,0.6,5.7,0.0,-,0.0,0.0
Jordan James,41933,SF,RB,,Sun 4:05 pm vs Ari,FA,1,8,1.11,289,386,1%,-,-,-,1.3,5.5,0.0,0.0,0.2,2.4,0.0,-,0.0,0.0
Jahdae Walker,42400,Chi,WR,,Mon 8:15 pm vs Phi,FA,1,10,1.10,"2,056",387,0%,-,-,-,-,-,-,0.8,0.4,5.6,0.1,-,0.0,0.0
M. Valdes-Scantling,31144,LAC,WR,,Sun 1:00 pm @ Buf,FA,1,7,1.09,"2,245",388,0%,-,-,-,-,-,-,0.8,0.6,6.3,0.0,-,0.0,0.0
Jalen Royals,41891,KC,WR,,Sun 1:00 pm @ Mia,FA,1,5,1.09,"2,256",384,0%,-,-,-,0.0,0.1,0.0,0.9,0.5,5.4,0.0,-,0.0,0.0
Tyrone Tracy Jr.,41048,NYG,RB,,Sun 1:00 pm vs Ten,FA,1,8,1.02,285,389,6%,-,-,-,1.4,5.7,0.0,0.1,0.2,1.3,0.0,-,0.0,0.0
Jordan Watkins,41917,SF,WR,,Sun 4:05 pm vs Ari,FA,1,8,0.96,"2,458",390,0%,-,-,-,-,-,-,0.7,0.5,5.9,0.0,-,-,0.0
Jaylin Lane,41920,Was,WR,,Sun 1:00 pm vs Sea,FA,1,7,0.96,"2,635",391,0%,-,-,-,0.1,0.3,0.0,0.4,0.3,3.7,0.0,0.0,0.0,0.0
Kimani Vidal,41052,LAC,RB,,Sun 1:00 pm @ Buf,FA,1,7,0.96,241,392,1%,-,-,-,0.7,3.2,0.0,0.4,0.2,1.7,0.0,-,0.0,0.0
Mo Alie-Cox,30112,Ind,TE,,Sun 1:00 pm vs Hou,FA,1,13,0.95,"2,250",393,0%,-,-,-,-,-,-,0.7,0.5,4.8,0.0,-,0.0,0.0
Odell Beckham Jr.,27540,NYG,WR,,Sun 1:00 pm vs Ten,FA,1,8,0.94,"2,520",394,1%,-,-,-,-,-,-,0.9,0.4,5.3,0.0,-,0.0,0.0
Jelani Woods,34029,NYJ,TE,,Sun 1:00 pm @ Det,FA,1,13,0.92,"2,207",395,0%,-,-,-,-,-,-,0.5,0.5,4.9,0.0,-,0.0,0.0
Treylon Burks,33973,Was,WR,,Sun 1:00 pm vs Sea,FA,1,7,0.92,"2,674",396,0%,-,-,-,0.1,0.3,0.0,0.6,0.4,5.1,0.0,-,0.0,0.0
Jaydon Blue,41935,Phi,RB,NA,Mon 8:15 pm @ Chi,FA,-,10,0.89,315,402,1%,-,-,-,0.8,3.5,0.1,-,-,-,0.0,-,-,-
Efton Chism III,42296,NE,WR,,Sun 1:00 pm @ Jax,FA,1,11,0.87,"2,710",398,0%,-,-,-,-,-,-,0.6,0.4,4.9,0.0,-,0.0,0.0
Tai Felton,41859,Min,WR,,Sun 4:05 pm @ TB,FA,1,6,0.87,"2,729",397,0%,-,-,-,0.0,0.1,-,0.5,0.5,5.0,0.0,-,0.0,0.0
Connor Heyward,34163,LV,RB,,Sun 4:25 pm @ NO,FA,1,13,0.85,"2,778",400,0%,-,-,-,0.7,2.9,0.0,0.3,0.3,1.9,0.0,-,0.0,0.0
Quintin Morris,33819,Jax,TE,,Sun 1:00 pm vs NE,FA,1,7,0.85,"2,655",399,0%,-,-,-,-,-,-,0.7,0.5,4.3,0.0,-,0.0,0.0
Isaiah Davis,41031,NYJ,RB,,Sun 1:00 pm @ Det,FA,1,13,0.84,291,401,0%,-,-,-,0.9,4.3,0.0,0.1,0.1,0.9,0.0,-,0.0,0.0
E.J. Jenkins,40550,Phi,TE,,Mon 8:15 pm @ Chi,FA,1,10,0.82,"2,149",403,0%,-,-,-,-,-,-,0.6,0.4,4.3,0.0,-,0.0,0.0
Tyler Badie,34152,Den,RB,,Sun 8:20 pm vs LAR,FA,1,10,0.79,"2,720",404,0%,-,-,-,0.5,2.0,0.0,0.3,0.3,2.5,0.0,-,0.0,0.0
Lil'Jordan Humphrey,32494,Den,WR,,Sun 8:20 pm vs LAR,FA,1,10,0.79,"2,278",405,0%,-,-,-,-,-,-,0.6,0.3,4.1,0.0,-,0.0,0.0
Kevin Austin Jr.,34242,NO,WR,,Sun 4:25 pm vs LV,FA,1,8,0.78,"2,085",406,0%,-,-,-,-,-,-,0.6,0.4,4.0,0.0,-,0.0,0.0
Bam Knight,34357,Ari,RB,,Sun 4:05 pm @ SF,FA,-,14,0.75,311,407,0%,-,-,-,-,-,0.0,-,0.5,3.3,0.0,-,-,-
Brashard Smith,42012,KC,RB,,Sun 1:00 pm @ Mia,FA,1,5,0.73,304,408,0%,-,-,-,0.6,2.4,0.0,0.2,0.2,1.6,0.0,-,0.0,0.0
Tanner Koziol,42797,Jax,TE,,Sun 1:00 pm vs NE,FA,1,7,0.72,"2,151",410,0%,-,-,-,-,-,-,0.4,0.4,3.8,0.0,-,0.0,0.0
Charlie Woerner,32860,Atl,TE,,Final W 35-14 @ GB,W (Sep 30),1,11,0.72,"2,684",409,0%,-,-,-,-,-,-,0.6,0.4,3.6,0.0,-,0.0,0.0
Deion Burks,42876,Ind,WR,,Sun 1:00 pm vs Hou,FA,1,13,0.70,"2,525",415,0%,-,-,-,0.1,0.5,0.0,0.4,0.3,3.5,0.0,-,0.0,0.0
Jacob Saylors,40474,Det,RB,,Sun 1:00 pm vs NYJ,FA,1,6,0.70,316,411,1%,-,-,-,0.5,2.4,0.0,0.2,0.2,1.5,0.0,-,0.0,0.0
Tahj Brooks,41983,Cin,RB,,Sun 1:00 pm @ Pit,FA,1,6,0.69,305,413,0%,-,-,-,1.0,3.4,0.0,0.1,0.1,1.0,0.0,-,0.0,0.0
Zavion Thomas,42711,Chi,WR,,Mon 8:15 pm vs Phi,FA,1,10,0.69,"2,652",412,1%,-,-,-,0.1,0.7,0.0,0.1,0.2,3.6,0.0,-,-,-
Hunter Long,33469,Ari,TE,,Sun 4:05 pm @ SF,FA,-,14,0.69,"2,108",414,0%,-,-,-,-,-,-,0.5,0.3,3.1,0.0,-,0.0,0.0
Brycen Tremayne,40407,Car,WR,,Sun 1:00 pm @ Cle,FA,1,5,0.67,"2,722",416,0%,-,-,-,0.0,0.1,0.0,0.5,0.4,3.6,0.0,-,-,0.0
Jonathan Mingo,40073,Dal,WR,,Sun 4:25 pm vs Bal,FA,1,14,0.65,"2,752",417,0%,-,-,-,-,-,-,0.5,0.3,3.9,0.0,-,0.0,0.0
Myles Price,42389,Min,WR,,Sun 4:05 pm @ TB,FA,1,6,0.63,"2,784",418,1%,-,-,-,-,-,-,0.2,0.2,1.9,0.0,0.0,0.0,0.0
Tylan Wallace,33519,Cle,WR,,Sun 1:00 pm vs Car,FA,1,11,0.63,"2,687",419,0%,-,-,-,-,-,-,0.4,0.3,3.4,0.0,-,0.0,0.0
Eric Saubert,30287,Sea,TE,,Sun 1:00 pm @ Was,FA,1,11,0.63,"2,715",420,0%,-,-,-,-,-,-,0.4,0.3,2.8,0.0,-,0.0,0.0
Cyrus Allen,42773,KC,WR,,Sun 1:00 pm @ Mia,FA,1,5,0.59,242,421,3%,-,-,-,0.0,0.2,-,0.3,0.2,2.4,0.0,-,0.0,0.0
Josh Cuevas,42782,Bal,TE,,Sun 4:25 pm @ Dal,FA,1,13,0.59,"2,132",422,0%,-,-,-,-,-,-,0.4,0.3,3.2,0.0,-,0.0,0.0
Max Klare,42683,LAR,TE,,Sun 8:20 pm @ Den,FA,1,11,0.59,"2,174",423,0%,-,-,-,-,-,-,-,0.3,2.8,0.0,-,-,-
Cade Stover,40987,Hou,TE,,Sun 1:00 pm @ Ind,FA,1,8,0.58,"2,522",424,0%,-,-,-,0.2,0.7,0.0,0.3,0.2,2.1,0.0,-,0.0,0.0
Drew Ogletree,34148,Ind,TE,,Sun 1:00 pm vs Hou,FA,1,13,0.57,"2,682",425,0%,-,-,-,-,-,-,0.5,0.3,3.0,0.0,-,0.0,0.0
Dylan Laube,41054,LV,RB,,Sun 4:25 pm @ NO,FA,1,13,0.56,"2,863",427,1%,-,-,-,0.5,1.5,0.0,0.2,0.2,1.8,0.0,0.0,0.0,0.0
Rasheen Ali,41033,Bal,RB,,Sun 4:25 pm @ Dal,FA,1,13,0.56,"2,790",426,0%,-,-,-,0.6,2.5,0.0,0.1,0.1,0.9,0.0,0.0,0.0,0.0
John Metchie III,33999,Car,WR,,Sun 1:00 pm @ Cle,FA,1,5,0.51,"2,243",428,0%,-,-,-,0.0,0.0,-,0.3,0.2,2.2,0.0,0.0,-,0.0
Corey Kiner,42386,NE,RB,,Sun 1:00 pm @ Jax,FA,1,11,0.48,"2,756",429,0%,-,-,-,0.4,1.7,0.0,0.0,0.2,1.0,0.0,-,-,0.0
CJ Daniels,42819,LAR,WR,,Sun 8:20 pm @ Den,FA,1,11,0.47,"2,297",430,0%,-,-,-,-,-,-,-,0.3,2.6,0.0,-,-,-
Luke McCaffrey,40964,Was,WR,,Sun 1:00 pm vs Sea,FA,1,7,0.43,"2,072",431,0%,-,-,-,-,-,-,-,0.2,2.9,0.0,-,-,-
Jake Briningstool,42117,KC,TE,,Sun 1:00 pm @ Mia,FA,1,5,0.42,"2,259",432,0%,-,-,-,-,-,-,0.3,0.2,2.2,0.0,-,-,0.0
Ben Skowronek,33637,Pit,WR,,Sun 1:00 pm vs Cin,FA,1,9,0.42,"2,763",433,0%,-,-,-,-,-,-,0.3,0.2,2.3,0.0,-,0.0,0.0
Devin Duvernay,32762,Ari,WR,,Sun 4:05 pm @ SF,FA,1,14,0.41,"2,783",434,0%,-,-,-,0.0,0.1,0.0,0.1,0.0,0.4,0.0,0.1,-,-
Sterling Shepard,29274,NYJ,WR,,Sun 1:00 pm @ Det,FA,1,13,0.41,"2,060",435,0%,-,-,-,0.2,0.7,0.0,0.2,0.2,1.8,0.0,-,0.0,0.0
Ian Thomas,31071,LV,TE,,Sun 4:25 pm @ NO,FA,1,13,0.37,"2,261",436,0%,-,-,-,-,-,-,0.3,0.2,2.0,0.0,-,0.0,0.0
Alec Ingold,32344,LAC,RB,,Sun 1:00 pm @ Buf,FA,1,7,0.34,"2,788",437,0%,-,-,-,0.4,1.6,0.0,0.1,0.0,0.4,0.0,-,0.0,0.0
Tay Martin,34319,Det,WR,,Sun 1:00 pm vs NYJ,FA,1,6,0.33,"2,649",438,0%,-,-,-,-,-,-,0.2,0.1,1.8,0.0,-,0.0,0.0
Michael Carter,33495,Ten,RB,,Sun 1:00 pm @ NYG,FA,1,9,0.32,"2,048",439,0%,-,-,-,0.2,1.0,0.0,0.0,0.1,1.1,0.0,-,-,0.0
Roschon Johnson,40162,Chi,RB,,Mon 8:15 pm vs Phi,FA,1,10,0.32,"2,789",440,0%,-,-,-,0.5,1.8,0.0,-,0.0,0.1,0.0,-,0.0,0.0
Reggie Gilliam,33357,NE,RB,,Sun 1:00 pm @ Jax,FA,1,11,0.32,"2,798",441,0%,-,-,-,0.1,0.3,0.0,0.2,0.2,1.4,0.0,-,0.0,0.0
Tom Kennedy,32561,Det,WR,,Sun 1:00 pm vs NYJ,FA,1,6,0.32,"2,748",442,0%,-,-,-,-,-,-,0.2,0.1,1.2,0.0,0.0,0.0,0.0
Ke'Shawn Williams,42278,Cin,WR,,Sun 1:00 pm @ Pit,FA,1,6,0.31,"2,742",443,0%,-,-,-,0.0,0.1,0.0,0.2,0.1,1.6,0.0,-,-,-
Kameron Johnson,41300,TB,WR,,Sun 4:05 pm vs Min,FA,1,10,0.31,"2,771",444,0%,-,-,-,0.1,0.2,0.0,0.1,0.1,0.9,0.0,0.0,0.0,0.0
Braxton Berrios,31180,NYG,WR,,Sun 1:00 pm vs Ten,FA,1,8,0.30,"2,750",445,0%,-,-,-,-,-,-,0.1,0.1,1.0,0.0,0.0,-,0.0
Tyler Goodson,34261,Dal,RB,,Sun 4:25 pm vs Bal,FA,1,14,0.30,"2,795",446,0%,-,-,-,0.2,0.7,0.0,0.2,0.1,0.9,0.0,-,0.0,0.0
Josh Whyle,40182,GB,TE,,Final L 14-35 vs Atl,W (Sep 30),1,11,0.29,"2,246",447,0%,-,-,-,-,-,-,0.2,0.2,1.3,0.0,-,0.0,0.0
Nick Westbrook-Ikhine,33348,Ind,WR,,Sun 1:00 pm vs Hou,FA,1,13,0.28,"2,509",448,0%,-,-,-,-,-,-,0.2,0.1,1.7,0.0,-,-,0.0
Dareke Young,34189,LV,WR,,Sun 4:25 pm @ NO,FA,1,13,0.25,"2,737",450,0%,-,-,-,-,-,-,0.2,0.1,1.5,0.0,-,0.0,0.0
Kendre Miller,40108,NO,RB,,Sun 4:25 pm vs LV,FA,1,8,0.25,271,449,1%,-,-,-,0.4,1.4,0.0,-,0.0,0.1,0.0,-,-,-
Jalen Brooks,40257,Ari,WR,,Sun 4:05 pm @ SF,FA,1,14,0.23,"2,761",452,0%,-,-,-,-,-,-,0.2,0.1,1.1,0.0,-,0.0,-
Chris Manhertz,28365,NYG,TE,,Sun 1:00 pm vs Ten,FA,1,8,0.23,"2,244",453,0%,-,-,-,-,-,-,0.2,0.1,1.2,0.0,-,0.0,0.0
Dean Connors,43140,LAR,RB,,Sun 8:20 pm @ Den,FA,1,11,0.21,"2,553",454,0%,-,-,-,0.3,1.1,0.0,0.1,0.0,0.2,0.0,-,0.0,0.0
Justin Joly,42764,Mia,TE,,Sun 1:00 pm vs KC,FA,1,6,0.20,"2,141",455,0%,-,-,-,-,-,-,0.1,0.1,1.1,0.0,-,0.0,0.0
Elijah Moore,33422,Phi,WR,,Mon 8:15 pm @ Chi,FA,1,10,0.20,"2,260",456,0%,-,-,-,0.0,0.2,0.0,0.1,0.1,1.0,0.0,-,-,-
Tyler Conklin,31127,Det,TE,,Sun 1:00 pm vs NYJ,FA,1,6,0.20,"2,093",457,0%,-,-,-,-,-,-,0.1,0.1,1.1,0.0,-,0.0,0.0
Britain Covey,34378,Phi,WR,,Mon 8:15 pm @ Chi,FA,1,10,0.20,"2,776",458,0%,-,-,-,-,-,-,0.1,0.1,0.8,0.0,0.0,-,-
Seydou Traore,42790,Mia,TE,,Sun 1:00 pm vs KC,FA,1,6,0.19,"2,224",459,0%,-,-,-,-,-,-,0.1,0.1,1.0,0.0,-,0.0,0.0
Nikko Remigio,40571,KC,WR,,Sun 1:00 pm @ Mia,FA,1,5,0.18,"2,781",460,0%,-,-,-,0.0,0.1,0.0,0.0,0.0,0.4,0.0,0.0,-,-
Greg Dortch,32523,Buf,WR,,Sun 1:00 pm vs LAC,FA,-,7,0.18,"2,096",462,0%,-,-,-,-,-,-,-,-,-,-,0.0,-,-
DJ Giddens,41937,Ind,RB,,Sun 1:00 pm vs Hou,FA,1,13,0.18,298,461,0%,-,-,-,0.2,0.8,0.0,0.1,0.0,0.3,0.0,-,0.0,0.0
Malachi Corley,40944,Cle,WR,,Sun 1:00 pm vs Car,FA,1,11,0.18,"2,723",463,0%,-,-,-,0.1,0.6,0.0,0.0,0.0,0.2,0.0,0.0,-,-
Brevin Jordan,33535,Hou,TE,,Sun 1:00 pm @ Ind,FA,1,8,0.17,"2,495",464,0%,-,-,-,-,-,-,0.1,0.1,0.9,0.0,-,0.0,0.0
Kaden Wetjen,42743,Pit,WR,,Sun 1:00 pm vs Cin,FA,1,9,0.17,"2,653",465,0%,-,-,-,0.0,0.1,0.0,0.0,0.0,0.3,0.0,0.0,-,-
Skyler Bell,42747,Buf,WR,,Sun 1:00 pm vs LAC,FA,1,7,0.16,284,451,0%,-,-,-,-,-,-,-,0.1,0.7,0.0,-,-,-
Payne Durham,40193,TB,TE,,Sun 4:05 pm vs Min,FA,1,10,0.15,"2,632",466,0%,-,-,-,-,-,-,0.1,0.1,0.7,0.0,-,-,-
Julius Chestnut,34451,Ten,RB,,Sun 1:00 pm @ NYG,FA,1,9,0.15,"2,860",467,0%,-,-,-,0.2,0.7,0.0,0.1,0.0,0.3,0.0,-,-,0.0
Camden Brown,43059,Dal,WR,,Sun 4:25 pm vs Bal,FA,-,14,0.15,"2,312",468,0%,-,-,-,-,-,-,-,0.1,1.1,-,-,-,-
Cameron Latu,40101,NE,TE,,Sun 1:00 pm @ Jax,FA,1,11,0.14,"2,733",469,0%,-,-,-,-,-,-,0.1,0.1,0.8,0.0,-,-,-
Carsen Ryan,42870,Cle,TE,,Sun 1:00 pm vs Car,FA,1,11,0.13,"2,490",470,0%,-,-,-,-,-,-,0.1,0.1,0.7,0.0,-,-,-
David Moore,30339,Car,WR,NA,Sun 1:00 pm @ Cle,FA,1,5,0.13,"2,268",471,0%,-,-,-,-,-,-,0.1,0.1,0.7,0.0,-,-,-
Lewis Bond,42826,Hou,WR,,Sun 1:00 pm @ Ind,FA,1,8,0.13,"2,353",472,0%,-,-,-,-,-,-,0.1,0.1,0.7,0.0,-,0.0,0.0
Reggie Virgil,42791,Ari,WR,,Sun 4:05 pm @ SF,FA,1,14,0.12,"2,402",473,0%,-,-,-,-,-,-,0.1,0.1,0.7,0.0,-,0.0,0.0
Patrick Ricard,30592,NYG,RB,,Sun 1:00 pm vs Ten,FA,1,8,0.10,"2,796",474,0%,-,-,-,0.0,0.1,0.0,0.1,0.1,0.5,0.0,-,-,0.0
Bauer Sharp,42807,TB,TE,,Sun 4:05 pm vs Min,FA,1,10,0.10,"2,491",475,0%,-,-,-,-,-,-,0.1,0.1,0.5,0.0,-,-,-
Dallen Bentley,42878,Den,TE,,Sun 8:20 pm vs LAR,FA,1,10,0.09,"2,154",476,0%,-,-,-,-,-,-,0.1,0.0,0.5,0.0,-,-,-
British Brooks,41480,Hou,RB,,Sun 1:00 pm @ Ind,FA,1,8,0.09,"2,787",477,0%,-,-,-,0.1,0.4,0.0,0.0,0.0,0.2,0.0,-,-,-
Jack Endries,42843,Cin,TE,,Sun 1:00 pm @ Pit,FA,1,6,0.09,"2,193",478,0%,-,-,-,-,-,-,0.1,0.1,0.5,0.0,-,-,-
Max Bredeson,42799,Min,RB,,Sun 4:05 pm @ TB,FA,1,6,0.09,"2,601",479,0%,-,-,-,0.0,0.0,-,0.1,0.1,0.4,0.0,-,-,-
Robert Tonyan,30777,Pit,TE,,Sun 1:00 pm vs Cin,FA,1,9,0.09,"2,145",480,0%,-,-,-,-,-,-,0.1,0.0,0.5,0.0,-,-,-
Riley Nowakowski,42803,Pit,"RB,TE",,Sun 1:00 pm vs Cin,FA,1,9,0.09,"2,648",481,0%,-,-,-,-,-,-,0.1,0.0,0.4,0.0,-,-,-
Thomas Fidone II,42004,NYG,TE,,Sun 1:00 pm vs Ten,FA,-,8,0.08,"2,126",482,0%,-,-,-,-,-,-,-,0.1,0.5,-,-,-,-
Kylen Granson,33515,Ten,TE,,Sun 1:00 pm @ NYG,FA,1,9,0.06,"2,662",483,0%,-,-,-,-,-,-,0.1,0.0,0.3,0.0,-,-,-
Feleipe Franks,33729,Car,TE,,Sun 1:00 pm @ Cle,FA,1,5,0.06,"2,749",484,0%,-,-,-,0.1,0.3,0.0,0.0,0.0,0.1,0.0,-,-,0.0
Ja'Tavion Sanders,40995,Car,TE,,Sun 1:00 pm @ Cle,FA,1,5,0.06,"2,062",485,0%,-,-,-,-,-,-,0.1,0.0,0.3,0.0,-,-,-
Ko Kieft,34174,TB,TE,,Sun 4:05 pm vs Min,FA,1,10,0.02,"2,496",486,0%,-,-,-,-,-,-,0.0,0.0,0.1,0.0,-,-,-
Jaylen Wright,41010,Mia,RB,D,Sun 1:00 pm vs KC,FA,1,6,0.01,277,365,1%,-,-,-,0.0,0.0,-,-,0.0,0.1,-,-,-,-
Da'Quan Felton,42201,NYJ,WR,NA,Sun 1:00 pm @ Det,FA,-,13,0.00,"2,469",874,0%,-,-,-,-,-,-,-,-,-,-,-,-,-
Cam Camper,42212,NYJ,WR,NA,Sun 1:00 pm @ Det,FA,-,13,0.00,"2,466",881,0%,-,-,-,-,-,-,-,-,-,-,-,-,-
Nate Carter,42196,KC,RB,NA,Sun 1:00 pm @ Mia,FA,-,5,0.00,"2,611",871,0%,-,-,-,-,-,-,-,-,-,-,-,-,-
Patrick Herbert,42204,LAC,TE,,Sun 1:00 pm @ Buf,FA,-,7,0.00,"2,191",876,0%,-,-,-,-,-,-,-,-,-,-,-,-,-
Chandler Brayboy,42210,NE,WR,NA,Sun 1:00 pm @ Jax,FA,-,11,0.00,"2,363",880,0%,-,-,-,-,-,-,-,-,-,-,-,-,-
Brock Lampe,42293,Buf,RB,NA,Sun 1:00 pm vs LAC,FA,-,7,0.00,"2,560",937,0%,-,-,-,-,-,-,-,-,-,-,-,-,-
CJ Dippre,42291,TB,TE,NA,Sun 4:05 pm vs Min,FA,-,10,0.00,"2,122",935,0%,-,-,-,-,-,-,-,-,-,-,-,-,-
Dalen Cambre,42200,NYG,WR,NA,Sun 1:00 pm vs Ten,FA,-,8,0.00,"2,424",873,0%,-,-,-,-,-,-,-,-,-,-,-,-,-
Gee Scott,42290,NE,WR,NA,Sun 1:00 pm @ Jax,FA,-,11,0.00,"2,447",932,0%,-,-,-,-,-,-,-,-,-,-,-,-,-
Tre Stewart,42271,Ari,RB,NA,Sun 4:05 pm @ SF,FA,-,14,0.00,"2,585",916,0%,-,-,-,-,-,-,-,-,-,-,-,-,-
Ja'Quinden Jackson,42214,Phi,RB,NA,Mon 8:15 pm @ Chi,FA,-,10,0.00,"2,574",883,0%,-,-,-,-,-,-,-,-,-,-,-,-,-
Amar Johnson,42240,LAC,RB,NA,Sun 1:00 pm @ Buf,FA,-,7,0.00,"2,555",901,0%,-,-,-,-,-,-,-,-,-,-,-,-,-
Dontae Fleming,42255,Min,WR,NA,Sun 4:05 pm @ TB,FA,-,6,0.00,"2,362",909,0%,-,-,-,-,-,-,-,-,-,-,-,-,-
Jakobie Keeney-James,42246,Pit,WR,NA,Sun 1:00 pm vs Cin,FA,-,9,0.00,"2,305",904,0%,-,-,-,-,-,-,-,-,-,-,-,-,-
Kye Robichaux,42245,Det,RB,NA,Sun 1:00 pm vs NYJ,FA,-,6,0.00,"2,556",903,0%,-,-,-,-,-,-,-,-,-,-,-,-,-
Bryce Pierre,42274,Car,TE,NA,Sun 1:00 pm @ Cle,FA,-,5,0.00,"2,226",921,0%,-,-,-,-,-,-,-,-,-,-,-,-,-
JJ Galbreath,42275,Ind,TE,NA,Sun 1:00 pm vs Hou,FA,-,13,0.00,"2,200",923,0%,-,-,-,-,-,-,-,-,-,-,-,-,-
Caden Prieskorn,42243,Car,TE,NA,Sun 1:00 pm @ Cle,FA,-,5,0.00,"2,159",902,0%,-,-,-,-,-,-,-,-,-,-,-,-,-
Jackson Meeks,42238,Det,"WR,TE",,Sun 1:00 pm vs NYJ,FA,-,6,0.00,"2,263",899,0%,-,-,-,-,-,-,-,-,-,-,-,-,-
Lan Larison,42284,NE,RB,NA,Sun 1:00 pm @ Jax,FA,-,11,0.00,"2,667",928,0%,-,-,-,-,-,-,-,-,-,-,-,-,-
Anthony Tyus III,42235,Car,RB,NA,Sun 1:00 pm @ Cle,FA,-,5,0.00,"2,541",897,0%,-,-,-,-,-,-,-,-,-,-,-,-,-
Bryson Nesbit,42266,Min,TE,NA,Sun 4:05 pm @ TB,FA,-,6,0.00,"2,150",913,0%,-,-,-,-,-,-,-,-,-,-,-,-,-
Donovan Edwards,42226,Mia,RB,NA,Sun 1:00 pm vs KC,FA,-,6,0.00,"2,591",893,0%,-,-,-,-,-,-,-,-,-,-,-,-,-
Quentin Skinner,42223,Buf,WR,NA,Sun 1:00 pm vs LAC,FA,-,7,0.00,"2,352",892,0%,-,-,-,-,-,-,-,-,-,-,-,-,-
Eli Pancol,42217,Ind,WR,NA,Sun 1:00 pm vs Hou,FA,-,13,0.00,"2,381",886,0%,-,-,-,-,-,-,-,-,-,-,-,-,-
Roc Taylor,42279,Car,WR,NA,Sun 1:00 pm @ Cle,FA,-,5,0.00,"2,365",925,0%,-,-,-,-,-,-,-,-,-,-,-,-,-
Jamaal Pritchett,42233,NYJ,WR,,Sun 1:00 pm @ Det,FA,-,13,0.00,"2,386",896,0%,-,-,-,-,-,-,-,-,-,-,-,-,-
Eli Stowers,42676,Phi,TE,IR,Mon 8:15 pm @ Chi,FA,-,10,0.00,"2,223","1,059",1%,-,-,-,-,-,-,-,-,-,-,-,-,-
Tru Edwards,42316,LAR,WR,NA,Sun 8:20 pm @ Den,FA,-,11,0.00,"2,418",945,0%,-,-,-,-,-,-,-,-,-,-,-,-,-
Kyrese Rowan,42527,NO,WR,NA,Sun 4:25 pm vs LV,FA,-,8,0.00,"2,377","1,023",0%,-,-,-,-,-,-,-,-,-,-,-,-,-
Jimmy Holiday,42490,KC,WR,IR,Sun 1:00 pm @ Mia,FA,-,5,0.00,"2,328","1,006",0%,-,-,-,-,-,-,-,-,-,-,-,-,-
Ja'seem Reed,42497,Car,WR,NA,Sun 1:00 pm @ Cle,FA,-,5,0.00,"2,329","1,008",0%,-,-,-,-,-,-,-,-,-,-,-,-,-
Luke Floriea,42507,Cle,WR,NA,Sun 1:00 pm vs Car,FA,-,11,0.00,"2,382","1,012",0%,-,-,-,-,-,-,-,-,-,-,-,-,-
Montorie Foster Jr.,42515,Sea,WR,,Sun 1:00 pm @ Was,FA,-,11,0.00,"2,651","1,016",0%,-,-,-,-,-,-,-,-,-,-,-,-,-
Caleb Douglas,42697,Mia,WR,O,Sun 1:00 pm vs KC,FA,-,6,0.00,119,"1,070",23%,-,-,-,-,-,-,-,-,-,-,-,-,-
Max Hurleman,42516,Pit,"WR,RB",O,Sun 1:00 pm vs Cin,FA,-,9,0.00,"2,511","1,017",0%,-,-,-,-,-,-,-,-,-,-,-,-,-
Dalevon Campbell,42519,LAC,WR,NA,Sun 1:00 pm @ Buf,FA,-,7,0.00,"2,417","1,019",0%,-,-,-,-,-,-,-,-,-,-,-,-,-
Drake Dabney,42523,GB,TE,NA,Final L 14-35 vs Atl,W (Sep 30),-,11,0.00,"2,187","1,021",0%,-,-,-,-,-,-,-,-,-,-,-,-,-
Lucas Scott,42531,Bal,RB,NA,Sun 4:25 pm @ Dal,FA,-,13,0.00,"2,536","1,024",0%,-,-,-,-,-,-,-,-,-,-,-,-,-
Kisean Johnson,42475,GB,WR,NA,Final L 14-35 vs Atl,W (Sep 30),-,11,0.00,"2,373","1,003",0%,-,-,-,-,-,-,-,-,-,-,-,-,-
Mitch Van Vooren,42547,NE,TE,NA,Sun 1:00 pm @ Jax,FA,-,11,0.00,"2,142","1,029",0%,-,-,-,-,-,-,-,-,-,-,-,-,-
Jaden Smith,42568,Dal,WR,NA,Sun 4:25 pm vs Bal,FA,-,14,0.00,"2,388","1,035",0%,-,-,-,-,-,-,-,-,-,-,-,-,-
Thomas Gordon,42571,Det,TE,NA,Sun 1:00 pm vs NYJ,FA,-,6,0.00,"2,185","1,036",0%,-,-,-,-,-,-,-,-,-,-,-,-,-
Layne Pryor,42612,Hou,TE,NA,Sun 1:00 pm @ Ind,FA,-,8,0.00,"2,197","1,045",0%,-,-,-,-,-,-,-,-,-,-,-,-,-
Carson Towt,42620,Ind,TE,IR,Sun 1:00 pm vs Hou,FA,-,13,0.00,"2,124","1,047",0%,-,-,-,-,-,-,-,-,-,-,-,-,-
Damien Alford,42622,NO,WR,NA,Sun 4:25 pm vs LV,FA,-,8,0.00,"2,404","1,048",0%,-,-,-,-,-,-,-,-,-,-,-,-,-
Jordyn Tyson,42630,NO,WR,IR-R,Sun 4:25 pm vs LV,FA,-,8,0.00,140,"1,051",52%,-,-,-,-,-,-,-,-,-,-,-,-,-
Omar Cooper Jr.,42652,NYJ,WR,IR,Sun 1:00 pm @ Det,FA,-,13,0.00,226,"1,054",4%,-,-,-,-,-,-,-,-,-,-,-,-,-
De'Zhaun Stribling,42655,SF,WR,IR,Sun 4:05 pm vs Ari,Maybe Mitchell,-,8,0.00,257,"1,055",36%,-,-,-,-,-,-,-,-,-,-,-,-,-
Ja'Corey Brooks,42482,Was,WR,NA,Sun 1:00 pm vs Sea,FA,-,7,0.00,"2,465","1,004",0%,-,-,-,-,-,-,-,-,-,-,-,-,-
ShunDerrick Powell,42460,Phi,RB,NA,Mon 8:15 pm @ Chi,FA,-,10,0.00,"2,564",997,0%,-,-,-,-,-,-,-,-,-,-,-,-,-
Brennan Presley,42322,LAR,WR,NA,Sun 8:20 pm @ Den,FA,-,11,0.00,"2,369",948,0%,-,-,-,-,-,-,-,-,-,-,-,-,-
Deion Hankins,42403,Chi,RB,NA,Mon 8:15 pm vs Phi,FA,-,10,0.00,"2,558",979,0%,-,-,-,-,-,-,-,-,-,-,-,-,-
Mark Redman,42323,GB,TE,,Final L 14-35 vs Atl,W (Sep 30),-,11,0.00,"2,215",949,0%,-,-,-,-,-,-,-,-,-,-,-,-,-
Mario Williams,42326,LAR,WR,NA,Sun 8:20 pm @ Den,FA,-,11,0.00,"2,346",951,0%,-,-,-,-,-,-,-,-,-,-,-,-,-
Jordan Waters,42329,LAR,RB,NA,Sun 8:20 pm @ Den,FA,-,11,0.00,"2,580",953,0%,-,-,-,-,-,-,-,-,-,-,-,-,-
Xavier Guillory,42340,Bal,WR,NA,Sun 4:25 pm @ Dal,FA,-,13,0.00,"2,321",955,0%,-,-,-,-,-,-,-,-,-,-,-,-,-
Tyrone Broden,42351,Sea,WR,NA,Sun 1:00 pm @ Was,FA,-,11,0.00,"2,379",961,0%,-,-,-,-,-,-,-,-,-,-,-,-,-
Marshall Lang,42353,Min,TE,NA,Sun 4:05 pm @ TB,FA,-,6,0.00,"2,184",962,0%,-,-,-,-,-,-,-,-,-,-,-,-,-
Jacardia Wright,42357,Sea,RB,NA,Sun 1:00 pm @ Was,FA,-,11,0.00,"2,549",963,0%,-,-,-,-,-,-,-,-,-,-,-,-,-
Xavier Restrepo,42368,Ten,WR,NA,Sun 1:00 pm @ NYG,FA,-,9,0.00,"2,287",967,0%,-,-,-,-,-,-,-,-,-,-,-,-,-
Isaiah Neyor,42385,GB,WR,NA,Final L 14-35 vs Atl,W (Sep 30),-,11,0.00,"2,422",973,0%,-,-,-,-,-,-,-,-,-,-,-,-,-
Gage Larvadain,42417,Bal,WR,NA,Sun 4:25 pm @ Dal,FA,-,13,0.00,"2,717",982,0%,-,-,-,-,-,-,-,-,-,-,-,-,-
Jermaine Terry,42446,Cle,TE,NA,Sun 1:00 pm vs Car,FA,-,11,0.00,"2,205",995,0%,-,-,-,-,-,-,-,-,-,-,-,-,-
Zach Horton,42420,Det,TE,NA,Sun 1:00 pm vs NYJ,FA,-,6,0.00,"2,195",983,0%,-,-,-,-,-,-,-,-,-,-,-,-,-
Tre Watson,42430,Mia,TE,NA,Sun 1:00 pm vs KC,FA,-,6,0.00,"2,144",987,0%,-,-,-,-,-,-,-,-,-,-,-,-,-
Chris Brazzell II,42705,Car,WR,IR,Sun 1:00 pm @ Cle,FA,-,5,0.00,"2,477","1,073",0%,-,-,-,-,-,-,-,-,-,-,-,-,-
Carter Runyon,42433,LV,TE,IR-R,Sun 4:25 pm @ NO,FA,-,13,0.00,"2,675",988,0%,-,-,-,-,-,-,-,-,-,-,-,-,-
Ja'Kobi Lane,42702,Bal,WR,IR,Sun 4:25 pm @ Dal,FA,-,13,0.00,231,"1,072",10%,-,-,-,-,-,-,-,-,-,-,-,-,-
Ben Yurosek,42434,Min,TE,IR,Sun 4:05 pm @ TB,FA,-,6,0.00,"2,660",989,0%,-,-,-,-,-,-,-,-,-,-,-,-,-
Jacoby Jones,42436,Was,WR,NA,Sun 1:00 pm vs Sea,FA,-,7,0.00,"2,340",990,0%,-,-,-,-,-,-,-,-,-,-,-,-,-
Jeremiah Webb,42437,NE,WR,IR,Sun 1:00 pm @ Jax,FA,-,11,0.00,"2,288",991,0%,-,-,-,-,-,-,-,-,-,-,-,-,-
Juice Wells Jr.,42444,Atl,WR,NA,Final W 35-14 @ GB,W (Sep 30),-,11,0.00,"2,416",994,0%,-,-,-,-,-,-,-,-,-,-,-,-,-
Nick Kallerup,42465,Sea,TE,,Sun 1:00 pm @ Was,FA,-,11,0.00,"2,171","1,000",0%,-,-,-,-,-,-,-,-,-,-,-,-,-
Roman Hemby,42941,LV,RB,NA,Sun 4:25 pm @ NO,FA,-,13,0.00,"2,595","1,157",0%,-,-,-,-,-,-,-,-,-,-,-,-,-
Brenen Thompson,42727,LAC,WR,O,Sun 1:00 pm @ Buf,FA,-,7,0.00,"2,513","1,078",0%,-,-,-,-,-,-,-,-,-,-,-,-,-
Jonathan Brady,43287,LV,WR,NA,Sun 4:25 pm @ NO,FA,-,13,0.00,"2,338",621,0%,-,-,-,-,-,-,-,-,-,-,-,-,-
Michael Briscoe,43242,Min,WR,NA,Sun 4:05 pm @ TB,FA,-,6,0.00,"2,343",602,0%,-,-,-,-,-,-,-,-,-,-,-,-,-
Corey Rucker,43248,LV,WR,IR,Sun 4:25 pm @ NO,FA,-,13,0.00,"2,310",604,0%,-,-,-,-,-,-,-,-,-,-,-,-,-
Jacob De Jesus,43258,KC,WR,NA,Sun 1:00 pm @ Mia,FA,-,5,0.00,"2,301",608,0%,-,-,-,-,-,-,-,-,-,-,-,-,-
Omari Evans,43261,KC,WR,NA,Sun 1:00 pm @ Mia,FA,-,5,0.00,"2,450",609,0%,-,-,-,-,-,-,-,-,-,-,-,-,-
Jaden Nixon,43265,GB,RB,NA,Final L 14-35 vs Atl,W (Sep 30),-,11,0.00,"2,566",611,0%,-,-,-,-,-,-,-,-,-,-,-,-,-
Elijah Tau-Tolliver,43268,Bal,RB,NA,Sun 4:25 pm @ Dal,FA,-,13,0.00,"2,543",613,0%,-,-,-,-,-,-,-,-,-,-,-,-,-
Patrick Gurd,43272,LV,TE,NA,Sun 4:25 pm @ NO,FA,-,13,0.00,"2,148",614,0%,-,-,-,-,-,-,-,-,-,-,-,-,-
Xavier Loyd,43281,KC,WR,NA,Sun 1:00 pm @ Mia,FA,-,5,0.00,"2,444",617,0%,-,-,-,-,-,-,-,-,-,-,-,-,-
Sahmir Hagans,43327,Ind,WR,NA,Sun 1:00 pm vs Hou,FA,-,13,0.00,"2,394",632,0%,-,-,-,-,-,-,-,-,-,-,-,-,-
DeShawn Hanika,43239,Ind,TE,NA,Sun 1:00 pm vs Hou,FA,-,13,0.00,"2,162",599,0%,-,-,-,-,-,-,-,-,-,-,-,-,-
E.J. Horton,43328,Ind,WR,NA,Sun 1:00 pm vs Hou,FA,-,13,0.00,"2,451",634,0%,-,-,-,-,-,-,-,-,-,-,-,-,-
Jordon Vaughn,43329,Ind,RB,NA,Sun 1:00 pm vs Hou,FA,-,13,0.00,"2,582",635,0%,-,-,-,-,-,-,-,-,-,-,-,-,-
Jackson Acker,43331,Buf,RB,NA,Sun 1:00 pm vs LAC,FA,-,7,0.00,"2,596",636,0%,-,-,-,-,-,-,-,-,-,-,-,-,-
Gabriel Benyard,43333,Car,WR,NA,Sun 1:00 pm @ Cle,FA,-,5,0.00,"2,344",637,0%,-,-,-,-,-,-,-,-,-,-,-,-,-
Lincoln Pare,43339,Ind,RB,NA,Sun 1:00 pm vs Hou,FA,-,13,0.00,"2,607",639,0%,-,-,-,-,-,-,-,-,-,-,-,-,-
Kentrel Bullock,43342,Cin,RB,NA,Sun 1:00 pm @ Pit,FA,-,6,0.00,"2,584",642,0%,-,-,-,-,-,-,-,-,-,-,-,-,-
Jamal Haynes,43345,Cin,RB,NA,Sun 1:00 pm @ Pit,FA,-,6,0.00,"2,590",643,0%,-,-,-,-,-,-,-,-,-,-,-,-,-
Omari Kelly,43346,Chi,WR,NA,Mon 8:15 pm vs Phi,FA,-,10,0.00,"2,383",644,0%,-,-,-,-,-,-,-,-,-,-,-,-,-
Levi Wentz,43241,Pit,WR,NA,Sun 1:00 pm vs Cin,FA,-,9,0.00,"2,385",601,0%,-,-,-,-,-,-,-,-,-,-,-,-,-
Chip Trayanum,43213,NYJ,RB,IR,Sun 1:00 pm @ Det,FA,-,13,0.00,"2,576",596,0%,-,-,-,-,-,-,-,-,-,-,-,-,-
Damon Bankston,43354,GB,RB,NA,Final L 14-35 vs Atl,W (Sep 30),-,11,0.00,"2,546",646,0%,-,-,-,-,-,-,-,-,-,-,-,-,-
Dontae McMillan,43182,Bal,RB,NA,Sun 4:25 pm @ Dal,FA,-,13,0.00,"2,603",582,0%,-,-,-,-,-,-,-,-,-,-,-,-,-
Cody Hardy,43161,NYJ,TE,NA,Sun 1:00 pm @ Det,FA,-,13,0.00,"2,210",570,0%,-,-,-,-,-,-,-,-,-,-,-,-,-
Chase Curtis,43164,NYJ,TE,NA,Sun 1:00 pm @ Det,FA,-,13,0.00,"2,178",571,0%,-,-,-,-,-,-,-,-,-,-,-,-,-
Caullin Lacy,43165,NYJ,WR,NA,Sun 1:00 pm @ Det,FA,-,13,0.00,"2,361",572,0%,-,-,-,-,-,-,-,-,-,-,-,-,-
Mekhi Mews,43166,NO,WR,NA,Sun 4:25 pm vs LV,FA,-,8,0.00,"2,323",573,0%,-,-,-,-,-,-,-,-,-,-,-,-,-
Kevorian Barnes,43168,NYG,RB,NA,Sun 1:00 pm vs Ten,FA,-,8,0.00,"2,589",575,0%,-,-,-,-,-,-,-,-,-,-,-,-,-
Jack Velling,43178,Atl,TE,NA,Final W 35-14 @ GB,W (Sep 30),-,11,0.00,"2,212",578,0%,-,-,-,-,-,-,-,-,-,-,-,-,-
Octavian Smith Jr.,43180,Bal,WR,NA,Sun 4:25 pm @ Dal,FA,-,13,0.00,"2,380",579,0%,-,-,-,-,-,-,-,-,-,-,-,-,-
Cortez Braham Jr.,43181,Bal,WR,NA,Sun 4:25 pm @ Dal,FA,-,13,0.00,"2,295",581,0%,-,-,-,-,-,-,-,-,-,-,-,-,-
Desmond Reid,43185,Buf,RB,NA,Sun 1:00 pm vs LAC,FA,-,7,0.00,"2,540",585,0%,-,-,-,-,-,-,-,-,-,-,-,-,-
Jameson Geers,43212,Ari,TE,IR,Sun 4:05 pm @ SF,FA,-,14,0.00,"2,192",595,0%,-,-,-,-,-,-,-,-,-,-,-,-,-
Coleman Bennett,43187,Mia,RB,NA,Sun 1:00 pm vs KC,FA,-,6,0.00,"2,575",586,0%,-,-,-,-,-,-,-,-,-,-,-,-,-
Dane Key,43188,Den,WR,NA,Sun 8:20 pm vs LAR,FA,-,10,0.00,"2,316",587,0%,-,-,-,-,-,-,-,-,-,-,-,-,-
Sean Brown,43192,Den,WR,NA,Sun 8:20 pm vs LAR,FA,-,10,0.00,"2,441",588,0%,-,-,-,-,-,-,-,-,-,-,-,-,-
Jalen Walthall,43193,NYJ,WR,NA,Sun 1:00 pm @ Det,FA,-,13,0.00,"2,400",589,0%,-,-,-,-,-,-,-,-,-,-,-,-,-
Daniel Sobkowicz,43195,Hou,WR,NA,Sun 1:00 pm @ Ind,FA,-,8,0.00,"2,366",590,0%,-,-,-,-,-,-,-,-,-,-,-,-,-
Treyvhon Saunders,43196,Hou,WR,NA,Sun 1:00 pm @ Ind,FA,-,8,0.00,"2,407",591,0%,-,-,-,-,-,-,-,-,-,-,-,-,-
Noah Whittington,43197,Hou,RB,NA,Sun 1:00 pm @ Ind,FA,-,8,0.00,"2,617",592,0%,-,-,-,-,-,-,-,-,-,-,-,-,-
Quentin Moore,43206,Was,TE,NA,Sun 1:00 pm vs Sea,FA,-,7,0.00,"2,201",593,0%,-,-,-,-,-,-,-,-,-,-,-,-,-
Sam Scott,43209,NYJ,RB,NA,Sun 1:00 pm @ Det,FA,-,13,0.00,"2,557",594,0%,-,-,-,-,-,-,-,-,-,-,-,-,-
Squirrel White,43349,Chi,WR,NA,Mon 8:15 pm vs Phi,FA,-,10,0.00,"2,300",645,0%,-,-,-,-,-,-,-,-,-,-,-,-,-
Kenny Fletcher Jr.,43357,Ind,TE,NA,Sun 1:00 pm vs Hou,FA,-,13,0.00,"2,175",647,0%,-,-,-,-,-,-,-,-,-,-,-,-,-
DT Sheffield,43158,NYJ,WR,NA,Sun 1:00 pm @ Det,FA,-,13,0.00,"2,354",568,0%,-,-,-,-,-,-,-,-,-,-,-,-,-
Tyler Moore,43464,Ind,TE,NA,Sun 1:00 pm vs Hou,FA,-,13,0.00,"2,227",699,0%,-,-,-,-,-,-,-,-,-,-,-,-,-
Anderson Castle,43443,Ind,RB,NA,Sun 1:00 pm vs Hou,FA,-,13,0.00,"2,620",688,0%,-,-,-,-,-,-,-,-,-,-,-,-,-
Miles Davis,43445,Car,RB,NA,Sun 1:00 pm @ Cle,FA,-,5,0.00,"2,598",690,0%,-,-,-,-,-,-,-,-,-,-,-,-,-
Heinrich Haarberg,43449,Car,TE,NA,Sun 1:00 pm @ Cle,FA,-,5,0.00,"2,196",692,0%,-,-,-,-,-,-,-,-,-,-,-,-,-
Brandon Hayes,43451,Phi,WR,NA,Mon 8:15 pm @ Chi,FA,-,10,0.00,"2,330",693,0%,-,-,-,-,-,-,-,-,-,-,-,-,-
Louis Hansen,43457,Hou,TE,NA,Sun 1:00 pm @ Ind,FA,-,8,0.00,"2,181",694,0%,-,-,-,-,-,-,-,-,-,-,-,-,-
Kyre Duplessis,43458,Den,WR,NA,Sun 8:20 pm vs LAR,FA,-,10,0.00,"2,349",695,0%,-,-,-,-,-,-,-,-,-,-,-,-,-
Malick Meiga,43460,Sea,WR,NA,Sun 1:00 pm @ Was,FA,-,11,0.00,"2,462",697,0%,-,-,-,-,-,-,-,-,-,-,-,-,-
Jeremiah Franklin,43463,Mia,TE,NA,Sun 1:00 pm vs KC,FA,-,6,0.00,"2,202",698,0%,-,-,-,-,-,-,-,-,-,-,-,-,-
Liam Clifford,43465,LAC,WR,NA,Sun 1:00 pm @ Buf,FA,-,7,0.00,"2,319",700,0%,-,-,-,-,-,-,-,-,-,-,-,-,-
Mante Morrow,43441,LAC,WR,NA,Sun 1:00 pm @ Buf,FA,-,7,0.00,"2,367",686,0%,-,-,-,-,-,-,-,-,-,-,-,-,-
Roydell Williams,43466,Det,RB,NA,Sun 1:00 pm vs NYJ,FA,-,6,0.00,"2,573",702,0%,-,-,-,-,-,-,-,-,-,-,-,-,-
Jeff Weimer,43469,KC,WR,NA,Sun 1:00 pm @ Mia,FA,-,5,0.00,"2,387",703,0%,-,-,-,-,-,-,-,-,-,-,-,-,-
Drew Biber,43470,Cle,TE,NA,Sun 1:00 pm vs Car,FA,-,11,0.00,"2,188",704,0%,-,-,-,-,-,-,-,-,-,-,-,-,-
Connor Hulstein,43471,NYJ,TE,NA,Sun 1:00 pm @ Det,FA,-,13,0.00,"2,136",705,0%,-,-,-,-,-,-,-,-,-,-,-,-,-
Grant Finley,43473,NYG,RB,NA,Sun 1:00 pm vs Ten,FA,-,8,0.00,"2,597",706,0%,-,-,-,-,-,-,-,-,-,-,-,-,-
Justin Jones,43478,Sea,RB,NA,Sun 1:00 pm @ Was,FA,-,11,0.00,"2,550",708,0%,-,-,-,-,-,-,-,-,-,-,-,-,-
Barika Kpeenu,43482,TB,RB,NA,Sun 4:05 pm vs Min,FA,-,10,0.00,"2,605",709,0%,-,-,-,-,-,-,-,-,-,-,-,-,-
Alex Tecza,43609,Pit,RB,NA,Sun 1:00 pm vs Cin,FA,-,9,0.00,"2,542",725,0%,-,-,-,-,-,-,-,-,-,-,-,-,-
Matthew Henry,43615,TB,WR,NA,Sun 4:05 pm vs Min,FA,-,10,0.00,"2,412",728,0%,-,-,-,-,-,-,-,-,-,-,-,-,-
Terrill Davis,43442,Min,WR,NA,Sun 4:05 pm @ TB,FA,-,6,0.00,"2,359",687,0%,-,-,-,-,-,-,-,-,-,-,-,-,-
Rashad Rochelle,43440,Sea,WR,NA,Sun 1:00 pm @ Was,FA,-,11,0.00,"2,398",685,0%,-,-,-,-,-,-,-,-,-,-,-,-,-
Nick DeGennaro,43363,NE,WR,NA,Sun 1:00 pm @ Jax,FA,-,11,0.00,"2,320",648,0%,-,-,-,-,-,-,-,-,-,-,-,-,-
Julius Davis,43392,Den,RB,NA,Sun 8:20 pm vs LAR,FA,-,10,0.00,"2,545",661,0%,-,-,-,-,-,-,-,-,-,-,-,-,-
Cameron Dorner,43364,NE,WR,NA,Sun 1:00 pm @ Jax,FA,-,11,0.00,"2,368",649,0%,-,-,-,-,-,-,-,-,-,-,-,-,-
Myles Montgomery,43367,NE,RB,IR,Sun 1:00 pm @ Jax,FA,-,11,0.00,"2,537",650,0%,-,-,-,-,-,-,-,-,-,-,-,-,-
Jimmy Kibble,43368,NE,WR,NA,Sun 1:00 pm @ Jax,FA,-,11,0.00,"2,347",651,0%,-,-,-,-,-,-,-,-,-,-,-,-,-
Le'Meke Brockington,43376,Atl,WR,NA,Final W 35-14 @ GB,W (Sep 30),-,11,0.00,"2,419",653,0%,-,-,-,-,-,-,-,-,-,-,-,-,-
Keelan Marion,43377,Atl,WR,NA,Final W 35-14 @ GB,W (Sep 30),-,11,0.00,"2,457",654,0%,-,-,-,-,-,-,-,-,-,-,-,-,-
Brandon Frazier,43379,Atl,TE,NA,Final W 35-14 @ GB,W (Sep 30),-,11,0.00,"2,166",656,0%,-,-,-,-,-,-,-,-,-,-,-,-,-
Kolbe Katsis,43382,Den,WR,,Sun 8:20 pm vs LAR,FA,-,10,0.00,"2,345",658,0%,-,-,-,-,-,-,-,-,-,-,-,-,-
Stone Eby,43391,Den,TE,NA,Sun 8:20 pm vs LAR,FA,-,10,0.00,"2,165",659,0%,-,-,-,-,-,-,-,-,-,-,-,-,-
Rodney Hammond Jr.,43399,Den,RB,NA,Sun 8:20 pm vs LAR,FA,-,10,0.00,"2,615",664,0%,-,-,-,-,-,-,-,-,-,-,-,-,-
Trayvon Rudolph,43439,Min,WR,NA,Sun 4:05 pm @ TB,FA,-,6,0.00,"2,290",684,0%,-,-,-,-,-,-,-,-,-,-,-,-,-
Trent Howland,43406,Den,RB,NA,Sun 8:20 pm vs LAR,FA,-,10,0.00,"2,570",669,0%,-,-,-,-,-,-,-,-,-,-,-,-,-
Tommy Thomas,43408,Den,WR,NA,Sun 8:20 pm vs LAR,FA,-,10,0.00,"2,315",670,0%,-,-,-,-,-,-,-,-,-,-,-,-,-
Brett Weaver,43412,Den,TE,NA,Sun 8:20 pm vs LAR,FA,-,10,0.00,"2,173",672,0%,-,-,-,-,-,-,-,-,-,-,-,-,-
Jordan Nubin,43417,Den,RB,NA,Sun 8:20 pm vs LAR,FA,-,10,0.00,"2,577",674,0%,-,-,-,-,-,-,-,-,-,-,-,-,-
Dean Patterson IV,43423,TB,WR,NA,Sun 4:05 pm vs Min,FA,-,10,0.00,"2,448",676,0%,-,-,-,-,-,-,-,-,-,-,-,-,-
Kadarius Calloway,43424,TB,RB,NA,Sun 4:05 pm vs Min,FA,-,10,0.00,"2,547",677,0%,-,-,-,-,-,-,-,-,-,-,-,-,-
Kyron Hudson,43432,Chi,WR,NA,Mon 8:15 pm vs Phi,FA,-,10,0.00,"2,313",679,0%,-,-,-,-,-,-,-,-,-,-,-,-,-
Johnny Pascuzzi,43433,LAC,TE,NA,Sun 1:00 pm @ Buf,FA,-,7,0.00,"2,135",680,0%,-,-,-,-,-,-,-,-,-,-,-,-,-
Brock Rechsteiner,43435,NO,WR,SUSP,Sun 4:25 pm vs LV,FA,-,8,0.00,"2,443",681,0%,-,-,-,-,-,-,-,-,-,-,-,-,-
Malik McClain,43159,NYJ,WR,,Sun 1:00 pm @ Det,FA,-,13,0.00,"2,455",569,0%,-,-,-,-,-,-,-,-,-,-,-,-,-
Kyle Dixon,43155,NE,WR,NA,Sun 1:00 pm @ Jax,FA,-,11,0.00,"2,428",567,0%,-,-,-,-,-,-,-,-,-,-,-,-,-
Jonah Coleman,42730,Den,RB,IR,Sun 8:20 pm vs LAR,FA,-,10,0.00,135,"1,079",45%,-,-,-,-,-,-,-,-,-,-,-,-,-
Alex Bullock,42957,Jax,WR,NA,Sun 1:00 pm vs NE,FA,-,7,0.00,"2,471","1,165",0%,-,-,-,-,-,-,-,-,-,-,-,-,-
Evan Svoboda,42927,LAC,TE,NA,Sun 1:00 pm @ Buf,FA,-,7,0.00,"2,125","1,150",0%,-,-,-,-,-,-,-,-,-,-,-,-,-
Devonte Ross,42930,LAC,WR,NA,Sun 1:00 pm @ Buf,FA,-,7,0.00,"2,360","1,151",0%,-,-,-,-,-,-,-,-,-,-,-,-,-
Jerand Bradley,42936,LAC,TE,NA,Sun 1:00 pm @ Buf,FA,-,7,0.00,"2,179","1,154",0%,-,-,-,-,-,-,-,-,-,-,-,-,-
Luke Wysong,42938,Min,WR,NA,Sun 4:05 pm @ TB,FA,-,6,0.00,"2,304","1,155",0%,-,-,-,-,-,-,-,-,-,-,-,-,-
Quincy Skinner Jr.,42187,GB,WR,NA,Final L 14-35 vs Atl,W (Sep 30),-,11,0.00,"2,439",866,0%,-,-,-,-,-,-,-,-,-,-,-,-,-
Ben Patterson,42949,Cle,WR,NA,Sun 1:00 pm vs Car,FA,-,11,0.00,"2,464","1,161",0%,-,-,-,-,-,-,-,-,-,-,-,-,-
Michael Wortham,42950,Jax,WR,NA,Sun 1:00 pm vs NE,FA,-,7,0.00,"2,350","1,162",0%,-,-,-,-,-,-,-,-,-,-,-,-,-
Trebor Pena,42951,Jax,WR,NA,Sun 1:00 pm vs NE,FA,-,7,0.00,"2,307","1,163",0%,-,-,-,-,-,-,-,-,-,-,-,-,-
Brady Boyd,42959,Jax,WR,NA,Sun 1:00 pm vs NE,FA,-,7,0.00,"2,355","1,166",0%,-,-,-,-,-,-,-,-,-,-,-,-,-
Gregory Desrosiers,42922,LAC,RB,NA,Sun 1:00 pm @ Buf,FA,-,7,0.00,"2,572","1,147",0%,-,-,-,-,-,-,-,-,-,-,-,-,-
Ethan Conner,42965,Mia,TE,NA,Sun 1:00 pm vs KC,FA,-,6,0.00,"2,216","1,169",0%,-,-,-,-,-,-,-,-,-,-,-,-,-
Will Pauling,42969,SF,WR,NA,Sun 4:05 pm vs Ari,FA,-,8,0.00,"2,476","1,171",0%,-,-,-,-,-,-,-,-,-,-,-,-,-
Wesley Grimes,42970,SF,WR,NA,Sun 4:05 pm vs Ari,FA,-,8,0.00,"2,296","1,173",0%,-,-,-,-,-,-,-,-,-,-,-,-,-
Khalil Dinkins,42972,SF,TE,NA,Sun 4:05 pm vs Ari,FA,-,8,0.00,"2,160","1,174",0%,-,-,-,-,-,-,-,-,-,-,-,-,-
Marcus Burke,42975,Ten,WR,NA,Sun 1:00 pm @ NYG,FA,-,9,0.00,"2,378","1,177",0%,-,-,-,-,-,-,-,-,-,-,-,-,-
Trent Battle,42978,Atl,RB,NA,Final W 35-14 @ GB,W (Sep 30),-,11,0.00,"2,559","1,179",0%,-,-,-,-,-,-,-,-,-,-,-,-,-
Harrison Wallace III,42979,Ari,WR,NA,Sun 4:05 pm @ SF,FA,-,14,0.00,"2,396","1,180",0%,-,-,-,-,-,-,-,-,-,-,-,-,-
Robert Henry Jr.,42986,Was,RB,NA,Sun 1:00 pm vs Sea,FA,-,7,0.00,"2,612","1,182",0%,-,-,-,-,-,-,-,-,-,-,-,-,-
Sincere Brown,42925,LAC,WR,NA,Sun 1:00 pm @ Buf,FA,-,7,0.00,"2,371","1,149",0%,-,-,-,-,-,-,-,-,-,-,-,-,-
Shaleak Knotts,42917,Min,WR,NA,Sun 4:05 pm @ TB,FA,-,6,0.00,"2,298","1,144",0%,-,-,-,-,-,-,-,-,-,-,-,-,-
Eric Rivers Jr.,42990,TB,WR,NA,Sun 4:05 pm vs Min,FA,-,10,0.00,"2,442","1,184",0%,-,-,-,-,-,-,-,-,-,-,-,-,-
Jam Miller,42867,NE,RB,NA,Sun 1:00 pm @ Jax,FA,-,11,0.00,"2,614","1,116",0%,-,-,-,-,-,-,-,-,-,-,-,-,-
Joe Royer,42772,Cle,TE,NFI-R,Sun 1:00 pm vs Car,FA,-,11,0.00,"2,222","1,086",0%,-,-,-,-,-,-,-,-,-,-,-,-,-
Adam Randall,42780,Bal,RB,IR-R,Sun 4:25 pm @ Dal,FA,-,13,0.00,299,"1,087",1%,-,-,-,-,-,-,-,-,-,-,-,-,-
Kendrick Law,42798,Det,WR,IR,Sun 1:00 pm vs NYJ,FA,-,6,0.00,"2,302","1,091",0%,-,-,-,-,-,-,-,-,-,-,-,-,-
Barion Brown,42812,NO,WR,O,Sun 4:25 pm vs LV,FA,-,8,0.00,"2,641","1,097",1%,-,-,-,-,-,-,-,-,-,-,-,-,-
E. Henderson Jr.,42821,Sea,WR,NA,Sun 1:00 pm @ Was,FA,-,11,0.00,"2,435","1,099",0%,-,-,-,-,-,-,-,-,-,-,-,-,-
CJ Williams,42825,Jax,WR,,Sun 1:00 pm vs NE,FA,-,7,0.00,"2,467","1,101",0%,-,-,-,-,-,-,-,-,-,-,-,-,-
Anthony Smith,42840,Dal,WR,NA,Sun 4:25 pm vs Bal,FA,-,14,0.00,"2,461","1,106",0%,-,-,-,-,-,-,-,-,-,-,-,-,-
Jaren Kanak,42847,Ten,TE,IR,Sun 1:00 pm @ NYG,FA,-,9,0.00,"2,177","1,109",0%,-,-,-,-,-,-,-,-,-,-,-,-,-
Jeff Caldwell,42880,KC,WR,IR,Sun 1:00 pm @ Mia,FA,-,5,0.00,"2,650","1,118",0%,-,-,-,-,-,-,-,-,-,-,-,-,-
Dillon Bell,42914,Min,WR,NA,Sun 4:05 pm @ TB,FA,-,6,0.00,"2,438","1,141",0%,-,-,-,-,-,-,-,-,-,-,-,-,-
Cash Jones,42881,Atl,RB,NA,Final W 35-14 @ GB,W (Sep 30),-,11,0.00,"2,551","1,119",0%,-,-,-,-,-,-,-,-,-,-,-,-,-
J'Mari Taylor,42882,Jax,RB,NA,Sun 1:00 pm vs NE,FA,-,7,0.00,"2,613","1,120",0%,-,-,-,-,-,-,-,-,-,-,-,-,-
Dae'Quan Wright,42885,Cle,TE,NA,Sun 1:00 pm vs Car,FA,-,11,0.00,"2,219","1,122",0%,-,-,-,-,-,-,-,-,-,-,-,-,-
Michael Trigg,42887,Dal,TE,NA,Sun 4:25 pm vs Bal,FA,-,14,0.00,"2,158","1,123",0%,-,-,-,-,-,-,-,-,-,-,-,-,-
Le'Veon Moss,42890,Mia,RB,NA,Sun 1:00 pm vs KC,FA,-,6,0.00,"2,552","1,124",0%,-,-,-,-,-,-,-,-,-,-,-,-,-
Jaydn Ott,42895,KC,RB,NA,Sun 1:00 pm @ Mia,FA,-,5,0.00,"2,567","1,127",0%,-,-,-,-,-,-,-,-,-,-,-,-,-
Tyren Montgomery,42896,Ten,WR,NA,Sun 1:00 pm @ NYG,FA,-,9,0.00,"2,303","1,128",0%,-,-,-,-,-,-,-,-,-,-,-,-,-
Kejon Owens,42912,Min,RB,NA,Sun 4:05 pm @ TB,FA,-,6,0.00,"2,604","1,139",0%,-,-,-,-,-,-,-,-,-,-,-,-,-
Marcus Sanders Jr.,42913,Min,WR,NA,Sun 4:05 pm @ TB,FA,-,6,0.00,"2,393","1,140",0%,-,-,-,-,-,-,-,-,-,-,-,-,-
Chris Hilton Jr.,42987,GB,WR,NA,Final L 14-35 vs Atl,W (Sep 30),-,11,0.00,"2,401","1,183",0%,-,-,-,-,-,-,-,-,-,-,-,-,-
Noah Short,42991,TB,WR,NA,Sun 4:05 pm vs Min,FA,-,10,0.00,"2,405","1,186",0%,-,-,-,-,-,-,-,-,-,-,-,-,-
Tanner Arkin,43152,NE,TE,,Sun 1:00 pm @ Jax,FA,-,11,0.00,"2,134",565,0%,-,-,-,-,-,-,-,-,-,-,-,-,-
EJ Smith,43115,KC,RB,NA,Sun 1:00 pm @ Mia,FA,-,5,0.00,"2,619",541,0%,-,-,-,-,-,-,-,-,-,-,-,-,-
Eni Falayi,43088,GB,TE,NA,Final L 14-35 vs Atl,W (Sep 30),-,11,0.00,"2,147",522,0%,-,-,-,-,-,-,-,-,-,-,-,-,-
Isaiah Jacobs,43090,GB,RB,NA,Final L 14-35 vs Atl,W (Sep 30),-,11,0.00,"2,606",523,0%,-,-,-,-,-,-,-,-,-,-,-,-,-
Jaden Bradley,43092,Was,WR,NA,Sun 1:00 pm vs Sea,FA,-,7,0.00,"2,348",525,0%,-,-,-,-,-,-,-,-,-,-,-,-,-
Hank Beatty,43094,Ten,WR,NA,Sun 1:00 pm @ NYG,FA,-,9,0.00,"2,306",528,0%,-,-,-,-,-,-,-,-,-,-,-,-,-
Joshua Pitsenberger,43098,Hou,RB,NA,Sun 1:00 pm @ Ind,FA,-,8,0.00,"2,602",529,0%,-,-,-,-,-,-,-,-,-,-,-,-,-
Raylen Sharpe,43102,Ind,WR,NA,Sun 1:00 pm vs Hou,FA,-,13,0.00,"2,337",530,0%,-,-,-,-,-,-,-,-,-,-,-,-,-
Ademola Faleye,43109,TB,TE,NA,Sun 4:05 pm vs Min,FA,-,10,0.00,"2,140",533,0%,-,-,-,-,-,-,-,-,-,-,-,-,-
Al-Jay Henderson,43110,NYJ,RB,NA,Sun 1:00 pm @ Det,FA,-,13,0.00,"2,548",535,0%,-,-,-,-,-,-,-,-,-,-,-,-,-
J. Michael Gyllenborg,43116,KC,TE,IR,Sun 1:00 pm @ Mia,FA,-,5,0.00,"2,203",542,0%,-,-,-,-,-,-,-,-,-,-,-,-,-
J. Michael Sturdivant,43085,GB,WR,,Final L 14-35 vs Atl,W (Sep 30),-,11,0.00,"2,510",519,0%,-,-,-,-,-,-,-,-,-,-,-,-,-
Terion Stewart,43119,KC,RB,NA,Sun 1:00 pm @ Mia,FA,-,5,0.00,"2,616",544,0%,-,-,-,-,-,-,-,-,-,-,-,-,-
Chase Roberts,43126,LV,WR,NA,Sun 4:25 pm @ NO,FA,-,13,0.00,"2,433",546,0%,-,-,-,-,-,-,-,-,-,-,-,-,-
E.J. Williams Jr.,43129,Car,WR,NA,Sun 1:00 pm @ Cle,FA,-,5,0.00,"2,335",550,0%,-,-,-,-,-,-,-,-,-,-,-,-,-
Matt Lauter,43130,Min,TE,NA,Sun 4:05 pm @ TB,FA,-,6,0.00,"2,156",551,0%,-,-,-,-,-,-,-,-,-,-,-,-,-
Dan Villari,43138,LAR,TE,NA,Sun 8:20 pm @ Den,FA,-,11,0.00,"2,186",555,0%,-,-,-,-,-,-,-,-,-,-,-,-,-
Rohan Jones,43139,LAR,TE,NA,Sun 8:20 pm @ Den,FA,-,11,0.00,"2,209",556,0%,-,-,-,-,-,-,-,-,-,-,-,-,-
Donaven McCulley,43147,Mia,WR,NA,Sun 1:00 pm vs KC,FA,-,6,0.00,"2,425",560,0%,-,-,-,-,-,-,-,-,-,-,-,-,-
Anthony Hankerson,43149,Sea,RB,NA,Sun 1:00 pm @ Was,FA,-,11,0.00,"2,623",562,0%,-,-,-,-,-,-,-,-,-,-,-,-,-
Romello Brinson,43150,Dal,WR,NA,Sun 4:25 pm vs Bal,FA,-,14,0.00,"2,392",563,0%,-,-,-,-,-,-,-,-,-,-,-,-,-
RJ Maryland,43087,GB,TE,NA,Final L 14-35 vs Atl,W (Sep 30),-,11,0.00,"2,123",521,0%,-,-,-,-,-,-,-,-,-,-,-,-,-
Miles Kitselman,43082,Det,TE,NA,Sun 1:00 pm vs NYJ,FA,-,6,0.00,"2,183",518,0%,-,-,-,-,-,-,-,-,-,-,-,-,-
Vinny Anthony II,42996,Atl,WR,NA,Final W 35-14 @ GB,W (Sep 30),-,11,0.00,"2,289","1,187",0%,-,-,-,-,-,-,-,-,-,-,-,-,-
Dominic Richardson,43034,NYJ,RB,NA,Sun 1:00 pm @ Det,FA,-,13,0.00,"2,539",497,0%,-,-,-,-,-,-,-,-,-,-,-,-,-
Malik Rutherford,42998,Atl,WR,NA,Final W 35-14 @ GB,W (Sep 30),-,11,0.00,"2,364","1,188",0%,-,-,-,-,-,-,-,-,-,-,-,-,-
Ty Pezza,43002,Bal,TE,NA,Sun 4:25 pm @ Dal,FA,-,13,0.00,"2,182","1,190",0%,-,-,-,-,-,-,-,-,-,-,-,-,-
Lance Mason,43012,Pit,TE,NA,Sun 1:00 pm vs Cin,FA,-,9,0.00,"2,129",487,0%,-,-,-,-,-,-,-,-,-,-,-,-,-
Ja'Mori Maclin,43013,Buf,WR,NA,Sun 1:00 pm vs LAC,FA,-,7,0.00,"2,436",488,0%,-,-,-,-,-,-,-,-,-,-,-,-,-
Max Tomczak,43015,Buf,WR,NA,Sun 1:00 pm vs LAC,FA,-,7,0.00,"2,358",489,0%,-,-,-,-,-,-,-,-,-,-,-,-,-
Kobe Prentice,43022,NE,WR,NA,Sun 1:00 pm @ Jax,FA,-,11,0.00,"2,389",490,0%,-,-,-,-,-,-,-,-,-,-,-,-,-
Hayden Large,43027,Chi,TE,IR,Mon 8:15 pm vs Phi,FA,-,10,0.00,"2,180",494,0%,-,-,-,-,-,-,-,-,-,-,-,-,-
Noah Thomas,43033,Cin,WR,NA,Sun 1:00 pm @ Pit,FA,-,6,0.00,"2,432",496,0%,-,-,-,-,-,-,-,-,-,-,-,-,-
Chamon Metayer,43035,Car,TE,NA,Sun 1:00 pm @ Cle,FA,-,5,0.00,"2,137",499,0%,-,-,-,-,-,-,-,-,-,-,-,-,-
Joseph Manjack,43076,Den,WR,NA,Sun 8:20 pm vs LAR,FA,-,10,0.00,"2,375",515,0%,-,-,-,-,-,-,-,-,-,-,-,-,-
Lake McRee,43036,Pit,TE,NA,Sun 1:00 pm vs Cin,FA,-,9,0.00,"2,190",500,0%,-,-,-,-,-,-,-,-,-,-,-,-,-
TJ Harden,43051,Sea,RB,NA,Sun 1:00 pm @ Was,FA,-,11,0.00,"2,587",503,0%,-,-,-,-,-,-,-,-,-,-,-,-,-
Aaron Anderson,43052,Cle,WR,NA,Sun 1:00 pm vs Car,FA,-,11,0.00,"2,376",504,0%,-,-,-,-,-,-,-,-,-,-,-,-,-
DJ Rogers,43055,Dal,TE,IR,Sun 4:25 pm vs Bal,FA,-,14,0.00,"2,131",505,0%,-,-,-,-,-,-,-,-,-,-,-,-,-
Josh Kattus,43058,Cin,TE,NA,Sun 1:00 pm @ Pit,FA,-,6,0.00,"2,189",507,0%,-,-,-,-,-,-,-,-,-,-,-,-,-
Davon Booth,43060,Ind,RB,NA,Sun 1:00 pm vs Hou,FA,-,13,0.00,"2,594",508,0%,-,-,-,-,-,-,-,-,-,-,-,-,-
Jordan Hudson,43061,Dal,WR,NA,Sun 4:25 pm vs Bal,FA,-,14,0.00,"2,472",509,0%,-,-,-,-,-,-,-,-,-,-,-,-,-
Kole Wilson,43066,Cle,WR,NA,Sun 1:00 pm vs Car,FA,-,11,0.00,"2,429",511,0%,-,-,-,-,-,-,-,-,-,-,-,-,-
Cameron Ross,43069,Den,WR,NA,Sun 8:20 pm vs LAR,FA,-,10,0.00,"2,423",513,0%,-,-,-,-,-,-,-,-,-,-,-,-,-
Beaux Collins,42194,Atl,WR,IR-R,Final W 35-14 @ GB,W (Sep 30),-,11,0.00,"2,711",870,0%,-,-,-,-,-,-,-,-,-,-,-,-,-
Marcedes Lewis,7777,Den,TE,NA,Sun 8:20 pm vs LAR,FA,-,10,0.00,"2,130","1,042",0%,-,-,-,-,-,-,-,-,-,-,-,-,-
Joshua Simon,42186,Atl,TE,NA,Final W 35-14 @ GB,W (Sep 30),-,11,0.00,"2,161",864,0%,-,-,-,-,-,-,-,-,-,-,-,-,-
Tarik Black,33797,Det,WR,NA,Sun 1:00 pm vs NYJ,FA,-,6,0.00,"2,440",790,0%,-,-,-,-,-,-,-,-,-,-,-,-,-
Khalil Herbert,33605,Atl,RB,NA,Final W 35-14 @ GB,W (Sep 30),-,11,0.00,"2,762",759,0%,-,-,-,-,-,-,-,-,-,-,-,-,-
Jermar Jefferson,33644,Min,RB,NA,Sun 4:05 pm @ TB,FA,-,6,0.00,"2,600",764,0%,-,-,-,-,-,-,-,-,-,-,-,-,-
Tim Jones,33649,Jax,WR,NA,Sun 1:00 pm vs NE,FA,-,7,0.00,"2,526",765,0%,-,-,-,-,-,-,-,-,-,-,-,-,-
Kenny Yeboah,33705,Ari,TE,NA,Sun 4:05 pm @ SF,FA,-,14,0.00,"2,242",772,0%,-,-,-,-,-,-,-,-,-,-,-,-,-
Jaret Patterson,33706,Min,RB,NA,Sun 4:05 pm @ TB,FA,-,6,0.00,"2,485",773,0%,-,-,-,-,-,-,-,-,-,-,-,-,-
Brandon Smith,33710,Pit,WR,NA,Sun 1:00 pm vs Cin,FA,-,9,0.00,"2,420",774,0%,-,-,-,-,-,-,-,-,-,-,-,-,-
Austin Trammell,33745,Jax,WR,NA,Sun 1:00 pm vs NE,FA,-,7,0.00,"2,688",780,0%,-,-,-,-,-,-,-,-,-,-,-,-,-
Shane Zylstra,33803,NE,TE,NA,Sun 1:00 pm @ Jax,FA,-,11,0.00,"2,229",792,0%,-,-,-,-,-,-,-,-,-,-,-,-,-
Elijah Mitchell,33582,KC,RB,NA,Sun 1:00 pm @ Mia,FA,-,5,0.00,"2,618",756,0%,-,-,-,-,-,-,-,-,-,-,-,-,-
DJ Turner,33813,LV,WR,NA,Sun 4:25 pm @ NO,FA,-,13,0.00,"2,482",794,0%,-,-,-,-,-,-,-,-,-,-,-,-,-
Jack Stoll,33891,SF,TE,NA,Sun 4:05 pm vs Ari,FA,-,8,0.00,"2,624",818,0%,-,-,-,-,-,-,-,-,-,-,-,-,-
Adam Prentice,33901,Den,RB,,Sun 8:20 pm vs LAR,FA,-,10,0.00,"2,794",825,0%,-,-,-,-,-,-,-,-,-,-,-,-,-
Michael Bandy,33928,Den,WR,NA,Sun 8:20 pm vs LAR,FA,-,10,0.00,"2,481",834,0%,-,-,-,-,-,-,-,-,-,-,-,-,-
Sal Cannella,33932,Cle,TE,NA,Sun 1:00 pm vs Car,FA,-,11,0.00,"2,139",838,0%,-,-,-,-,-,-,-,-,-,-,-,-,-
Nikola Kalinic,33950,Chi,TE,IR,Mon 8:15 pm vs Phi,FA,-,10,0.00,"2,146",845,0%,-,-,-,-,-,-,-,-,-,-,-,-,-
Alec Pierce,34008,Ind,WR,IR,Sun 1:00 pm vs Hou,FA,-,13,0.00,148,872,66%,-,-,-,-,-,-,-,-,-,-,-,-,-
Gary Brightwell,33584,Cin,RB,NA,Sun 1:00 pm @ Pit,FA,-,6,0.00,"2,565",757,0%,-,-,-,-,-,-,-,-,-,-,-,-,-
Cornell Powell,33569,Pit,WR,NA,Sun 1:00 pm vs Cin,FA,-,9,0.00,"2,332",755,0%,-,-,-,-,-,-,-,-,-,-,-,-,-
Danny Gray,34061,Phi,WR,NA,Mon 8:15 pm @ Chi,FA,-,10,0.00,"2,413",907,0%,-,-,-,-,-,-,-,-,-,-,-,-,-
Mason Kinsey,33351,Ten,WR,NA,Sun 1:00 pm @ NYG,FA,-,9,0.00,"2,732",722,0%,-,-,-,-,-,-,-,-,-,-,-,-,-
Rico Dowdle,33100,Pit,RB,O,Sun 1:00 pm vs Cin,FA,-,9,0.00,106,640,84%,-,-,-,-,-,-,-,-,-,-,-,-,-
Sean McKeon,33101,Ind,TE,NA,Sun 1:00 pm vs Hou,FA,-,13,0.00,"2,206",641,0%,-,-,-,-,-,-,-,-,-,-,-,-,-
JaMycal Hasty,33199,NE,RB,NA,Sun 1:00 pm @ Jax,FA,-,11,0.00,"2,644",683,0%,-,-,-,-,-,-,-,-,-,-,-,-,-
Patrick Taylor Jr.,33235,SF,RB,NA,Sun 4:05 pm vs Ari,FA,-,8,0.00,"2,529",707,0%,-,-,-,-,-,-,-,-,-,-,-,-,-
Salvon Ahmed,33265,Chi,RB,NA,Mon 8:15 pm vs Phi,FA,-,10,0.00,"2,562",712,0%,-,-,-,-,-,-,-,-,-,-,-,-,-
Lawrence Cager,33329,Was,TE,NA,Sun 1:00 pm vs Sea,FA,-,7,0.00,"2,213",718,0%,-,-,-,-,-,-,-,-,-,-,-,-,-
Kristian Wilkerson,33349,Atl,WR,NA,Final W 35-14 @ GB,W (Sep 30),-,11,0.00,"2,434",720,0%,-,-,-,-,-,-,-,-,-,-,-,-,-
Chris Blair,33376,Atl,WR,,Final W 35-14 @ GB,W (Sep 30),-,11,0.00,"2,535",729,0%,-,-,-,-,-,-,-,-,-,-,-,-,-
Simi Fehoko,33567,Ari,WR,,Sun 4:05 pm @ SF,FA,-,14,0.00,"2,782",754,0%,-,-,-,-,-,-,-,-,-,-,-,-,-
Dee Eskridge,33444,Mia,WR,NA,Sun 1:00 pm vs KC,FA,-,6,0.00,"2,740",735,0%,-,-,-,-,-,-,-,-,-,-,-,-,-
Terrace Marshall Jr.,33447,Mia,WR,NA,Sun 1:00 pm vs KC,FA,-,6,0.00,"2,523",736,0%,-,-,-,-,-,-,-,-,-,-,-,-,-
Trey Sermon,33476,Atl,RB,IR,Final W 35-14 @ GB,W (Sep 30),-,11,0.00,"2,630",742,0%,-,-,-,-,-,-,-,-,-,-,-,-,-
Nico Collins,33477,Hou,WR,O,Sun 1:00 pm @ Ind,Steel City,-,8,0.00,26,743,100%,-,-,-,-,-,-,-,-,-,-,-,-,-
Tre' McKitty,33485,Was,TE,NA,Sun 1:00 pm vs Sea,FA,-,7,0.00,"2,172",745,0%,-,-,-,-,-,-,-,-,-,-,-,-,-
Kene Nwangwu,33507,NYJ,RB,O,Sun 1:00 pm @ Det,FA,-,13,0.00,"2,751",748,0%,-,-,-,-,-,-,-,-,-,-,-,-,-
Ihmir Smith-Marsette,33545,Car,WR,NA,Sun 1:00 pm @ Cle,FA,-,5,0.00,"2,534",753,0%,-,-,-,-,-,-,-,-,-,-,-,-,-
Velus Jones Jr.,34027,Sea,"WR,RB",,Sun 1:00 pm @ Was,FA,-,11,0.00,"2,743",888,0%,-,-,-,-,-,-,-,-,-,-,-,-,-
Dameon Pierce,34063,Phi,RB,NA,Mon 8:15 pm @ Chi,FA,-,10,0.00,"2,764",910,0%,-,-,-,-,-,-,-,-,-,-,-,-,-
Dan Chisena,33023,Car,WR,NA,Sun 1:00 pm @ Cle,FA,-,5,0.00,"2,519",610,0%,-,-,-,-,-,-,-,-,-,-,-,-,-
Tanner Conner,34513,NE,TE,NA,Sun 1:00 pm @ Jax,FA,-,11,0.00,"2,506","1,074",0%,-,-,-,-,-,-,-,-,-,-,-,-,-
Ronnie Rivers,34310,LAR,RB,IR,Sun 8:20 pm @ Den,FA,-,11,0.00,"2,774","1,010",0%,-,-,-,-,-,-,-,-,-,-,-,-,-
Jordan Mason,34320,Min,RB,IR,Sun 4:05 pm @ TB,Locked In Michelle,-,6,0.00,151,"1,013",72%,-,-,-,-,-,-,-,-,-,-,-,-,-
Lance McCutcheon,34330,Ten,WR,NA,Sun 1:00 pm @ NYG,FA,-,9,0.00,"2,446","1,020",0%,-,-,-,-,-,-,-,-,-,-,-,-,-
Irv Charles,34356,Sea,WR,IR-R,Sun 1:00 pm @ Was,FA,-,11,0.00,"2,627","1,030",0%,-,-,-,-,-,-,-,-,-,-,-,-,-
Jake Tonges,34374,SF,TE,IR,Sun 4:05 pm vs Ari,FA,-,8,0.00,325,"1,032",0%,-,-,-,-,-,-,-,-,-,-,-,-,-
Kendric Pryor,34476,Cin,WR,NA,Sun 1:00 pm @ Pit,FA,-,6,0.00,"2,408","1,058",0%,-,-,-,-,-,-,-,-,-,-,-,-,-
Zaire Mitchell-Paden,34489,Hou,TE,NA,Sun 1:00 pm @ Ind,FA,-,8,0.00,"2,163","1,064",0%,-,-,-,-,-,-,-,-,-,-,-,-,-
Deven Thompkins,34520,LV,WR,NA,Sun 4:25 pm @ NO,FA,-,13,0.00,"2,739","1,076",0%,-,-,-,-,-,-,-,-,-,-,-,-,-
Isiah Pacheco,34207,Det,RB,IR,Sun 1:00 pm vs NYJ,FA,-,6,0.00,292,978,12%,-,-,-,-,-,-,-,-,-,-,-,-,-
Sincere McCormick,34551,SF,RB,NA,Sun 4:05 pm vs Ari,FA,-,8,0.00,"2,487","1,081",0%,-,-,-,-,-,-,-,-,-,-,-,-,-
Kaden Davis,34569,Chi,WR,NA,Mon 8:15 pm vs Phi,FA,-,10,0.00,"2,654","1,083",0%,-,-,-,-,-,-,-,-,-,-,-,-,-
Brandon Johnson,34571,Pit,WR,NA,Sun 1:00 pm vs Cin,FA,-,9,0.00,"2,372","1,084",0%,-,-,-,-,-,-,-,-,-,-,-,-,-
Jalen Virgil,34579,Ari,WR,NA,Sun 4:05 pm @ SF,FA,-,14,0.00,"2,309","1,085",0%,-,-,-,-,-,-,-,-,-,-,-,-,-
Dennis Houston,34592,TB,WR,NA,Sun 4:05 pm vs Min,FA,-,10,0.00,"2,449","1,088",0%,-,-,-,-,-,-,-,-,-,-,-,-,-
Malik Davis,34610,Dal,RB,IR,Sun 4:25 pm vs Bal,FA,-,14,0.00,"2,488","1,094",2%,-,-,-,-,-,-,-,-,-,-,-,-,-
Raheem Blackshear,34617,Det,RB,NA,Sun 1:00 pm vs NYJ,FA,-,6,0.00,"2,677","1,096",0%,-,-,-,-,-,-,-,-,-,-,-,-,-
Samori Toure,34214,Phi,WR,NA,Mon 8:15 pm @ Chi,FA,-,10,0.00,"2,333",981,0%,-,-,-,-,-,-,-,-,-,-,-,-,-
Brittain Brown,34206,Chi,RB,IR,Mon 8:15 pm vs Phi,FA,-,10,0.00,"2,554",977,0%,-,-,-,-,-,-,-,-,-,-,-,-,-
Zamir White,34078,NO,RB,NA,Sun 4:25 pm vs LV,FA,-,8,0.00,"2,738",915,0%,-,-,-,-,-,-,-,-,-,-,-,-,-
Jerome Ford,34112,Min,RB,NA,Sun 4:05 pm @ TB,FA,-,6,0.00,"2,533",940,0%,-,-,-,-,-,-,-,-,-,-,-,-,-
Erik Ezukanma,34081,Phi,WR,NA,Mon 8:15 pm @ Chi,FA,-,10,0.00,"2,427",919,0%,-,-,-,-,-,-,-,-,-,-,-,-,-
Pierre Strong Jr.,34083,GB,RB,NA,Final L 14-35 vs Atl,W (Sep 30),-,11,0.00,"2,638",922,0%,-,-,-,-,-,-,-,-,-,-,-,-,-
Charlie Kolar,34084,LAC,TE,O,Sun 1:00 pm @ Buf,FA,-,7,0.00,208,924,0%,-,-,-,-,-,-,-,-,-,-,-,-,-
Hassan Haskins,34087,NE,RB,NA,Sun 1:00 pm @ Jax,FA,-,11,0.00,"2,772",926,0%,-,-,-,-,-,-,-,-,-,-,-,-,-
Calvin Austin III,34094,NYG,WR,IR,Sun 1:00 pm vs Ten,FA,-,8,0.00,"2,054",930,0%,-,-,-,-,-,-,-,-,-,-,-,-,-
Chig Okonkwo,34099,Was,TE,O,Sun 1:00 pm vs Sea,FA,-,7,0.00,173,934,20%,-,-,-,-,-,-,-,-,-,-,-,-,-
Cole Turner,34105,Mia,TE,IR,Sun 1:00 pm vs KC,FA,-,6,0.00,"2,211",938,0%,-,-,-,-,-,-,-,-,-,-,-,-,-
Montrell Washington,34118,NYG,WR,NA,Sun 1:00 pm vs Ten,FA,-,8,0.00,"2,292",942,0%,-,-,-,-,-,-,-,-,-,-,-,-,-
Nick Muse,34183,Atl,TE,,Final W 35-14 @ GB,W (Sep 30),-,11,0.00,"2,494",969,0%,-,-,-,-,-,-,-,-,-,-,-,-,-
Ty Chandler,34125,NO,RB,IR,Sun 4:25 pm vs LV,FA,-,8,0.00,"2,659",946,0%,-,-,-,-,-,-,-,-,-,-,-,-,-
Teagan Quitoriano,34126,Ari,TE,NA,Sun 4:05 pm @ SF,FA,-,14,0.00,"2,198",947,0%,-,-,-,-,-,-,-,-,-,-,-,-,-
James Mitchell,34133,Dal,TE,NA,Sun 4:25 pm vs Bal,FA,-,14,0.00,"2,155",950,0%,-,-,-,-,-,-,-,-,-,-,-,-,-
Grant Calcaterra,34154,Phi,TE,IR-R,Mon 8:15 pm @ Chi,FA,-,10,0.00,"2,239",957,0%,-,-,-,-,-,-,-,-,-,-,-,-,-
Keaontay Ingram,34157,KC,RB,NA,Sun 1:00 pm @ Mia,FA,-,5,0.00,"2,569",959,0%,-,-,-,-,-,-,-,-,-,-,-,-,-
Michael Woods II,34158,Den,WR,NA,Sun 8:20 pm vs LAR,FA,-,10,0.00,"2,505",960,0%,-,-,-,-,-,-,-,-,-,-,-,-,-
John FitzPatrick,34169,GB,TE,NA,Final L 14-35 vs Atl,W (Sep 30),-,11,0.00,"2,280",964,0%,-,-,-,-,-,-,-,-,-,-,-,-,-
Jonathan Ward,33088,Bal,RB,NA,Sun 4:25 pm @ Dal,FA,-,13,0.00,"2,676",633,0%,-,-,-,-,-,-,-,-,-,-,-,-,-
Andre Baccellia,32943,Ari,WR,NA,Sun 4:05 pm @ SF,FA,-,14,0.00,"2,725",584,0%,-,-,-,-,-,-,-,-,-,-,-,-,-
Stone Smartt,34637,NO,TE,NA,Sun 4:25 pm vs LV,FA,-,8,0.00,"2,480","1,103",0%,-,-,-,-,-,-,-,-,-,-,-,-,-
Dante Pettis,31014,Buf,WR,NA,Sun 1:00 pm vs LAC,FA,-,7,0.00,"2,631",625,0%,-,-,-,-,-,-,-,-,-,-,-,-,-
Tim Patrick,30511,NYJ,WR,IR,Sun 1:00 pm @ Det,FA,-,13,0.00,"2,107","1,092",0%,-,-,-,-,-,-,-,-,-,-,-,-,-
Anthony Firkser,30571,Det,TE,NA,Sun 1:00 pm vs NYJ,FA,-,6,0.00,"2,276","1,115",0%,-,-,-,-,-,-,-,-,-,-,-,-,-
Taysom Hill,30614,NO,TE,NA,Sun 4:25 pm vs LV,FA,-,8,0.00,"2,045","1,134",0%,-,-,-,-,-,-,-,-,-,-,-,-,-
Pharaoh Brown,30627,Ind,TE,NA,Sun 1:00 pm vs Hou,FA,-,13,0.00,"2,262","1,142",0%,-,-,-,-,-,-,-,-,-,-,-,-,-
Dare Ogunbowale,30860,LV,RB,NA,Sun 4:25 pm @ NO,FA,-,13,0.00,"2,745",561,0%,-,-,-,-,-,-,-,-,-,-,-,-,-
River Cracraft,30955,Was,WR,NA,Sun 1:00 pm vs Sea,FA,-,7,0.00,"2,503",603,0%,-,-,-,-,-,-,-,-,-,-,-,-,-
Nick Chubb,31005,Hou,RB,NA,Sun 1:00 pm @ Ind,FA,-,8,0.00,"2,064",623,0%,-,-,-,-,-,-,-,-,-,-,-,-,-
Christian Kirk,31017,SF,WR,IR-R,Sun 4:05 pm vs Ari,FA,-,8,0.00,294,626,1%,-,-,-,-,-,-,-,-,-,-,-,-,-
Noah Brown,30352,LV,WR,NA,Sun 4:25 pm @ NO,FA,-,13,0.00,"2,241","1,053",0%,-,-,-,-,-,-,-,-,-,-,-,-,-
Dallas Goedert,31019,Phi,TE,O,Mon 8:15 pm @ Chi,Monday Night Madison,-,10,0.00,176,627,81%,-,-,-,-,-,-,-,-,-,-,-,-,-
Will Dissly,31090,LAC,TE,NA,Sun 1:00 pm @ Buf,FA,-,7,0.00,"2,103",655,0%,-,-,-,-,-,-,-,-,-,-,-,-,-
Chase Edmonds,31104,Was,RB,NA,Sun 1:00 pm vs Sea,FA,-,7,0.00,"2,588",660,0%,-,-,-,-,-,-,-,-,-,-,-,-,-
Justin Watson,31114,Hou,WR,NA,Sun 1:00 pm @ Ind,FA,-,8,0.00,"2,479",667,0%,-,-,-,-,-,-,-,-,-,-,-,-,-
Ray-Ray McCloud III,31157,Chi,WR,NA,Mon 8:15 pm vs Phi,FA,-,10,0.00,"2,284",691,0%,-,-,-,-,-,-,-,-,-,-,-,-,-
Cedrick Wilson Jr.,31178,Det,WR,NA,Sun 1:00 pm vs NYJ,FA,-,6,0.00,"2,691",701,0%,-,-,-,-,-,-,-,-,-,-,-,-,-
Trent Sherfield,31320,Buf,WR,NA,Sun 1:00 pm vs LAC,FA,-,7,0.00,"2,734",724,0%,-,-,-,-,-,-,-,-,-,-,-,-,-
Austin Ekeler,30423,Was,RB,NA,Sun 1:00 pm vs Sea,FA,-,7,0.00,"2,231","1,075",0%,-,-,-,-,-,-,-,-,-,-,-,-,-
Trent Taylor,30290,SF,WR,NA,Sun 4:05 pm vs Ari,FA,-,8,0.00,"2,331","1,039",0%,-,-,-,-,-,-,-,-,-,-,-,-,-
Josh Jacobs,31856,GB,RB,CEL,Final L 14-35 vs Atl,W (Sep 30),-,11,0.00,115,826,79%,-,-,-,-,-,-,-,-,-,-,-,-,-
Tyreek Hill,29399,Mia,WR,NA,Sun 1:00 pm vs KC,FA,-,6,0.00,319,746,4%,-,-,-,-,-,-,-,-,-,-,-,-,-
Phillip Dorsett II,28417,LV,WR,NA,Sun 4:25 pm @ NO,FA,-,13,0.00,"2,397","1,082",0%,-,-,-,-,-,-,-,-,-,-,-,-,-
Tyler Lockett,28457,LV,WR,NA,Sun 4:25 pm @ NO,FA,-,13,0.00,"2,117","1,090",0%,-,-,-,-,-,-,-,-,-,-,-,-,-
Michael Burton,28556,Cle,RB,,Sun 1:00 pm vs Car,FA,-,11,0.00,"2,647","1,125",0%,-,-,-,-,-,-,-,-,-,-,-,-,-
Raheem Mostert,28654,LV,RB,NA,Sun 4:25 pm @ NO,FA,-,13,0.00,"2,708","1,185",0%,-,-,-,-,-,-,-,-,-,-,-,-,-
DeAndre Carter,28947,Cle,WR,NA,Sun 1:00 pm vs Car,FA,-,11,0.00,"2,765",619,0%,-,-,-,-,-,-,-,-,-,-,-,-,-
Nick Vannett,29328,Bal,TE,NA,Sun 4:25 pm @ Dal,FA,-,13,0.00,"2,115",734,0%,-,-,-,-,-,-,-,-,-,-,-,-,-
Demarcus Robinson,29360,SF,WR,IR,Sun 4:05 pm vs Ari,FA,-,8,0.00,"2,032",739,2%,-,-,-,-,-,-,-,-,-,-,-,-,-
David Njoku,30142,LAC,TE,IR,Sun 1:00 pm @ Buf,FA,-,7,0.00,321,986,2%,-,-,-,-,-,-,-,-,-,-,-,-,-
Jeremy McNichols,30275,Was,RB,IR-R,Sun 1:00 pm vs Sea,FA,-,7,0.00,"2,500","1,031",0%,-,-,-,-,-,-,-,-,-,-,-,-,-
Zay Jones,30150,Hou,WR,NA,Sun 1:00 pm @ Ind,FA,-,8,0.00,"2,273",992,0%,-,-,-,-,-,-,-,-,-,-,-,-,-
Curtis Samuel,30153,Buf,WR,NA,Sun 1:00 pm vs LAC,FA,-,7,0.00,"2,277",993,0%,-,-,-,-,-,-,-,-,-,-,-,-,-
Joe Mixon,30161,Hou,RB,O,Sun 1:00 pm @ Ind,FA,-,8,0.00,"2,065",996,0%,-,-,-,-,-,-,-,-,-,-,-,-,-
JuJu Smith-Schuster,30175,NYG,WR,NA,Sun 1:00 pm vs Ten,FA,-,8,0.00,"2,110",999,0%,-,-,-,-,-,-,-,-,-,-,-,-,-
Kareem Hunt,30199,KC,RB,NA,Sun 1:00 pm @ Mia,FA,-,5,0.00,312,"1,005",0%,-,-,-,-,-,-,-,-,-,-,-,-,-
James Conner,30218,Ari,RB,IR-R,Sun 4:05 pm @ SF,FA,-,14,0.00,293,"1,011",7%,-,-,-,-,-,-,-,-,-,-,-,-,-
Josh Reynolds,30230,NYJ,WR,NA,Sun 1:00 pm @ Det,FA,-,13,0.00,"2,116","1,018",0%,-,-,-,-,-,-,-,-,-,-,-,-,-
Malik Turner,31777,SF,WR,NA,Sun 4:05 pm vs Ari,FA,-,8,0.00,"2,356",798,0%,-,-,-,-,-,-,-,-,-,-,-,-,-
Hollywood Brown,31857,Phi,WR,O,Mon 8:15 pm @ Chi,FA,-,10,0.00,"2,034",827,0%,-,-,-,-,-,-,-,-,-,-,-,-,-
Isaiah Hodgins,32877,Pit,WR,NA,Sun 1:00 pm vs Cin,FA,-,9,0.00,"2,257",543,0%,-,-,-,-,-,-,-,-,-,-,-,-,-
Antonio Gibson,32736,NE,RB,NA,Sun 1:00 pm @ Jax,FA,-,11,0.00,"2,120","1,178",0%,-,-,-,-,-,-,-,-,-,-,-,-,-
D'Ernest Johnson,32608,Ten,RB,NA,Sun 1:00 pm @ NYG,FA,-,9,0.00,"2,777","1,110",0%,-,-,-,-,-,-,-,-,-,-,-,-,-
Gunner Olszewski,32612,NYG,WR,IR,Sun 1:00 pm vs Ten,FA,-,8,0.00,"2,637","1,112",0%,-,-,-,-,-,-,-,-,-,-,-,-,-
Jalen Reagor,32691,Mia,WR,NA,Sun 1:00 pm vs KC,FA,-,6,0.00,"2,515","1,152",0%,-,-,-,-,-,-,-,-,-,-,-,-,-
Brandon Aiyuk,32695,SF,WR,NA,Sun 4:05 pm vs Ari,FA,-,8,0.00,"2,112","1,153",1%,-,-,-,-,-,-,-,-,-,-,-,-,-
Cam Akers,32722,Sea,RB,NA,Sun 1:00 pm @ Was,FA,-,11,0.00,"2,504","1,168",0%,-,-,-,-,-,-,-,-,-,-,-,-,-
Van Jefferson,32727,Was,WR,NA,Sun 1:00 pm vs Sea,FA,-,7,0.00,"2,100","1,170",0%,-,-,-,-,-,-,-,-,-,-,-,-,-
Denzel Mims,32729,Dal,WR,NA,Sun 4:25 pm vs Bal,FA,-,14,0.00,"2,431","1,172",0%,-,-,-,-,-,-,-,-,-,-,-,-,-
Josiah Deguara,32764,Phi,TE,NA,Mon 8:15 pm @ Chi,FA,-,10,0.00,"2,518","1,193",0%,-,-,-,-,-,-,-,-,-,-,-,-,-
Donald Parham Jr.,32456,Pit,TE,NA,Sun 1:00 pm vs Cin,FA,-,9,0.00,"2,228","1,069",0%,-,-,-,-,-,-,-,-,-,-,-,-,-
Harrison Bryant,32785,Hou,TE,NA,Sun 1:00 pm @ Ind,FA,-,8,0.00,"2,670",492,0%,-,-,-,-,-,-,-,-,-,-,-,-,-
A. Okwuegbunam Jr.,32788,LV,TE,NA,Sun 4:25 pm @ NO,FA,-,13,0.00,"2,128",495,0%,-,-,-,-,-,-,-,-,-,-,-,-,-
Gabe Davis,32798,Buf,WR,NA,Sun 1:00 pm vs LAC,FA,-,7,0.00,"2,088",501,0%,-,-,-,-,-,-,-,-,-,-,-,-,-
Tyler Johnson,32831,NYJ,WR,NA,Sun 1:00 pm @ Det,FA,-,13,0.00,"2,104",514,0%,-,-,-,-,-,-,-,-,-,-,-,-,-
K.J. Osborn,32846,Ten,WR,NA,Sun 1:00 pm @ NYG,FA,-,9,0.00,"2,489",520,0%,-,-,-,-,-,-,-,-,-,-,-,-,-
Quez Watkins,32870,Phi,WR,NA,Mon 8:15 pm @ Chi,FA,-,10,0.00,"2,357",534,0%,-,-,-,-,-,-,-,-,-,-,-,-,-
James Proche II,32871,Ten,WR,NA,Sun 1:00 pm @ NYG,FA,-,9,0.00,"2,712",536,0%,-,-,-,-,-,-,-,-,-,-,-,-,-
Craig Reynolds,32596,Was,RB,NA,Sun 1:00 pm vs Sea,FA,-,7,0.00,"2,785","1,104",0%,-,-,-,-,-,-,-,-,-,-,-,-,-
Chris Myarick,32442,LV,TE,NA,Sun 4:25 pm @ NO,FA,-,13,0.00,"2,127","1,065",0%,-,-,-,-,-,-,-,-,-,-,-,-,-
A.J. Brown,31883,NE,WR,IR,Sun 1:00 pm @ Jax,Monday Night Madison,-,11,0.00,73,837,96%,-,-,-,-,-,-,-,-,-,-,-,-,-
Trayveon Williams,32014,Det,RB,NA,Sun 1:00 pm vs NYJ,FA,-,6,0.00,"2,754",908,0%,-,-,-,-,-,-,-,-,-,-,-,-,-
Miles Sanders,31885,Dal,RB,NA,Sun 4:25 pm vs Bal,FA,-,14,0.00,"2,069",840,0%,-,-,-,-,-,-,-,-,-,-,-,-,-
Mecole Hardman Jr.,31888,Buf,WR,NA,Sun 1:00 pm vs LAC,FA,-,7,0.00,"2,497",842,0%,-,-,-,-,-,-,-,-,-,-,-,-,-
Parris Campbell,31891,Dal,WR,NA,Sun 4:25 pm vs Bal,FA,-,14,0.00,"2,483",844,0%,-,-,-,-,-,-,-,-,-,-,-,-,-
Alexander Mattison,31934,Mia,RB,NA,Sun 1:00 pm vs KC,FA,-,6,0.00,"2,255",859,0%,-,-,-,-,-,-,-,-,-,-,-,-,-
Hakeem Butler,31935,Den,WR,NA,Sun 8:20 pm vs LAR,FA,-,10,0.00,"2,459",860,0%,-,-,-,-,-,-,-,-,-,-,-,-,-
Gary Jennings,31952,LAC,WR,NA,Sun 1:00 pm @ Buf,FA,-,7,0.00,"2,324",869,0%,-,-,-,-,-,-,-,-,-,-,-,-,-
Hunter Renfrow,31981,Car,WR,NA,Sun 1:00 pm @ Cle,FA,-,5,0.00,"2,074",890,0%,-,-,-,-,-,-,-,-,-,-,-,-,-
Juwann Winfree,32019,Hou,WR,NA,Sun 1:00 pm @ Ind,FA,-,8,0.00,"2,294",911,0%,-,-,-,-,-,-,-,-,-,-,-,-,-
Trenton Irwin,32438,SF,WR,NA,Sun 4:05 pm vs Ari,FA,-,8,0.00,"2,532","1,061",0%,-,-,-,-,-,-,-,-,-,-,-,-,-
Scotty Miller,32040,Chi,WR,NA,Mon 8:15 pm vs Phi,FA,-,10,0.00,"2,636",927,0%,-,-,-,-,-,-,-,-,-,-,-,-,-
Alex Bachman,32124,LAR,WR,NA,Sun 8:20 pm @ Den,FA,-,11,0.00,"2,759",966,0%,-,-,-,-,-,-,-,-,-,-,-,-,-
Andrew Beck,32225,NYJ,RB,,Sun 1:00 pm @ Det,FA,-,13,0.00,"2,768","1,001",0%,-,-,-,-,-,-,-,-,-,-,-,-,-
Stephen Carlson,32273,Chi,TE,NA,Mon 8:15 pm vs Phi,FA,-,10,0.00,"2,217","1,014",0%,-,-,-,-,-,-,-,-,-,-,-,-,-
D.J. Montgomery,32283,Ind,WR,IR,Sun 1:00 pm vs Hou,FA,-,13,0.00,"2,391","1,022",0%,-,-,-,-,-,-,-,-,-,-,-,-,-
Ashton Dulin,32292,Ind,WR,O,Sun 1:00 pm vs Hou,FA,-,13,0.00,"2,744","1,025",0%,-,-,-,-,-,-,-,-,-,-,-,-,-
Tyree Jackson,32415,Was,TE,NA,Sun 1:00 pm vs Sea,FA,-,7,0.00,"2,157","1,056",0%,-,-,-,-,-,-,-,-,-,-,-,-,-
David Sills V,32418,TB,WR,IR-R,Sun 4:05 pm vs Min,FA,-,10,0.00,"2,249","1,057",0%,-,-,-,-,-,-,-,-,-,-,-,-,-
Tucker Fisk,34625,LAC,TE,NA,Sun 1:00 pm @ Buf,FA,-,7,0.00,"2,665","1,098",0%,-,-,-,-,-,-,-,-,-,-,-,-,-
Lucas Krull,34654,Den,TE,NA,Sun 8:20 pm vs LAR,FA,-,10,0.00,"2,634","1,108",0%,-,-,-,-,-,-,-,-,-,-,-,-,-
Nick Nash,42185,Was,WR,NA,Sun 1:00 pm vs Sea,FA,-,7,0.00,"2,339",863,0%,-,-,-,-,-,-,-,-,-,-,-,-,-
John Jiles,41687,NE,WR,NA,Sun 1:00 pm @ Jax,FA,-,11,0.00,"2,410",747,0%,-,-,-,-,-,-,-,-,-,-,-,-,-
Cole Burgess,41502,Pit,WR,IR,Sun 1:00 pm vs Cin,FA,-,9,0.00,"2,317",716,0%,-,-,-,-,-,-,-,-,-,-,-,-,-
Shawn Bowman,41512,Ari,TE,NA,Sun 4:05 pm @ SF,FA,-,14,0.00,"2,194",717,0%,-,-,-,-,-,-,-,-,-,-,-,-,-
Baylor Cupp,41556,Ari,TE,NA,Sun 4:05 pm @ SF,FA,-,14,0.00,"2,167",723,0%,-,-,-,-,-,-,-,-,-,-,-,-,-
Qadir Ismail,41562,Chi,TE,NA,Mon 8:15 pm vs Phi,FA,-,10,0.00,"2,230",726,0%,-,-,-,-,-,-,-,-,-,-,-,-,-
Jabari Small,41661,Det,RB,NA,Sun 1:00 pm vs NYJ,FA,-,6,0.00,"2,544",740,0%,-,-,-,-,-,-,-,-,-,-,-,-,-
David Martin-Robinson,41662,Ten,TE,,Sun 1:00 pm @ NYG,FA,-,9,0.00,"2,640",741,0%,-,-,-,-,-,-,-,-,-,-,-,-,-
Brenden Bates,41675,Jax,TE,NA,Sun 1:00 pm vs NE,FA,-,7,0.00,"2,499",744,0%,-,-,-,-,-,-,-,-,-,-,-,-,-
Terrell Jennings,41713,NE,RB,NA,Sun 1:00 pm @ Jax,FA,-,11,0.00,"2,685",750,0%,-,-,-,-,-,-,-,-,-,-,-,-,-
Messiah Swinson,41463,Cle,TE,NA,Sun 1:00 pm vs Car,FA,-,11,0.00,"2,133",713,0%,-,-,-,-,-,-,-,-,-,-,-,-,-
Jayden Higgins,41819,Hou,WR,IR,Sun 1:00 pm @ Ind,FA,-,8,0.00,"2,038",762,3%,-,-,-,-,-,-,-,-,-,-,-,-,-
Mason Taylor,41827,NYJ,TE,O,Sun 1:00 pm @ Det,FA,-,13,0.00,"2,053",763,0%,-,-,-,-,-,-,-,-,-,-,-,-,-
Savion Williams,41851,GB,WR,IR-R,Final L 14-35 vs Atl,W (Sep 30),-,11,0.00,"2,646",766,0%,-,-,-,-,-,-,-,-,-,-,-,-,-
Dont'e Thornton Jr.,41892,LV,WR,IR,Sun 4:25 pm @ NO,FA,-,13,0.00,"2,656",769,0%,-,-,-,-,-,-,-,-,-,-,-,-,-
Arian Smith,41896,NYJ,WR,IR,Sun 1:00 pm @ Det,FA,-,13,0.00,"2,757",770,0%,-,-,-,-,-,-,-,-,-,-,-,-,-
Dylan Sampson,41907,Cle,RB,IR,Sun 1:00 pm vs Car,FA,-,11,0.00,245,775,8%,-,-,-,-,-,-,-,-,-,-,-,-,-
Trevor Etienne,41913,Car,RB,IR-R,Sun 1:00 pm @ Cle,FA,-,5,0.00,306,776,1%,-,-,-,-,-,-,-,-,-,-,-,-,-
Carson Steele,41464,Phi,RB,NA,Mon 8:15 pm @ Chi,FA,-,10,0.00,"2,664",714,0%,-,-,-,-,-,-,-,-,-,-,-,-,-
Julian Hicks,41451,Sea,WR,NA,Sun 1:00 pm @ Was,FA,-,11,0.00,"2,456",710,0%,-,-,-,-,-,-,-,-,-,-,-,-,-
KeAndre Lambert-Smith,41944,LAC,WR,IR,Sun 1:00 pm @ Buf,FA,-,7,0.00,"2,669",781,0%,-,-,-,-,-,-,-,-,-,-,-,-,-
Ian Wheeler,41322,Buf,RB,NA,Sun 1:00 pm vs LAC,FA,-,7,0.00,"2,568",652,0%,-,-,-,-,-,-,-,-,-,-,-,-,-
Michael Wiley,41234,TB,RB,NA,Sun 4:05 pm vs Min,FA,-,10,0.00,"2,571",618,0%,-,-,-,-,-,-,-,-,-,-,-,-,-
Frank Gore Jr.,41243,Buf,RB,NA,Sun 1:00 pm vs LAC,FA,-,7,0.00,"2,709",622,0%,-,-,-,-,-,-,-,-,-,-,-,-,-
Bryce Oliver,41251,Hou,WR,NA,Sun 1:00 pm @ Ind,FA,-,8,0.00,"2,516",624,0%,-,-,-,-,-,-,-,-,-,-,-,-,-
Chris Collier,41261,LV,RB,IR,Sun 4:25 pm @ NO,FA,-,13,0.00,"2,680",628,0%,-,-,-,-,-,-,-,-,-,-,-,-,-
Dayton Wade,41262,Bal,WR,NA,Sun 4:25 pm @ Dal,FA,-,13,0.00,"2,453",629,0%,-,-,-,-,-,-,-,-,-,-,-,-,-
Xavier Johnson,41274,Cin,WR,NA,Sun 1:00 pm @ Pit,FA,-,6,0.00,"2,322",630,0%,-,-,-,-,-,-,-,-,-,-,-,-,-
Lawrence Keys,41275,Buf,WR,NA,Sun 1:00 pm vs LAC,FA,-,7,0.00,"2,409",631,0%,-,-,-,-,-,-,-,-,-,-,-,-,-
Jack Westover,41352,Was,"RB,TE",NA,Sun 1:00 pm vs Sea,FA,-,7,0.00,"2,741",665,0%,-,-,-,-,-,-,-,-,-,-,-,-,-
Joshua Cephus,41411,Jax,WR,NA,Sun 1:00 pm vs NE,FA,-,7,0.00,"2,399",696,0%,-,-,-,-,-,-,-,-,-,-,-,-,-
Cam Grandy,41353,Min,TE,NA,Sun 4:05 pm @ TB,FA,-,6,0.00,"2,254",666,0%,-,-,-,-,-,-,-,-,-,-,-,-,-
Treyton Welch,41363,NO,TE,,Sun 4:25 pm vs LV,FA,-,8,0.00,"2,492",671,0%,-,-,-,-,-,-,-,-,-,-,-,-,-
Mason Pline,41368,KC,TE,NA,Sun 1:00 pm @ Mia,FA,-,5,0.00,"2,221",673,0%,-,-,-,-,-,-,-,-,-,-,-,-,-
McCallan Castles,41373,GB,TE,NA,Final L 14-35 vs Atl,W (Sep 30),-,11,0.00,"2,170",675,0%,-,-,-,-,-,-,-,-,-,-,-,-,-
Kendall Milton,41377,Cin,RB,NA,Sun 1:00 pm @ Pit,FA,-,6,0.00,"2,563",678,0%,-,-,-,-,-,-,-,-,-,-,-,-,-
Blake Watson,41388,Ten,RB,NA,Sun 1:00 pm @ NYG,FA,-,9,0.00,"2,593",682,0%,-,-,-,-,-,-,-,-,-,-,-,-,-
Thomas Yassmin,41397,GB,TE,IR,Final L 14-35 vs Atl,W (Sep 30),-,11,0.00,"2,225",689,0%,-,-,-,-,-,-,-,-,-,-,-,-,-
Jarquez Hunter,41919,Mia,RB,NA,Sun 1:00 pm vs KC,FA,-,6,0.00,307,777,0%,-,-,-,-,-,-,-,-,-,-,-,-,-
Robbie Ouzts,41961,Sea,"RB,TE",IR,Sun 1:00 pm @ Was,FA,-,11,0.00,"2,478",782,0%,-,-,-,-,-,-,-,-,-,-,-,-,-
Isaiah Wooden,41226,LAC,WR,NA,Sun 1:00 pm @ Buf,FA,-,7,0.00,"2,460",615,0%,-,-,-,-,-,-,-,-,-,-,-,-,-
Coleman Owen,42130,Ind,WR,NA,Sun 1:00 pm vs Hou,FA,-,13,0.00,"2,384",843,0%,-,-,-,-,-,-,-,-,-,-,-,-,-
Will Sheppard,42089,Mia,WR,NA,Sun 1:00 pm vs KC,FA,-,6,0.00,"2,370",822,0%,-,-,-,-,-,-,-,-,-,-,-,-,-
Garrett Greene,42091,TB,WR,NA,Sun 4:05 pm vs Min,FA,-,10,0.00,"2,437",823,0%,-,-,-,-,-,-,-,-,-,-,-,-,-
Ahmani Marshall,42092,Car,RB,NA,Sun 1:00 pm @ Cle,FA,-,5,0.00,"2,622",824,0%,-,-,-,-,-,-,-,-,-,-,-,-,-
Bryson Green,42100,Ari,WR,NA,Sun 4:05 pm @ SF,FA,-,14,0.00,"2,403",828,0%,-,-,-,-,-,-,-,-,-,-,-,-,-
Luke Grimm,42104,LAC,WR,NA,Sun 1:00 pm @ Buf,FA,-,7,0.00,"2,463",829,0%,-,-,-,-,-,-,-,-,-,-,-,-,-
Mac Dalena,42107,Buf,WR,NA,Sun 1:00 pm vs LAC,FA,-,7,0.00,"2,327",830,0%,-,-,-,-,-,-,-,-,-,-,-,-,-
Ulysses Bentley IV,42126,Ind,RB,NA,Sun 1:00 pm vs Hou,FA,-,13,0.00,"2,579",841,0%,-,-,-,-,-,-,-,-,-,-,-,-,-
Josh Kelly,42150,Hou,WR,NA,Sun 1:00 pm @ Ind,FA,-,8,0.00,"2,299",848,0%,-,-,-,-,-,-,-,-,-,-,-,-,-
Joaquin Davis,42072,Pit,WR,NA,Sun 1:00 pm vs Cin,FA,-,9,0.00,"2,415",815,0%,-,-,-,-,-,-,-,-,-,-,-,-,-
Traeshon Holden,42151,Dal,WR,NA,Sun 4:25 pm vs Bal,FA,-,14,0.00,"2,454",849,0%,-,-,-,-,-,-,-,-,-,-,-,-,-
Rivaldo Fairweather,42153,Ari,TE,NA,Sun 4:05 pm @ SF,FA,-,14,0.00,"2,152",850,0%,-,-,-,-,-,-,-,-,-,-,-,-,-
Theo Wease Jr.,42161,LAC,WR,NA,Sun 1:00 pm @ Buf,FA,-,7,0.00,"2,474",851,0%,-,-,-,-,-,-,-,-,-,-,-,-,-
Andrew Armstrong,42162,KC,WR,NA,Sun 1:00 pm @ Mia,FA,-,5,0.00,"2,325",852,0%,-,-,-,-,-,-,-,-,-,-,-,-,-
AJ Henning,42163,Mia,WR,NA,Sun 1:00 pm vs KC,FA,-,6,0.00,"2,390",853,0%,-,-,-,-,-,-,-,-,-,-,-,-,-
Jalin Conyers,42167,Mia,TE,NA,Sun 1:00 pm vs KC,FA,-,6,0.00,"2,220",855,0%,-,-,-,-,-,-,-,-,-,-,-,-,-
Montrell Johnson Jr.,42173,Car,RB,NA,Sun 1:00 pm @ Cle,FA,-,5,0.00,"2,592",858,0%,-,-,-,-,-,-,-,-,-,-,-,-,-
Josh Williams,42086,TB,RB,NA,Sun 4:05 pm vs Min,FA,-,10,0.00,"2,714",820,0%,-,-,-,-,-,-,-,-,-,-,-,-,-
Courtney Jackson,42071,Ten,WR,NA,Sun 1:00 pm @ NYG,FA,-,9,0.00,"2,291",814,0%,-,-,-,-,-,-,-,-,-,-,-,-,-
Devin Neal,41972,NO,RB,NA,Sun 4:25 pm vs LV,FA,-,8,0.00,314,786,0%,-,-,-,-,-,-,-,-,-,-,-,-,-
Caleb Lohner,42027,Den,TE,IR-R,Sun 8:20 pm vs LAR,FA,-,10,0.00,"2,218",801,0%,-,-,-,-,-,-,-,-,-,-,-,-,-
Kalel Mullings,41986,Ten,RB,NA,Sun 1:00 pm @ NYG,FA,-,9,0.00,"2,581",788,0%,-,-,-,-,-,-,-,-,-,-,-,-,-
Gavin Bartholomew,41994,Min,TE,,Sun 4:05 pm @ TB,FA,-,6,0.00,"2,214",791,0%,-,-,-,-,-,-,-,-,-,-,-,-,-
Jimmy Horn Jr.,41999,Cle,WR,NA,Sun 1:00 pm vs Car,FA,-,11,0.00,"2,730",793,0%,-,-,-,-,-,-,-,-,-,-,-,-,-
Moliki Matavao,42006,NO,TE,IR,Sun 4:25 pm vs LV,FA,-,8,0.00,"2,204",795,0%,-,-,-,-,-,-,-,-,-,-,-,-,-
Damien Martinez,42015,GB,RB,NA,Final L 14-35 vs Atl,W (Sep 30),-,11,0.00,"2,538",797,0%,-,-,-,-,-,-,-,-,-,-,-,-,-
Phil Mafah,42018,NYG,RB,NA,Sun 1:00 pm vs Ten,FA,-,8,0.00,"2,599",799,0%,-,-,-,-,-,-,-,-,-,-,-,-,-
Kaden Prather,42020,GB,WR,NA,Final L 14-35 vs Atl,W (Sep 30),-,11,0.00,"2,473",800,0%,-,-,-,-,-,-,-,-,-,-,-,-,-
Junior Bergen,42032,NYJ,WR,NA,Sun 1:00 pm @ Det,FA,-,13,0.00,"2,308",802,0%,-,-,-,-,-,-,-,-,-,-,-,-,-
Keleki Latu,42063,Buf,TE,,Sun 1:00 pm vs LAC,FA,-,7,0.00,"2,493",812,0%,-,-,-,-,-,-,-,-,-,-,-,-,-
Luke Lachey,42041,Hou,TE,NA,Sun 1:00 pm @ Ind,FA,-,8,0.00,"2,169",804,0%,-,-,-,-,-,-,-,-,-,-,-,-,-
Ricky White III,42042,Sea,WR,NA,Sun 1:00 pm @ Was,FA,-,11,0.00,"2,411",805,0%,-,-,-,-,-,-,-,-,-,-,-,-,-
Dominic Lovett,42043,Det,WR,NA,Sun 1:00 pm vs NYJ,FA,-,6,0.00,"2,430",806,0%,-,-,-,-,-,-,-,-,-,-,-,-,-
JP Richardson,42047,Chi,WR,NA,Mon 8:15 pm vs Phi,FA,-,10,0.00,"2,314",808,0%,-,-,-,-,-,-,-,-,-,-,-,-,-
Jordan Moore,42057,Cin,WR,NA,Sun 1:00 pm @ Pit,FA,-,6,0.00,"2,468",809,0%,-,-,-,-,-,-,-,-,-,-,-,-,-
Hal Presley III,42060,KC,WR,NA,Sun 1:00 pm @ Mia,FA,-,5,0.00,"2,351",810,0%,-,-,-,-,-,-,-,-,-,-,-,-,-
Stephen Gosnell,42062,Buf,WR,NA,Sun 1:00 pm vs LAC,FA,-,7,0.00,"2,311",811,0%,-,-,-,-,-,-,-,-,-,-,-,-,-
JaQuae Jackson,41231,LAC,WR,NA,Sun 1:00 pm @ Buf,FA,-,7,0.00,"2,406",616,0%,-,-,-,-,-,-,-,-,-,-,-,-,-
Jeshaun Jones,41205,Min,WR,SUSP,Sun 4:05 pm @ TB,FA,-,6,0.00,"2,374",606,0%,-,-,-,-,-,-,-,-,-,-,-,-,-
Jashaun Corbin,34665,Dal,RB,NA,Sun 4:25 pm vs Bal,FA,-,14,0.00,"2,609","1,114",0%,-,-,-,-,-,-,-,-,-,-,-,-,-
Joel Wilson,40346,Ten,TE,NA,Sun 1:00 pm @ NYG,FA,-,9,0.00,"2,164",975,0%,-,-,-,-,-,-,-,-,-,-,-,-,-
Brayden Willis,40261,SF,TE,,Sun 4:05 pm vs Ari,FA,-,8,0.00,"2,753",941,0%,-,-,-,-,-,-,-,-,-,-,-,-,-
Colton Dowell,40263,SF,WR,NA,Sun 4:05 pm vs Ari,FA,-,8,0.00,"2,341",943,0%,-,-,-,-,-,-,-,-,-,-,-,-,-
Kenny McIntosh,40267,Sea,RB,NA,Sun 1:00 pm @ Was,FA,-,11,0.00,"2,657",944,0%,-,-,-,-,-,-,-,-,-,-,-,-,-
Ronnie Bell,40279,LV,WR,NA,Sun 4:25 pm @ NO,FA,-,13,0.00,"2,528",952,0%,-,-,-,-,-,-,-,-,-,-,-,-,-
Malik Cunningham,40290,Det,WR,NA,Sun 1:00 pm vs NYJ,FA,-,6,0.00,"2,414",954,0%,-,-,-,-,-,-,-,-,-,-,-,-,-
Mitchell Tinsley,40313,Hou,WR,NA,Sun 1:00 pm @ Ind,FA,-,8,0.00,"2,237",965,0%,-,-,-,-,-,-,-,-,-,-,-,-,-
Ben Sims,40335,Mia,TE,NA,Sun 1:00 pm vs KC,FA,-,6,0.00,"2,251",972,0%,-,-,-,-,-,-,-,-,-,-,-,-,-
Elijah Cooks,40374,Car,WR,NA,Sun 1:00 pm @ Cle,FA,-,5,0.00,"2,326",984,0%,-,-,-,-,-,-,-,-,-,-,-,-,-
A.T. Perry,40242,Den,WR,NA,Sun 8:20 pm vs LAR,FA,-,10,0.00,"2,293",933,0%,-,-,-,-,-,-,-,-,-,-,-,-,-
Carlos Washington Jr.,40420,Mia,RB,NA,Sun 1:00 pm vs KC,FA,-,6,0.00,"2,621","1,002",0%,-,-,-,-,-,-,-,-,-,-,-,-,-
Malik Heath,40445,Atl,WR,NA,Final W 35-14 @ GB,W (Sep 30),-,11,0.00,"2,285","1,007",0%,-,-,-,-,-,-,-,-,-,-,-,-,-
Jake Bobo,40452,Sea,WR,IR,Sun 1:00 pm @ Was,FA,-,11,0.00,"2,728","1,009",0%,-,-,-,-,-,-,-,-,-,-,-,-,-
Isaiah Winstead,40466,Pit,WR,NA,Sun 1:00 pm vs Cin,FA,-,9,0.00,"2,395","1,015",0%,-,-,-,-,-,-,-,-,-,-,-,-,-
Shedrick Jackson,40491,Bal,WR,NA,Sun 4:25 pm @ Dal,FA,-,13,0.00,"2,452","1,028",0%,-,-,-,-,-,-,-,-,-,-,-,-,-
Ben VanSumeren,40518,KC,RB,,Sun 1:00 pm @ Mia,FA,-,5,0.00,"2,713","1,033",0%,-,-,-,-,-,-,-,-,-,-,-,-,-
Brady Russell,40519,Sea,"RB,TE",,Sun 1:00 pm @ Was,FA,-,11,0.00,"2,766","1,034",0%,-,-,-,-,-,-,-,-,-,-,-,-,-
Zack Kuntz,40255,Dal,TE,NA,Sun 4:25 pm vs Bal,FA,-,14,0.00,"2,176",939,0%,-,-,-,-,-,-,-,-,-,-,-,-,-
Deuce Vaughn,40240,Hou,RB,NA,Sun 1:00 pm @ Ind,FA,-,8,0.00,"2,661",931,0%,-,-,-,-,-,-,-,-,-,-,-,-,-
Zavier Scott,40539,Chi,RB,NA,Mon 8:15 pm vs Phi,FA,-,10,0.00,"2,663","1,041",0%,-,-,-,-,-,-,-,-,-,-,-,-,-
Charlie Jones,40158,NYG,WR,NA,Sun 1:00 pm vs Ten,FA,-,8,0.00,"2,747",879,0%,-,-,-,-,-,-,-,-,-,-,-,-,-
Maurice Alexander,34712,Chi,WR,NA,Mon 8:15 pm vs Phi,FA,-,10,0.00,"2,334","1,136",0%,-,-,-,-,-,-,-,-,-,-,-,-,-
Jayden Reed,40063,GB,WR,O,Final L 14-35 vs Atl,Locked In Michelle,-,11,0.00,201,831,55%,-,-,-,-,-,-,-,-,-,-,-,-,-
Luke Musgrave,40074,GB,TE,PUP-R,Final L 14-35 vs Atl,W (Sep 30),-,11,0.00,"2,109",835,0%,-,-,-,-,-,-,-,-,-,-,-,-,-
Zach Charbonnet,40075,Sea,RB,PUP-R,Sun 1:00 pm @ Was,FA,-,11,0.00,235,836,51%,-,-,-,-,-,-,-,-,-,-,-,-,-
Tank Dell,40097,Hou,WR,IR-R,Sun 1:00 pm @ Ind,FA,-,8,0.00,"2,101",847,17%,-,-,-,-,-,-,-,-,-,-,-,-,-
Jalin Hyatt,40128,NYG,WR,NA,Sun 1:00 pm vs Ten,FA,-,8,0.00,"2,727",861,0%,-,-,-,-,-,-,-,-,-,-,-,-,-
Tyler Scott,40141,LAR,WR,NA,Sun 8:20 pm @ Den,FA,-,11,0.00,"2,625",867,0%,-,-,-,-,-,-,-,-,-,-,-,-,-
Israel Abanikanda,40165,Dal,RB,NA,Sun 4:25 pm vs Bal,FA,-,14,0.00,"2,608",882,0%,-,-,-,-,-,-,-,-,-,-,-,-,-
Scott Matlock,40225,LAC,RB,IR-R,Sun 1:00 pm @ Buf,FA,-,7,0.00,"2,736",920,0%,-,-,-,-,-,-,-,-,-,-,-,-,-
Justin Shorter,40167,LV,"WR,TE",IR,Sun 4:25 pm @ NO,FA,-,13,0.00,"2,264",884,0%,-,-,-,-,-,-,-,-,-,-,-,-,-
Puka Nacua,40168,LAR,WR,D,Sun 8:20 pm @ Den,Owl Out Blitz,1,11,0.00,12,885,100%,-,-,-,-,-,-,-,-,-,-,-,-,-
Evan Hull,40169,Ari,RB,NA,Sun 4:05 pm @ SF,FA,-,14,0.00,"2,755",887,0%,-,-,-,-,-,-,-,-,-,-,-,-,-
Will Mallory,40180,Ind,TE,IR-R,Sun 1:00 pm vs Hou,FA,-,13,0.00,"2,269",894,0%,-,-,-,-,-,-,-,-,-,-,-,-,-
Eric Gray,40198,Cle,RB,NA,Sun 1:00 pm vs Car,FA,-,11,0.00,"2,673",905,0%,-,-,-,-,-,-,-,-,-,-,-,-,-
Andrei Iosivas,40211,Cin,WR,IR,Sun 1:00 pm @ Pit,FA,-,6,0.00,279,912,0%,-,-,-,-,-,-,-,-,-,-,-,-,-
Trey Palmer,40223,NO,WR,NA,Sun 4:25 pm vs LV,FA,-,8,0.00,"2,507",917,0%,-,-,-,-,-,-,-,-,-,-,-,-,-
Bryce Ford-Wheaton,40529,NYG,WR,NA,Sun 1:00 pm vs Ten,FA,-,8,0.00,"2,626","1,038",0%,-,-,-,-,-,-,-,-,-,-,-,-,-
Jason Brownlee,40545,KC,WR,NA,Sun 1:00 pm @ Mia,FA,-,5,0.00,"2,421","1,043",0%,-,-,-,-,-,-,-,-,-,-,-,-,-
Xavier Weaver,41202,Ari,WR,NA,Sun 4:05 pm @ SF,FA,-,14,0.00,"2,671",605,0%,-,-,-,-,-,-,-,-,-,-,-,-,-
Johnny Wilson,41089,Phi,WR,IR,Mon 8:15 pm @ Chi,FA,-,10,0.00,"2,521",554,0%,-,-,-,-,-,-,-,-,-,-,-,-,-
DeAndre Hopkins,26650,Bal,WR,NA,Sun 4:25 pm @ Dal,FA,-,13,0.00,"2,095",498,0%,-,-,-,-,-,-,-,-,-,-,-,-,-
Anthony Gould,41046,Ind,WR,,Sun 1:00 pm vs Hou,FA,-,13,0.00,"2,786",527,0%,-,-,-,-,-,-,-,-,-,-,-,-,-
Jawhar Jordan,41064,Hou,RB,NA,Sun 1:00 pm @ Ind,FA,-,8,0.00,317,538,0%,-,-,-,-,-,-,-,-,-,-,-,-,-
Jha'Quan Jackson,41065,Hou,WR,NA,Sun 1:00 pm @ Ind,FA,-,8,0.00,"2,629",539,0%,-,-,-,-,-,-,-,-,-,-,-,-,-
Tanner McLachlan,41066,SF,TE,NA,Sun 4:05 pm vs Ari,FA,-,8,0.00,"2,208",540,0%,-,-,-,-,-,-,-,-,-,-,-,-,-
Casey Washington,41074,Car,WR,NA,Sun 1:00 pm @ Cle,FA,-,5,0.00,"2,508",545,0%,-,-,-,-,-,-,-,-,-,-,-,-,-
Tejhaun Palmer,41079,NE,WR,NA,Sun 1:00 pm @ Jax,FA,-,11,0.00,"2,318",547,0%,-,-,-,-,-,-,-,-,-,-,-,-,-
Brenden Rice,41098,LV,WR,NA,Sun 4:25 pm @ NO,FA,-,13,0.00,"2,470",557,0%,-,-,-,-,-,-,-,-,-,-,-,-,-
Audric Estime,41019,NO,RB,NA,Sun 4:25 pm vs LV,FA,-,8,0.00,313,512,0%,-,-,-,-,-,-,-,-,-,-,-,-,-
Cornelius Johnson,41099,Bal,WR,NA,Sun 4:25 pm @ Dal,FA,-,13,0.00,"2,426",559,0%,-,-,-,-,-,-,-,-,-,-,-,-,-
Tahj Washington,41104,Mia,WR,NA,Sun 1:00 pm vs KC,FA,-,6,0.00,"2,445",564,0%,-,-,-,-,-,-,-,-,-,-,-,-,-
Jaheim Bell,41106,Pit,TE,NA,Sun 1:00 pm vs Cin,FA,-,9,0.00,"2,266",566,0%,-,-,-,-,-,-,-,-,-,-,-,-,-
Devin Culp,41120,TB,TE,NA,Sun 4:05 pm vs Min,FA,-,10,0.00,"2,138",574,0%,-,-,-,-,-,-,-,-,-,-,-,-,-
John Rhys Plumlee,41135,Pit,WR,NA,Sun 1:00 pm vs Cin,FA,-,9,0.00,"2,336",583,0%,-,-,-,-,-,-,-,-,-,-,-,-,-
Mason Tipton,41188,NO,WR,PUP-R,Sun 4:25 pm vs LV,FA,-,8,0.00,"2,668",598,0%,-,-,-,-,-,-,-,-,-,-,-,-,-
Cody Schrader,41193,Den,RB,NA,Sun 8:20 pm vs LAR,FA,-,10,0.00,"2,586",600,0%,-,-,-,-,-,-,-,-,-,-,-,-,-
Ainias Smith,41030,Car,WR,NA,Sun 1:00 pm @ Cle,FA,-,5,0.00,"2,282",517,0%,-,-,-,-,-,-,-,-,-,-,-,-,-
Jamari Thrash,41016,Cle,WR,NA,Sun 1:00 pm vs Car,FA,-,11,0.00,"2,678",510,0%,-,-,-,-,-,-,-,-,-,-,-,-,-
Xavier Gipson,40548,Phi,WR,NA,Mon 8:15 pm @ Chi,FA,-,10,0.00,"2,775","1,044",0%,-,-,-,-,-,-,-,-,-,-,-,-,-
Jalen Moreno-Cropper,40774,NO,WR,,Sun 4:25 pm vs LV,FA,-,8,0.00,"2,342","1,100",0%,-,-,-,-,-,-,-,-,-,-,-,-,-
Deneric Prince,40570,NE,RB,NA,Sun 1:00 pm @ Jax,FA,-,11,0.00,"2,561","1,046",0%,-,-,-,-,-,-,-,-,-,-,-,-,-
Julian Hill,40629,NE,TE,IR,Sun 1:00 pm @ Jax,FA,-,11,0.00,"2,283","1,060",0%,-,-,-,-,-,-,-,-,-,-,-,-,-
Tyrell Shavers,40630,Buf,WR,PUP-R,Sun 1:00 pm vs LAC,FA,-,7,0.00,"2,235","1,062",0%,-,-,-,-,-,-,-,-,-,-,-,-,-
Jordan Mims,40631,Phi,RB,NA,Mon 8:15 pm @ Chi,FA,-,10,0.00,"2,633","1,063",0%,-,-,-,-,-,-,-,-,-,-,-,-,-
Owen Wright,40639,Hou,RB,NA,Sun 1:00 pm @ Ind,FA,-,8,0.00,"2,578","1,067",0%,-,-,-,-,-,-,-,-,-,-,-,-,-
Travis Vokolek,40643,Ari,TE,NA,Sun 4:05 pm @ SF,FA,-,14,0.00,"2,153","1,068",0%,-,-,-,-,-,-,-,-,-,-,-,-,-
Dylan Drummond,40737,Atl,WR,NA,Final W 35-14 @ GB,W (Sep 30),-,11,0.00,"2,679","1,089",0%,-,-,-,-,-,-,-,-,-,-,-,-,-
Princeton Fant,40778,Dal,TE,IR,Sun 4:25 pm vs Bal,FA,-,14,0.00,"2,199","1,102",0%,-,-,-,-,-,-,-,-,-,-,-,-,-
Isaac Guerendo,40998,SF,RB,PUP-R,Sun 4:05 pm vs Ari,FA,-,8,0.00,"2,770",502,0%,-,-,-,-,-,-,-,-,-,-,-,-,-
Lucky Jackson,40791,Det,WR,NA,Sun 1:00 pm vs NYJ,FA,-,6,0.00,"2,475","1,105",0%,-,-,-,-,-,-,-,-,-,-,-,-,-
Dante Miller,40874,NYG,RB,NA,Sun 1:00 pm vs Ten,FA,-,8,0.00,"2,610","1,148",0%,-,-,-,-,-,-,-,-,-,-,-,-,-
Ricky Pearsall,40892,SF,WR,IR,Sun 4:05 pm vs Ari,FA,-,8,0.00,328,"1,156",3%,-,-,-,-,-,-,-,-,-,-,-,-,-
Ja'Lynn Polk,40914,NO,WR,NA,Sun 4:25 pm vs LV,FA,-,8,0.00,"2,501","1,167",0%,-,-,-,-,-,-,-,-,-,-,-,-,-
Jonathon Brooks,40926,Car,RB,IR,Sun 1:00 pm @ Cle,Sunday Kevin,-,5,0.00,177,"1,176",62%,-,-,-,-,-,-,-,-,-,-,-,-,-
Trey Benson,40958,Ari,RB,IR,Sun 4:05 pm @ SF,FA,-,14,0.00,"2,089","1,194",0%,-,-,-,-,-,-,-,-,-,-,-,-,-
Tip Reiman,40959,Ari,TE,PUP-R,Sun 4:05 pm @ SF,FA,-,14,0.00,"2,643","1,195",0%,-,-,-,-,-,-,-,-,-,-,-,-,-
Jared Wiley,40978,KC,TE,,Sun 1:00 pm @ Mia,FA,-,5,0.00,"2,143",493,0%,-,-,-,-,-,-,-,-,-,-,-,-,-
Bub Means,41045,Cle,WR,NA,Sun 1:00 pm vs Car,FA,-,11,0.00,"2,248",526,0%,-,-,-,-,-,-,-,-,-,-,-,-,-
